<?xml version="1.0" ?>
<CommonRoadSolution benchmark_id="KS2:SM1:USA_US101-30_1_T-1:2018b" date="2019-11-18">
  <ksTrajectory planningProblem="65">
    <ksState>
      <x>0.0</x>
      <y>0.0</y>
      <orientation>0.0</orientation>
      <velocity>12.0</velocity>
      <steeringAngle>0.0</steeringAngle>
      <time>0</time>
    </ksState>
    <ksState>
      <x>1.21</x>
      <y>0.0</y>
      <orientation>0.0</orientation>
      <velocity>12.399999999999999</velocity>
      <steeringAngle>0.0</steeringAngle>
      <time>1</time>
    </ksState>
    <ksState>
      <x>2.46</x>
      <y>0.0</y>
      <orientation>0.0</orientation>
      <velocity>12.799999999999997</velocity>
      <steeringAngle>0.0</steeringAngle>
      <time>2</time>
    </ksState>
    <ksState>
      <x>3.7499999999999996</x>
      <y>0.0</y>
      <orientation>0.0</orientation>
      <velocity>13.199999999999996</velocity>
      <steeringAngle>0.0</steeringAngle>
      <time>3</time>
    </ksState>
    <ksState>
      <x>5.079999999999999</x>
      <y>0.0</y>
      <orientation>0.0</orientation>
      <velocity>13.599999999999994</velocity>
      <steeringAngle>0.0</steeringAngle>
      <time>4</time>
    </ksState>
    <ksState>
      <x>6.449999999999998</x>
      <y>0.0</y>
      <orientation>0.0</orientation>
      <velocity>13.999999999999993</velocity>
      <steeringAngle>0.0</steeringAngle>
      <time>5</time>
    </ksState>
    <ksState>
      <x>7.8599999999999985</x>
      <y>0.0</y>
      <orientation>0.0</orientation>
      <velocity>14.399999999999999</velocity>
      <steeringAngle>0.0</steeringAngle>
      <time>6</time>
    </ksState>
    <ksState>
      <x>9.309999999999999</x>
      <y>0.0</y>
      <orientation>0.0</orientation>
      <velocity>14.799999999999997</velocity>
      <steeringAngle>0.0</steeringAngle>
      <time>7</time>
    </ksState>
    <ksState>
      <x>10.799999999999997</x>
      <y>0.0</y>
      <orientation>0.0</orientation>
      <velocity>15.199999999999996</velocity>
      <steeringAngle>0.0</steeringAngle>
      <time>8</time>
    </ksState>
    <ksState>
      <x>12.329999999999998</x>
      <y>0.0</y>
      <orientation>0.0</orientation>
      <velocity>15.599999999999994</velocity>
      <steeringAngle>0.0</steeringAngle>
      <time>9</time>
    </ksState>
    <ksState>
      <x>13.899999999999997</x>
      <y>0.0</y>
      <orientation>0.0</orientation>
      <velocity>15.999999999999993</velocity>
      <steeringAngle>0.0</steeringAngle>
      <time>10</time>
    </ksState>
    <ksState>
      <x>15.474999999999998</x>
      <y>0.0</y>
      <orientation>0.0</orientation>
      <velocity>15.0</velocity>
      <steeringAngle>0.0</steeringAngle>
      <time>11</time>
    </ksState>
    <ksState>
      <x>16.949999999999996</x>
      <y>0.0</y>
      <orientation>0.0</orientation>
      <velocity>14.0</velocity>
      <steeringAngle>0.0</steeringAngle>
      <time>12</time>
    </ksState>
    <ksState>
      <x>18.324999999999996</x>
      <y>0.0</y>
      <orientation>0.0</orientation>
      <velocity>13.0</velocity>
      <steeringAngle>0.0</steeringAngle>
      <time>13</time>
    </ksState>
    <ksState>
      <x>19.599999999999998</x>
      <y>0.0</y>
      <orientation>0.0</orientation>
      <velocity>12.0</velocity>
      <steeringAngle>0.0</steeringAngle>
      <time>14</time>
    </ksState>
    <ksState>
      <x>20.775</x>
      <y>0.0</y>
      <orientation>0.0</orientation>
      <velocity>11.0</velocity>
      <steeringAngle>0.0</steeringAngle>
      <time>15</time>
    </ksState>
    <ksState>
      <x>21.849999999999998</x>
      <y>0.0</y>
      <orientation>0.0</orientation>
      <velocity>10.0</velocity>
      <steeringAngle>0.0</steeringAngle>
      <time>16</time>
    </ksState>
    <ksState>
      <x>22.825</x>
      <y>0.0</y>
      <orientation>0.0</orientation>
      <velocity>9.0</velocity>
      <steeringAngle>0.0</steeringAngle>
      <time>17</time>
    </ksState>
    <ksState>
      <x>23.7</x>
      <y>0.0</y>
      <orientation>0.0</orientation>
      <velocity>8.0</velocity>
      <steeringAngle>0.0</steeringAngle>
      <time>18</time>
    </ksState>
    <ksState>
      <x>24.474999999999998</x>
      <y>0.0</y>
      <orientation>0.0</orientation>
      <velocity>7.0</velocity>
      <steeringAngle>0.0</steeringAngle>
      <time>19</time>
    </ksState>
    <ksState>
      <x>25.15</x>
      <y>0.0</y>
      <orientation>0.0</orientation>
      <velocity>6.0</velocity>
      <steeringAngle>0.0</steeringAngle>
      <time>20</time>
    </ksState>
    <ksState>
      <x>25.729999999999997</x>
      <y>0.0</y>
      <orientation>0.0014468193091664648</orientation>
      <velocity>5.199999999999999</velocity>
      <steeringAngle>0.026650000000000004</steeringAngle>
      <time>21</time>
    </ksState>
    <ksState>
      <x>26.2299976768363</x>
      <y>0.0013683892656280515</y>
      <orientation>0.007856401873597128</orientation>
      <velocity>4.399999999999999</velocity>
      <steeringAngle>0.05330000000000001</steeringAngle>
      <time>22</time>
    </ksState>
    <ksState>
      <x>26.649975492704783</x>
      <y>0.005578234181293593</y>
      <orientation>0.01758215447264061</orientation>
      <velocity>3.5999999999999988</velocity>
      <steeringAngle>0.07995000000000001</steeringAngle>
      <time>23</time>
    </ksState>
    <ksState>
      <x>26.989904709473084</x>
      <y>0.012450420350045881</y>
      <orientation>0.028978108966573112</orientation>
      <velocity>2.799999999999999</velocity>
      <steeringAngle>0.10660000000000001</steeringAngle>
      <time>24</time>
    </ksState>
    <ksState>
      <x>27.249773331363667</x>
      <y>0.02068039360712988</y>
      <orientation>0.04039422887433805</orientation>
      <velocity>1.9999999999999991</velocity>
      <steeringAngle>0.13325</steeringAngle>
      <time>25</time>
    </ksState>
    <ksState>
      <x>27.439598235871262</x>
      <y>0.028820570753642374</y>
      <orientation>0.04979730784883908</orientation>
      <velocity>1.6</velocity>
      <steeringAngle>0.1066</steeringAngle>
      <time>26</time>
    </ksState>
    <ksState>
      <x>27.589400340234285</x>
      <y>0.03651913069890379</y>
      <orientation>0.05565586257283879</orientation>
      <velocity>1.2000000000000002</velocity>
      <steeringAngle>0.07995</steeringAngle>
      <time>27</time>
    </ksState>
    <ksState>
      <x>27.699224746234655</x>
      <y>0.04273116921416827</y>
      <orientation>0.05881356328997807</orientation>
      <velocity>0.8000000000000003</velocity>
      <steeringAngle>0.053299999999999986</steeringAngle>
      <time>28</time>
    </ksState>
    <ksState>
      <x>27.769102245457034</x>
      <y>0.04687052674179528</y>
      <orientation>0.060106321397976906</orientation>
      <velocity>0.4000000000000003</velocity>
      <steeringAngle>0.02664999999999998</steeringAngle>
      <time>29</time>
    </ksState>
  </ksTrajectory>
</CommonRoadSolution>
