<?xml version="1.0" ?>
<CommonRoadSolution benchmark_id="KS2:SM1:ZAM_Urban-3_1:2018b" date="2019-11-18">
  <ksTrajectory planningProblem="11">
    <ksState>
      <x>49.56</x>
      <y>0.06</y>
      <orientation>0.02</orientation>
      <velocity>13.0</velocity>
      <steeringAngle>0.0</steeringAngle>
      <time>0</time>
    </ksState>
    <ksState>
      <x>50.83474500849989</x>
      <y>0.08549830003399968</y>
      <orientation>0.02</orientation>
      <velocity>12.0</velocity>
      <steeringAngle>0.0</steeringAngle>
      <time>1</time>
    </ksState>
    <ksState>
      <x>52.00951001633312</x>
      <y>0.10899673339866606</y>
      <orientation>0.02</orientation>
      <velocity>11.0</velocity>
      <steeringAngle>0.0</steeringAngle>
      <time>2</time>
    </ksState>
    <ksState>
      <x>53.08429502349969</x>
      <y>0.13049530009399912</y>
      <orientation>0.02</orientation>
      <velocity>10.0</velocity>
      <steeringAngle>0.0</steeringAngle>
      <time>3</time>
    </ksState>
    <ksState>
      <x>54.0591000299996</x>
      <y>0.14999400011999886</y>
      <orientation>0.02</orientation>
      <velocity>9.0</velocity>
      <steeringAngle>0.0</steeringAngle>
      <time>4</time>
    </ksState>
    <ksState>
      <x>54.93392503583286</x>
      <y>0.1674928334766653</y>
      <orientation>0.02</orientation>
      <velocity>8.0</velocity>
      <steeringAngle>0.0</steeringAngle>
      <time>5</time>
    </ksState>
    <ksState>
      <x>55.708770040999454</x>
      <y>0.18299180016399844</y>
      <orientation>0.02</orientation>
      <velocity>7.0</velocity>
      <steeringAngle>0.0</steeringAngle>
      <time>6</time>
    </ksState>
    <ksState>
      <x>56.383635045499396</x>
      <y>0.19649090018199827</y>
      <orientation>0.02</orientation>
      <velocity>6.0</velocity>
      <steeringAngle>0.0</steeringAngle>
      <time>7</time>
    </ksState>
    <ksState>
      <x>56.95852004933268</x>
      <y>0.20799013353066478</y>
      <orientation>0.02</orientation>
      <velocity>5.0</velocity>
      <steeringAngle>0.0</steeringAngle>
      <time>8</time>
    </ksState>
    <ksState>
      <x>57.4334250524993</x>
      <y>0.217489500209998</y>
      <orientation>0.02</orientation>
      <velocity>4.0</velocity>
      <steeringAngle>0.0</steeringAngle>
      <time>9</time>
    </ksState>
    <ksState>
      <x>57.808350054999266</x>
      <y>0.2249890002199979</y>
      <orientation>0.02</orientation>
      <velocity>3.0</velocity>
      <steeringAngle>0.0</steeringAngle>
      <time>10</time>
    </ksState>
    <ksState>
      <x>58.09329305689924</x>
      <y>0.23068862022759784</y>
      <orientation>0.02</orientation>
      <velocity>2.4000000000000004</velocity>
      <steeringAngle>0.0</steeringAngle>
      <time>11</time>
    </ksState>
    <ksState>
      <x>58.31824805839922</x>
      <y>0.2351883202335978</y>
      <orientation>0.02</orientation>
      <velocity>1.8000000000000005</velocity>
      <steeringAngle>0.0</steeringAngle>
      <time>12</time>
    </ksState>
    <ksState>
      <x>58.48321505949921</x>
      <y>0.23848810023799774</y>
      <orientation>0.02</orientation>
      <velocity>1.2000000000000004</velocity>
      <steeringAngle>0.0</steeringAngle>
      <time>13</time>
    </ksState>
    <ksState>
      <x>58.5881940601992</x>
      <y>0.2405879602407977</y>
      <orientation>0.02</orientation>
      <velocity>0.6000000000000003</velocity>
      <steeringAngle>0.0</steeringAngle>
      <time>14</time>
    </ksState>
    <ksState>
      <x>58.633185060499194</x>
      <y>0.2414879002419977</y>
      <orientation>0.02</orientation>
      <velocity>2.220446049250313e-16</velocity>
      <steeringAngle>0.0</steeringAngle>
      <time>15</time>
    </ksState>
    <ksState>
      <x>58.633185060499194</x>
      <y>0.2414879002419977</y>
      <orientation>0.02</orientation>
      <velocity>0.0</velocity>
      <steeringAngle>0.0</steeringAngle>
      <time>16</time>
    </ksState>
    <ksState>
      <x>58.633185060499194</x>
      <y>0.2414879002419977</y>
      <orientation>0.02</orientation>
      <velocity>0.0</velocity>
      <steeringAngle>0.0</steeringAngle>
      <time>17</time>
    </ksState>
    <ksState>
      <x>58.633185060499194</x>
      <y>0.2414879002419977</y>
      <orientation>0.02</orientation>
      <velocity>0.0</velocity>
      <steeringAngle>0.0</steeringAngle>
      <time>18</time>
    </ksState>
    <ksState>
      <x>58.633185060499194</x>
      <y>0.2414879002419977</y>
      <orientation>0.02</orientation>
      <velocity>0.0</velocity>
      <steeringAngle>0.0</steeringAngle>
      <time>19</time>
    </ksState>
    <ksState>
      <x>58.633185060499194</x>
      <y>0.2414879002419977</y>
      <orientation>0.02</orientation>
      <velocity>0.0</velocity>
      <steeringAngle>0.0</steeringAngle>
      <time>20</time>
    </ksState>
    <ksState>
      <x>58.633185060499194</x>
      <y>0.2414879002419977</y>
      <orientation>0.02</orientation>
      <velocity>0.0</velocity>
      <steeringAngle>0.0</steeringAngle>
      <time>21</time>
    </ksState>
    <ksState>
      <x>58.633185060499194</x>
      <y>0.2414879002419977</y>
      <orientation>0.02</orientation>
      <velocity>0.0</velocity>
      <steeringAngle>0.0</steeringAngle>
      <time>22</time>
    </ksState>
    <ksState>
      <x>58.633185060499194</x>
      <y>0.2414879002419977</y>
      <orientation>0.02</orientation>
      <velocity>0.0</velocity>
      <steeringAngle>0.0</steeringAngle>
      <time>23</time>
    </ksState>
  </ksTrajectory>
</CommonRoadSolution>
