<?xml version="1.0" ?>
<CommonRoadSolution benchmark_id="KS2:SM1:USA_US101-8_1_T-1:2018b" date="2019-11-18">
  <ksTrajectory planningProblem="37">
    <ksState>
      <x>0.0</x>
      <y>0.0</y>
      <orientation>-0.83367</orientation>
      <velocity>12.0</velocity>
      <steeringAngle>0.0</steeringAngle>
      <time>0</time>
    </ksState>
    <ksState>
      <x>0.8133172458591783</x>
      <y>-0.8958878599400935</y>
      <orientation>-0.83367</orientation>
      <velocity>12.399999999999999</velocity>
      <steeringAngle>0.0</steeringAngle>
      <time>1</time>
    </ksState>
    <ksState>
      <x>1.653521012242627</x>
      <y>-1.8213918474815125</y>
      <orientation>-0.83367</orientation>
      <velocity>12.799999999999997</velocity>
      <steeringAngle>0.0</steeringAngle>
      <time>2</time>
    </ksState>
    <ksState>
      <x>2.520611299150346</x>
      <y>-2.7765119626242565</y>
      <orientation>-0.83367</orientation>
      <velocity>13.199999999999996</velocity>
      <steeringAngle>0.0</steeringAngle>
      <time>3</time>
    </ksState>
    <ksState>
      <x>3.414588106582335</x>
      <y>-3.761248205368326</y>
      <orientation>-0.83367</orientation>
      <velocity>13.599999999999994</velocity>
      <steeringAngle>0.0</steeringAngle>
      <time>4</time>
    </ksState>
    <ksState>
      <x>4.335451434538594</x>
      <y>-4.77560057571372</y>
      <orientation>-0.83367</orientation>
      <velocity>13.999999999999993</velocity>
      <steeringAngle>0.0</steeringAngle>
      <time>5</time>
    </ksState>
    <ksState>
      <x>5.279840467953591</x>
      <y>-5.815867057710275</y>
      <orientation>-0.83367</orientation>
      <velocity>14.2</velocity>
      <steeringAngle>0.0</steeringAngle>
      <time>6</time>
    </ksState>
    <ksState>
      <x>6.237672761630723</x>
      <y>-6.870941603507493</y>
      <orientation>-0.83367</orientation>
      <velocity>14.399999999999999</velocity>
      <steeringAngle>0.0</steeringAngle>
      <time>7</time>
    </ksState>
    <ksState>
      <x>7.208948315569989</x>
      <y>-7.940824213105373</y>
      <orientation>-0.83367</orientation>
      <velocity>14.599999999999998</velocity>
      <steeringAngle>0.0</steeringAngle>
      <time>8</time>
    </ksState>
    <ksState>
      <x>8.19366712977139</x>
      <y>-9.025514886503915</y>
      <orientation>-0.83367</orientation>
      <velocity>14.799999999999997</velocity>
      <steeringAngle>0.0</steeringAngle>
      <time>9</time>
    </ksState>
    <ksState>
      <x>9.191829204234928</x>
      <y>-10.12501362370312</y>
      <orientation>-0.83367</orientation>
      <velocity>14.999999999999996</velocity>
      <steeringAngle>0.0</steeringAngle>
      <time>10</time>
    </ksState>
    <ksState>
      <x>10.200073723895066</x>
      <y>-11.235618408752822</y>
      <orientation>-0.83367</orientation>
      <velocity>15.0</velocity>
      <steeringAngle>0.0</steeringAngle>
      <time>11</time>
    </ksState>
    <ksState>
      <x>11.208318243555205</x>
      <y>-12.346223193802526</y>
      <orientation>-0.83367</orientation>
      <velocity>15.0</velocity>
      <steeringAngle>0.0</steeringAngle>
      <time>12</time>
    </ksState>
    <ksState>
      <x>12.216562763215343</x>
      <y>-13.456827978852228</y>
      <orientation>-0.83367</orientation>
      <velocity>15.0</velocity>
      <steeringAngle>0.0</steeringAngle>
      <time>13</time>
    </ksState>
    <ksState>
      <x>13.224807282875481</x>
      <y>-14.56743276390193</y>
      <orientation>-0.83367</orientation>
      <velocity>15.0</velocity>
      <steeringAngle>0.0</steeringAngle>
      <time>14</time>
    </ksState>
    <ksState>
      <x>14.23305180253562</x>
      <y>-15.678037548951634</y>
      <orientation>-0.83367</orientation>
      <velocity>15.0</velocity>
      <steeringAngle>0.0</steeringAngle>
      <time>15</time>
    </ksState>
    <ksState>
      <x>15.241296322195758</x>
      <y>-16.788642334001338</y>
      <orientation>-0.83367</orientation>
      <velocity>15.0</velocity>
      <steeringAngle>0.0</steeringAngle>
      <time>16</time>
    </ksState>
    <ksState>
      <x>16.249540841855897</x>
      <y>-17.89924711905104</y>
      <orientation>-0.83367</orientation>
      <velocity>15.0</velocity>
      <steeringAngle>0.0</steeringAngle>
      <time>17</time>
    </ksState>
    <ksState>
      <x>17.257785361516035</x>
      <y>-19.009851904100742</y>
      <orientation>-0.83367</orientation>
      <velocity>15.0</velocity>
      <steeringAngle>0.0</steeringAngle>
      <time>18</time>
    </ksState>
    <ksState>
      <x>18.266029881176173</x>
      <y>-20.120456689150444</y>
      <orientation>-0.83367</orientation>
      <velocity>15.0</velocity>
      <steeringAngle>0.0</steeringAngle>
      <time>19</time>
    </ksState>
    <ksState>
      <x>19.274274400836312</x>
      <y>-21.231061474200146</y>
      <orientation>-0.83367</orientation>
      <velocity>15.0</velocity>
      <steeringAngle>0.0</steeringAngle>
      <time>20</time>
    </ksState>
    <ksState>
      <x>20.28251892049645</x>
      <y>-22.34166625924985</y>
      <orientation>-0.83367</orientation>
      <velocity>15.0</velocity>
      <steeringAngle>0.0</steeringAngle>
      <time>21</time>
    </ksState>
    <ksState>
      <x>21.29076344015659</x>
      <y>-23.45227104429955</y>
      <orientation>-0.83367</orientation>
      <velocity>15.0</velocity>
      <steeringAngle>0.0</steeringAngle>
      <time>22</time>
    </ksState>
    <ksState>
      <x>22.299007959816727</x>
      <y>-24.562875829349252</y>
      <orientation>-0.83367</orientation>
      <velocity>15.0</velocity>
      <steeringAngle>0.0</steeringAngle>
      <time>23</time>
    </ksState>
    <ksState>
      <x>23.307252479476865</x>
      <y>-25.673480614398958</y>
      <orientation>-0.83367</orientation>
      <velocity>15.0</velocity>
      <steeringAngle>0.0</steeringAngle>
      <time>24</time>
    </ksState>
    <ksState>
      <x>24.315496999137004</x>
      <y>-26.78408539944866</y>
      <orientation>-0.83367</orientation>
      <velocity>15.0</velocity>
      <steeringAngle>0.0</steeringAngle>
      <time>25</time>
    </ksState>
    <ksState>
      <x>25.31365907360054</x>
      <y>-27.883584136647865</y>
      <orientation>-0.83367</orientation>
      <velocity>14.399999999999999</velocity>
      <steeringAngle>0.0</steeringAngle>
      <time>26</time>
    </ksState>
    <ksState>
      <x>26.271491367277672</x>
      <y>-28.938658682445084</y>
      <orientation>-0.83367</orientation>
      <velocity>13.799999999999997</velocity>
      <steeringAngle>0.0</steeringAngle>
      <time>27</time>
    </ksState>
    <ksState>
      <x>27.188993880168397</x>
      <y>-29.94930903684031</y>
      <orientation>-0.83367</orientation>
      <velocity>13.199999999999996</velocity>
      <steeringAngle>0.0</steeringAngle>
      <time>28</time>
    </ksState>
    <ksState>
      <x>28.066166612272717</x>
      <y>-30.915535199833556</y>
      <orientation>-0.83367</orientation>
      <velocity>12.599999999999994</velocity>
      <steeringAngle>0.0</steeringAngle>
      <time>29</time>
    </ksState>
    <ksState>
      <x>28.903009563590633</x>
      <y>-31.837337171424807</y>
      <orientation>-0.83367</orientation>
      <velocity>11.999999999999993</velocity>
      <steeringAngle>0.0</steeringAngle>
      <time>30</time>
    </ksState>
    <ksState>
      <x>29.709605179318743</x>
      <y>-32.72582099946457</y>
      <orientation>-0.83367</orientation>
      <velocity>12.0</velocity>
      <steeringAngle>0.0</steeringAngle>
      <time>31</time>
    </ksState>
    <ksState>
      <x>30.516200795046856</x>
      <y>-33.614304827504334</y>
      <orientation>-0.83367</orientation>
      <velocity>12.0</velocity>
      <steeringAngle>0.0</steeringAngle>
      <time>32</time>
    </ksState>
    <ksState>
      <x>31.322796410774966</x>
      <y>-34.502788655544094</y>
      <orientation>-0.83367</orientation>
      <velocity>12.0</velocity>
      <steeringAngle>0.0</steeringAngle>
      <time>33</time>
    </ksState>
    <ksState>
      <x>32.129392026503076</x>
      <y>-35.391272483583855</y>
      <orientation>-0.83367</orientation>
      <velocity>12.0</velocity>
      <steeringAngle>0.0</steeringAngle>
      <time>34</time>
    </ksState>
    <ksState>
      <x>32.93598764223118</x>
      <y>-36.279756311623615</y>
      <orientation>-0.83367</orientation>
      <velocity>12.0</velocity>
      <steeringAngle>0.0</steeringAngle>
      <time>35</time>
    </ksState>
    <ksState>
      <x>33.742583257959296</x>
      <y>-37.168240139663375</y>
      <orientation>-0.83367</orientation>
      <velocity>12.0</velocity>
      <steeringAngle>0.0</steeringAngle>
      <time>36</time>
    </ksState>
    <ksState>
      <x>34.5491788736874</x>
      <y>-38.05672396770314</y>
      <orientation>-0.83367</orientation>
      <velocity>12.0</velocity>
      <steeringAngle>0.0</steeringAngle>
      <time>37</time>
    </ksState>
    <ksState>
      <x>35.355774489415516</x>
      <y>-38.9452077957429</y>
      <orientation>-0.83367</orientation>
      <velocity>12.0</velocity>
      <steeringAngle>0.0</steeringAngle>
      <time>38</time>
    </ksState>
    <ksState>
      <x>36.16237010514362</x>
      <y>-39.83369162378266</y>
      <orientation>-0.83367</orientation>
      <velocity>12.0</velocity>
      <steeringAngle>0.0</steeringAngle>
      <time>39</time>
    </ksState>
    <ksState>
      <x>36.968965720871736</x>
      <y>-40.72217545182242</y>
      <orientation>-0.83367</orientation>
      <velocity>12.0</velocity>
      <steeringAngle>0.0</steeringAngle>
      <time>40</time>
    </ksState>
    <ksState>
      <x>37.76883970646878</x>
      <y>-41.603255247961854</y>
      <orientation>-0.8306213450271135</orientation>
      <velocity>11.600000000000001</velocity>
      <steeringAngle>0.026650000000000004</steeringAngle>
      <time>41</time>
    </ksState>
    <ksState>
      <x>38.54693553848898</x>
      <y>-42.45004624598678</y>
      <orientation>-0.8157861961534074</orientation>
      <velocity>11.200000000000003</velocity>
      <steeringAngle>0.05330000000000001</steeringAngle>
      <time>42</time>
    </ksState>
    <ksState>
      <x>39.312229010759765</x>
      <y>-43.25402669694615</y>
      <orientation>-0.7899713013033098</orientation>
      <velocity>10.800000000000004</velocity>
      <steeringAngle>0.07995000000000001</steeringAngle>
      <time>43</time>
    </ksState>
    <ksState>
      <x>40.071628490696774</x>
      <y>-44.00777193252222</y>
      <orientation>-0.7539697578626164</orientation>
      <velocity>10.400000000000006</velocity>
      <steeringAngle>0.10660000000000001</steeringAngle>
      <time>44</time>
    </ksState>
    <ksState>
      <x>40.82992039096105</x>
      <y>-44.704743912250436</y>
      <orientation>-0.7085631883623142</orientation>
      <velocity>10.000000000000007</velocity>
      <steeringAngle>0.13325</steeringAngle>
      <time>45</time>
    </ksState>
    <ksState>
      <x>41.609184093562156</x>
      <y>-45.354974006294206</y>
      <orientation>-0.6585105790931097</orientation>
      <velocity>10.600000000000001</velocity>
      <steeringAngle>0.1066</steeringAngle>
      <time>46</time>
    </ksState>
    <ksState>
      <x>42.46663583193988</x>
      <y>-46.003250052737364</y>
      <orientation>-0.6167504241134059</orientation>
      <velocity>11.200000000000003</velocity>
      <steeringAngle>0.07995</steeringAngle>
      <time>47</time>
    </ksState>
    <ksState>
      <x>43.39824079654456</x>
      <y>-46.65150904983288</y>
      <orientation>-0.5844756615402517</orientation>
      <velocity>11.800000000000004</velocity>
      <steeringAngle>0.053299999999999986</steeringAngle>
      <time>48</time>
    </ksState>
    <ksState>
      <x>44.39890929590567</x>
      <y>-47.30468159905481</y>
      <orientation>-0.5628872702009918</orientation>
      <velocity>12.400000000000006</velocity>
      <steeringAngle>0.02664999999999998</steeringAngle>
      <time>49</time>
    </ksState>
    <ksState>
      <x>45.462445769484866</x>
      <y>-47.970939057328025</y>
      <orientation>-0.553197610044905</orientation>
      <velocity>13.000000000000007</velocity>
      <steeringAngle>-2.42861286636753e-17</steeringAngle>
      <time>50</time>
    </ksState>
    <ksState>
      <x>46.568549231025635</x>
      <y>-48.65397282835808</y>
      <orientation>-0.553197610044905</orientation>
      <velocity>13.0</velocity>
      <steeringAngle>0.0</steeringAngle>
      <time>51</time>
    </ksState>
    <ksState>
      <x>47.6746526925664</x>
      <y>-49.337006599388125</y>
      <orientation>-0.553197610044905</orientation>
      <velocity>13.0</velocity>
      <steeringAngle>0.0</steeringAngle>
      <time>52</time>
    </ksState>
    <ksState>
      <x>48.780756154107166</x>
      <y>-50.02004037041818</y>
      <orientation>-0.553197610044905</orientation>
      <velocity>13.0</velocity>
      <steeringAngle>0.0</steeringAngle>
      <time>53</time>
    </ksState>
    <ksState>
      <x>49.886859615647936</x>
      <y>-50.703074141448226</y>
      <orientation>-0.553197610044905</orientation>
      <velocity>13.0</velocity>
      <steeringAngle>0.0</steeringAngle>
      <time>54</time>
    </ksState>
    <ksState>
      <x>50.992963077188705</x>
      <y>-51.38610791247828</y>
      <orientation>-0.553197610044905</orientation>
      <velocity>13.0</velocity>
      <steeringAngle>0.0</steeringAngle>
      <time>55</time>
    </ksState>
    <ksState>
      <x>52.10757502689517</x>
      <y>-52.07439578943933</y>
      <orientation>-0.553197610044905</orientation>
      <velocity>13.399999999999999</velocity>
      <steeringAngle>0.0</steeringAngle>
      <time>56</time>
    </ksState>
    <ksState>
      <x>53.25622092926443</x>
      <y>-52.783700090124384</y>
      <orientation>-0.553197610044905</orientation>
      <velocity>13.799999999999997</velocity>
      <steeringAngle>0.0</steeringAngle>
      <time>57</time>
    </ksState>
    <ksState>
      <x>54.43890078429648</x>
      <y>-53.51402081453344</y>
      <orientation>-0.553197610044905</orientation>
      <velocity>14.199999999999996</velocity>
      <steeringAngle>0.0</steeringAngle>
      <time>58</time>
    </ksState>
    <ksState>
      <x>55.65561459199132</x>
      <y>-54.26535796266649</y>
      <orientation>-0.553197610044905</orientation>
      <velocity>14.599999999999994</velocity>
      <steeringAngle>0.0</steeringAngle>
      <time>59</time>
    </ksState>
    <ksState>
      <x>56.906362352348964</x>
      <y>-55.03771153452355</y>
      <orientation>-0.553197610044905</orientation>
      <velocity>14.999999999999993</velocity>
      <steeringAngle>0.0</steeringAngle>
      <time>60</time>
    </ksState>
    <ksState>
      <x>58.174127089037995</x>
      <y>-55.82057331824261</y>
      <orientation>-0.5570213467905593</orientation>
      <velocity>14.600000000000001</velocity>
      <steeringAngle>-0.026650000000000004</steeringAngle>
      <time>61</time>
    </ksState>
    <ksState>
      <x>59.402046322254876</x>
      <y>-56.591731169964675</y>
      <orientation>-0.5757332815280956</orientation>
      <velocity>14.200000000000003</velocity>
      <steeringAngle>-0.05330000000000001</steeringAngle>
      <time>62</time>
    </ksState>
    <ksState>
      <x>60.57908394408105</x>
      <y>-57.36798835567991</y>
      <orientation>-0.6085321825617185</orientation>
      <velocity>13.800000000000004</velocity>
      <steeringAngle>-0.07995000000000001</steeringAngle>
      <time>63</time>
    </ksState>
    <ksState>
      <x>61.6946918414106</x>
      <y>-58.16303767208433</y>
      <orientation>-0.6546349147336543</orientation>
      <velocity>13.400000000000006</velocity>
      <steeringAngle>-0.10660000000000001</steeringAngle>
      <time>64</time>
    </ksState>
    <ksState>
      <x>62.738368899392796</x>
      <y>-58.9872321096079</y>
      <orientation>-0.7132743207494296</orientation>
      <velocity>13.000000000000007</velocity>
      <steeringAngle>-0.13325</steeringAngle>
      <time>65</time>
    </ksState>
    <ksState>
      <x>63.714149658892104</x>
      <y>-59.860995396595875</y>
      <orientation>-0.777898812233724</orientation>
      <velocity>13.399999999999999</velocity>
      <steeringAngle>-0.1066</steeringAngle>
      <time>66</time>
    </ksState>
    <ksState>
      <x>64.66242374340385</x>
      <y>-60.82168482479772</y>
      <orientation>-0.8303648579701514</orientation>
      <velocity>13.799999999999997</velocity>
      <steeringAngle>-0.07995</steeringAngle>
      <time>67</time>
    </ksState>
    <ksState>
      <x>65.58894223948073</x>
      <y>-61.85775505949971</y>
      <orientation>-0.8699125191555465</orientation>
      <velocity>14.199999999999996</velocity>
      <steeringAngle>-0.053299999999999986</steeringAngle>
      <time>68</time>
    </ksState>
    <ksState>
      <x>66.50300760473733</x>
      <y>-62.95742511284448</y>
      <orientation>-0.89576690931823</orientation>
      <velocity>14.599999999999994</velocity>
      <steeringAngle>-0.02664999999999998</steeringAngle>
      <time>69</time>
    </ksState>
    <ksState>
      <x>67.41726820815701</x>
      <y>-64.10851016329785</y>
      <orientation>-0.9071361152179167</orientation>
      <velocity>14.999999999999993</velocity>
      <steeringAngle>2.42861286636753e-17</steeringAngle>
      <time>70</time>
    </ksState>
    <ksState>
      <x>68.332034559835</x>
      <y>-65.27830823212757</y>
      <orientation>-0.9033382145313548</orientation>
      <velocity>14.399999999999999</velocity>
      <steeringAngle>0.026650000000000004</steeringAngle>
      <time>71</time>
    </ksState>
    <ksState>
      <x>69.2182061959071</x>
      <y>-66.39423686700992</y>
      <orientation>-0.8849622770846258</orientation>
      <velocity>13.799999999999997</velocity>
      <steeringAngle>0.05330000000000001</steeringAngle>
      <time>72</time>
    </ksState>
    <ksState>
      <x>70.09009890775279</x>
      <y>-67.44444313391404</y>
      <orientation>-0.8532239409930047</orientation>
      <velocity>13.199999999999996</velocity>
      <steeringAngle>0.07995000000000001</steeringAngle>
      <time>73</time>
    </ksState>
    <ksState>
      <x>70.95808591832915</x>
      <y>-68.41883759924164</y>
      <orientation>-0.809322814563207</orientation>
      <velocity>12.599999999999994</velocity>
      <steeringAngle>0.10660000000000001</steeringAngle>
      <time>74</time>
    </ksState>
  </ksTrajectory>
</CommonRoadSolution>
