<?xml version="1.0" ?>
<CommonRoadSolution benchmark_id="KS2:SM1:USA_Peach-4_6_T-1:2018b" date="2019-11-18">
  <ksTrajectory planningProblem="100">
    <ksState>
      <x>0.0</x>
      <y>0.0</y>
      <orientation>1.5091</orientation>
      <velocity>2.0</velocity>
      <steeringAngle>0.0</steeringAngle>
      <time>0</time>
    </ksState>
    <ksState>
      <x>0.013872868586102888</x>
      <y>0.2245719116835245</y>
      <orientation>1.5097459014773065</orientation>
      <velocity>3.0</velocity>
      <steeringAngle>0.026650000000000004</steeringAngle>
      <time>1</time>
    </ksState>
    <ksState>
      <x>0.03343109974626967</x>
      <y>0.5489827815577555</y>
      <orientation>1.514010411840564</orientation>
      <velocity>4.0</velocity>
      <steeringAngle>0.05330000000000001</steeringAngle>
      <time>2</time>
    </ksState>
    <ksState>
      <x>0.05662261420711843</x>
      <y>0.97334864178729</y>
      <orientation>1.523969240672923</orientation>
      <velocity>5.0</velocity>
      <steeringAngle>0.07995000000000001</steeringAngle>
      <time>3</time>
    </ksState>
    <ksState>
      <x>0.07906392376128059</x>
      <y>1.4978648382054842</y>
      <orientation>1.5417113952044417</orientation>
      <velocity>6.0</velocity>
      <steeringAngle>0.10660000000000001</steeringAngle>
      <time>4</time>
    </ksState>
    <ksState>
      <x>0.0931950042826964</x>
      <y>2.1226929789379905</y>
      <orientation>1.569345227618734</orientation>
      <velocity>7.0</velocity>
      <steeringAngle>0.13325</steeringAngle>
      <time>5</time>
    </ksState>
    <ksState>
      <x>0.08792755878088816</x>
      <y>2.8176442672916773</y>
      <orientation>1.6036577952895028</orientation>
      <velocity>6.800000000000001</velocity>
      <steeringAngle>0.1066</steeringAngle>
      <time>6</time>
    </ksState>
    <ksState>
      <x>0.061027863277044486</x>
      <y>3.492091254330089</y>
      <orientation>1.6299169128356734</orientation>
      <velocity>6.600000000000001</velocity>
      <steeringAngle>0.07995</steeringAngle>
      <time>7</time>
    </ksState>
    <ksState>
      <x>0.019001316207980026</x>
      <y>4.145732972987361</y>
      <orientation>1.6485779079552567</orientation>
      <velocity>6.400000000000002</velocity>
      <steeringAngle>0.053299999999999986</steeringAngle>
      <time>8</time>
    </ksState>
    <ksState>
      <x>-0.0324186155086295</x>
      <y>4.778644162064806</y>
      <orientation>1.6600831463175292</orientation>
      <velocity>6.200000000000003</velocity>
      <steeringAngle>0.02664999999999998</steeringAngle>
      <time>9</time>
    </ksState>
    <ksState>
      <x>-0.08823033745625926</x>
      <y>5.391105655494773</y>
      <orientation>1.6648633862478421</orientation>
      <velocity>6.0000000000000036</velocity>
      <steeringAngle>-2.42861286636753e-17</steeringAngle>
      <time>10</time>
    </ksState>
    <ksState>
      <x>-0.14317844775344968</x>
      <y>5.973519344529266</y>
      <orientation>1.6633907308795834</orientation>
      <velocity>5.4</velocity>
      <steeringAngle>-0.026650000000000004</steeringAngle>
      <time>11</time>
    </ksState>
    <ksState>
      <x>-0.191012381506306</x>
      <y>6.496335161565494</y>
      <orientation>1.6566451510243454</orientation>
      <velocity>4.800000000000001</velocity>
      <steeringAngle>-0.05330000000000001</steeringAngle>
      <time>12</time>
    </ksState>
    <ksState>
      <x>-0.22976983906705906</x>
      <y>6.959715705348181</y>
      <orientation>1.6458588334833</orientation>
      <velocity>4.200000000000001</velocity>
      <steeringAngle>-0.07995000000000001</steeringAngle>
      <time>13</time>
    </ksState>
    <ksState>
      <x>-0.2588726740391472</x>
      <y>7.363666546359722</y>
      <orientation>1.6322612732472295</orientation>
      <velocity>3.6000000000000014</velocity>
      <steeringAngle>-0.10660000000000001</steeringAngle>
      <time>14</time>
    </ksState>
    <ksState>
      <x>-0.27883445853611627</x>
      <y>7.708086160314643</y>
      <orientation>1.6170827650586692</orientation>
      <velocity>3.0000000000000018</velocity>
      <steeringAngle>-0.13325</steeringAngle>
      <time>15</time>
    </ksState>
    <ksState>
      <x>-0.29096979637174997</x>
      <y>7.992825519481942</y>
      <orientation>1.6029781465969177</orientation>
      <velocity>2.4000000000000004</velocity>
      <steeringAngle>-0.1066</steeringAngle>
      <time>16</time>
    </ksState>
    <ksState>
      <x>-0.29768688107273156</x>
      <y>8.217724537712654</y>
      <orientation>1.5941903145109182</orientation>
      <velocity>1.8000000000000005</velocity>
      <steeringAngle>-0.07995</steeringAngle>
      <time>17</time>
    </ksState>
    <ksState>
      <x>-0.3013368810702787</x>
      <y>8.382684001605371</y>
      <orientation>1.5894537634352093</orientation>
      <velocity>1.2000000000000004</velocity>
      <steeringAngle>-0.053299999999999986</steeringAngle>
      <time>18</time>
    </ksState>
    <ksState>
      <x>-0.3032399518642171</x>
      <y>8.487666734289242</y>
      <orientation>1.587514626273211</orientation>
      <velocity>0.6000000000000003</velocity>
      <steeringAngle>-0.02664999999999998</steeringAngle>
      <time>19</time>
    </ksState>
    <ksState>
      <x>-0.30398758961672967</x>
      <y>8.532660522688548</y>
      <orientation>1.5871270303224807</orientation>
      <velocity>2.220446049250313e-16</velocity>
      <steeringAngle>2.42861286636753e-17</steeringAngle>
      <time>20</time>
    </ksState>
    <ksState>
      <x>-0.30398758961672967</x>
      <y>8.532660522688548</y>
      <orientation>1.5871270303224807</orientation>
      <velocity>0.0</velocity>
      <steeringAngle>0.0</steeringAngle>
      <time>21</time>
    </ksState>
    <ksState>
      <x>-0.30398758961672967</x>
      <y>8.532660522688548</y>
      <orientation>1.5871270303224807</orientation>
      <velocity>0.0</velocity>
      <steeringAngle>0.0</steeringAngle>
      <time>22</time>
    </ksState>
    <ksState>
      <x>-0.30398758961672967</x>
      <y>8.532660522688548</y>
      <orientation>1.5871270303224807</orientation>
      <velocity>0.0</velocity>
      <steeringAngle>0.0</steeringAngle>
      <time>23</time>
    </ksState>
    <ksState>
      <x>-0.30398758961672967</x>
      <y>8.532660522688548</y>
      <orientation>1.5871270303224807</orientation>
      <velocity>0.0</velocity>
      <steeringAngle>0.0</steeringAngle>
      <time>24</time>
    </ksState>
    <ksState>
      <x>-0.30398758961672967</x>
      <y>8.532660522688548</y>
      <orientation>1.5871270303224807</orientation>
      <velocity>0.0</velocity>
      <steeringAngle>0.0</steeringAngle>
      <time>25</time>
    </ksState>
    <ksState>
      <x>-0.30398758961672967</x>
      <y>8.532660522688548</y>
      <orientation>1.5871270303224807</orientation>
      <velocity>0.0</velocity>
      <steeringAngle>0.0</steeringAngle>
      <time>26</time>
    </ksState>
    <ksState>
      <x>-0.30398758961672967</x>
      <y>8.532660522688548</y>
      <orientation>1.5871270303224807</orientation>
      <velocity>0.0</velocity>
      <steeringAngle>0.0</steeringAngle>
      <time>27</time>
    </ksState>
    <ksState>
      <x>-0.30398758961672967</x>
      <y>8.532660522688548</y>
      <orientation>1.5871270303224807</orientation>
      <velocity>0.0</velocity>
      <steeringAngle>0.0</steeringAngle>
      <time>28</time>
    </ksState>
    <ksState>
      <x>-0.30398758961672967</x>
      <y>8.532660522688548</y>
      <orientation>1.5871270303224807</orientation>
      <velocity>0.0</velocity>
      <steeringAngle>0.0</steeringAngle>
      <time>29</time>
    </ksState>
    <ksState>
      <x>-0.30398758961672967</x>
      <y>8.532660522688548</y>
      <orientation>1.5871270303224807</orientation>
      <velocity>0.0</velocity>
      <steeringAngle>0.0</steeringAngle>
      <time>30</time>
    </ksState>
    <ksState>
      <x>-0.30398758961672967</x>
      <y>8.532660522688548</y>
      <orientation>1.5871270303224807</orientation>
      <velocity>0.0</velocity>
      <steeringAngle>0.0</steeringAngle>
      <time>31</time>
    </ksState>
    <ksState>
      <x>-0.30398758961672967</x>
      <y>8.532660522688548</y>
      <orientation>1.5871270303224807</orientation>
      <velocity>0.0</velocity>
      <steeringAngle>0.0</steeringAngle>
      <time>32</time>
    </ksState>
    <ksState>
      <x>-0.30398758961672967</x>
      <y>8.532660522688548</y>
      <orientation>1.5871270303224807</orientation>
      <velocity>0.0</velocity>
      <steeringAngle>0.0</steeringAngle>
      <time>33</time>
    </ksState>
    <ksState>
      <x>-0.30398758961672967</x>
      <y>8.532660522688548</y>
      <orientation>1.5871270303224807</orientation>
      <velocity>0.0</velocity>
      <steeringAngle>0.0</steeringAngle>
      <time>34</time>
    </ksState>
    <ksState>
      <x>-0.30398758961672967</x>
      <y>8.532660522688548</y>
      <orientation>1.5871270303224807</orientation>
      <velocity>0.0</velocity>
      <steeringAngle>0.0</steeringAngle>
      <time>35</time>
    </ksState>
    <ksState>
      <x>-0.3040692395050277</x>
      <y>8.537659855973672</y>
      <orientation>1.587152866381573</orientation>
      <velocity>0.2</velocity>
      <steeringAngle>0.026650000000000004</steeringAngle>
      <time>36</time>
    </ksState>
    <ksState>
      <x>-0.3044796849918913</x>
      <y>8.562656486404586</y>
      <orientation>1.5874888636723805</orientation>
      <velocity>0.4</velocity>
      <steeringAngle>0.05330000000000001</steeringAngle>
      <time>37</time>
    </ksState>
    <ksState>
      <x>-0.30524115639950616</x>
      <y>8.60765004233989</y>
      <orientation>1.5885494286143822</orientation>
      <velocity>0.6</velocity>
      <steeringAngle>0.07995000000000001</steeringAngle>
      <time>38</time>
    </ksState>
    <ksState>
      <x>-0.30642766302996655</x>
      <y>8.672639205204957</y>
      <orientation>1.5907510343565203</orientation>
      <velocity>0.7999999999999999</velocity>
      <steeringAngle>0.10660000000000001</steeringAngle>
      <time>39</time>
    </ksState>
    <ksState>
      <x>-0.3081983710322189</x>
      <y>8.757620730461193</y>
      <orientation>1.5945134226373157</orientation>
      <velocity>0.9999999999999999</velocity>
      <steeringAngle>0.13325</steeringAngle>
      <time>40</time>
    </ksState>
    <ksState>
      <x>-0.3113575829873008</x>
      <y>8.882580700260352</y>
      <orientation>1.6014057642435322</orientation>
      <velocity>2.0</velocity>
      <steeringAngle>0.15990000000000001</steeringAngle>
      <time>41</time>
    </ksState>
    <ksState>
      <x>-0.3190248944541922</x>
      <y>9.107448936079965</y>
      <orientation>1.6161406647004546</orientation>
      <velocity>3.0</velocity>
      <steeringAngle>0.18655000000000002</steeringAngle>
      <time>42</time>
    </ksState>
    <ksState>
      <x>-0.33567543943246253</x>
      <y>9.432017258225244</y>
      <orientation>1.6408654911933496</orientation>
      <velocity>4.0</velocity>
      <steeringAngle>0.21320000000000003</steeringAngle>
      <time>43</time>
    </ksState>
    <ksState>
      <x>-0.3691963878454077</x>
      <y>9.855678280456164</y>
      <orientation>1.6777632904230402</orientation>
      <velocity>5.0</velocity>
      <steeringAngle>0.23985000000000004</steeringAngle>
      <time>44</time>
    </ksState>
    <ksState>
      <x>-0.4317204400387532</x>
      <y>10.376904818783663</y>
      <orientation>1.7290598173137421</orientation>
      <velocity>6.0</velocity>
      <steeringAngle>0.2665</steeringAngle>
      <time>45</time>
    </ksState>
    <ksState>
      <x>-0.5384983702225152</x>
      <y>10.982485679376191</y>
      <orientation>1.794161326677232</orientation>
      <velocity>6.6</velocity>
      <steeringAngle>0.2665</steeringAngle>
      <time>46</time>
    </ksState>
    <ksState>
      <x>-0.699722467963361</x>
      <y>11.637842738902009</y>
      <orientation>1.865614202807892</orientation>
      <velocity>7.199999999999999</velocity>
      <steeringAngle>0.2665</steeringAngle>
      <time>47</time>
    </ksState>
    <ksState>
      <x>-0.9268797659921707</x>
      <y>12.336719361746496</y>
      <orientation>1.9434184457057213</orientation>
      <velocity>7.799999999999999</velocity>
      <steeringAngle>0.2665</steeringAngle>
      <time>48</time>
    </ksState>
    <ksState>
      <x>-1.2317490857302045</x>
      <y>13.070756508353558</y>
      <orientation>2.027574055370721</orientation>
      <velocity>8.4</velocity>
      <steeringAngle>0.2665</steeringAngle>
      <time>49</time>
    </ksState>
    <ksState>
      <x>-1.6260159338272415</x>
      <y>13.829187505509658</y>
      <orientation>2.1180810318028898</orientation>
      <velocity>9.000000000000002</velocity>
      <steeringAngle>0.2665</steeringAngle>
      <time>50</time>
    </ksState>
    <ksState>
      <x>-2.106777320286141</x>
      <y>14.577865867058708</y>
      <orientation>2.2147449044565</orientation>
      <velocity>8.600000000000001</velocity>
      <steeringAngle>0.29315</steeringAngle>
      <time>51</time>
    </ksState>
    <ksState>
      <x>-2.6336599857226934</x>
      <y>15.244527169957433</y>
      <orientation>2.316609916097023</orientation>
      <velocity>8.200000000000003</velocity>
      <steeringAngle>0.3198000000000001</steeringAngle>
      <time>52</time>
    </ksState>
    <ksState>
      <x>-3.198387347980589</x>
      <y>15.824810296550755</y>
      <orientation>2.422928656017239</orientation>
      <velocity>7.800000000000003</velocity>
      <steeringAngle>0.34645000000000015</steeringAngle>
      <time>53</time>
    </ksState>
    <ksState>
      <x>-3.7911812954096544</x>
      <y>16.315782524429363</y>
      <orientation>2.5329477448571707</orientation>
      <velocity>7.400000000000003</velocity>
      <steeringAngle>0.3731000000000002</steeringAngle>
      <time>54</time>
    </ksState>
    <ksState>
      <x>-4.401178222014023</x>
      <y>16.716261939011822</y>
      <orientation>2.6459054322903786</orientation>
      <velocity>7.000000000000003</velocity>
      <steeringAngle>0.39975000000000027</steeringAngle>
      <time>55</time>
    </ksState>
    <ksState>
      <x>-5.021434690682014</x>
      <y>17.02916769608963</y>
      <orientation>2.7618788117786712</orientation>
      <velocity>6.800000000000001</velocity>
      <steeringAngle>0.4264</steeringAngle>
      <time>56</time>
    </ksState>
    <ksState>
      <x>-5.65522920854524</x>
      <y>17.260513946945807</y>
      <orientation>2.8828798335082926</orientation>
      <velocity>6.600000000000001</velocity>
      <steeringAngle>0.45304999999999995</steeringAngle>
      <time>57</time>
    </ksState>
    <ksState>
      <x>-6.292997673886422</x>
      <y>17.408366332948813</y>
      <orientation>3.0086153312108497</orientation>
      <velocity>6.400000000000002</velocity>
      <steeringAngle>0.4796999999999999</steeringAngle>
      <time>58</time>
    </ksState>
    <ksState>
      <x>-6.9244354301945705</x>
      <y>17.472331000316373</y>
      <orientation>3.138792934923563</orientation>
      <velocity>6.200000000000003</velocity>
      <steeringAngle>0.5063499999999999</steeringAngle>
      <time>59</time>
    </ksState>
    <ksState>
      <x>-7.5388124477338145</x>
      <y>17.453733774320757</y>
      <orientation>3.273120259877582</orientation>
      <velocity>6.0000000000000036</velocity>
      <steeringAngle>0.5329999999999999</steeringAngle>
      <time>60</time>
    </ksState>
    <ksState>
      <x>-8.135132120022675</x>
      <y>17.353748436264397</y>
      <orientation>3.4094125637322055</orientation>
      <velocity>6.199999999999999</velocity>
      <steeringAngle>0.50635</steeringAngle>
      <time>61</time>
    </ksState>
    <ksState>
      <x>-8.73162338572777</x>
      <y>17.168304711187957</y>
      <orientation>3.5417016099452563</orientation>
      <velocity>6.399999999999999</velocity>
      <steeringAngle>0.4797</steeringAngle>
      <time>62</time>
    </ksState>
    <ksState>
      <x>-9.316890756815543</x>
      <y>16.898019873396713</y>
      <orientation>3.669694688330544</orientation>
      <velocity>6.599999999999998</velocity>
      <steeringAngle>0.45305000000000006</steeringAngle>
      <time>63</time>
    </ksState>
    <ksState>
      <x>-9.880224457994363</x>
      <y>16.545243339588133</y>
      <orientation>3.793099525513491</orientation>
      <velocity>6.799999999999997</velocity>
      <steeringAngle>0.4264000000000001</steeringAngle>
      <time>64</time>
    </ksState>
    <ksState>
      <x>-10.411902951526713</x>
      <y>16.11382432460151</y>
      <orientation>3.911623452323772</orientation>
      <velocity>6.9999999999999964</velocity>
      <steeringAngle>0.39975000000000016</steeringAngle>
      <time>65</time>
    </ksState>
    <ksState>
      <x>-10.886512702438885</x>
      <y>15.62723831924461</y>
      <orientation>4.021028294718019</orientation>
      <velocity>6.199999999999999</velocity>
      <steeringAngle>0.3731</steeringAngle>
      <time>66</time>
    </ksState>
    <ksState>
      <x>-11.258351535399026</x>
      <y>15.156561269251002</y>
      <orientation>4.110378669051553</orientation>
      <velocity>5.399999999999999</velocity>
      <steeringAngle>0.3464499999999999</steeringAngle>
      <time>67</time>
    </ksState>
  </ksTrajectory>
</CommonRoadSolution>
