<?xml version="1.0" ?>
<CommonRoadSolution benchmark_id="KS2:SM1:USA_US101-6_2_T-1:2018b" date="2019-11-18">
  <ksTrajectory planningProblem="411">
    <ksState>
      <x>0.0</x>
      <y>0.0</y>
      <orientation>-0.71</orientation>
      <velocity>17.0</velocity>
      <steeringAngle>0.0</steeringAngle>
      <time>0</time>
    </ksState>
    <ksState>
      <x>1.2702561422841014</x>
      <y>-1.091821566461074</y>
      <orientation>-0.71</orientation>
      <velocity>16.0</velocity>
      <steeringAngle>0.0</steeringAngle>
      <time>1</time>
    </ksState>
    <ksState>
      <x>2.464676096969152</x>
      <y>-2.1184597558199942</y>
      <orientation>-0.71</orientation>
      <velocity>15.0</velocity>
      <steeringAngle>0.0</steeringAngle>
      <time>2</time>
    </ksState>
    <ksState>
      <x>3.583259864055151</x>
      <y>-3.0799145680767603</y>
      <orientation>-0.71</orientation>
      <velocity>14.0</velocity>
      <steeringAngle>0.0</steeringAngle>
      <time>3</time>
    </ksState>
    <ksState>
      <x>4.6260074435420995</x>
      <y>-3.976186003231373</y>
      <orientation>-0.71</orientation>
      <velocity>13.0</velocity>
      <steeringAngle>0.0</steeringAngle>
      <time>4</time>
    </ksState>
    <ksState>
      <x>5.592918835429998</x>
      <y>-4.807274061283833</y>
      <orientation>-0.71</orientation>
      <velocity>12.0</velocity>
      <steeringAngle>0.0</steeringAngle>
      <time>5</time>
    </ksState>
    <ksState>
      <x>6.49157765847875</x>
      <y>-5.579697079944354</y>
      <orientation>-0.7069771810862058</orientation>
      <velocity>11.399999999999999</velocity>
      <steeringAngle>0.026650000000000004</steeringAngle>
      <time>6</time>
    </ksState>
    <ksState>
      <x>7.349064113769748</x>
      <y>-6.3079353637242495</y>
      <orientation>-0.6924780295033072</orientation>
      <velocity>10.799999999999997</velocity>
      <steeringAngle>0.05330000000000001</steeringAngle>
      <time>7</time>
    </ksState>
    <ksState>
      <x>8.172477800005888</x>
      <y>-6.983345996415295</y>
      <orientation>-0.6677236995952113</orientation>
      <velocity>10.199999999999996</velocity>
      <steeringAngle>0.07995000000000001</steeringAngle>
      <time>8</time>
    </ksState>
    <ksState>
      <x>8.966444564117946</x>
      <y>-7.599445340392679</y>
      <orientation>-0.633923761896656</orientation>
      <velocity>9.599999999999994</velocity>
      <steeringAngle>0.10660000000000001</steeringAngle>
      <time>9</time>
    </ksState>
    <ksState>
      <x>9.733250967424912</x>
      <y>-8.151663057825253</y>
      <orientation>-0.5922795806771493</orientation>
      <velocity>8.999999999999993</velocity>
      <steeringAngle>0.13325</steeringAngle>
      <time>10</time>
    </ksState>
    <ksState>
      <x>10.485727354597278</x>
      <y>-8.6452909629748</y>
      <orientation>-0.547863038401872</orientation>
      <velocity>9.0</velocity>
      <steeringAngle>0.1066</steeringAngle>
      <time>11</time>
    </ksState>
    <ksState>
      <x>11.258312150034465</x>
      <y>-9.10685584281511</y>
      <orientation>-0.5128682781256158</orientation>
      <velocity>9.0</velocity>
      <steeringAngle>0.07995</steeringAngle>
      <time>12</time>
    </ksState>
    <ksState>
      <x>12.045567310610114</x>
      <y>-9.542963322207774</y>
      <orientation>-0.48724506098409515</orientation>
      <velocity>9.0</velocity>
      <steeringAngle>0.053299999999999986</steeringAngle>
      <time>13</time>
    </ksState>
    <ksState>
      <x>12.842774838978066</x>
      <y>-9.960626592995844</y>
      <orientation>-0.47095677202168573</orientation>
      <velocity>9.0</velocity>
      <steeringAngle>0.02664999999999998</steeringAngle>
      <time>14</time>
    </ksState>
    <ksState>
      <x>13.645741329718486</x>
      <y>-10.367124358942748</y>
      <orientation>-0.4639802101015816</orientation>
      <velocity>9.0</velocity>
      <steeringAngle>-2.42861286636753e-17</steeringAngle>
      <time>15</time>
    </ksState>
    <ksState>
      <x>14.450591887735053</x>
      <y>-10.769884311346686</y>
      <orientation>-0.46630545541988483</orientation>
      <velocity>9.0</velocity>
      <steeringAngle>-0.026650000000000004</steeringAngle>
      <time>16</time>
    </ksState>
    <ksState>
      <x>15.253558378475471</x>
      <y>-11.17638207729359</y>
      <orientation>-0.47793581301137555</orientation>
      <velocity>9.0</velocity>
      <steeringAngle>-0.05330000000000001</steeringAngle>
      <time>17</time>
    </ksState>
    <ksState>
      <x>16.050765906843424</x>
      <y>-11.59404534808166</y>
      <orientation>-0.4988878315619515</orientation>
      <velocity>9.0</velocity>
      <steeringAngle>-0.07995000000000001</steeringAngle>
      <time>18</time>
    </ksState>
    <ksState>
      <x>16.83802106741907</x>
      <y>-12.030152827474325</y>
      <orientation>-0.5291913977556786</orientation>
      <velocity>9.0</velocity>
      <steeringAngle>-0.10660000000000001</steeringAngle>
      <time>19</time>
    </ksState>
    <ksState>
      <x>17.610605862856257</x>
      <y>-12.491717707314635</y>
      <orientation>-0.5688899073020983</orientation>
      <velocity>9.0</velocity>
      <steeringAngle>-0.13325</steeringAngle>
      <time>20</time>
    </ksState>
    <ksState>
      <x>18.363082250028626</x>
      <y>-12.985345612464181</y>
      <orientation>-0.6133064495773756</orientation>
      <velocity>9.0</velocity>
      <steeringAngle>-0.1066</steeringAngle>
      <time>21</time>
    </ksState>
    <ksState>
      <x>19.09415671863174</x>
      <y>-13.510187994326955</y>
      <orientation>-0.6483012098536318</orientation>
      <velocity>9.0</velocity>
      <steeringAngle>-0.07995</steeringAngle>
      <time>22</time>
    </ksState>
    <ksState>
      <x>19.807722613426627</x>
      <y>-14.058625898944046</y>
      <orientation>-0.6739244269951524</orientation>
      <velocity>9.0</velocity>
      <steeringAngle>-0.053299999999999986</steeringAngle>
      <time>23</time>
    </ksState>
    <ksState>
      <x>20.508333898457956</x>
      <y>-14.623538527886506</y>
      <orientation>-0.6902127159575618</orientation>
      <velocity>9.0</velocity>
      <steeringAngle>-0.02664999999999998</steeringAngle>
      <time>24</time>
    </ksState>
    <ksState>
      <x>21.200997011445555</x>
      <y>-15.198180530248095</y>
      <orientation>-0.697189277877666</orientation>
      <velocity>9.0</velocity>
      <steeringAngle>2.42861286636753e-17</steeringAngle>
      <time>25</time>
    </ksState>
    <ksState>
      <x>21.871815656988097</x>
      <y>-15.75998774343823</y>
      <orientation>-0.697189277877666</orientation>
      <velocity>8.0</velocity>
      <steeringAngle>0.0</steeringAngle>
      <time>26</time>
    </ksState>
    <ksState>
      <x>22.465969314468637</x>
      <y>-16.257588417978063</y>
      <orientation>-0.697189277877666</orientation>
      <velocity>7.0</velocity>
      <steeringAngle>0.0</steeringAngle>
      <time>27</time>
    </ksState>
    <ksState>
      <x>22.983457983887174</x>
      <y>-16.6909825538676</y>
      <orientation>-0.697189277877666</orientation>
      <velocity>6.0</velocity>
      <steeringAngle>0.0</steeringAngle>
      <time>28</time>
    </ksState>
    <ksState>
      <x>23.4242816652437</x>
      <y>-17.06017015110683</y>
      <orientation>-0.697189277877666</orientation>
      <velocity>5.0</velocity>
      <steeringAngle>0.0</steeringAngle>
      <time>29</time>
    </ksState>
    <ksState>
      <x>23.788440358538224</x>
      <y>-17.36515120969576</y>
      <orientation>-0.697189277877666</orientation>
      <velocity>4.0</velocity>
      <steeringAngle>0.0</steeringAngle>
      <time>30</time>
    </ksState>
  </ksTrajectory>
</CommonRoadSolution>
