<?xml version="1.0" ?>
<CommonRoadSolution benchmark_id="KS2:SM1:DEU_Muc-23_2_T-1:2018b" date="2019-11-18">
  <ksTrajectory planningProblem="1">
    <ksState>
      <x>-4.8209</x>
      <y>145.8449</y>
      <orientation>-1.6664</orientation>
      <velocity>8.0</velocity>
      <steeringAngle>0.0</steeringAngle>
      <time>0</time>
    </ksState>
    <ksState>
      <x>-4.89869835353094</x>
      <y>145.0336217393595</y>
      <orientation>-1.6664</orientation>
      <velocity>8.600000000000001</velocity>
      <steeringAngle>0.0</steeringAngle>
      <time>1</time>
    </ksState>
    <ksState>
      <x>-4.982224193211397</x>
      <y>144.16261747180067</y>
      <orientation>-1.6664</orientation>
      <velocity>9.200000000000003</velocity>
      <steeringAngle>0.0</steeringAngle>
      <time>2</time>
    </ksState>
    <ksState>
      <x>-5.071477519041371</x>
      <y>143.23188719732354</y>
      <orientation>-1.6664</orientation>
      <velocity>9.800000000000004</velocity>
      <steeringAngle>0.0</steeringAngle>
      <time>3</time>
    </ksState>
    <ksState>
      <x>-5.166458331020861</x>
      <y>142.24143091592808</y>
      <orientation>-1.6664</orientation>
      <velocity>10.400000000000006</velocity>
      <steeringAngle>0.0</steeringAngle>
      <time>4</time>
    </ksState>
    <ksState>
      <x>-5.2671666291498696</x>
      <y>141.1912486276143</y>
      <orientation>-1.6664</orientation>
      <velocity>11.000000000000007</velocity>
      <steeringAngle>0.0</steeringAngle>
      <time>5</time>
    </ksState>
    <ksState>
      <x>-5.373602413428395</x>
      <y>140.0813403323822</y>
      <orientation>-1.6664</orientation>
      <velocity>11.600000000000001</velocity>
      <steeringAngle>0.0</steeringAngle>
      <time>6</time>
    </ksState>
    <ksState>
      <x>-5.485765683856436</x>
      <y>138.91170603023178</y>
      <orientation>-1.6664</orientation>
      <velocity>12.200000000000003</velocity>
      <steeringAngle>0.0</steeringAngle>
      <time>7</time>
    </ksState>
    <ksState>
      <x>-5.603656440433996</x>
      <y>137.68234572116305</y>
      <orientation>-1.6664</orientation>
      <velocity>12.800000000000004</velocity>
      <steeringAngle>0.0</steeringAngle>
      <time>8</time>
    </ksState>
    <ksState>
      <x>-5.727274683161072</x>
      <y>136.393259405176</y>
      <orientation>-1.6664</orientation>
      <velocity>13.400000000000006</velocity>
      <steeringAngle>0.0</steeringAngle>
      <time>9</time>
    </ksState>
    <ksState>
      <x>-5.856620412037665</x>
      <y>135.04444708227064</y>
      <orientation>-1.6664</orientation>
      <velocity>14.000000000000007</velocity>
      <steeringAngle>0.0</steeringAngle>
      <time>10</time>
    </ksState>
    <ksState>
      <x>-5.991216336551315</x>
      <y>133.64088591969013</y>
      <orientation>-1.6664</orientation>
      <velocity>14.399999999999999</velocity>
      <steeringAngle>0.0</steeringAngle>
      <time>11</time>
    </ksState>
    <ksState>
      <x>-6.1296305851646435</x>
      <y>132.19750741916408</y>
      <orientation>-1.6664</orientation>
      <velocity>14.799999999999997</velocity>
      <steeringAngle>0.0</steeringAngle>
      <time>12</time>
    </ksState>
    <ksState>
      <x>-6.27186315787765</x>
      <y>130.7143115806925</y>
      <orientation>-1.6664</orientation>
      <velocity>15.199999999999996</velocity>
      <steeringAngle>0.0</steeringAngle>
      <time>13</time>
    </ksState>
    <ksState>
      <x>-6.417914054690335</x>
      <y>129.1912984042754</y>
      <orientation>-1.6664</orientation>
      <velocity>15.599999999999994</velocity>
      <steeringAngle>0.0</steeringAngle>
      <time>14</time>
    </ksState>
    <ksState>
      <x>-6.567783275602697</x>
      <y>127.6284678899127</y>
      <orientation>-1.6664</orientation>
      <velocity>15.999999999999993</velocity>
      <steeringAngle>0.0</steeringAngle>
      <time>15</time>
    </ksState>
    <ksState>
      <x>-6.721470820614737</x>
      <y>126.02582003760448</y>
      <orientation>-1.6664</orientation>
      <velocity>16.4</velocity>
      <steeringAngle>0.0</steeringAngle>
      <time>16</time>
    </ksState>
    <ksState>
      <x>-6.878976689726455</x>
      <y>124.3833548473507</y>
      <orientation>-1.6664</orientation>
      <velocity>16.799999999999997</velocity>
      <steeringAngle>0.0</steeringAngle>
      <time>17</time>
    </ksState>
    <ksState>
      <x>-7.040300882937852</x>
      <y>122.70107231915138</y>
      <orientation>-1.6664</orientation>
      <velocity>17.199999999999996</velocity>
      <steeringAngle>0.0</steeringAngle>
      <time>18</time>
    </ksState>
    <ksState>
      <x>-7.205443400248926</x>
      <y>120.97897245300652</y>
      <orientation>-1.6664</orientation>
      <velocity>17.599999999999994</velocity>
      <steeringAngle>0.0</steeringAngle>
      <time>19</time>
    </ksState>
    <ksState>
      <x>-7.374404241659679</x>
      <y>119.21705524891611</y>
      <orientation>-1.6664</orientation>
      <velocity>17.999999999999993</velocity>
      <steeringAngle>0.0</steeringAngle>
      <time>20</time>
    </ksState>
    <ksState>
      <x>-7.54718340717011</x>
      <y>117.41532070688015</y>
      <orientation>-1.6664</orientation>
      <velocity>18.4</velocity>
      <steeringAngle>0.0</steeringAngle>
      <time>21</time>
    </ksState>
    <ksState>
      <x>-7.723780896780219</x>
      <y>115.57376882689866</y>
      <orientation>-1.6664</orientation>
      <velocity>18.799999999999997</velocity>
      <steeringAngle>0.0</steeringAngle>
      <time>22</time>
    </ksState>
    <ksState>
      <x>-7.904196710490005</x>
      <y>113.6923996089716</y>
      <orientation>-1.6664</orientation>
      <velocity>19.199999999999996</velocity>
      <steeringAngle>0.0</steeringAngle>
      <time>23</time>
    </ksState>
    <ksState>
      <x>-8.08843084829947</x>
      <y>111.771213053099</y>
      <orientation>-1.6664</orientation>
      <velocity>19.599999999999994</velocity>
      <steeringAngle>0.0</steeringAngle>
      <time>24</time>
    </ksState>
    <ksState>
      <x>-8.276483310208611</x>
      <y>109.81020915928087</y>
      <orientation>-1.6664</orientation>
      <velocity>19.999999999999993</velocity>
      <steeringAngle>0.0</steeringAngle>
      <time>25</time>
    </ksState>
    <ksState>
      <x>-8.467399515192513</x>
      <y>107.81934226200357</y>
      <orientation>-1.6664</orientation>
      <velocity>20.0</velocity>
      <steeringAngle>0.0</steeringAngle>
      <time>26</time>
    </ksState>
    <ksState>
      <x>-8.658315720176414</x>
      <y>105.82847536472627</y>
      <orientation>-1.6664</orientation>
      <velocity>20.0</velocity>
      <steeringAngle>0.0</steeringAngle>
      <time>27</time>
    </ksState>
    <ksState>
      <x>-8.849231925160316</x>
      <y>103.83760846744897</y>
      <orientation>-1.6664</orientation>
      <velocity>20.0</velocity>
      <steeringAngle>0.0</steeringAngle>
      <time>28</time>
    </ksState>
    <ksState>
      <x>-9.040148130144216</x>
      <y>101.84674157017167</y>
      <orientation>-1.6664</orientation>
      <velocity>20.0</velocity>
      <steeringAngle>0.0</steeringAngle>
      <time>29</time>
    </ksState>
    <ksState>
      <x>-9.231064335128117</x>
      <y>99.85587467289437</y>
      <orientation>-1.6664</orientation>
      <velocity>20.0</velocity>
      <steeringAngle>0.0</steeringAngle>
      <time>30</time>
    </ksState>
    <ksState>
      <x>-9.421980540112019</x>
      <y>97.86500777561707</y>
      <orientation>-1.6664</orientation>
      <velocity>20.0</velocity>
      <steeringAngle>0.0</steeringAngle>
      <time>31</time>
    </ksState>
    <ksState>
      <x>-9.61289674509592</x>
      <y>95.87414087833977</y>
      <orientation>-1.6664</orientation>
      <velocity>20.0</velocity>
      <steeringAngle>0.0</steeringAngle>
      <time>32</time>
    </ksState>
    <ksState>
      <x>-9.803812950079822</x>
      <y>93.88327398106247</y>
      <orientation>-1.6664</orientation>
      <velocity>20.0</velocity>
      <steeringAngle>0.0</steeringAngle>
      <time>33</time>
    </ksState>
    <ksState>
      <x>-9.994729155063721</x>
      <y>91.89240708378517</y>
      <orientation>-1.6664</orientation>
      <velocity>20.0</velocity>
      <steeringAngle>0.0</steeringAngle>
      <time>34</time>
    </ksState>
    <ksState>
      <x>-10.185645360047623</x>
      <y>89.90154018650787</y>
      <orientation>-1.6664</orientation>
      <velocity>20.0</velocity>
      <steeringAngle>0.0</steeringAngle>
      <time>35</time>
    </ksState>
    <ksState>
      <x>-10.375129693494145</x>
      <y>87.92560479096015</y>
      <orientation>-1.6664</orientation>
      <velocity>19.4</velocity>
      <steeringAngle>0.0</steeringAngle>
      <time>36</time>
    </ksState>
    <ksState>
      <x>-10.55888654079115</x>
      <y>86.00939540233075</y>
      <orientation>-1.6664</orientation>
      <velocity>18.799999999999997</velocity>
      <steeringAngle>0.0</steeringAngle>
      <time>37</time>
    </ksState>
    <ksState>
      <x>-10.736915901938637</x>
      <y>84.15291202061967</y>
      <orientation>-1.6664</orientation>
      <velocity>18.199999999999996</velocity>
      <steeringAngle>0.0</steeringAngle>
      <time>38</time>
    </ksState>
    <ksState>
      <x>-10.90921777693661</x>
      <y>82.3561546458269</y>
      <orientation>-1.6664</orientation>
      <velocity>17.599999999999994</velocity>
      <steeringAngle>0.0</steeringAngle>
      <time>39</time>
    </ksState>
    <ksState>
      <x>-11.075792165785062</x>
      <y>80.61912327795245</y>
      <orientation>-1.6664</orientation>
      <velocity>16.999999999999993</velocity>
      <steeringAngle>0.0</steeringAngle>
      <time>40</time>
    </ksState>
    <ksState>
      <x>-11.235684487459078</x>
      <y>78.95177225148271</y>
      <orientation>-1.6664</orientation>
      <velocity>16.0</velocity>
      <steeringAngle>0.0</steeringAngle>
      <time>41</time>
    </ksState>
    <ksState>
      <x>-11.386030998883902</x>
      <y>77.38396456987684</y>
      <orientation>-1.6664</orientation>
      <velocity>15.0</velocity>
      <steeringAngle>0.0</steeringAngle>
      <time>42</time>
    </ksState>
    <ksState>
      <x>-11.526831700059528</x>
      <y>75.91570023313483</y>
      <orientation>-1.6664</orientation>
      <velocity>14.0</velocity>
      <steeringAngle>0.0</steeringAngle>
      <time>43</time>
    </ksState>
    <ksState>
      <x>-11.658086590985961</x>
      <y>74.5469792412567</y>
      <orientation>-1.6664</orientation>
      <velocity>13.0</velocity>
      <steeringAngle>0.0</steeringAngle>
      <time>44</time>
    </ksState>
    <ksState>
      <x>-11.779795671663198</x>
      <y>73.2778015942424</y>
      <orientation>-1.6664</orientation>
      <velocity>12.0</velocity>
      <steeringAngle>0.0</steeringAngle>
      <time>45</time>
    </ksState>
    <ksState>
      <x>-11.89291352311616</x>
      <y>72.09821295760561</y>
      <orientation>-1.6664</orientation>
      <velocity>11.399999999999999</velocity>
      <steeringAngle>0.0</steeringAngle>
      <time>46</time>
    </ksState>
    <ksState>
      <x>-12.000303888419603</x>
      <y>70.97835032788713</y>
      <orientation>-1.6664</orientation>
      <velocity>10.799999999999997</velocity>
      <steeringAngle>0.0</steeringAngle>
      <time>47</time>
    </ksState>
    <ksState>
      <x>-12.101966767573531</x>
      <y>69.91821370508696</y>
      <orientation>-1.6664</orientation>
      <velocity>10.199999999999996</velocity>
      <steeringAngle>0.0</steeringAngle>
      <time>48</time>
    </ksState>
    <ksState>
      <x>-12.197902160577941</x>
      <y>68.91780308920512</y>
      <orientation>-1.6664</orientation>
      <velocity>9.599999999999994</velocity>
      <steeringAngle>0.0</steeringAngle>
      <time>49</time>
    </ksState>
    <ksState>
      <x>-12.288110067432834</x>
      <y>67.9771184802416</y>
      <orientation>-1.6664</orientation>
      <velocity>8.999999999999993</velocity>
      <steeringAngle>0.0</steeringAngle>
      <time>50</time>
    </ksState>
    <ksState>
      <x>-12.37306777865067</x>
      <y>67.0911827109532</y>
      <orientation>-1.6664</orientation>
      <velocity>8.600000000000001</velocity>
      <steeringAngle>0.0</steeringAngle>
      <time>51</time>
    </ksState>
    <ksState>
      <x>-12.454207165768828</x>
      <y>66.24506427961035</y>
      <orientation>-1.6664</orientation>
      <velocity>8.200000000000003</velocity>
      <steeringAngle>0.0</steeringAngle>
      <time>52</time>
    </ksState>
    <ksState>
      <x>-12.531528228787309</x>
      <y>65.43876318621304</y>
      <orientation>-1.6664</orientation>
      <velocity>7.800000000000003</velocity>
      <steeringAngle>0.0</steeringAngle>
      <time>53</time>
    </ksState>
    <ksState>
      <x>-12.60503096770611</x>
      <y>64.67227943076128</y>
      <orientation>-1.6664</orientation>
      <velocity>7.400000000000003</velocity>
      <steeringAngle>0.0</steeringAngle>
      <time>54</time>
    </ksState>
    <ksState>
      <x>-12.674715382525234</x>
      <y>63.94561301325506</y>
      <orientation>-1.6664</orientation>
      <velocity>7.000000000000003</velocity>
      <steeringAngle>0.0</steeringAngle>
      <time>55</time>
    </ksState>
    <ksState>
      <x>-12.742967925806978</x>
      <y>63.233878097478424</y>
      <orientation>-1.6664</orientation>
      <velocity>7.6</velocity>
      <steeringAngle>0.0</steeringAngle>
      <time>56</time>
    </ksState>
    <ksState>
      <x>-12.81694795523824</x>
      <y>62.462417174783475</y>
      <orientation>-1.6664</orientation>
      <velocity>8.2</velocity>
      <steeringAngle>0.0</steeringAngle>
      <time>57</time>
    </ksState>
    <ksState>
      <x>-12.896655470819018</x>
      <y>61.6312302451702</y>
      <orientation>-1.6664</orientation>
      <velocity>8.8</velocity>
      <steeringAngle>0.0</steeringAngle>
      <time>58</time>
    </ksState>
    <ksState>
      <x>-12.982090472549315</x>
      <y>60.74031730863861</y>
      <orientation>-1.6664</orientation>
      <velocity>9.400000000000002</velocity>
      <steeringAngle>0.0</steeringAngle>
      <time>59</time>
    </ksState>
    <ksState>
      <x>-13.073252960429128</x>
      <y>59.7896783651887</y>
      <orientation>-1.6664</orientation>
      <velocity>10.000000000000004</velocity>
      <steeringAngle>0.0</steeringAngle>
      <time>60</time>
    </ksState>
    <ksState>
      <x>-13.16680190087124</x>
      <y>58.814153585522824</y>
      <orientation>-1.6664</orientation>
      <velocity>9.2</velocity>
      <steeringAngle>0.0</steeringAngle>
      <time>61</time>
    </ksState>
    <ksState>
      <x>-13.252714193113995</x>
      <y>57.918263481748035</y>
      <orientation>-1.6664</orientation>
      <velocity>8.399999999999999</velocity>
      <steeringAngle>0.0</steeringAngle>
      <time>62</time>
    </ksState>
    <ksState>
      <x>-13.330989837157395</x>
      <y>57.102008053864346</y>
      <orientation>-1.6664</orientation>
      <velocity>7.599999999999998</velocity>
      <steeringAngle>0.0</steeringAngle>
      <time>63</time>
    </ksState>
    <ksState>
      <x>-13.401628833001439</x>
      <y>56.36538730187174</y>
      <orientation>-1.6664</orientation>
      <velocity>6.799999999999997</velocity>
      <steeringAngle>0.0</steeringAngle>
      <time>64</time>
    </ksState>
    <ksState>
      <x>-13.464631180646126</x>
      <y>55.70840122577023</y>
      <orientation>-1.6664</orientation>
      <velocity>5.9999999999999964</velocity>
      <steeringAngle>0.0</steeringAngle>
      <time>65</time>
    </ksState>
    <ksState>
      <x>-13.523815204191136</x>
      <y>55.09123248761427</y>
      <orientation>-1.6664</orientation>
      <velocity>6.800000000000001</velocity>
      <steeringAngle>0.0</steeringAngle>
      <time>66</time>
    </ksState>
    <ksState>
      <x>-13.5906358759355</x>
      <y>54.39442907356721</y>
      <orientation>-1.6664</orientation>
      <velocity>7.600000000000001</velocity>
      <steeringAngle>0.0</steeringAngle>
      <time>67</time>
    </ksState>
    <ksState>
      <x>-13.665093195879223</x>
      <y>53.61799098362906</y>
      <orientation>-1.6664</orientation>
      <velocity>8.400000000000002</velocity>
      <steeringAngle>0.0</steeringAngle>
      <time>68</time>
    </ksState>
    <ksState>
      <x>-13.7471871640223</x>
      <y>52.761918217799824</y>
      <orientation>-1.6664</orientation>
      <velocity>9.200000000000003</velocity>
      <steeringAngle>0.0</steeringAngle>
      <time>69</time>
    </ksState>
    <ksState>
      <x>-13.836917780364734</x>
      <y>51.82621077607949</y>
      <orientation>-1.6664</orientation>
      <velocity>10.000000000000004</velocity>
      <steeringAngle>0.0</steeringAngle>
      <time>70</time>
    </ksState>
    <ksState>
      <x>-13.931421301831765</x>
      <y>50.84073166192723</y>
      <orientation>-1.6664</orientation>
      <velocity>9.600000000000001</velocity>
      <steeringAngle>0.0</steeringAngle>
      <time>71</time>
    </ksState>
    <ksState>
      <x>-14.022106499199118</x>
      <y>49.89506988572051</y>
      <orientation>-1.6664</orientation>
      <velocity>9.200000000000003</velocity>
      <steeringAngle>0.0</steeringAngle>
      <time>72</time>
    </ksState>
    <ksState>
      <x>-14.108973372466794</x>
      <y>48.98922544745934</y>
      <orientation>-1.6664</orientation>
      <velocity>8.800000000000004</velocity>
      <steeringAngle>0.0</steeringAngle>
      <time>73</time>
    </ksState>
    <ksState>
      <x>-14.19202192163479</x>
      <y>48.12319834714371</y>
      <orientation>-1.6664</orientation>
      <velocity>8.400000000000006</velocity>
      <steeringAngle>0.0</steeringAngle>
      <time>74</time>
    </ksState>
    <ksState>
      <x>-14.27125214670311</x>
      <y>47.29698858477363</y>
      <orientation>-1.6664</orientation>
      <velocity>8.000000000000007</velocity>
      <steeringAngle>0.0</steeringAngle>
      <time>75</time>
    </ksState>
    <ksState>
      <x>-14.34809591920913</x>
      <y>46.49566465861952</y>
      <orientation>-1.6664</orientation>
      <velocity>8.2</velocity>
      <steeringAngle>0.0</steeringAngle>
      <time>76</time>
    </ksState>
    <ksState>
      <x>-14.42684885376499</x>
      <y>45.67443206349263</y>
      <orientation>-1.6664</orientation>
      <velocity>8.399999999999999</velocity>
      <steeringAngle>0.0</steeringAngle>
      <time>77</time>
    </ksState>
    <ksState>
      <x>-14.507510950370689</x>
      <y>44.83329079939297</y>
      <orientation>-1.6664</orientation>
      <velocity>8.599999999999998</velocity>
      <steeringAngle>0.0</steeringAngle>
      <time>78</time>
    </ksState>
    <ksState>
      <x>-14.590082209026226</x>
      <y>43.97224086632054</y>
      <orientation>-1.6664</orientation>
      <velocity>8.799999999999997</velocity>
      <steeringAngle>0.0</steeringAngle>
      <time>79</time>
    </ksState>
    <ksState>
      <x>-14.674562629731602</x>
      <y>43.091282264275335</y>
      <orientation>-1.6664</orientation>
      <velocity>8.999999999999996</velocity>
      <steeringAngle>0.0</steeringAngle>
      <time>80</time>
    </ksState>
    <ksState>
      <x>-14.759997631461898</x>
      <y>42.20036932774374</y>
      <orientation>-1.6664</orientation>
      <velocity>8.8</velocity>
      <steeringAngle>0.0</steeringAngle>
      <time>81</time>
    </ksState>
    <ksState>
      <x>-14.843523471142355</x>
      <y>41.32936506018493</y>
      <orientation>-1.6664</orientation>
      <velocity>8.600000000000001</velocity>
      <steeringAngle>0.0</steeringAngle>
      <time>82</time>
    </ksState>
    <ksState>
      <x>-14.925140148772972</x>
      <y>40.47826946159888</y>
      <orientation>-1.6664</orientation>
      <velocity>8.400000000000002</velocity>
      <steeringAngle>0.0</steeringAngle>
      <time>83</time>
    </ksState>
    <ksState>
      <x>-15.00484766435375</x>
      <y>39.6470825319856</y>
      <orientation>-1.6664</orientation>
      <velocity>8.200000000000003</velocity>
      <steeringAngle>0.0</steeringAngle>
      <time>84</time>
    </ksState>
    <ksState>
      <x>-15.082646017884692</x>
      <y>38.835804271345104</y>
      <orientation>-1.6664</orientation>
      <velocity>8.000000000000004</velocity>
      <steeringAngle>0.0</steeringAngle>
      <time>85</time>
    </ksState>
    <ksState>
      <x>-15.159012499878251</x>
      <y>38.03945751243418</y>
      <orientation>-1.6664</orientation>
      <velocity>8.0</velocity>
      <steeringAngle>0.0</steeringAngle>
      <time>86</time>
    </ksState>
    <ksState>
      <x>-15.235378981871813</x>
      <y>37.24311075352326</y>
      <orientation>-1.6664</orientation>
      <velocity>8.0</velocity>
      <steeringAngle>0.0</steeringAngle>
      <time>87</time>
    </ksState>
    <ksState>
      <x>-15.311745463865373</x>
      <y>36.44676399461235</y>
      <orientation>-1.6664</orientation>
      <velocity>8.0</velocity>
      <steeringAngle>0.0</steeringAngle>
      <time>88</time>
    </ksState>
    <ksState>
      <x>-15.388111945858933</x>
      <y>35.650417235701426</y>
      <orientation>-1.6664</orientation>
      <velocity>8.0</velocity>
      <steeringAngle>0.0</steeringAngle>
      <time>89</time>
    </ksState>
    <ksState>
      <x>-15.464478427852494</x>
      <y>34.854070476790504</y>
      <orientation>-1.6664</orientation>
      <velocity>8.0</velocity>
      <steeringAngle>0.0</steeringAngle>
      <time>90</time>
    </ksState>
    <ksState>
      <x>-15.541322200358515</x>
      <y>34.05274655063639</y>
      <orientation>-1.6664</orientation>
      <velocity>8.2</velocity>
      <steeringAngle>0.0</steeringAngle>
      <time>91</time>
    </ksState>
    <ksState>
      <x>-15.620075134914375</x>
      <y>33.231513955509506</y>
      <orientation>-1.6664</orientation>
      <velocity>8.399999999999999</velocity>
      <steeringAngle>0.0</steeringAngle>
      <time>92</time>
    </ksState>
    <ksState>
      <x>-15.700737231520073</x>
      <y>32.390372691409844</y>
      <orientation>-1.6664</orientation>
      <velocity>8.599999999999998</velocity>
      <steeringAngle>0.0</steeringAngle>
      <time>93</time>
    </ksState>
    <ksState>
      <x>-15.78330849017561</x>
      <y>31.529322758337415</y>
      <orientation>-1.6664</orientation>
      <velocity>8.799999999999997</velocity>
      <steeringAngle>0.0</steeringAngle>
      <time>94</time>
    </ksState>
    <ksState>
      <x>-15.867788910880986</x>
      <y>30.648364156292207</y>
      <orientation>-1.6664</orientation>
      <velocity>8.999999999999996</velocity>
      <steeringAngle>0.0</steeringAngle>
      <time>95</time>
    </ksState>
    <ksState>
      <x>-15.951314750561442</x>
      <y>29.777359888733386</y>
      <orientation>-1.668596065022842</orientation>
      <velocity>8.0</velocity>
      <steeringAngle>-0.026650000000000004</steeringAngle>
      <time>96</time>
    </ksState>
    <ksState>
      <x>-16.028531491194556</x>
      <y>29.006217871429445</y>
      <orientation>-1.6785464361602955</orientation>
      <velocity>7.0</velocity>
      <steeringAngle>-0.05330000000000001</steeringAngle>
      <time>97</time>
    </ksState>
    <ksState>
      <x>-16.10346074790806</x>
      <y>28.335394017391984</y>
      <orientation>-1.6941956300008625</orientation>
      <velocity>6.0</velocity>
      <steeringAngle>-0.07995000000000001</steeringAngle>
      <time>98</time>
    </ksState>
    <ksState>
      <x>-16.176777493867842</x>
      <y>27.76509366827064</y>
      <orientation>-1.7134911674838993</orientation>
      <velocity>5.0</velocity>
      <steeringAngle>-0.10660000000000001</steeringAngle>
      <time>99</time>
    </ksState>
    <ksState>
      <x>-16.246636227108894</x>
      <y>27.295265290203492</y>
      <orientation>-1.7343777356263421</orientation>
      <velocity>4.0</velocity>
      <steeringAngle>-0.13325</steeringAngle>
      <time>100</time>
    </ksState>
    <ksState>
      <x>-16.311230386745713</x>
      <y>26.915727945284438</y>
      <orientation>-1.7534175254520135</orientation>
      <velocity>3.4000000000000004</velocity>
      <steeringAngle>-0.1066</steeringAngle>
      <time>101</time>
    </ksState>
    <ksState>
      <x>-16.37132736162343</x>
      <y>26.59633470401503</y>
      <orientation>-1.7660936642353746</orientation>
      <velocity>2.8000000000000007</velocity>
      <steeringAngle>-0.07995</steeringAngle>
      <time>102</time>
    </ksState>
    <ksState>
      <x>-16.4232859096777</x>
      <y>26.336479016716854</y>
      <orientation>-1.7736772394379192</orientation>
      <velocity>2.200000000000001</velocity>
      <steeringAngle>-0.053299999999999986</steeringAngle>
      <time>103</time>
    </ksState>
    <ksState>
      <x>-16.464803465184602</x>
      <y>26.135727333109397</y>
      <orientation>-1.7774261864846297</orientation>
      <velocity>1.600000000000001</velocity>
      <steeringAngle>-0.02664999999999998</steeringAngle>
      <time>104</time>
    </ksState>
    <ksState>
      <x>-16.49460464584529</x>
      <y>25.993822836790034</y>
      <orientation>-1.778588955982038</orientation>
      <velocity>1.0000000000000009</velocity>
      <steeringAngle>2.42861286636753e-17</steeringAngle>
      <time>105</time>
    </ksState>
    <ksState>
      <x>-16.51420319494559</x>
      <y>25.90086641219677</y>
      <orientation>-1.7783564314502076</orientation>
      <velocity>0.8</velocity>
      <steeringAngle>0.026650000000000004</steeringAngle>
      <time>106</time>
    </ksState>
    <ksState>
      <x>-16.529644508306806</x>
      <y>25.82747318633523</y>
      <orientation>-1.777400166786405</orientation>
      <velocity>0.6000000000000001</velocity>
      <steeringAngle>0.05330000000000001</steeringAngle>
      <time>107</time>
    </ksState>
    <ksState>
      <x>-16.540911865371076</x>
      <y>25.77363968026408</y>
      <orientation>-1.7761327296672318</orientation>
      <velocity>0.40000000000000013</velocity>
      <steeringAngle>0.07995000000000001</steeringAngle>
      <time>108</time>
    </ksState>
    <ksState>
      <x>-16.548039118035945</x>
      <y>25.73937304702375</y>
      <orientation>-1.7749672724989558</orientation>
      <velocity>0.20000000000000015</velocity>
      <steeringAngle>0.10660000000000001</steeringAngle>
      <time>109</time>
    </ksState>
    <ksState>
      <x>-16.55107841734306</x>
      <y>25.724684185559582</y>
      <orientation>-1.7743187152745934</orientation>
      <velocity>1.3877787807814457e-16</velocity>
      <steeringAngle>0.13325</steeringAngle>
      <time>110</time>
    </ksState>
    <ksState>
      <x>-16.553099620007195</x>
      <y>25.714890578471767</y>
      <orientation>-1.7737989447551479</orientation>
      <velocity>0.4</velocity>
      <steeringAngle>0.13325</steeringAngle>
      <time>111</time>
    </ksState>
    <ksState>
      <x>-16.563149630718495</x>
      <y>25.66591102522436</y>
      <orientation>-1.7712000921579198</orientation>
      <velocity>0.8</velocity>
      <steeringAngle>0.13325</steeringAngle>
      <time>112</time>
    </ksState>
    <ksState>
      <x>-16.58096358852173</x>
      <y>25.577691672119595</y>
      <orientation>-1.7665221574829097</orientation>
      <velocity>1.2</velocity>
      <steeringAngle>0.13325</steeringAngle>
      <time>113</time>
    </ksState>
    <ksState>
      <x>-16.60603159975818</x>
      <y>25.45013167069172</y>
      <orientation>-1.7597651407301171</orientation>
      <velocity>1.5999999999999999</velocity>
      <steeringAngle>0.13325</steeringAngle>
      <time>114</time>
    </ksState>
    <ksState>
      <x>-16.637597730004384</x>
      <y>25.283088398061278</y>
      <orientation>-1.7509290418995425</orientation>
      <velocity>1.9999999999999998</velocity>
      <steeringAngle>0.13325</steeringAngle>
      <time>115</time>
    </ksState>
    <ksState>
      <x>-16.677269261751096</x>
      <y>25.061614174125648</y>
      <orientation>-1.7392342052120169</orientation>
      <velocity>3.0</velocity>
      <steeringAngle>0.13325</steeringAngle>
      <time>116</time>
    </ksState>
    <ksState>
      <x>-16.730407120786083</x>
      <y>24.74099013836954</y>
      <orientation>-1.7223416633300357</orientation>
      <velocity>4.0</velocity>
      <steeringAngle>0.13325</steeringAngle>
      <time>117</time>
    </ksState>
    <ksState>
      <x>-16.79225369020097</x>
      <y>24.320519997942984</y>
      <orientation>-1.7002514162535987</orientation>
      <velocity>5.0</velocity>
      <steeringAngle>0.13325</steeringAngle>
      <time>118</time>
    </ksState>
    <ksState>
      <x>-16.856481522200205</x>
      <y>23.79947472422613</y>
      <orientation>-1.6729634639827058</orientation>
      <velocity>6.0</velocity>
      <steeringAngle>0.13325</steeringAngle>
      <time>119</time>
    </ksState>
    <ksState>
      <x>-16.91517979217113</x>
      <y>23.177256268279557</y>
      <orientation>-1.6404778065173573</orientation>
      <velocity>7.0</velocity>
      <steeringAngle>0.13325</steeringAngle>
      <time>120</time>
    </ksState>
    <ksState>
      <x>-16.95627527650014</x>
      <y>22.503536358447302</y>
      <orientation>-1.6070997663532653</orientation>
      <velocity>6.0</velocity>
      <steeringAngle>0.1066</steeringAngle>
      <time>121</time>
    </ksState>
  </ksTrajectory>
</CommonRoadSolution>
