<?xml version="1.0" ?>
<CommonRoadSolution benchmark_id="KS2:SM1:USA_US101-22_3_T-1:2018b" date="2019-11-18">
  <ksTrajectory planningProblem="686">
    <ksState>
      <x>0.0</x>
      <y>0.0</y>
      <orientation>-0.65403</orientation>
      <velocity>13.0</velocity>
      <steeringAngle>0.0</steeringAngle>
      <time>0</time>
    </ksState>
    <ksState>
      <x>1.0158572024136447</x>
      <y>-0.7787388164874814</y>
      <orientation>-0.6507746565543755</orientation>
      <velocity>12.2</velocity>
      <steeringAngle>0.026650000000000004</steeringAngle>
      <time>1</time>
    </ksState>
    <ksState>
      <x>1.9728391533711236</x>
      <y>-1.5027355277642092</y>
      <orientation>-0.6353192403076742</orientation>
      <velocity>11.399999999999999</velocity>
      <steeringAngle>0.05330000000000001</steeringAngle>
      <time>2</time>
    </ksState>
    <ksState>
      <x>2.878125137501284</x>
      <y>-2.162139574601286</y>
      <orientation>-0.6092974732804051</orientation>
      <velocity>10.599999999999998</velocity>
      <steeringAngle>0.07995000000000001</steeringAngle>
      <time>3</time>
    </ksState>
    <ksState>
      <x>3.7357263753796164</x>
      <y>-2.750397029706625</y>
      <orientation>-0.5743320784135737</orientation>
      <velocity>9.799999999999997</velocity>
      <steeringAngle>0.10660000000000001</steeringAngle>
      <time>4</time>
    </ksState>
    <ksState>
      <x>4.546808987368243</x>
      <y>-3.2638654339945736</y>
      <orientation>-0.5320393399697045</orientation>
      <velocity>8.999999999999996</velocity>
      <steeringAngle>0.13325</steeringAngle>
      <time>5</time>
    </ksState>
    <ksState>
      <x>5.3407397875103975</x>
      <y>-3.7186009768980908</y>
      <orientation>-0.4869219020644197</orientation>
      <velocity>9.600000000000001</velocity>
      <steeringAngle>0.1066</steeringAngle>
      <time>6</time>
    </ksState>
    <ksState>
      <x>6.2069485251959655</x>
      <y>-4.166052849827881</y>
      <orientation>-0.4490500537820777</orientation>
      <velocity>10.200000000000003</velocity>
      <steeringAngle>0.07995</steeringAngle>
      <time>7</time>
    </ksState>
    <ksState>
      <x>7.142890079938718</x>
      <y>-4.6078346843456615</y>
      <orientation>-0.41962231533575906</orientation>
      <velocity>10.800000000000004</velocity>
      <steeringAngle>0.053299999999999986</steeringAngle>
      <time>8</time>
    </ksState>
    <ksState>
      <x>8.145385315485779</x>
      <y>-5.048278667737597</y>
      <orientation>-0.3998437338812114</orientation>
      <velocity>11.400000000000006</velocity>
      <steeringAngle>0.02664999999999998</steeringAngle>
      <time>9</time>
    </ksState>
    <ksState>
      <x>9.210613358741817</x>
      <y>-5.4947119116408105</y>
      <orientation>-0.3909292472718028</orientation>
      <velocity>12.000000000000007</velocity>
      <steeringAngle>-2.42861286636753e-17</steeringAngle>
      <time>10</time>
    </ksState>
    <ksState>
      <x>10.32470258143661</x>
      <y>-5.953874414329471</y>
      <orientation>-0.3909292472718028</orientation>
      <velocity>12.2</velocity>
      <steeringAngle>0.0</steeringAngle>
      <time>11</time>
    </ksState>
    <ksState>
      <x>11.45728291156202</x>
      <y>-6.420657871419603</y>
      <orientation>-0.3909292472718028</orientation>
      <velocity>12.399999999999999</velocity>
      <steeringAngle>0.0</steeringAngle>
      <time>12</time>
    </ksState>
    <ksState>
      <x>12.608354349118049</x>
      <y>-6.895062282911208</y>
      <orientation>-0.3909292472718028</orientation>
      <velocity>12.599999999999998</velocity>
      <steeringAngle>0.0</steeringAngle>
      <time>13</time>
    </ksState>
    <ksState>
      <x>13.777916894104697</x>
      <y>-7.377087648804283</y>
      <orientation>-0.3909292472718028</orientation>
      <velocity>12.799999999999997</velocity>
      <steeringAngle>0.0</steeringAngle>
      <time>14</time>
    </ksState>
    <ksState>
      <x>14.965970546521966</x>
      <y>-7.86673396909883</y>
      <orientation>-0.3909292472718028</orientation>
      <velocity>12.999999999999996</velocity>
      <steeringAngle>0.0</steeringAngle>
      <time>15</time>
    </ksState>
    <ksState>
      <x>16.154024198939233</x>
      <y>-8.356380289393377</y>
      <orientation>-0.3909292472718028</orientation>
      <velocity>12.399999999999999</velocity>
      <steeringAngle>0.0</steeringAngle>
      <time>16</time>
    </ksState>
    <ksState>
      <x>17.286604529064643</x>
      <y>-8.823163746483509</y>
      <orientation>-0.3909292472718028</orientation>
      <velocity>11.799999999999997</velocity>
      <steeringAngle>0.0</steeringAngle>
      <time>17</time>
    </ksState>
    <ksState>
      <x>18.363711536898197</x>
      <y>-9.267084340369227</y>
      <orientation>-0.3909292472718028</orientation>
      <velocity>11.199999999999996</velocity>
      <steeringAngle>0.0</steeringAngle>
      <time>18</time>
    </ksState>
    <ksState>
      <x>19.385345222439895</x>
      <y>-9.68814207105053</y>
      <orientation>-0.3909292472718028</orientation>
      <velocity>10.599999999999994</velocity>
      <steeringAngle>0.0</steeringAngle>
      <time>19</time>
    </ksState>
    <ksState>
      <x>20.351505585689736</x>
      <y>-10.086336938527419</y>
      <orientation>-0.3909292472718028</orientation>
      <velocity>9.999999999999993</velocity>
      <steeringAngle>0.0</steeringAngle>
      <time>20</time>
    </ksState>
    <ksState>
      <x>21.25294707293241</x>
      <y>-10.457858465599157</y>
      <orientation>-0.3909292472718028</orientation>
      <velocity>9.0</velocity>
      <steeringAngle>0.0</steeringAngle>
      <time>21</time>
    </ksState>
    <ksState>
      <x>22.06193302302199</x>
      <y>-10.791275220663538</y>
      <orientation>-0.3909292472718028</orientation>
      <velocity>8.0</velocity>
      <steeringAngle>0.0</steeringAngle>
      <time>22</time>
    </ksState>
    <ksState>
      <x>22.778463435958475</x>
      <y>-11.08658720372056</y>
      <orientation>-0.3909292472718028</orientation>
      <velocity>7.0</velocity>
      <steeringAngle>0.0</steeringAngle>
      <time>23</time>
    </ksState>
    <ksState>
      <x>23.402538311741864</x>
      <y>-11.343794414770224</y>
      <orientation>-0.3909292472718028</orientation>
      <velocity>6.0</velocity>
      <steeringAngle>0.0</steeringAngle>
      <time>24</time>
    </ksState>
    <ksState>
      <x>23.934157650372157</x>
      <y>-11.562896853812532</y>
      <orientation>-0.3909292472718028</orientation>
      <velocity>5.0</velocity>
      <steeringAngle>0.0</steeringAngle>
      <time>25</time>
    </ksState>
    <ksState>
      <x>24.373321451849357</x>
      <y>-11.743894520847482</y>
      <orientation>-0.3909292472718028</orientation>
      <velocity>4.0</velocity>
      <steeringAngle>0.0</steeringAngle>
      <time>26</time>
    </ksState>
    <ksState>
      <x>24.720029716173464</x>
      <y>-11.886787415875073</y>
      <orientation>-0.3909292472718028</orientation>
      <velocity>3.0</velocity>
      <steeringAngle>0.0</steeringAngle>
      <time>27</time>
    </ksState>
    <ksState>
      <x>24.974282443344475</x>
      <y>-11.991575538895306</y>
      <orientation>-0.3909292472718028</orientation>
      <velocity>2.0</velocity>
      <steeringAngle>0.0</steeringAngle>
      <time>28</time>
    </ksState>
    <ksState>
      <x>25.13607963336239</x>
      <y>-12.058258889908183</y>
      <orientation>-0.3909292472718028</orientation>
      <velocity>1.0</velocity>
      <steeringAngle>0.0</steeringAngle>
      <time>29</time>
    </ksState>
    <ksState>
      <x>25.20542128622721</x>
      <y>-12.086837468913702</y>
      <orientation>-0.3909292472718028</orientation>
      <velocity>0.0</velocity>
      <steeringAngle>0.0</steeringAngle>
      <time>30</time>
    </ksState>
    <ksState>
      <x>25.219289616800175</x>
      <y>-12.092553184714806</y>
      <orientation>-0.3909292472718028</orientation>
      <velocity>0.6000000000000001</velocity>
      <steeringAngle>0.0</steeringAngle>
      <time>31</time>
    </ksState>
    <ksState>
      <x>25.288631269664997</x>
      <y>-12.121131763720324</y>
      <orientation>-0.3909292472718028</orientation>
      <velocity>1.2000000000000002</velocity>
      <steeringAngle>0.0</steeringAngle>
      <time>32</time>
    </ksState>
    <ksState>
      <x>25.413446244821674</x>
      <y>-12.172573205930256</y>
      <orientation>-0.3909292472718028</orientation>
      <velocity>1.8000000000000003</velocity>
      <steeringAngle>0.0</steeringAngle>
      <time>33</time>
    </ksState>
    <ksState>
      <x>25.59373454227021</x>
      <y>-12.246877511344604</y>
      <orientation>-0.3909292472718028</orientation>
      <velocity>2.4000000000000004</velocity>
      <steeringAngle>0.0</steeringAngle>
      <time>34</time>
    </ksState>
    <ksState>
      <x>25.8294961620106</x>
      <y>-12.344044679963366</y>
      <orientation>-0.3909292472718028</orientation>
      <velocity>3.0</velocity>
      <steeringAngle>0.0</steeringAngle>
      <time>35</time>
    </ksState>
    <ksState>
      <x>26.129976657758156</x>
      <y>-12.467885188987278</y>
      <orientation>-0.3909292472718028</orientation>
      <velocity>4.0</velocity>
      <steeringAngle>0.0</steeringAngle>
      <time>36</time>
    </ksState>
    <ksState>
      <x>26.52291269065881</x>
      <y>-12.629830470018549</y>
      <orientation>-0.3909292472718028</orientation>
      <velocity>5.0</velocity>
      <steeringAngle>0.0</steeringAngle>
      <time>37</time>
    </ksState>
    <ksState>
      <x>27.008304260712556</x>
      <y>-12.829880523057177</y>
      <orientation>-0.3909292472718028</orientation>
      <velocity>6.0</velocity>
      <steeringAngle>0.0</steeringAngle>
      <time>38</time>
    </ksState>
    <ksState>
      <x>27.5861513679194</x>
      <y>-13.068035348103162</y>
      <orientation>-0.3909292472718028</orientation>
      <velocity>7.0</velocity>
      <steeringAngle>0.0</steeringAngle>
      <time>39</time>
    </ksState>
    <ksState>
      <x>28.256454012279338</x>
      <y>-13.344294945156507</y>
      <orientation>-0.3909292472718028</orientation>
      <velocity>8.0</velocity>
      <steeringAngle>0.0</steeringAngle>
      <time>40</time>
    </ksState>
    <ksState>
      <x>29.005343863219405</x>
      <y>-13.652943598416105</y>
      <orientation>-0.3909292472718028</orientation>
      <velocity>8.399999999999999</velocity>
      <steeringAngle>0.0</steeringAngle>
      <time>41</time>
    </ksState>
    <ksState>
      <x>29.791215929020712</x>
      <y>-13.976834160478646</y>
      <orientation>-0.3909292472718028</orientation>
      <velocity>8.799999999999997</velocity>
      <steeringAngle>0.0</steeringAngle>
      <time>42</time>
    </ksState>
    <ksState>
      <x>30.614070209683256</x>
      <y>-14.31596663134413</y>
      <orientation>-0.3909292472718028</orientation>
      <velocity>9.199999999999996</velocity>
      <steeringAngle>0.0</steeringAngle>
      <time>43</time>
    </ksState>
    <ksState>
      <x>31.473906705207035</x>
      <y>-14.670341011012557</y>
      <orientation>-0.3909292472718028</orientation>
      <velocity>9.599999999999994</velocity>
      <steeringAngle>0.0</steeringAngle>
      <time>44</time>
    </ksState>
    <ksState>
      <x>32.370725415592055</x>
      <y>-15.039957299483927</y>
      <orientation>-0.3909292472718028</orientation>
      <velocity>9.999999999999993</velocity>
      <steeringAngle>0.0</steeringAngle>
      <time>45</time>
    </ksState>
    <ksState>
      <x>33.272166902834726</x>
      <y>-15.411478826555665</y>
      <orientation>-0.3909292472718028</orientation>
      <velocity>9.0</velocity>
      <steeringAngle>0.0</steeringAngle>
      <time>46</time>
    </ksState>
    <ksState>
      <x>34.081152852924305</x>
      <y>-15.744895581620046</y>
      <orientation>-0.3909292472718028</orientation>
      <velocity>8.0</velocity>
      <steeringAngle>0.0</steeringAngle>
      <time>47</time>
    </ksState>
    <ksState>
      <x>34.79768326586079</x>
      <y>-16.04020756467707</y>
      <orientation>-0.3909292472718028</orientation>
      <velocity>7.0</velocity>
      <steeringAngle>0.0</steeringAngle>
      <time>48</time>
    </ksState>
    <ksState>
      <x>35.42175814164418</x>
      <y>-16.297414775726732</y>
      <orientation>-0.3909292472718028</orientation>
      <velocity>6.0</velocity>
      <steeringAngle>0.0</steeringAngle>
      <time>49</time>
    </ksState>
    <ksState>
      <x>35.953377480274476</x>
      <y>-16.51651721476904</y>
      <orientation>-0.3909292472718028</orientation>
      <velocity>5.0</velocity>
      <steeringAngle>0.0</steeringAngle>
      <time>50</time>
    </ksState>
    <ksState>
      <x>36.392541281751676</x>
      <y>-16.697514881803986</y>
      <orientation>-0.3909292472718028</orientation>
      <velocity>4.0</velocity>
      <steeringAngle>0.0</steeringAngle>
      <time>51</time>
    </ksState>
    <ksState>
      <x>36.73924954607578</x>
      <y>-16.84040777683158</y>
      <orientation>-0.3909292472718028</orientation>
      <velocity>3.0</velocity>
      <steeringAngle>0.0</steeringAngle>
      <time>52</time>
    </ksState>
    <ksState>
      <x>36.99350227324679</x>
      <y>-16.945195899851814</y>
      <orientation>-0.3909292472718028</orientation>
      <velocity>2.0</velocity>
      <steeringAngle>0.0</steeringAngle>
      <time>53</time>
    </ksState>
    <ksState>
      <x>37.15529946326471</x>
      <y>-17.011879250864688</y>
      <orientation>-0.3909292472718028</orientation>
      <velocity>1.0</velocity>
      <steeringAngle>0.0</steeringAngle>
      <time>54</time>
    </ksState>
    <ksState>
      <x>37.224641116129526</x>
      <y>-17.040457829870206</y>
      <orientation>-0.3909292472718028</orientation>
      <velocity>0.0</velocity>
      <steeringAngle>0.0</steeringAngle>
      <time>55</time>
    </ksState>
    <ksState>
      <x>37.224641116129526</x>
      <y>-17.040457829870206</y>
      <orientation>-0.3909292472718028</orientation>
      <velocity>0.0</velocity>
      <steeringAngle>0.0</steeringAngle>
      <time>56</time>
    </ksState>
    <ksState>
      <x>37.224641116129526</x>
      <y>-17.040457829870206</y>
      <orientation>-0.3909292472718028</orientation>
      <velocity>0.0</velocity>
      <steeringAngle>0.0</steeringAngle>
      <time>57</time>
    </ksState>
    <ksState>
      <x>37.224641116129526</x>
      <y>-17.040457829870206</y>
      <orientation>-0.3909292472718028</orientation>
      <velocity>0.0</velocity>
      <steeringAngle>0.0</steeringAngle>
      <time>58</time>
    </ksState>
    <ksState>
      <x>37.224641116129526</x>
      <y>-17.040457829870206</y>
      <orientation>-0.3909292472718028</orientation>
      <velocity>0.0</velocity>
      <steeringAngle>0.0</steeringAngle>
      <time>59</time>
    </ksState>
    <ksState>
      <x>37.224641116129526</x>
      <y>-17.040457829870206</y>
      <orientation>-0.3909292472718028</orientation>
      <velocity>0.0</velocity>
      <steeringAngle>0.0</steeringAngle>
      <time>60</time>
    </ksState>
    <ksState>
      <x>37.224641116129526</x>
      <y>-17.040457829870206</y>
      <orientation>-0.3909292472718028</orientation>
      <velocity>0.0</velocity>
      <steeringAngle>0.0</steeringAngle>
      <time>61</time>
    </ksState>
    <ksState>
      <x>37.224641116129526</x>
      <y>-17.040457829870206</y>
      <orientation>-0.3909292472718028</orientation>
      <velocity>0.0</velocity>
      <steeringAngle>0.0</steeringAngle>
      <time>62</time>
    </ksState>
    <ksState>
      <x>37.224641116129526</x>
      <y>-17.040457829870206</y>
      <orientation>-0.3909292472718028</orientation>
      <velocity>0.0</velocity>
      <steeringAngle>0.0</steeringAngle>
      <time>63</time>
    </ksState>
    <ksState>
      <x>37.224641116129526</x>
      <y>-17.040457829870206</y>
      <orientation>-0.3909292472718028</orientation>
      <velocity>0.0</velocity>
      <steeringAngle>0.0</steeringAngle>
      <time>64</time>
    </ksState>
    <ksState>
      <x>37.224641116129526</x>
      <y>-17.040457829870206</y>
      <orientation>-0.3909292472718028</orientation>
      <velocity>0.0</velocity>
      <steeringAngle>0.0</steeringAngle>
      <time>65</time>
    </ksState>
    <ksState>
      <x>37.224641116129526</x>
      <y>-17.040457829870206</y>
      <orientation>-0.3909292472718028</orientation>
      <velocity>0.0</velocity>
      <steeringAngle>0.0</steeringAngle>
      <time>66</time>
    </ksState>
    <ksState>
      <x>37.224641116129526</x>
      <y>-17.040457829870206</y>
      <orientation>-0.3909292472718028</orientation>
      <velocity>0.0</velocity>
      <steeringAngle>0.0</steeringAngle>
      <time>67</time>
    </ksState>
    <ksState>
      <x>37.224641116129526</x>
      <y>-17.040457829870206</y>
      <orientation>-0.3909292472718028</orientation>
      <velocity>0.0</velocity>
      <steeringAngle>0.0</steeringAngle>
      <time>68</time>
    </ksState>
    <ksState>
      <x>37.224641116129526</x>
      <y>-17.040457829870206</y>
      <orientation>-0.3909292472718028</orientation>
      <velocity>0.0</velocity>
      <steeringAngle>0.0</steeringAngle>
      <time>69</time>
    </ksState>
    <ksState>
      <x>37.224641116129526</x>
      <y>-17.040457829870206</y>
      <orientation>-0.3909292472718028</orientation>
      <velocity>0.0</velocity>
      <steeringAngle>0.0</steeringAngle>
      <time>70</time>
    </ksState>
    <ksState>
      <x>37.224641116129526</x>
      <y>-17.040457829870206</y>
      <orientation>-0.3909292472718028</orientation>
      <velocity>0.0</velocity>
      <steeringAngle>0.0</steeringAngle>
      <time>71</time>
    </ksState>
    <ksState>
      <x>37.224641116129526</x>
      <y>-17.040457829870206</y>
      <orientation>-0.3909292472718028</orientation>
      <velocity>0.0</velocity>
      <steeringAngle>0.0</steeringAngle>
      <time>72</time>
    </ksState>
    <ksState>
      <x>37.224641116129526</x>
      <y>-17.040457829870206</y>
      <orientation>-0.3909292472718028</orientation>
      <velocity>0.0</velocity>
      <steeringAngle>0.0</steeringAngle>
      <time>73</time>
    </ksState>
    <ksState>
      <x>37.224641116129526</x>
      <y>-17.040457829870206</y>
      <orientation>-0.3909292472718028</orientation>
      <velocity>0.0</velocity>
      <steeringAngle>0.0</steeringAngle>
      <time>74</time>
    </ksState>
    <ksState>
      <x>37.224641116129526</x>
      <y>-17.040457829870206</y>
      <orientation>-0.3909292472718028</orientation>
      <velocity>0.0</velocity>
      <steeringAngle>0.0</steeringAngle>
      <time>75</time>
    </ksState>
    <ksState>
      <x>37.224641116129526</x>
      <y>-17.040457829870206</y>
      <orientation>-0.3909292472718028</orientation>
      <velocity>0.0</velocity>
      <steeringAngle>0.0</steeringAngle>
      <time>76</time>
    </ksState>
    <ksState>
      <x>37.224641116129526</x>
      <y>-17.040457829870206</y>
      <orientation>-0.3909292472718028</orientation>
      <velocity>0.0</velocity>
      <steeringAngle>0.0</steeringAngle>
      <time>77</time>
    </ksState>
    <ksState>
      <x>37.224641116129526</x>
      <y>-17.040457829870206</y>
      <orientation>-0.3909292472718028</orientation>
      <velocity>0.0</velocity>
      <steeringAngle>0.0</steeringAngle>
      <time>78</time>
    </ksState>
    <ksState>
      <x>37.224641116129526</x>
      <y>-17.040457829870206</y>
      <orientation>-0.3909292472718028</orientation>
      <velocity>0.0</velocity>
      <steeringAngle>0.0</steeringAngle>
      <time>79</time>
    </ksState>
    <ksState>
      <x>37.224641116129526</x>
      <y>-17.040457829870206</y>
      <orientation>-0.3909292472718028</orientation>
      <velocity>0.0</velocity>
      <steeringAngle>0.0</steeringAngle>
      <time>80</time>
    </ksState>
    <ksState>
      <x>37.224641116129526</x>
      <y>-17.040457829870206</y>
      <orientation>-0.3909292472718028</orientation>
      <velocity>0.0</velocity>
      <steeringAngle>0.0</steeringAngle>
      <time>81</time>
    </ksState>
    <ksState>
      <x>37.224641116129526</x>
      <y>-17.040457829870206</y>
      <orientation>-0.3909292472718028</orientation>
      <velocity>0.0</velocity>
      <steeringAngle>0.0</steeringAngle>
      <time>82</time>
    </ksState>
    <ksState>
      <x>37.224641116129526</x>
      <y>-17.040457829870206</y>
      <orientation>-0.3909292472718028</orientation>
      <velocity>0.0</velocity>
      <steeringAngle>0.0</steeringAngle>
      <time>83</time>
    </ksState>
    <ksState>
      <x>37.224641116129526</x>
      <y>-17.040457829870206</y>
      <orientation>-0.3909292472718028</orientation>
      <velocity>0.0</velocity>
      <steeringAngle>0.0</steeringAngle>
      <time>84</time>
    </ksState>
    <ksState>
      <x>37.224641116129526</x>
      <y>-17.040457829870206</y>
      <orientation>-0.3909292472718028</orientation>
      <velocity>0.0</velocity>
      <steeringAngle>0.0</steeringAngle>
      <time>85</time>
    </ksState>
    <ksState>
      <x>37.224641116129526</x>
      <y>-17.040457829870206</y>
      <orientation>-0.3909292472718028</orientation>
      <velocity>0.0</velocity>
      <steeringAngle>0.0</steeringAngle>
      <time>86</time>
    </ksState>
    <ksState>
      <x>37.224641116129526</x>
      <y>-17.040457829870206</y>
      <orientation>-0.3909292472718028</orientation>
      <velocity>0.0</velocity>
      <steeringAngle>0.0</steeringAngle>
      <time>87</time>
    </ksState>
    <ksState>
      <x>37.224641116129526</x>
      <y>-17.040457829870206</y>
      <orientation>-0.3909292472718028</orientation>
      <velocity>0.0</velocity>
      <steeringAngle>0.0</steeringAngle>
      <time>88</time>
    </ksState>
    <ksState>
      <x>37.224641116129526</x>
      <y>-17.040457829870206</y>
      <orientation>-0.3909292472718028</orientation>
      <velocity>0.0</velocity>
      <steeringAngle>0.0</steeringAngle>
      <time>89</time>
    </ksState>
    <ksState>
      <x>37.224641116129526</x>
      <y>-17.040457829870206</y>
      <orientation>-0.3909292472718028</orientation>
      <velocity>0.0</velocity>
      <steeringAngle>0.0</steeringAngle>
      <time>90</time>
    </ksState>
    <ksState>
      <x>37.224641116129526</x>
      <y>-17.040457829870206</y>
      <orientation>-0.3909292472718028</orientation>
      <velocity>0.0</velocity>
      <steeringAngle>0.0</steeringAngle>
      <time>91</time>
    </ksState>
    <ksState>
      <x>37.224641116129526</x>
      <y>-17.040457829870206</y>
      <orientation>-0.3909292472718028</orientation>
      <velocity>0.0</velocity>
      <steeringAngle>0.0</steeringAngle>
      <time>92</time>
    </ksState>
    <ksState>
      <x>37.224641116129526</x>
      <y>-17.040457829870206</y>
      <orientation>-0.3909292472718028</orientation>
      <velocity>0.0</velocity>
      <steeringAngle>0.0</steeringAngle>
      <time>93</time>
    </ksState>
    <ksState>
      <x>37.224641116129526</x>
      <y>-17.040457829870206</y>
      <orientation>-0.3909292472718028</orientation>
      <velocity>0.0</velocity>
      <steeringAngle>0.0</steeringAngle>
      <time>94</time>
    </ksState>
    <ksState>
      <x>37.224641116129526</x>
      <y>-17.040457829870206</y>
      <orientation>-0.3909292472718028</orientation>
      <velocity>0.0</velocity>
      <steeringAngle>0.0</steeringAngle>
      <time>95</time>
    </ksState>
    <ksState>
      <x>37.224641116129526</x>
      <y>-17.040457829870206</y>
      <orientation>-0.3909292472718028</orientation>
      <velocity>0.0</velocity>
      <steeringAngle>0.0</steeringAngle>
      <time>96</time>
    </ksState>
    <ksState>
      <x>37.224641116129526</x>
      <y>-17.040457829870206</y>
      <orientation>-0.3909292472718028</orientation>
      <velocity>0.0</velocity>
      <steeringAngle>0.0</steeringAngle>
      <time>97</time>
    </ksState>
    <ksState>
      <x>37.224641116129526</x>
      <y>-17.040457829870206</y>
      <orientation>-0.3909292472718028</orientation>
      <velocity>0.0</velocity>
      <steeringAngle>0.0</steeringAngle>
      <time>98</time>
    </ksState>
    <ksState>
      <x>37.224641116129526</x>
      <y>-17.040457829870206</y>
      <orientation>-0.3909292472718028</orientation>
      <velocity>0.0</velocity>
      <steeringAngle>0.0</steeringAngle>
      <time>99</time>
    </ksState>
    <ksState>
      <x>37.224641116129526</x>
      <y>-17.040457829870206</y>
      <orientation>-0.3909292472718028</orientation>
      <velocity>0.0</velocity>
      <steeringAngle>0.0</steeringAngle>
      <time>100</time>
    </ksState>
    <ksState>
      <x>37.224641116129526</x>
      <y>-17.040457829870206</y>
      <orientation>-0.3909292472718028</orientation>
      <velocity>0.0</velocity>
      <steeringAngle>0.0</steeringAngle>
      <time>101</time>
    </ksState>
    <ksState>
      <x>37.224641116129526</x>
      <y>-17.040457829870206</y>
      <orientation>-0.3909292472718028</orientation>
      <velocity>0.0</velocity>
      <steeringAngle>0.0</steeringAngle>
      <time>102</time>
    </ksState>
    <ksState>
      <x>37.224641116129526</x>
      <y>-17.040457829870206</y>
      <orientation>-0.3909292472718028</orientation>
      <velocity>0.0</velocity>
      <steeringAngle>0.0</steeringAngle>
      <time>103</time>
    </ksState>
    <ksState>
      <x>37.224641116129526</x>
      <y>-17.040457829870206</y>
      <orientation>-0.3909292472718028</orientation>
      <velocity>0.0</velocity>
      <steeringAngle>0.0</steeringAngle>
      <time>104</time>
    </ksState>
    <ksState>
      <x>37.224641116129526</x>
      <y>-17.040457829870206</y>
      <orientation>-0.3909292472718028</orientation>
      <velocity>0.0</velocity>
      <steeringAngle>0.0</steeringAngle>
      <time>105</time>
    </ksState>
    <ksState>
      <x>37.224641116129526</x>
      <y>-17.040457829870206</y>
      <orientation>-0.3909292472718028</orientation>
      <velocity>0.0</velocity>
      <steeringAngle>0.0</steeringAngle>
      <time>106</time>
    </ksState>
    <ksState>
      <x>37.224641116129526</x>
      <y>-17.040457829870206</y>
      <orientation>-0.3909292472718028</orientation>
      <velocity>0.0</velocity>
      <steeringAngle>0.0</steeringAngle>
      <time>107</time>
    </ksState>
    <ksState>
      <x>37.224641116129526</x>
      <y>-17.040457829870206</y>
      <orientation>-0.3909292472718028</orientation>
      <velocity>0.0</velocity>
      <steeringAngle>0.0</steeringAngle>
      <time>108</time>
    </ksState>
    <ksState>
      <x>37.224641116129526</x>
      <y>-17.040457829870206</y>
      <orientation>-0.3909292472718028</orientation>
      <velocity>0.0</velocity>
      <steeringAngle>0.0</steeringAngle>
      <time>109</time>
    </ksState>
    <ksState>
      <x>37.224641116129526</x>
      <y>-17.040457829870206</y>
      <orientation>-0.3909292472718028</orientation>
      <velocity>0.0</velocity>
      <steeringAngle>0.0</steeringAngle>
      <time>110</time>
    </ksState>
    <ksState>
      <x>37.224641116129526</x>
      <y>-17.040457829870206</y>
      <orientation>-0.3909292472718028</orientation>
      <velocity>0.0</velocity>
      <steeringAngle>0.0</steeringAngle>
      <time>111</time>
    </ksState>
    <ksState>
      <x>37.224641116129526</x>
      <y>-17.040457829870206</y>
      <orientation>-0.3909292472718028</orientation>
      <velocity>0.0</velocity>
      <steeringAngle>0.0</steeringAngle>
      <time>112</time>
    </ksState>
    <ksState>
      <x>37.224641116129526</x>
      <y>-17.040457829870206</y>
      <orientation>-0.3909292472718028</orientation>
      <velocity>0.0</velocity>
      <steeringAngle>0.0</steeringAngle>
      <time>113</time>
    </ksState>
    <ksState>
      <x>37.224641116129526</x>
      <y>-17.040457829870206</y>
      <orientation>-0.3909292472718028</orientation>
      <velocity>0.0</velocity>
      <steeringAngle>0.0</steeringAngle>
      <time>114</time>
    </ksState>
    <ksState>
      <x>37.224641116129526</x>
      <y>-17.040457829870206</y>
      <orientation>-0.3909292472718028</orientation>
      <velocity>0.0</velocity>
      <steeringAngle>0.0</steeringAngle>
      <time>115</time>
    </ksState>
    <ksState>
      <x>37.224641116129526</x>
      <y>-17.040457829870206</y>
      <orientation>-0.3909292472718028</orientation>
      <velocity>0.0</velocity>
      <steeringAngle>0.0</steeringAngle>
      <time>116</time>
    </ksState>
    <ksState>
      <x>37.224641116129526</x>
      <y>-17.040457829870206</y>
      <orientation>-0.3909292472718028</orientation>
      <velocity>0.0</velocity>
      <steeringAngle>0.0</steeringAngle>
      <time>117</time>
    </ksState>
    <ksState>
      <x>37.224641116129526</x>
      <y>-17.040457829870206</y>
      <orientation>-0.3909292472718028</orientation>
      <velocity>0.0</velocity>
      <steeringAngle>0.0</steeringAngle>
      <time>118</time>
    </ksState>
    <ksState>
      <x>37.224641116129526</x>
      <y>-17.040457829870206</y>
      <orientation>-0.3909292472718028</orientation>
      <velocity>0.0</velocity>
      <steeringAngle>0.0</steeringAngle>
      <time>119</time>
    </ksState>
    <ksState>
      <x>37.224641116129526</x>
      <y>-17.040457829870206</y>
      <orientation>-0.3909292472718028</orientation>
      <velocity>0.0</velocity>
      <steeringAngle>0.0</steeringAngle>
      <time>120</time>
    </ksState>
    <ksState>
      <x>37.224641116129526</x>
      <y>-17.040457829870206</y>
      <orientation>-0.3909292472718028</orientation>
      <velocity>0.0</velocity>
      <steeringAngle>0.0</steeringAngle>
      <time>121</time>
    </ksState>
    <ksState>
      <x>37.224641116129526</x>
      <y>-17.040457829870206</y>
      <orientation>-0.3909292472718028</orientation>
      <velocity>0.0</velocity>
      <steeringAngle>0.0</steeringAngle>
      <time>122</time>
    </ksState>
    <ksState>
      <x>37.224641116129526</x>
      <y>-17.040457829870206</y>
      <orientation>-0.3909292472718028</orientation>
      <velocity>0.0</velocity>
      <steeringAngle>0.0</steeringAngle>
      <time>123</time>
    </ksState>
    <ksState>
      <x>37.224641116129526</x>
      <y>-17.040457829870206</y>
      <orientation>-0.3909292472718028</orientation>
      <velocity>0.0</velocity>
      <steeringAngle>0.0</steeringAngle>
      <time>124</time>
    </ksState>
    <ksState>
      <x>37.224641116129526</x>
      <y>-17.040457829870206</y>
      <orientation>-0.3909292472718028</orientation>
      <velocity>0.0</velocity>
      <steeringAngle>0.0</steeringAngle>
      <time>125</time>
    </ksState>
    <ksState>
      <x>37.224641116129526</x>
      <y>-17.040457829870206</y>
      <orientation>-0.3909292472718028</orientation>
      <velocity>0.0</velocity>
      <steeringAngle>0.0</steeringAngle>
      <time>126</time>
    </ksState>
    <ksState>
      <x>37.224641116129526</x>
      <y>-17.040457829870206</y>
      <orientation>-0.3909292472718028</orientation>
      <velocity>0.0</velocity>
      <steeringAngle>0.0</steeringAngle>
      <time>127</time>
    </ksState>
    <ksState>
      <x>37.224641116129526</x>
      <y>-17.040457829870206</y>
      <orientation>-0.3909292472718028</orientation>
      <velocity>0.0</velocity>
      <steeringAngle>0.0</steeringAngle>
      <time>128</time>
    </ksState>
    <ksState>
      <x>37.224641116129526</x>
      <y>-17.040457829870206</y>
      <orientation>-0.3909292472718028</orientation>
      <velocity>0.0</velocity>
      <steeringAngle>0.0</steeringAngle>
      <time>129</time>
    </ksState>
    <ksState>
      <x>37.224641116129526</x>
      <y>-17.040457829870206</y>
      <orientation>-0.3909292472718028</orientation>
      <velocity>0.0</velocity>
      <steeringAngle>0.0</steeringAngle>
      <time>130</time>
    </ksState>
    <ksState>
      <x>37.224641116129526</x>
      <y>-17.040457829870206</y>
      <orientation>-0.3909292472718028</orientation>
      <velocity>0.0</velocity>
      <steeringAngle>0.0</steeringAngle>
      <time>131</time>
    </ksState>
    <ksState>
      <x>37.224641116129526</x>
      <y>-17.040457829870206</y>
      <orientation>-0.3909292472718028</orientation>
      <velocity>0.0</velocity>
      <steeringAngle>0.0</steeringAngle>
      <time>132</time>
    </ksState>
    <ksState>
      <x>37.224641116129526</x>
      <y>-17.040457829870206</y>
      <orientation>-0.3909292472718028</orientation>
      <velocity>0.0</velocity>
      <steeringAngle>0.0</steeringAngle>
      <time>133</time>
    </ksState>
    <ksState>
      <x>37.224641116129526</x>
      <y>-17.040457829870206</y>
      <orientation>-0.3909292472718028</orientation>
      <velocity>0.0</velocity>
      <steeringAngle>0.0</steeringAngle>
      <time>134</time>
    </ksState>
    <ksState>
      <x>37.224641116129526</x>
      <y>-17.040457829870206</y>
      <orientation>-0.3909292472718028</orientation>
      <velocity>0.0</velocity>
      <steeringAngle>0.0</steeringAngle>
      <time>135</time>
    </ksState>
    <ksState>
      <x>37.224641116129526</x>
      <y>-17.040457829870206</y>
      <orientation>-0.3909292472718028</orientation>
      <velocity>0.0</velocity>
      <steeringAngle>0.0</steeringAngle>
      <time>136</time>
    </ksState>
    <ksState>
      <x>37.224641116129526</x>
      <y>-17.040457829870206</y>
      <orientation>-0.3909292472718028</orientation>
      <velocity>0.0</velocity>
      <steeringAngle>0.0</steeringAngle>
      <time>137</time>
    </ksState>
    <ksState>
      <x>37.224641116129526</x>
      <y>-17.040457829870206</y>
      <orientation>-0.3909292472718028</orientation>
      <velocity>0.0</velocity>
      <steeringAngle>0.0</steeringAngle>
      <time>138</time>
    </ksState>
    <ksState>
      <x>37.224641116129526</x>
      <y>-17.040457829870206</y>
      <orientation>-0.3909292472718028</orientation>
      <velocity>0.0</velocity>
      <steeringAngle>0.0</steeringAngle>
      <time>139</time>
    </ksState>
    <ksState>
      <x>37.224641116129526</x>
      <y>-17.040457829870206</y>
      <orientation>-0.3909292472718028</orientation>
      <velocity>0.0</velocity>
      <steeringAngle>0.0</steeringAngle>
      <time>140</time>
    </ksState>
    <ksState>
      <x>37.224641116129526</x>
      <y>-17.040457829870206</y>
      <orientation>-0.3909292472718028</orientation>
      <velocity>0.0</velocity>
      <steeringAngle>0.0</steeringAngle>
      <time>141</time>
    </ksState>
    <ksState>
      <x>37.224641116129526</x>
      <y>-17.040457829870206</y>
      <orientation>-0.3909292472718028</orientation>
      <velocity>0.0</velocity>
      <steeringAngle>0.0</steeringAngle>
      <time>142</time>
    </ksState>
    <ksState>
      <x>37.224641116129526</x>
      <y>-17.040457829870206</y>
      <orientation>-0.3909292472718028</orientation>
      <velocity>0.0</velocity>
      <steeringAngle>0.0</steeringAngle>
      <time>143</time>
    </ksState>
    <ksState>
      <x>37.224641116129526</x>
      <y>-17.040457829870206</y>
      <orientation>-0.3909292472718028</orientation>
      <velocity>0.0</velocity>
      <steeringAngle>0.0</steeringAngle>
      <time>144</time>
    </ksState>
    <ksState>
      <x>37.224641116129526</x>
      <y>-17.040457829870206</y>
      <orientation>-0.3909292472718028</orientation>
      <velocity>0.0</velocity>
      <steeringAngle>0.0</steeringAngle>
      <time>145</time>
    </ksState>
    <ksState>
      <x>37.224641116129526</x>
      <y>-17.040457829870206</y>
      <orientation>-0.3909292472718028</orientation>
      <velocity>0.0</velocity>
      <steeringAngle>0.0</steeringAngle>
      <time>146</time>
    </ksState>
    <ksState>
      <x>37.224641116129526</x>
      <y>-17.040457829870206</y>
      <orientation>-0.3909292472718028</orientation>
      <velocity>0.0</velocity>
      <steeringAngle>0.0</steeringAngle>
      <time>147</time>
    </ksState>
    <ksState>
      <x>37.224641116129526</x>
      <y>-17.040457829870206</y>
      <orientation>-0.3909292472718028</orientation>
      <velocity>0.0</velocity>
      <steeringAngle>0.0</steeringAngle>
      <time>148</time>
    </ksState>
    <ksState>
      <x>37.224641116129526</x>
      <y>-17.040457829870206</y>
      <orientation>-0.3909292472718028</orientation>
      <velocity>0.0</velocity>
      <steeringAngle>0.0</steeringAngle>
      <time>149</time>
    </ksState>
    <ksState>
      <x>37.224641116129526</x>
      <y>-17.040457829870206</y>
      <orientation>-0.3909292472718028</orientation>
      <velocity>0.0</velocity>
      <steeringAngle>0.0</steeringAngle>
      <time>150</time>
    </ksState>
    <ksState>
      <x>37.224641116129526</x>
      <y>-17.040457829870206</y>
      <orientation>-0.3909292472718028</orientation>
      <velocity>0.0</velocity>
      <steeringAngle>0.0</steeringAngle>
      <time>151</time>
    </ksState>
    <ksState>
      <x>37.224641116129526</x>
      <y>-17.040457829870206</y>
      <orientation>-0.3909292472718028</orientation>
      <velocity>0.0</velocity>
      <steeringAngle>0.0</steeringAngle>
      <time>152</time>
    </ksState>
    <ksState>
      <x>37.224641116129526</x>
      <y>-17.040457829870206</y>
      <orientation>-0.3909292472718028</orientation>
      <velocity>0.0</velocity>
      <steeringAngle>0.0</steeringAngle>
      <time>153</time>
    </ksState>
    <ksState>
      <x>37.224641116129526</x>
      <y>-17.040457829870206</y>
      <orientation>-0.3909292472718028</orientation>
      <velocity>0.0</velocity>
      <steeringAngle>0.0</steeringAngle>
      <time>154</time>
    </ksState>
    <ksState>
      <x>37.224641116129526</x>
      <y>-17.040457829870206</y>
      <orientation>-0.3909292472718028</orientation>
      <velocity>0.0</velocity>
      <steeringAngle>0.0</steeringAngle>
      <time>155</time>
    </ksState>
    <ksState>
      <x>37.224641116129526</x>
      <y>-17.040457829870206</y>
      <orientation>-0.3909292472718028</orientation>
      <velocity>0.0</velocity>
      <steeringAngle>0.0</steeringAngle>
      <time>156</time>
    </ksState>
    <ksState>
      <x>37.224641116129526</x>
      <y>-17.040457829870206</y>
      <orientation>-0.3909292472718028</orientation>
      <velocity>0.0</velocity>
      <steeringAngle>0.0</steeringAngle>
      <time>157</time>
    </ksState>
    <ksState>
      <x>37.224641116129526</x>
      <y>-17.040457829870206</y>
      <orientation>-0.3909292472718028</orientation>
      <velocity>0.0</velocity>
      <steeringAngle>0.0</steeringAngle>
      <time>158</time>
    </ksState>
    <ksState>
      <x>37.224641116129526</x>
      <y>-17.040457829870206</y>
      <orientation>-0.3909292472718028</orientation>
      <velocity>0.0</velocity>
      <steeringAngle>0.0</steeringAngle>
      <time>159</time>
    </ksState>
    <ksState>
      <x>37.224641116129526</x>
      <y>-17.040457829870206</y>
      <orientation>-0.3909292472718028</orientation>
      <velocity>0.0</velocity>
      <steeringAngle>0.0</steeringAngle>
      <time>160</time>
    </ksState>
    <ksState>
      <x>37.224641116129526</x>
      <y>-17.040457829870206</y>
      <orientation>-0.3909292472718028</orientation>
      <velocity>0.0</velocity>
      <steeringAngle>0.0</steeringAngle>
      <time>161</time>
    </ksState>
    <ksState>
      <x>37.224641116129526</x>
      <y>-17.040457829870206</y>
      <orientation>-0.3909292472718028</orientation>
      <velocity>0.0</velocity>
      <steeringAngle>0.0</steeringAngle>
      <time>162</time>
    </ksState>
    <ksState>
      <x>37.224641116129526</x>
      <y>-17.040457829870206</y>
      <orientation>-0.3909292472718028</orientation>
      <velocity>0.0</velocity>
      <steeringAngle>0.0</steeringAngle>
      <time>163</time>
    </ksState>
    <ksState>
      <x>37.224641116129526</x>
      <y>-17.040457829870206</y>
      <orientation>-0.3909292472718028</orientation>
      <velocity>0.0</velocity>
      <steeringAngle>0.0</steeringAngle>
      <time>164</time>
    </ksState>
    <ksState>
      <x>37.224641116129526</x>
      <y>-17.040457829870206</y>
      <orientation>-0.3909292472718028</orientation>
      <velocity>0.0</velocity>
      <steeringAngle>0.0</steeringAngle>
      <time>165</time>
    </ksState>
    <ksState>
      <x>37.224641116129526</x>
      <y>-17.040457829870206</y>
      <orientation>-0.3909292472718028</orientation>
      <velocity>0.0</velocity>
      <steeringAngle>0.0</steeringAngle>
      <time>166</time>
    </ksState>
  </ksTrajectory>
</CommonRoadSolution>
