<?xml version="1.0" ?>
<CommonRoadSolution benchmark_id="KS2:SM1:USA_Lanker-1_2_T-1:2018b" date="2019-11-18">
  <ksTrajectory planningProblem="11425">
    <ksState>
      <x>0.0</x>
      <y>0.0</y>
      <orientation>-2.0334</orientation>
      <velocity>6.0</velocity>
      <steeringAngle>0.0</steeringAngle>
      <time>0</time>
    </ksState>
    <ksState>
      <x>-0.2744619708639875</x>
      <y>-0.5503595429802737</y>
      <orientation>-2.0334</orientation>
      <velocity>6.6</velocity>
      <steeringAngle>0.0</steeringAngle>
      <time>1</time>
    </ksState>
    <ksState>
      <x>-0.5757007193732421</x>
      <y>-1.1544126999098423</y>
      <orientation>-2.0334</orientation>
      <velocity>7.199999999999999</velocity>
      <steeringAngle>0.0</steeringAngle>
      <time>2</time>
    </ksState>
    <ksState>
      <x>-0.9037162455277636</x>
      <y>-1.8121594707887059</y>
      <orientation>-2.0334</orientation>
      <velocity>7.799999999999999</velocity>
      <steeringAngle>0.0</steeringAngle>
      <time>3</time>
    </ksState>
    <ksState>
      <x>-1.2585085493275525</x>
      <y>-2.523599855616865</y>
      <orientation>-2.0334</orientation>
      <velocity>8.4</velocity>
      <steeringAngle>0.0</steeringAngle>
      <time>4</time>
    </ksState>
    <ksState>
      <x>-1.6400776307726084</x>
      <y>-3.2887338543943185</y>
      <orientation>-2.0334</orientation>
      <velocity>9.000000000000002</velocity>
      <steeringAngle>0.0</steeringAngle>
      <time>5</time>
    </ksState>
    <ksState>
      <x>-2.0417292954516144</x>
      <y>-4.094138063633744</y>
      <orientation>-2.0310747546816965</orientation>
      <velocity>9.0</velocity>
      <steeringAngle>0.026650000000000004</steeringAngle>
      <time>6</time>
    </ksState>
    <ksState>
      <x>-2.439629696185053</x>
      <y>-4.901399415407737</y>
      <orientation>-2.019444397090206</orientation>
      <velocity>9.0</velocity>
      <steeringAngle>0.05330000000000001</steeringAngle>
      <time>7</time>
    </ksState>
    <ksState>
      <x>-2.82621973097773</x>
      <y>-5.714129749559802</y>
      <orientation>-1.99849237853963</orientation>
      <velocity>9.0</velocity>
      <steeringAngle>0.07995000000000001</steeringAngle>
      <time>8</time>
    </ksState>
    <ksState>
      <x>-3.1937751028627996</x>
      <y>-6.535630492124068</y>
      <orientation>-1.9681888123459028</orientation>
      <velocity>9.0</velocity>
      <steeringAngle>0.10660000000000001</steeringAngle>
      <time>9</time>
    </ksState>
    <ksState>
      <x>-3.534311523540962</x>
      <y>-7.368675719368319</y>
      <orientation>-1.928490302799483</orientation>
      <velocity>9.0</velocity>
      <steeringAngle>0.13325</steeringAngle>
      <time>10</time>
    </ksState>
    <ksState>
      <x>-3.8395137476108117</x>
      <y>-8.215281190893943</y>
      <orientation>-1.8793396953705</orientation>
      <velocity>9.0</velocity>
      <steeringAngle>0.15990000000000001</steeringAngle>
      <time>11</time>
    </ksState>
    <ksState>
      <x>-4.100699560235714</x>
      <y>-9.076455745040361</y>
      <orientation>-1.8206657450735042</orientation>
      <velocity>9.0</velocity>
      <steeringAngle>0.18655000000000002</steeringAngle>
      <time>12</time>
    </ksState>
    <ksState>
      <x>-4.308831258172263</x>
      <y>-9.951933653909949</y>
      <orientation>-1.7523826988681432</orientation>
      <velocity>9.0</velocity>
      <steeringAngle>0.21320000000000003</steeringAngle>
      <time>13</time>
    </ksState>
    <ksState>
      <x>-4.454588710456987</x>
      <y>-10.839889637833286</y>
      <orientation>-1.6743897868324336</orientation>
      <velocity>9.0</velocity>
      <steeringAngle>0.23985000000000004</steeringAngle>
      <time>14</time>
    </ksState>
    <ksState>
      <x>-4.528519506490011</x>
      <y>-11.736642411455488</y>
      <orientation>-1.5865706155904167</orientation>
      <velocity>9.0</velocity>
      <steeringAngle>0.2665</steeringAngle>
      <time>15</time>
    </ksState>
    <ksState>
      <x>-4.5212826347703725</x>
      <y>-12.63635804339318</y>
      <orientation>-1.4937895932241747</orientation>
      <velocity>9.0</velocity>
      <steeringAngle>0.23985000000000004</steeringAngle>
      <time>16</time>
    </ksState>
    <ksState>
      <x>-4.4329362578765545</x>
      <y>-13.531805538945502</y>
      <orientation>-1.4108991037458714</orientation>
      <velocity>9.0</velocity>
      <steeringAngle>0.21320000000000003</steeringAngle>
      <time>17</time>
    </ksState>
    <ksState>
      <x>-4.272914023196952</x>
      <y>-14.417301980886371</y>
      <orientation>-1.3377746819189769</orientation>
      <velocity>9.0</velocity>
      <steeringAngle>0.18655000000000002</steeringAngle>
      <time>18</time>
    </ksState>
    <ksState>
      <x>-4.050726335385632</x>
      <y>-15.28931861145581</y>
      <orientation>-1.274307828316935</orientation>
      <velocity>9.0</velocity>
      <steeringAngle>0.15990000000000001</steeringAngle>
      <time>19</time>
    </ksState>
    <ksState>
      <x>-3.775721480906489</x>
      <y>-16.146180310587425</y>
      <orientation>-1.2204053510026283</orientation>
      <velocity>9.0</velocity>
      <steeringAngle>0.13325</steeringAngle>
      <time>20</time>
    </ksState>
    <ksState>
      <x>-3.456940268128437</x>
      <y>-16.987766765073275</y>
      <orientation>-1.1736260042525264</orientation>
      <velocity>9.0</velocity>
      <steeringAngle>0.13325</steeringAngle>
      <time>21</time>
    </ksState>
    <ksState>
      <x>-3.099153279757023</x>
      <y>-17.81352562390945</y>
      <orientation>-1.1268466575024243</orientation>
      <velocity>9.0</velocity>
      <steeringAngle>0.13325</steeringAngle>
      <time>22</time>
    </ksState>
    <ksState>
      <x>-2.703143320897306</x>
      <y>-18.621650202472825</y>
      <orientation>-1.0800673107523222</orientation>
      <velocity>9.0</velocity>
      <steeringAngle>0.13325</steeringAngle>
      <time>23</time>
    </ksState>
    <ksState>
      <x>-2.269776825006972</x>
      <y>-19.41037239832764</y>
      <orientation>-1.0332879640022203</orientation>
      <velocity>9.0</velocity>
      <steeringAngle>0.13325</steeringAngle>
      <time>24</time>
    </ksState>
    <ksState>
      <x>-1.800001958219419</x>
      <y>-20.17796655967141</y>
      <orientation>-0.9865086172521184</orientation>
      <velocity>9.0</velocity>
      <steeringAngle>0.13325</steeringAngle>
      <time>25</time>
    </ksState>
    <ksState>
      <x>-1.2948465448432505</x>
      <y>-20.922753260902752</y>
      <orientation>-0.9397292705020164</orientation>
      <velocity>9.0</velocity>
      <steeringAngle>0.13325</steeringAngle>
      <time>26</time>
    </ksState>
    <ksState>
      <x>-0.7554158185769833</x>
      <y>-21.64310297705051</y>
      <orientation>-0.8929499237519144</orientation>
      <velocity>9.0</velocity>
      <steeringAngle>0.13325</steeringAngle>
      <time>27</time>
    </ksState>
    <ksState>
      <x>-0.18289000435911817</x>
      <y>-22.337439649024905</y>
      <orientation>-0.8461705770018124</orientation>
      <velocity>9.0</velocity>
      <steeringAngle>0.13325</steeringAngle>
      <time>28</time>
    </ksState>
    <ksState>
      <x>0.42147826385574505</x>
      <y>-23.004244131890218</y>
      <orientation>-0.7993912302517104</orientation>
      <velocity>9.0</velocity>
      <steeringAngle>0.13325</steeringAngle>
      <time>29</time>
    </ksState>
    <ksState>
      <x>1.0563666837450778</x>
      <y>-23.64205751861453</y>
      <orientation>-0.7526118835016085</orientation>
      <velocity>9.0</velocity>
      <steeringAngle>0.13325</steeringAngle>
      <time>30</time>
    </ksState>
    <ksState>
      <x>1.7203861776945852</x>
      <y>-24.249484332024466</y>
      <orientation>-0.7081953412263312</orientation>
      <velocity>9.0</velocity>
      <steeringAngle>0.1066</steeringAngle>
      <time>31</time>
    </ksState>
    <ksState>
      <x>2.409374917189117</x>
      <y>-24.82846958338451</y>
      <orientation>-0.673200580950075</orientation>
      <velocity>9.0</velocity>
      <steeringAngle>0.07995</steeringAngle>
      <time>32</time>
    </ksState>
    <ksState>
      <x>3.116910042603659</x>
      <y>-25.384666012481137</y>
      <orientation>-0.6475773638085544</orientation>
      <velocity>9.0</velocity>
      <steeringAngle>0.053299999999999986</steeringAngle>
      <time>33</time>
    </ksState>
    <ksState>
      <x>3.8372144384501077</x>
      <y>-25.92424365135826</y>
      <orientation>-0.6312890748461449</orientation>
      <velocity>9.0</velocity>
      <steeringAngle>0.02664999999999998</steeringAngle>
      <time>34</time>
    </ksState>
    <ksState>
      <x>4.564986464917108</x>
      <y>-26.453718387737556</y>
      <orientation>-0.6243125129260407</orientation>
      <velocity>9.0</velocity>
      <steeringAngle>-2.42861286636753e-17</steeringAngle>
      <time>35</time>
    </ksState>
    <ksState>
      <x>5.295215122092665</x>
      <y>-26.97980403498483</y>
      <orientation>-0.6243125129260407</orientation>
      <velocity>9.0</velocity>
      <steeringAngle>0.0</steeringAngle>
      <time>36</time>
    </ksState>
    <ksState>
      <x>6.025443779268222</x>
      <y>-27.5058896822321</y>
      <orientation>-0.6243125129260407</orientation>
      <velocity>9.0</velocity>
      <steeringAngle>0.0</steeringAngle>
      <time>37</time>
    </ksState>
    <ksState>
      <x>6.7556724364437795</x>
      <y>-28.031975329479376</y>
      <orientation>-0.6243125129260407</orientation>
      <velocity>9.0</velocity>
      <steeringAngle>0.0</steeringAngle>
      <time>38</time>
    </ksState>
    <ksState>
      <x>7.485901093619336</x>
      <y>-28.55806097672665</y>
      <orientation>-0.6243125129260407</orientation>
      <velocity>9.0</velocity>
      <steeringAngle>0.0</steeringAngle>
      <time>39</time>
    </ksState>
    <ksState>
      <x>8.216129750794893</x>
      <y>-29.084146623973925</y>
      <orientation>-0.6243125129260407</orientation>
      <velocity>9.0</velocity>
      <steeringAngle>0.0</steeringAngle>
      <time>40</time>
    </ksState>
    <ksState>
      <x>8.934187930350857</x>
      <y>-29.60146417710041</y>
      <orientation>-0.6220647757850143</orientation>
      <velocity>8.399999999999999</velocity>
      <steeringAngle>0.026650000000000004</steeringAngle>
      <time>41</time>
    </ksState>
    <ksState>
      <x>9.605667890368785</x>
      <y>-30.080772488679937</y>
      <orientation>-0.6114424100659459</orientation>
      <velocity>7.799999999999998</velocity>
      <steeringAngle>0.05330000000000001</steeringAngle>
      <time>42</time>
    </ksState>
    <ksState>
      <x>10.233792621401422</x>
      <y>-30.517435748509946</y>
      <orientation>-0.5936720863413754</orientation>
      <velocity>7.199999999999998</velocity>
      <steeringAngle>0.07995000000000001</steeringAngle>
      <time>43</time>
    </ksState>
    <ksState>
      <x>10.820302139770742</x>
      <y>-30.90860840714693</y>
      <orientation>-0.5699733373740624</orientation>
      <velocity>6.599999999999999</velocity>
      <steeringAngle>0.10660000000000001</steeringAngle>
      <time>44</time>
    </ksState>
  </ksTrajectory>
</CommonRoadSolution>
