<?xml version="1.0" ?>
<CommonRoadSolution benchmark_id="KS2:SM1:CHN_Sha-6_5_T-1:2018b" date="2019-11-18">
  <ksTrajectory planningProblem="0">
    <ksState>
      <x>-83.369</x>
      <y>97.4466</y>
      <orientation>-0.5092</orientation>
      <velocity>12.0</velocity>
      <steeringAngle>0.0</steeringAngle>
      <time>0</time>
    </ksState>
    <ksState>
      <x>-82.31250692815073</x>
      <y>96.85675053688719</y>
      <orientation>-0.5092</orientation>
      <velocity>12.399999999999999</velocity>
      <steeringAngle>0.0</steeringAngle>
      <time>1</time>
    </ksState>
    <ksState>
      <x>-81.2210884654965</x>
      <y>96.247401917969</y>
      <orientation>-0.5092</orientation>
      <velocity>12.799999999999997</velocity>
      <steeringAngle>0.0</steeringAngle>
      <time>2</time>
    </ksState>
    <ksState>
      <x>-80.09474461203736</x>
      <y>95.61855414324542</y>
      <orientation>-0.5092</orientation>
      <velocity>13.199999999999996</velocity>
      <steeringAngle>0.0</steeringAngle>
      <time>3</time>
    </ksState>
    <ksState>
      <x>-78.93347536777327</x>
      <y>94.97020721271647</y>
      <orientation>-0.5092</orientation>
      <velocity>13.599999999999994</velocity>
      <steeringAngle>0.0</steeringAngle>
      <time>4</time>
    </ksState>
    <ksState>
      <x>-77.73728073270425</x>
      <y>94.30236112638212</y>
      <orientation>-0.5092</orientation>
      <velocity>13.999999999999993</velocity>
      <steeringAngle>0.0</steeringAngle>
      <time>5</time>
    </ksState>
    <ksState>
      <x>-76.5061607068303</x>
      <y>93.6150158842424</y>
      <orientation>-0.5092</orientation>
      <velocity>14.399999999999999</velocity>
      <steeringAngle>0.0</steeringAngle>
      <time>6</time>
    </ksState>
    <ksState>
      <x>-75.24011529015141</x>
      <y>92.90817148629729</y>
      <orientation>-0.5092</orientation>
      <velocity>14.799999999999997</velocity>
      <steeringAngle>0.0</steeringAngle>
      <time>7</time>
    </ksState>
    <ksState>
      <x>-73.93914448266759</x>
      <y>92.18182793254681</y>
      <orientation>-0.5092</orientation>
      <velocity>15.199999999999996</velocity>
      <steeringAngle>0.0</steeringAngle>
      <time>8</time>
    </ksState>
    <ksState>
      <x>-72.60324828437882</x>
      <y>91.43598522299095</y>
      <orientation>-0.5092</orientation>
      <velocity>15.599999999999994</velocity>
      <steeringAngle>0.0</steeringAngle>
      <time>9</time>
    </ksState>
    <ksState>
      <x>-71.23242669528513</x>
      <y>90.6706433576297</y>
      <orientation>-0.5092</orientation>
      <velocity>15.999999999999993</velocity>
      <steeringAngle>0.0</steeringAngle>
      <time>10</time>
    </ksState>
    <ksState>
      <x>-69.8266797153865</x>
      <y>89.88580233646307</y>
      <orientation>-0.5092</orientation>
      <velocity>16.4</velocity>
      <steeringAngle>0.0</steeringAngle>
      <time>11</time>
    </ksState>
    <ksState>
      <x>-68.38600734468294</x>
      <y>89.08146215949105</y>
      <orientation>-0.5092</orientation>
      <velocity>16.799999999999997</velocity>
      <steeringAngle>0.0</steeringAngle>
      <time>12</time>
    </ksState>
    <ksState>
      <x>-66.91040958317444</x>
      <y>88.25762282671366</y>
      <orientation>-0.5092</orientation>
      <velocity>17.199999999999996</velocity>
      <steeringAngle>0.0</steeringAngle>
      <time>13</time>
    </ksState>
    <ksState>
      <x>-65.399886430861</x>
      <y>87.41428433813088</y>
      <orientation>-0.5092</orientation>
      <velocity>17.599999999999994</velocity>
      <steeringAngle>0.0</steeringAngle>
      <time>14</time>
    </ksState>
    <ksState>
      <x>-63.854437887742634</x>
      <y>86.55144669374272</y>
      <orientation>-0.5092</orientation>
      <velocity>17.999999999999993</velocity>
      <steeringAngle>0.0</steeringAngle>
      <time>15</time>
    </ksState>
    <ksState>
      <x>-62.27406395381933</x>
      <y>85.66910989354918</y>
      <orientation>-0.5092</orientation>
      <velocity>18.4</velocity>
      <steeringAngle>0.0</steeringAngle>
      <time>16</time>
    </ksState>
    <ksState>
      <x>-60.65876462909109</x>
      <y>84.76727393755024</y>
      <orientation>-0.5092</orientation>
      <velocity>18.799999999999997</velocity>
      <steeringAngle>0.0</steeringAngle>
      <time>17</time>
    </ksState>
    <ksState>
      <x>-59.00853991355792</x>
      <y>83.84593882574595</y>
      <orientation>-0.5092</orientation>
      <velocity>19.199999999999996</velocity>
      <steeringAngle>0.0</steeringAngle>
      <time>18</time>
    </ksState>
    <ksState>
      <x>-57.32338980721981</x>
      <y>82.90510455813626</y>
      <orientation>-0.5092</orientation>
      <velocity>19.599999999999994</velocity>
      <steeringAngle>0.0</steeringAngle>
      <time>19</time>
    </ksState>
    <ksState>
      <x>-55.60331431007677</x>
      <y>81.94477113472118</y>
      <orientation>-0.5092</orientation>
      <velocity>19.999999999999993</velocity>
      <steeringAngle>0.0</steeringAngle>
      <time>20</time>
    </ksState>
    <ksState>
      <x>-53.87887313908311</x>
      <y>80.98200031683044</y>
      <orientation>-0.5092</orientation>
      <velocity>19.0</velocity>
      <steeringAngle>0.0</steeringAngle>
      <time>21</time>
    </ksState>
    <ksState>
      <x>-52.241745445101785</x>
      <y>80.06797738845314</y>
      <orientation>-0.5092</orientation>
      <velocity>18.0</velocity>
      <steeringAngle>0.0</steeringAngle>
      <time>22</time>
    </ksState>
    <ksState>
      <x>-50.6919312281328</x>
      <y>79.20270234958932</y>
      <orientation>-0.5092</orientation>
      <velocity>17.0</velocity>
      <steeringAngle>0.0</steeringAngle>
      <time>23</time>
    </ksState>
    <ksState>
      <x>-49.22943048817615</x>
      <y>78.38617520023894</y>
      <orientation>-0.5092</orientation>
      <velocity>16.0</velocity>
      <steeringAngle>0.0</steeringAngle>
      <time>24</time>
    </ksState>
    <ksState>
      <x>-47.85424322523184</x>
      <y>77.61839594040201</y>
      <orientation>-0.5092</orientation>
      <velocity>15.0</velocity>
      <steeringAngle>0.0</steeringAngle>
      <time>25</time>
    </ksState>
    <ksState>
      <x>-46.56636943929987</x>
      <y>76.89936457007855</y>
      <orientation>-0.5092</orientation>
      <velocity>14.0</velocity>
      <steeringAngle>0.0</steeringAngle>
      <time>26</time>
    </ksState>
    <ksState>
      <x>-45.36580913038023</x>
      <y>76.22908108926853</y>
      <orientation>-0.5092</orientation>
      <velocity>13.0</velocity>
      <steeringAngle>0.0</steeringAngle>
      <time>27</time>
    </ksState>
    <ksState>
      <x>-44.25256229847293</x>
      <y>75.60754549797197</y>
      <orientation>-0.5092</orientation>
      <velocity>12.0</velocity>
      <steeringAngle>0.0</steeringAngle>
      <time>28</time>
    </ksState>
    <ksState>
      <x>-43.226628943577964</x>
      <y>75.03475779618887</y>
      <orientation>-0.5092</orientation>
      <velocity>11.0</velocity>
      <steeringAngle>0.0</steeringAngle>
      <time>29</time>
    </ksState>
    <ksState>
      <x>-42.28800906569534</x>
      <y>74.51071798391922</y>
      <orientation>-0.5092</orientation>
      <velocity>10.0</velocity>
      <steeringAngle>0.0</steeringAngle>
      <time>30</time>
    </ksState>
    <ksState>
      <x>-41.432336990974434</x>
      <y>74.03298866668736</y>
      <orientation>-0.5092</orientation>
      <velocity>9.2</velocity>
      <steeringAngle>0.0</steeringAngle>
      <time>31</time>
    </ksState>
    <ksState>
      <x>-40.6465156978634</x>
      <y>73.59425766106627</y>
      <orientation>-0.5092</orientation>
      <velocity>8.399999999999999</velocity>
      <steeringAngle>0.0</steeringAngle>
      <time>32</time>
    </ksState>
    <ksState>
      <x>-39.93054518636224</x>
      <y>73.19452496705593</y>
      <orientation>-0.5092</orientation>
      <velocity>7.599999999999998</velocity>
      <steeringAngle>0.0</steeringAngle>
      <time>33</time>
    </ksState>
    <ksState>
      <x>-39.28442545647094</x>
      <y>72.83379058465636</y>
      <orientation>-0.5092</orientation>
      <velocity>6.799999999999997</velocity>
      <steeringAngle>0.0</steeringAngle>
      <time>34</time>
    </ksState>
    <ksState>
      <x>-38.70815650818952</x>
      <y>72.51205451386755</y>
      <orientation>-0.5092</orientation>
      <velocity>5.9999999999999964</velocity>
      <steeringAngle>0.0</steeringAngle>
      <time>35</time>
    </ksState>
    <ksState>
      <x>-38.17554429841426</x>
      <y>72.21469238783547</y>
      <orientation>-0.5092</orientation>
      <velocity>6.4</velocity>
      <steeringAngle>0.0</steeringAngle>
      <time>36</time>
    </ksState>
    <ksState>
      <x>-37.60800669783407</x>
      <y>71.89783110599801</y>
      <orientation>-0.5092</orientation>
      <velocity>6.800000000000001</velocity>
      <steeringAngle>0.0</steeringAngle>
      <time>37</time>
    </ksState>
    <ksState>
      <x>-37.00554370644894</x>
      <y>71.56147066835517</y>
      <orientation>-0.5092</orientation>
      <velocity>7.200000000000001</velocity>
      <steeringAngle>0.0</steeringAngle>
      <time>38</time>
    </ksState>
    <ksState>
      <x>-36.36815532425888</x>
      <y>71.20561107490695</y>
      <orientation>-0.5092</orientation>
      <velocity>7.600000000000001</velocity>
      <steeringAngle>0.0</steeringAngle>
      <time>39</time>
    </ksState>
    <ksState>
      <x>-35.69584155126388</x>
      <y>70.83025232565335</y>
      <orientation>-0.5092</orientation>
      <velocity>8.000000000000002</velocity>
      <steeringAngle>0.0</steeringAngle>
      <time>40</time>
    </ksState>
    <ksState>
      <x>-35.010430756717035</x>
      <y>70.44758139297272</y>
      <orientation>-0.5092</orientation>
      <velocity>7.4</velocity>
      <steeringAngle>0.0</steeringAngle>
      <time>41</time>
    </ksState>
    <ksState>
      <x>-34.37740804837759</x>
      <y>70.09415919400017</y>
      <orientation>-0.5092</orientation>
      <velocity>6.800000000000001</velocity>
      <steeringAngle>0.0</steeringAngle>
      <time>42</time>
    </ksState>
    <ksState>
      <x>-33.79677342624555</x>
      <y>69.76998572873569</y>
      <orientation>-0.5092</orientation>
      <velocity>6.200000000000001</velocity>
      <steeringAngle>0.0</steeringAngle>
      <time>43</time>
    </ksState>
    <ksState>
      <x>-33.268526890320906</x>
      <y>69.47506099717928</y>
      <orientation>-0.5092</orientation>
      <velocity>5.600000000000001</velocity>
      <steeringAngle>0.0</steeringAngle>
      <time>44</time>
    </ksState>
    <ksState>
      <x>-32.79266844060367</x>
      <y>69.20938499933095</y>
      <orientation>-0.5092</orientation>
      <velocity>5.000000000000002</velocity>
      <steeringAngle>0.0</steeringAngle>
      <time>45</time>
    </ksState>
    <ksState>
      <x>-32.356101055541984</x>
      <y>68.96564555176367</y>
      <orientation>-0.5092</orientation>
      <velocity>5.0</velocity>
      <steeringAngle>0.0</steeringAngle>
      <time>46</time>
    </ksState>
    <ksState>
      <x>-31.9195336704803</x>
      <y>68.72190610419639</y>
      <orientation>-0.5092</orientation>
      <velocity>5.0</velocity>
      <steeringAngle>0.0</steeringAngle>
      <time>47</time>
    </ksState>
    <ksState>
      <x>-31.482966285418613</x>
      <y>68.47816665662911</y>
      <orientation>-0.5092</orientation>
      <velocity>5.0</velocity>
      <steeringAngle>0.0</steeringAngle>
      <time>48</time>
    </ksState>
    <ksState>
      <x>-31.046398900356927</x>
      <y>68.23442720906183</y>
      <orientation>-0.5092</orientation>
      <velocity>5.0</velocity>
      <steeringAngle>0.0</steeringAngle>
      <time>49</time>
    </ksState>
    <ksState>
      <x>-30.60983151529524</x>
      <y>67.99068776149457</y>
      <orientation>-0.5092</orientation>
      <velocity>5.0</velocity>
      <steeringAngle>0.0</steeringAngle>
      <time>50</time>
    </ksState>
    <ksState>
      <x>-30.173264130233555</x>
      <y>67.74694831392729</y>
      <orientation>-0.5092</orientation>
      <velocity>5.0</velocity>
      <steeringAngle>0.0</steeringAngle>
      <time>51</time>
    </ksState>
    <ksState>
      <x>-29.73669674517187</x>
      <y>67.50320886636001</y>
      <orientation>-0.5092</orientation>
      <velocity>5.0</velocity>
      <steeringAngle>0.0</steeringAngle>
      <time>52</time>
    </ksState>
    <ksState>
      <x>-29.300129360110184</x>
      <y>67.25946941879273</y>
      <orientation>-0.5092</orientation>
      <velocity>5.0</velocity>
      <steeringAngle>0.0</steeringAngle>
      <time>53</time>
    </ksState>
    <ksState>
      <x>-28.863561975048498</x>
      <y>67.01572997122545</y>
      <orientation>-0.5092</orientation>
      <velocity>5.0</velocity>
      <steeringAngle>0.0</steeringAngle>
      <time>54</time>
    </ksState>
    <ksState>
      <x>-28.426994589986812</x>
      <y>66.77199052365819</y>
      <orientation>-0.5092</orientation>
      <velocity>5.0</velocity>
      <steeringAngle>0.0</steeringAngle>
      <time>55</time>
    </ksState>
    <ksState>
      <x>-28.003524226476976</x>
      <y>66.53556325951793</y>
      <orientation>-0.5092</orientation>
      <velocity>4.4</velocity>
      <steeringAngle>0.0</steeringAngle>
      <time>56</time>
    </ksState>
    <ksState>
      <x>-27.63244194917454</x>
      <y>66.32838472908574</y>
      <orientation>-0.5092</orientation>
      <velocity>3.8000000000000007</velocity>
      <steeringAngle>0.0</steeringAngle>
      <time>57</time>
    </ksState>
    <ksState>
      <x>-27.31374775807951</x>
      <y>66.15045493236163</y>
      <orientation>-0.5092</orientation>
      <velocity>3.200000000000001</velocity>
      <steeringAngle>0.0</steeringAngle>
      <time>58</time>
    </ksState>
    <ksState>
      <x>-27.047441653191882</x>
      <y>66.0017738693456</y>
      <orientation>-0.5092</orientation>
      <velocity>2.6000000000000014</velocity>
      <steeringAngle>0.0</steeringAngle>
      <time>59</time>
    </ksState>
    <ksState>
      <x>-26.833523634511657</x>
      <y>65.88234154003763</y>
      <orientation>-0.5092</orientation>
      <velocity>2.0000000000000018</velocity>
      <steeringAngle>0.0</steeringAngle>
      <time>60</time>
    </ksState>
    <ksState>
      <x>-26.65016533278575</x>
      <y>65.77997097205937</y>
      <orientation>-0.5092</orientation>
      <velocity>2.4000000000000004</velocity>
      <steeringAngle>0.0</steeringAngle>
      <time>61</time>
    </ksState>
    <ksState>
      <x>-26.431881640254907</x>
      <y>65.65810124827573</y>
      <orientation>-0.5092</orientation>
      <velocity>2.8000000000000007</velocity>
      <steeringAngle>0.0</steeringAngle>
      <time>62</time>
    </ksState>
    <ksState>
      <x>-26.17867255691913</x>
      <y>65.51673236868672</y>
      <orientation>-0.5092</orientation>
      <velocity>3.200000000000001</velocity>
      <steeringAngle>0.0</steeringAngle>
      <time>63</time>
    </ksState>
    <ksState>
      <x>-25.890538082778416</x>
      <y>65.35586433329232</y>
      <orientation>-0.5092</orientation>
      <velocity>3.6000000000000014</velocity>
      <steeringAngle>0.0</steeringAngle>
      <time>64</time>
    </ksState>
    <ksState>
      <x>-25.567478217832768</x>
      <y>65.17549714209252</y>
      <orientation>-0.5092</orientation>
      <velocity>4.000000000000002</velocity>
      <steeringAngle>0.0</steeringAngle>
      <time>65</time>
    </ksState>
    <ksState>
      <x>-25.226955657484652</x>
      <y>64.98538037299005</y>
      <orientation>-0.5092</orientation>
      <velocity>3.5999999999999996</velocity>
      <steeringAngle>0.0</steeringAngle>
      <time>66</time>
    </ksState>
    <ksState>
      <x>-24.921358487941472</x>
      <y>64.81476275969295</y>
      <orientation>-0.5092</orientation>
      <velocity>3.1999999999999993</velocity>
      <steeringAngle>0.0</steeringAngle>
      <time>67</time>
    </ksState>
    <ksState>
      <x>-24.650686709203228</x>
      <y>64.66364430220125</y>
      <orientation>-0.5092</orientation>
      <velocity>2.799999999999999</velocity>
      <steeringAngle>0.0</steeringAngle>
      <time>68</time>
    </ksState>
    <ksState>
      <x>-24.414940321269917</x>
      <y>64.5320250005149</y>
      <orientation>-0.5092</orientation>
      <velocity>2.3999999999999986</velocity>
      <steeringAngle>0.0</steeringAngle>
      <time>69</time>
    </ksState>
    <ksState>
      <x>-24.214119324141542</x>
      <y>64.41990485463397</y>
      <orientation>-0.5092</orientation>
      <velocity>1.9999999999999984</velocity>
      <steeringAngle>0.0</steeringAngle>
      <time>70</time>
    </ksState>
    <ksState>
      <x>-24.043858043967486</x>
      <y>64.32484647008273</y>
      <orientation>-0.5092</orientation>
      <velocity>1.7999999999999998</velocity>
      <steeringAngle>0.0</steeringAngle>
      <time>71</time>
    </ksState>
    <ksState>
      <x>-23.891059459195894</x>
      <y>64.23953766343419</y>
      <orientation>-0.5092</orientation>
      <velocity>1.5999999999999996</velocity>
      <steeringAngle>0.0</steeringAngle>
      <time>72</time>
    </ksState>
    <ksState>
      <x>-23.75572356982677</x>
      <y>64.16397843468833</y>
      <orientation>-0.5092</orientation>
      <velocity>1.3999999999999995</velocity>
      <steeringAngle>0.0</steeringAngle>
      <time>73</time>
    </ksState>
    <ksState>
      <x>-23.63785037586012</x>
      <y>64.09816878384517</y>
      <orientation>-0.5092</orientation>
      <velocity>1.1999999999999993</velocity>
      <steeringAngle>0.0</steeringAngle>
      <time>74</time>
    </ksState>
    <ksState>
      <x>-23.537439877295927</x>
      <y>64.04210871090469</y>
      <orientation>-0.5092</orientation>
      <velocity>0.9999999999999992</velocity>
      <steeringAngle>0.0</steeringAngle>
      <time>75</time>
    </ksState>
    <ksState>
      <x>-23.45449207413421</x>
      <y>63.995798215866905</y>
      <orientation>-0.5092</orientation>
      <velocity>0.8</velocity>
      <steeringAngle>0.0</steeringAngle>
      <time>76</time>
    </ksState>
    <ksState>
      <x>-23.389006966374954</x>
      <y>63.959237298731814</y>
      <orientation>-0.5092</orientation>
      <velocity>0.6000000000000001</velocity>
      <steeringAngle>0.0</steeringAngle>
      <time>77</time>
    </ksState>
    <ksState>
      <x>-23.340984554018167</x>
      <y>63.93242595949941</y>
      <orientation>-0.5092</orientation>
      <velocity>0.40000000000000013</velocity>
      <steeringAngle>0.0</steeringAngle>
      <time>78</time>
    </ksState>
    <ksState>
      <x>-23.310424837063852</x>
      <y>63.9153641981697</y>
      <orientation>-0.5092</orientation>
      <velocity>0.20000000000000015</velocity>
      <steeringAngle>0.0</steeringAngle>
      <time>79</time>
    </ksState>
    <ksState>
      <x>-23.297327815512</x>
      <y>63.90805201474268</y>
      <orientation>-0.5092</orientation>
      <velocity>1.3877787807814457e-16</velocity>
      <steeringAngle>0.0</steeringAngle>
      <time>80</time>
    </ksState>
    <ksState>
      <x>-23.297327815512</x>
      <y>63.90805201474268</y>
      <orientation>-0.5092</orientation>
      <velocity>0.0</velocity>
      <steeringAngle>0.0</steeringAngle>
      <time>81</time>
    </ksState>
    <ksState>
      <x>-23.297327815512</x>
      <y>63.90805201474268</y>
      <orientation>-0.5092</orientation>
      <velocity>0.0</velocity>
      <steeringAngle>0.0</steeringAngle>
      <time>82</time>
    </ksState>
    <ksState>
      <x>-23.297327815512</x>
      <y>63.90805201474268</y>
      <orientation>-0.5092</orientation>
      <velocity>0.0</velocity>
      <steeringAngle>0.0</steeringAngle>
      <time>83</time>
    </ksState>
    <ksState>
      <x>-23.297327815512</x>
      <y>63.90805201474268</y>
      <orientation>-0.5092</orientation>
      <velocity>0.0</velocity>
      <steeringAngle>0.0</steeringAngle>
      <time>84</time>
    </ksState>
    <ksState>
      <x>-23.297327815512</x>
      <y>63.90805201474268</y>
      <orientation>-0.5092</orientation>
      <velocity>0.0</velocity>
      <steeringAngle>0.0</steeringAngle>
      <time>85</time>
    </ksState>
    <ksState>
      <x>-23.297327815512</x>
      <y>63.90805201474268</y>
      <orientation>-0.5092</orientation>
      <velocity>0.0</velocity>
      <steeringAngle>0.0</steeringAngle>
      <time>86</time>
    </ksState>
    <ksState>
      <x>-23.297327815512</x>
      <y>63.90805201474268</y>
      <orientation>-0.5092</orientation>
      <velocity>0.0</velocity>
      <steeringAngle>0.0</steeringAngle>
      <time>87</time>
    </ksState>
    <ksState>
      <x>-23.297327815512</x>
      <y>63.90805201474268</y>
      <orientation>-0.5092</orientation>
      <velocity>0.0</velocity>
      <steeringAngle>0.0</steeringAngle>
      <time>88</time>
    </ksState>
    <ksState>
      <x>-23.297327815512</x>
      <y>63.90805201474268</y>
      <orientation>-0.5092</orientation>
      <velocity>0.0</velocity>
      <steeringAngle>0.0</steeringAngle>
      <time>89</time>
    </ksState>
    <ksState>
      <x>-23.297327815512</x>
      <y>63.90805201474268</y>
      <orientation>-0.5092</orientation>
      <velocity>0.0</velocity>
      <steeringAngle>0.0</steeringAngle>
      <time>90</time>
    </ksState>
    <ksState>
      <x>-23.297327815512</x>
      <y>63.90805201474268</y>
      <orientation>-0.5092</orientation>
      <velocity>0.0</velocity>
      <steeringAngle>0.0</steeringAngle>
      <time>91</time>
    </ksState>
    <ksState>
      <x>-23.297327815512</x>
      <y>63.90805201474268</y>
      <orientation>-0.5092</orientation>
      <velocity>0.0</velocity>
      <steeringAngle>0.0</steeringAngle>
      <time>92</time>
    </ksState>
    <ksState>
      <x>-23.297327815512</x>
      <y>63.90805201474268</y>
      <orientation>-0.5092</orientation>
      <velocity>0.0</velocity>
      <steeringAngle>0.0</steeringAngle>
      <time>93</time>
    </ksState>
    <ksState>
      <x>-23.297327815512</x>
      <y>63.90805201474268</y>
      <orientation>-0.5092</orientation>
      <velocity>0.0</velocity>
      <steeringAngle>0.0</steeringAngle>
      <time>94</time>
    </ksState>
    <ksState>
      <x>-23.297327815512</x>
      <y>63.90805201474268</y>
      <orientation>-0.5092</orientation>
      <velocity>0.0</velocity>
      <steeringAngle>0.0</steeringAngle>
      <time>95</time>
    </ksState>
    <ksState>
      <x>-23.297327815512</x>
      <y>63.90805201474268</y>
      <orientation>-0.5092</orientation>
      <velocity>0.0</velocity>
      <steeringAngle>0.0</steeringAngle>
      <time>96</time>
    </ksState>
    <ksState>
      <x>-23.297327815512</x>
      <y>63.90805201474268</y>
      <orientation>-0.5092</orientation>
      <velocity>0.0</velocity>
      <steeringAngle>0.0</steeringAngle>
      <time>97</time>
    </ksState>
    <ksState>
      <x>-23.297327815512</x>
      <y>63.90805201474268</y>
      <orientation>-0.5092</orientation>
      <velocity>0.0</velocity>
      <steeringAngle>0.0</steeringAngle>
      <time>98</time>
    </ksState>
    <ksState>
      <x>-23.297327815512</x>
      <y>63.90805201474268</y>
      <orientation>-0.5092</orientation>
      <velocity>0.0</velocity>
      <steeringAngle>0.0</steeringAngle>
      <time>99</time>
    </ksState>
    <ksState>
      <x>-23.297327815512</x>
      <y>63.90805201474268</y>
      <orientation>-0.5092</orientation>
      <velocity>0.0</velocity>
      <steeringAngle>0.0</steeringAngle>
      <time>100</time>
    </ksState>
    <ksState>
      <x>-23.297327815512</x>
      <y>63.90805201474268</y>
      <orientation>-0.5092</orientation>
      <velocity>0.0</velocity>
      <steeringAngle>0.0</steeringAngle>
      <time>101</time>
    </ksState>
    <ksState>
      <x>-23.297327815512</x>
      <y>63.90805201474268</y>
      <orientation>-0.5092</orientation>
      <velocity>0.0</velocity>
      <steeringAngle>0.0</steeringAngle>
      <time>102</time>
    </ksState>
    <ksState>
      <x>-23.297327815512</x>
      <y>63.90805201474268</y>
      <orientation>-0.5092</orientation>
      <velocity>0.0</velocity>
      <steeringAngle>0.0</steeringAngle>
      <time>103</time>
    </ksState>
    <ksState>
      <x>-23.297327815512</x>
      <y>63.90805201474268</y>
      <orientation>-0.5092</orientation>
      <velocity>0.0</velocity>
      <steeringAngle>0.0</steeringAngle>
      <time>104</time>
    </ksState>
    <ksState>
      <x>-23.297327815512</x>
      <y>63.90805201474268</y>
      <orientation>-0.5092</orientation>
      <velocity>0.0</velocity>
      <steeringAngle>0.0</steeringAngle>
      <time>105</time>
    </ksState>
    <ksState>
      <x>-23.297327815512</x>
      <y>63.90805201474268</y>
      <orientation>-0.5092</orientation>
      <velocity>0.0</velocity>
      <steeringAngle>0.0</steeringAngle>
      <time>106</time>
    </ksState>
    <ksState>
      <x>-23.297327815512</x>
      <y>63.90805201474268</y>
      <orientation>-0.5092</orientation>
      <velocity>0.0</velocity>
      <steeringAngle>0.0</steeringAngle>
      <time>107</time>
    </ksState>
    <ksState>
      <x>-23.297327815512</x>
      <y>63.90805201474268</y>
      <orientation>-0.5092</orientation>
      <velocity>0.0</velocity>
      <steeringAngle>0.0</steeringAngle>
      <time>108</time>
    </ksState>
    <ksState>
      <x>-23.297327815512</x>
      <y>63.90805201474268</y>
      <orientation>-0.5092</orientation>
      <velocity>0.0</velocity>
      <steeringAngle>0.0</steeringAngle>
      <time>109</time>
    </ksState>
    <ksState>
      <x>-23.297327815512</x>
      <y>63.90805201474268</y>
      <orientation>-0.5092</orientation>
      <velocity>0.0</velocity>
      <steeringAngle>0.0</steeringAngle>
      <time>110</time>
    </ksState>
    <ksState>
      <x>-23.297327815512</x>
      <y>63.90805201474268</y>
      <orientation>-0.5092</orientation>
      <velocity>0.0</velocity>
      <steeringAngle>0.0</steeringAngle>
      <time>111</time>
    </ksState>
    <ksState>
      <x>-23.297327815512</x>
      <y>63.90805201474268</y>
      <orientation>-0.5092</orientation>
      <velocity>0.0</velocity>
      <steeringAngle>0.0</steeringAngle>
      <time>112</time>
    </ksState>
    <ksState>
      <x>-23.297327815512</x>
      <y>63.90805201474268</y>
      <orientation>-0.5092</orientation>
      <velocity>0.0</velocity>
      <steeringAngle>0.0</steeringAngle>
      <time>113</time>
    </ksState>
    <ksState>
      <x>-23.297327815512</x>
      <y>63.90805201474268</y>
      <orientation>-0.5092</orientation>
      <velocity>0.0</velocity>
      <steeringAngle>0.0</steeringAngle>
      <time>114</time>
    </ksState>
    <ksState>
      <x>-23.297327815512</x>
      <y>63.90805201474268</y>
      <orientation>-0.5092</orientation>
      <velocity>0.0</velocity>
      <steeringAngle>0.0</steeringAngle>
      <time>115</time>
    </ksState>
    <ksState>
      <x>-23.297327815512</x>
      <y>63.90805201474268</y>
      <orientation>-0.5092</orientation>
      <velocity>0.0</velocity>
      <steeringAngle>0.0</steeringAngle>
      <time>116</time>
    </ksState>
    <ksState>
      <x>-23.297327815512</x>
      <y>63.90805201474268</y>
      <orientation>-0.5092</orientation>
      <velocity>0.0</velocity>
      <steeringAngle>0.0</steeringAngle>
      <time>117</time>
    </ksState>
    <ksState>
      <x>-23.297327815512</x>
      <y>63.90805201474268</y>
      <orientation>-0.5092</orientation>
      <velocity>0.0</velocity>
      <steeringAngle>0.0</steeringAngle>
      <time>118</time>
    </ksState>
    <ksState>
      <x>-23.297327815512</x>
      <y>63.90805201474268</y>
      <orientation>-0.5092</orientation>
      <velocity>0.0</velocity>
      <steeringAngle>0.0</steeringAngle>
      <time>119</time>
    </ksState>
    <ksState>
      <x>-23.297327815512</x>
      <y>63.90805201474268</y>
      <orientation>-0.5092</orientation>
      <velocity>0.0</velocity>
      <steeringAngle>0.0</steeringAngle>
      <time>120</time>
    </ksState>
    <ksState>
      <x>-23.297327815512</x>
      <y>63.90805201474268</y>
      <orientation>-0.5092</orientation>
      <velocity>0.0</velocity>
      <steeringAngle>0.0</steeringAngle>
      <time>121</time>
    </ksState>
    <ksState>
      <x>-23.297327815512</x>
      <y>63.90805201474268</y>
      <orientation>-0.5092</orientation>
      <velocity>0.0</velocity>
      <steeringAngle>0.0</steeringAngle>
      <time>122</time>
    </ksState>
    <ksState>
      <x>-23.297327815512</x>
      <y>63.90805201474268</y>
      <orientation>-0.5092</orientation>
      <velocity>0.0</velocity>
      <steeringAngle>0.0</steeringAngle>
      <time>123</time>
    </ksState>
    <ksState>
      <x>-23.297327815512</x>
      <y>63.90805201474268</y>
      <orientation>-0.5092</orientation>
      <velocity>0.0</velocity>
      <steeringAngle>0.0</steeringAngle>
      <time>124</time>
    </ksState>
    <ksState>
      <x>-23.297327815512</x>
      <y>63.90805201474268</y>
      <orientation>-0.5092</orientation>
      <velocity>0.0</velocity>
      <steeringAngle>0.0</steeringAngle>
      <time>125</time>
    </ksState>
    <ksState>
      <x>-23.297327815512</x>
      <y>63.90805201474268</y>
      <orientation>-0.5092</orientation>
      <velocity>0.0</velocity>
      <steeringAngle>0.0</steeringAngle>
      <time>126</time>
    </ksState>
    <ksState>
      <x>-23.297327815512</x>
      <y>63.90805201474268</y>
      <orientation>-0.5092</orientation>
      <velocity>0.0</velocity>
      <steeringAngle>0.0</steeringAngle>
      <time>127</time>
    </ksState>
    <ksState>
      <x>-23.297327815512</x>
      <y>63.90805201474268</y>
      <orientation>-0.5092</orientation>
      <velocity>0.0</velocity>
      <steeringAngle>0.0</steeringAngle>
      <time>128</time>
    </ksState>
    <ksState>
      <x>-23.297327815512</x>
      <y>63.90805201474268</y>
      <orientation>-0.5092</orientation>
      <velocity>0.0</velocity>
      <steeringAngle>0.0</steeringAngle>
      <time>129</time>
    </ksState>
    <ksState>
      <x>-23.297327815512</x>
      <y>63.90805201474268</y>
      <orientation>-0.5092</orientation>
      <velocity>0.0</velocity>
      <steeringAngle>0.0</steeringAngle>
      <time>130</time>
    </ksState>
    <ksState>
      <x>-23.297327815512</x>
      <y>63.90805201474268</y>
      <orientation>-0.5092</orientation>
      <velocity>0.0</velocity>
      <steeringAngle>0.0</steeringAngle>
      <time>131</time>
    </ksState>
    <ksState>
      <x>-23.297327815512</x>
      <y>63.90805201474268</y>
      <orientation>-0.5092</orientation>
      <velocity>0.0</velocity>
      <steeringAngle>0.0</steeringAngle>
      <time>132</time>
    </ksState>
    <ksState>
      <x>-23.297327815512</x>
      <y>63.90805201474268</y>
      <orientation>-0.5092</orientation>
      <velocity>0.0</velocity>
      <steeringAngle>0.0</steeringAngle>
      <time>133</time>
    </ksState>
    <ksState>
      <x>-23.297327815512</x>
      <y>63.90805201474268</y>
      <orientation>-0.5092</orientation>
      <velocity>0.0</velocity>
      <steeringAngle>0.0</steeringAngle>
      <time>134</time>
    </ksState>
    <ksState>
      <x>-23.297327815512</x>
      <y>63.90805201474268</y>
      <orientation>-0.5092</orientation>
      <velocity>0.0</velocity>
      <steeringAngle>0.0</steeringAngle>
      <time>135</time>
    </ksState>
    <ksState>
      <x>-23.297327815512</x>
      <y>63.90805201474268</y>
      <orientation>-0.5092</orientation>
      <velocity>0.0</velocity>
      <steeringAngle>0.0</steeringAngle>
      <time>136</time>
    </ksState>
    <ksState>
      <x>-23.297327815512</x>
      <y>63.90805201474268</y>
      <orientation>-0.5092</orientation>
      <velocity>0.0</velocity>
      <steeringAngle>0.0</steeringAngle>
      <time>137</time>
    </ksState>
    <ksState>
      <x>-23.297327815512</x>
      <y>63.90805201474268</y>
      <orientation>-0.5092</orientation>
      <velocity>0.0</velocity>
      <steeringAngle>0.0</steeringAngle>
      <time>138</time>
    </ksState>
    <ksState>
      <x>-23.297327815512</x>
      <y>63.90805201474268</y>
      <orientation>-0.5092</orientation>
      <velocity>0.0</velocity>
      <steeringAngle>0.0</steeringAngle>
      <time>139</time>
    </ksState>
    <ksState>
      <x>-23.297327815512</x>
      <y>63.90805201474268</y>
      <orientation>-0.5092</orientation>
      <velocity>0.0</velocity>
      <steeringAngle>0.0</steeringAngle>
      <time>140</time>
    </ksState>
    <ksState>
      <x>-23.297327815512</x>
      <y>63.90805201474268</y>
      <orientation>-0.5092</orientation>
      <velocity>0.0</velocity>
      <steeringAngle>0.0</steeringAngle>
      <time>141</time>
    </ksState>
    <ksState>
      <x>-23.297327815512</x>
      <y>63.90805201474268</y>
      <orientation>-0.5092</orientation>
      <velocity>0.0</velocity>
      <steeringAngle>0.0</steeringAngle>
      <time>142</time>
    </ksState>
    <ksState>
      <x>-23.297327815512</x>
      <y>63.90805201474268</y>
      <orientation>-0.5092</orientation>
      <velocity>0.0</velocity>
      <steeringAngle>0.0</steeringAngle>
      <time>143</time>
    </ksState>
    <ksState>
      <x>-23.297327815512</x>
      <y>63.90805201474268</y>
      <orientation>-0.5092</orientation>
      <velocity>0.0</velocity>
      <steeringAngle>0.0</steeringAngle>
      <time>144</time>
    </ksState>
    <ksState>
      <x>-23.297327815512</x>
      <y>63.90805201474268</y>
      <orientation>-0.5092</orientation>
      <velocity>0.0</velocity>
      <steeringAngle>0.0</steeringAngle>
      <time>145</time>
    </ksState>
    <ksState>
      <x>-23.297327815512</x>
      <y>63.90805201474268</y>
      <orientation>-0.5092</orientation>
      <velocity>0.0</velocity>
      <steeringAngle>0.0</steeringAngle>
      <time>146</time>
    </ksState>
    <ksState>
      <x>-23.297327815512</x>
      <y>63.90805201474268</y>
      <orientation>-0.5092</orientation>
      <velocity>0.0</velocity>
      <steeringAngle>0.0</steeringAngle>
      <time>147</time>
    </ksState>
    <ksState>
      <x>-23.297327815512</x>
      <y>63.90805201474268</y>
      <orientation>-0.5092</orientation>
      <velocity>0.0</velocity>
      <steeringAngle>0.0</steeringAngle>
      <time>148</time>
    </ksState>
    <ksState>
      <x>-23.297327815512</x>
      <y>63.90805201474268</y>
      <orientation>-0.5092</orientation>
      <velocity>0.0</velocity>
      <steeringAngle>0.0</steeringAngle>
      <time>149</time>
    </ksState>
    <ksState>
      <x>-23.297327815512</x>
      <y>63.90805201474268</y>
      <orientation>-0.5092</orientation>
      <velocity>0.0</velocity>
      <steeringAngle>0.0</steeringAngle>
      <time>150</time>
    </ksState>
    <ksState>
      <x>-23.297327815512</x>
      <y>63.90805201474268</y>
      <orientation>-0.5092</orientation>
      <velocity>0.0</velocity>
      <steeringAngle>0.0</steeringAngle>
      <time>151</time>
    </ksState>
    <ksState>
      <x>-23.297327815512</x>
      <y>63.90805201474268</y>
      <orientation>-0.5092</orientation>
      <velocity>0.0</velocity>
      <steeringAngle>0.0</steeringAngle>
      <time>152</time>
    </ksState>
    <ksState>
      <x>-23.297327815512</x>
      <y>63.90805201474268</y>
      <orientation>-0.5092</orientation>
      <velocity>0.0</velocity>
      <steeringAngle>0.0</steeringAngle>
      <time>153</time>
    </ksState>
    <ksState>
      <x>-23.297327815512</x>
      <y>63.90805201474268</y>
      <orientation>-0.5092</orientation>
      <velocity>0.0</velocity>
      <steeringAngle>0.0</steeringAngle>
      <time>154</time>
    </ksState>
    <ksState>
      <x>-23.297327815512</x>
      <y>63.90805201474268</y>
      <orientation>-0.5092</orientation>
      <velocity>0.0</velocity>
      <steeringAngle>0.0</steeringAngle>
      <time>155</time>
    </ksState>
  </ksTrajectory>
</CommonRoadSolution>
