<?xml version="1.0" ?>
<CommonRoadSolution benchmark_id="KS2:SM1:USA_US101-3_3_T-1:2018b" date="2019-11-18">
  <ksTrajectory planningProblem="396">
    <ksState>
      <x>-0.0</x>
      <y>0.0</y>
      <orientation>-0.72</orientation>
      <velocity>10.0</velocity>
      <steeringAngle>0.0</steeringAngle>
      <time>0</time>
    </ksState>
    <ksState>
      <x>0.7330105859123728</x>
      <y>-0.6429000551721863</y>
      <orientation>-0.72</orientation>
      <velocity>9.0</velocity>
      <steeringAngle>0.0</steeringAngle>
      <time>1</time>
    </ksState>
    <ksState>
      <x>1.3908405989106558</x>
      <y>-1.2198616431472253</y>
      <orientation>-0.72</orientation>
      <velocity>8.0</velocity>
      <steeringAngle>0.0</steeringAngle>
      <time>2</time>
    </ksState>
    <ksState>
      <x>1.9734900389948495</x>
      <y>-1.7308847639251168</y>
      <orientation>-0.72</orientation>
      <velocity>7.0</velocity>
      <steeringAngle>0.0</steeringAngle>
      <time>3</time>
    </ksState>
    <ksState>
      <x>2.480958906164954</x>
      <y>-2.1759694175058613</y>
      <orientation>-0.72</orientation>
      <velocity>6.0</velocity>
      <steeringAngle>0.0</steeringAngle>
      <time>4</time>
    </ksState>
    <ksState>
      <x>2.913247200420969</x>
      <y>-2.5551156038894587</y>
      <orientation>-0.72</orientation>
      <velocity>5.0</velocity>
      <steeringAngle>0.0</steeringAngle>
      <time>5</time>
    </ksState>
    <ksState>
      <x>3.285391036345712</x>
      <y>-2.8815110165153377</y>
      <orientation>-0.7187340331044794</orientation>
      <velocity>4.800000000000001</velocity>
      <steeringAngle>0.026650000000000004</steeringAngle>
      <time>6</time>
    </ksState>
    <ksState>
      <x>3.6432782804523822</x>
      <y>-3.1938271599131616</y>
      <orientation>-0.7126087206222363</orientation>
      <velocity>4.600000000000001</velocity>
      <steeringAngle>0.05330000000000001</steeringAngle>
      <time>7</time>
    </ksState>
    <ksState>
      <x>3.988256070290885</x>
      <y>-3.4904989532219988</y>
      <orientation>-0.7020292752583627</orientation>
      <velocity>4.400000000000002</velocity>
      <steeringAngle>0.07995000000000001</steeringAngle>
      <time>8</time>
    </ksState>
    <ksState>
      <x>4.321338178888374</x>
      <y>-3.7702829758009804</y>
      <orientation>-0.68739556644843</orientation>
      <velocity>4.200000000000003</velocity>
      <steeringAngle>0.10660000000000001</steeringAngle>
      <time>9</time>
    </ksState>
    <ksState>
      <x>4.643219579459676</x>
      <y>-4.032225899856844</y>
      <orientation>-0.6691032272034367</orientation>
      <velocity>4.0000000000000036</velocity>
      <steeringAngle>0.13325</steeringAngle>
      <time>10</time>
    </ksState>
    <ksState>
      <x>4.958251992458724</x>
      <y>-4.27870157049522</y>
      <orientation>-0.649362541747758</orientation>
      <velocity>4.0</velocity>
      <steeringAngle>0.1066</steeringAngle>
      <time>11</time>
    </ksState>
    <ksState>
      <x>5.277837849472197</x>
      <y>-4.5192470452064795</y>
      <orientation>-0.6338093149583107</orientation>
      <velocity>4.0</velocity>
      <steeringAngle>0.07995</steeringAngle>
      <time>12</time>
    </ksState>
    <ksState>
      <x>5.600881652794216</x>
      <y>-4.7551308234132765</y>
      <orientation>-0.6224212184509682</orientation>
      <velocity>4.0</velocity>
      <steeringAngle>0.053299999999999986</steeringAngle>
      <time>13</time>
    </ksState>
    <ksState>
      <x>5.92635039360872</x>
      <y>-4.9876591314018635</y>
      <orientation>-0.6151819789121196</orientation>
      <velocity>4.0</velocity>
      <steeringAngle>0.02664999999999998</steeringAngle>
      <time>14</time>
    </ksState>
    <ksState>
      <x>6.253256025231215</x>
      <y>-5.2181640924598724</y>
      <orientation>-0.6120812847254067</orientation>
      <velocity>4.0</velocity>
      <steeringAngle>-2.42861286636753e-17</steeringAngle>
      <time>15</time>
    </ksState>
    <ksState>
      <x>6.580637602494801</x>
      <y>-5.4479929480642255</y>
      <orientation>-0.613114727089097</orientation>
      <velocity>4.0</velocity>
      <steeringAngle>-0.026650000000000004</steeringAngle>
      <time>16</time>
    </ksState>
    <ksState>
      <x>6.907543234117297</x>
      <y>-5.6784979091222345</y>
      <orientation>-0.6182837749075374</orientation>
      <velocity>4.0</velocity>
      <steeringAngle>-0.05330000000000001</steeringAngle>
      <time>17</time>
    </ksState>
    <ksState>
      <x>7.2330119749318005</x>
      <y>-5.911026217110821</y>
      <orientation>-0.6275957831522377</orientation>
      <velocity>4.0</velocity>
      <steeringAngle>-0.07995000000000001</steeringAngle>
      <time>18</time>
    </ksState>
    <ksState>
      <x>7.556055778253819</x>
      <y>-6.1469099953176185</y>
      <orientation>-0.6410640347938943</orientation>
      <velocity>4.0</velocity>
      <steeringAngle>-0.10660000000000001</steeringAngle>
      <time>19</time>
    </ksState>
    <ksState>
      <x>7.875641635267293</x>
      <y>-6.387455470028878</y>
      <orientation>-0.6587078168145252</orientation>
      <velocity>4.0</velocity>
      <steeringAngle>-0.13325</steeringAngle>
      <time>20</time>
    </ksState>
    <ksState>
      <x>8.190674048266342</x>
      <y>-6.633931140667254</y>
      <orientation>-0.6794986375923483</orientation>
      <velocity>4.0</velocity>
      <steeringAngle>-0.13325</steeringAngle>
      <time>21</time>
    </ksState>
    <ksState>
      <x>8.500514313718874</x>
      <y>-6.886902853237937</y>
      <orientation>-0.7002894583701713</orientation>
      <velocity>4.0</velocity>
      <steeringAngle>-0.13325</steeringAngle>
      <time>22</time>
    </ksState>
    <ksState>
      <x>8.805028505444922</x>
      <y>-7.146261262575425</y>
      <orientation>-0.7210802791479944</orientation>
      <velocity>4.0</velocity>
      <steeringAngle>-0.13325</steeringAngle>
      <time>23</time>
    </ksState>
    <ksState>
      <x>9.104084999420781</x>
      <y>-7.41189426291143</y>
      <orientation>-0.7418710999258176</orientation>
      <velocity>4.0</velocity>
      <steeringAngle>-0.13325</steeringAngle>
      <time>24</time>
    </ksState>
    <ksState>
      <x>9.39755453067253</x>
      <y>-7.683687036331766</y>
      <orientation>-0.7626619207036407</orientation>
      <velocity>4.0</velocity>
      <steeringAngle>-0.13325</steeringAngle>
      <time>25</time>
    </ksState>
    <ksState>
      <x>9.67099466911455</x>
      <y>-7.947555564958779</y>
      <orientation>-0.7814680786526428</orientation>
      <velocity>3.2</velocity>
      <steeringAngle>-0.1066</steeringAngle>
      <time>26</time>
    </ksState>
    <ksState>
      <x>9.88330195440222</x>
      <y>-8.159509874576784</y>
      <orientation>-0.7931851881006422</orientation>
      <velocity>2.4000000000000004</velocity>
      <steeringAngle>-0.07995</steeringAngle>
      <time>27</time>
    </ksState>
    <ksState>
      <x>10.037383215709477</x>
      <y>-8.31654107570476</y>
      <orientation>-0.7995005895349208</orientation>
      <velocity>1.6000000000000005</velocity>
      <steeringAngle>-0.053299999999999986</steeringAngle>
      <time>28</time>
    </ksState>
    <ksState>
      <x>10.134901043398829</x>
      <y>-8.416991362592317</y>
      <orientation>-0.8020861057509184</orientation>
      <velocity>0.8000000000000006</velocity>
      <steeringAngle>-0.02664999999999998</steeringAngle>
      <time>29</time>
    </ksState>
    <ksState>
      <x>10.176607621209921</x>
      <y>-8.46012558601797</y>
      <orientation>-0.802602900351892</orientation>
      <velocity>5.551115123125783e-16</velocity>
      <steeringAngle>2.42861286636753e-17</steeringAngle>
      <time>30</time>
    </ksState>
  </ksTrajectory>
</CommonRoadSolution>
