<?xml version="1.0" ?>
<CommonRoadSolution benchmark_id="KS2:SM1:RUS_Bicycle-6_2_T-1:2018b" date="2019-11-17">
  <ksTrajectory planningProblem="11">
    <ksState>
      <x>2.5</x>
      <y>20.0</y>
      <orientation>0.0</orientation>
      <velocity>10.0</velocity>
      <steeringAngle>0.0</steeringAngle>
      <time>0</time>
    </ksState>
    <ksState>
      <x>3.5</x>
      <y>20.0</y>
      <orientation>-0.00258360590922583</orientation>
      <velocity>10.0</velocity>
      <steeringAngle>-0.026650000000000004</steeringAngle>
      <time>1</time>
    </ksState>
    <ksState>
      <x>4.499983308970592</x>
      <y>19.994832369565444</y>
      <orientation>-0.015506225455326665</orientation>
      <velocity>10.0</velocity>
      <steeringAngle>-0.05330000000000001</steeringAngle>
      <time>2</time>
    </ksState>
    <ksState>
      <x>5.499756155236616</x>
      <y>19.974156089760942</y>
      <orientation>-0.03878624606707765</orientation>
      <velocity>10.0</velocity>
      <steeringAngle>-0.07995000000000001</steeringAngle>
      <time>3</time>
    </ksState>
    <ksState>
      <x>6.498642622875829</x>
      <y>19.92762114573574</y>
      <orientation>-0.07245687517121892</orientation>
      <velocity>10.0</velocity>
      <steeringAngle>-0.10660000000000001</steeringAngle>
      <time>4</time>
    </ksState>
    <ksState>
      <x>7.495160562506174</x>
      <y>19.84489026908363</y>
      <orientation>-0.11656633022279633</orientation>
      <velocity>10.0</velocity>
      <steeringAngle>-0.13325</steeringAngle>
      <time>5</time>
    </ksState>
    <ksState>
      <x>8.481746324688235</x>
      <y>19.716413108054574</y>
      <orientation>-0.16568441198532413</orientation>
      <velocity>9.8</velocity>
      <steeringAngle>-0.1066</steeringAngle>
      <time>6</time>
    </ksState>
    <ksState>
      <x>9.441669337729298</x>
      <y>19.545900420580494</y>
      <orientation>-0.20360844962358018</orientation>
      <velocity>9.600000000000001</velocity>
      <steeringAngle>-0.07995</steeringAngle>
      <time>7</time>
    </ksState>
    <ksState>
      <x>10.375458227517857</x>
      <y>19.345868905157637</y>
      <orientation>-0.23081051712367048</orientation>
      <velocity>9.400000000000002</velocity>
      <steeringAngle>-0.053299999999999986</steeringAngle>
      <time>8</time>
    </ksState>
    <ksState>
      <x>11.284607560722971</x>
      <y>19.12757591597578</y>
      <orientation>-0.24774518514007932</orientation>
      <velocity>9.200000000000003</velocity>
      <steeringAngle>-0.02664999999999998</steeringAngle>
      <time>9</time>
    </ksState>
    <ksState>
      <x>12.171135120456341</x>
      <y>18.901104826866366</y>
      <orientation>-0.2548509457104269</orientation>
      <velocity>9.000000000000004</velocity>
      <steeringAngle>2.42861286636753e-17</steeringAngle>
      <time>10</time>
    </ksState>
    <ksState>
      <x>13.046904419751657</x>
      <y>18.672953266688065</y>
      <orientation>-0.2524998643330314</orientation>
      <velocity>9.2</velocity>
      <steeringAngle>0.026650000000000004</steeringAngle>
      <time>11</time>
    </ksState>
    <ksState>
      <x>13.943120773119004</x>
      <y>18.444006957841957</y>
      <orientation>-0.24053350945073315</orientation>
      <velocity>9.399999999999999</velocity>
      <steeringAngle>0.05330000000000001</steeringAngle>
      <time>12</time>
    </ksState>
    <ksState>
      <x>14.861993567901834</x>
      <y>18.22337903149803</y>
      <orientation>-0.2185209259581555</orientation>
      <velocity>9.599999999999998</velocity>
      <steeringAngle>0.07995000000000001</steeringAngle>
      <time>13</time>
    </ksState>
    <ksState>
      <x>15.805560270040248</x>
      <y>18.021252563520747</y>
      <orientation>-0.1860157540222903</orientation>
      <velocity>9.799999999999997</velocity>
      <steeringAngle>0.10660000000000001</steeringAngle>
      <time>14</time>
    </ksState>
    <ksState>
      <x>16.7753285561174</x>
      <y>17.848990514702038</y>
      <orientation>-0.14255485619507527</orientation>
      <velocity>9.999999999999996</velocity>
      <steeringAngle>0.13325</steeringAngle>
      <time>15</time>
    </ksState>
    <ksState>
      <x>17.76686359956095</x>
      <y>17.719802991093253</y>
      <orientation>-0.09057780425051751</orientation>
      <velocity>10.0</velocity>
      <steeringAngle>0.13325</steeringAngle>
      <time>16</time>
    </ksState>
    <ksState>
      <x>18.76377133564754</x>
      <y>17.642303801655647</y>
      <orientation>-0.03860075230595976</orientation>
      <velocity>10.0</velocity>
      <steeringAngle>0.13325</steeringAngle>
      <time>17</time>
    </ksState>
    <ksState>
      <x>19.763359110842664</x>
      <y>17.616702272146064</y>
      <orientation>0.013376299638597988</orientation>
      <velocity>10.0</velocity>
      <steeringAngle>0.13325</steeringAngle>
      <time>18</time>
    </ksState>
    <ksState>
      <x>20.762927032810765</x>
      <y>17.643067552443092</y>
      <orientation>0.06535335158315575</orientation>
      <velocity>10.0</velocity>
      <steeringAngle>0.13325</steeringAngle>
      <time>19</time>
    </ksState>
    <ksState>
      <x>21.759775262839966</x>
      <y>17.72132842977287</y>
      <orientation>0.11733040352771348</orientation>
      <velocity>10.0</velocity>
      <steeringAngle>0.13325</steeringAngle>
      <time>20</time>
    </ksState>
    <ksState>
      <x>22.726467622883252</x>
      <y>17.847702801126708</y>
      <orientation>0.1680080291736573</orientation>
      <velocity>9.0</velocity>
      <steeringAngle>0.13325</steeringAngle>
      <time>21</time>
    </ksState>
    <ksState>
      <x>23.587370746471144</x>
      <y>18.003799527948775</y>
      <orientation>0.21348794962514533</orientation>
      <velocity>8.0</velocity>
      <steeringAngle>0.13325</steeringAngle>
      <time>22</time>
    </ksState>
    <ksState>
      <x>24.34304565230935</x>
      <y>18.17560057651276</y>
      <orientation>0.2537701648821776</orientation>
      <velocity>7.0</velocity>
      <steeringAngle>0.13325</steeringAngle>
      <time>23</time>
    </ksState>
    <ksState>
      <x>24.994890972376098</x>
      <y>18.3507720195156</y>
      <orientation>0.28885467494475403</orientation>
      <velocity>6.0</velocity>
      <steeringAngle>0.13325</steeringAngle>
      <time>24</time>
    </ksState>
    <ksState>
      <x>25.544815672696245</x>
      <y>18.518664142323136</y>
      <orientation>0.31874147981287476</orientation>
      <velocity>5.0</velocity>
      <steeringAngle>0.13325</steeringAngle>
      <time>25</time>
    </ksState>
  </ksTrajectory>
</CommonRoadSolution>
