<?xml version="1.0" ?>
<CommonRoadSolution benchmark_id="KS2:SM1:USA_US101-4_2_T-1:2018b" date="2019-11-17">
  <ksTrajectory planningProblem="458">
    <ksState>
      <x>-0.0</x>
      <y>-0.0</y>
      <orientation>-0.77</orientation>
      <velocity>5.0</velocity>
      <steeringAngle>0.0</steeringAngle>
      <time>0</time>
    </ksState>
    <ksState>
      <x>0.3517762281093622</x>
      <y>-0.34110626692740476</y>
      <orientation>-0.77</orientation>
      <velocity>4.6</velocity>
      <steeringAngle>0.0</steeringAngle>
      <time>1</time>
    </ksState>
    <ksState>
      <x>0.6748360294342867</x>
      <y>-0.6543671243097152</y>
      <orientation>-0.77</orientation>
      <velocity>4.199999999999999</velocity>
      <steeringAngle>0.0</steeringAngle>
      <time>2</time>
    </ksState>
    <ksState>
      <x>0.9691794039747733</x>
      <y>-0.9397825721469315</y>
      <orientation>-0.77</orientation>
      <velocity>3.799999999999999</velocity>
      <steeringAngle>0.0</steeringAngle>
      <time>3</time>
    </ksState>
    <ksState>
      <x>1.2348063517308223</x>
      <y>-1.1973526104390533</y>
      <orientation>-0.77</orientation>
      <velocity>3.3999999999999986</velocity>
      <steeringAngle>0.0</steeringAngle>
      <time>4</time>
    </ksState>
    <ksState>
      <x>1.4717168727024337</x>
      <y>-1.427077239186081</y>
      <orientation>-0.77</orientation>
      <velocity>2.9999999999999982</velocity>
      <steeringAngle>0.0</steeringAngle>
      <time>5</time>
    </ksState>
    <ksState>
      <x>1.6870900735857166</x>
      <y>-1.6359178107742882</y>
      <orientation>-0.77</orientation>
      <velocity>3.0</velocity>
      <steeringAngle>0.0</steeringAngle>
      <time>6</time>
    </ksState>
    <ksState>
      <x>1.9024632744689998</x>
      <y>-1.8447583823624951</y>
      <orientation>-0.77</orientation>
      <velocity>3.0</velocity>
      <steeringAngle>0.0</steeringAngle>
      <time>7</time>
    </ksState>
    <ksState>
      <x>2.1178364753522825</x>
      <y>-2.0535989539507025</y>
      <orientation>-0.77</orientation>
      <velocity>3.0</velocity>
      <steeringAngle>0.0</steeringAngle>
      <time>8</time>
    </ksState>
    <ksState>
      <x>2.333209676235566</x>
      <y>-2.2624395255389094</y>
      <orientation>-0.77</orientation>
      <velocity>3.0</velocity>
      <steeringAngle>0.0</steeringAngle>
      <time>9</time>
    </ksState>
    <ksState>
      <x>2.5485828771188483</x>
      <y>-2.4712800971271163</y>
      <orientation>-0.77</orientation>
      <velocity>3.0</velocity>
      <steeringAngle>0.0</steeringAngle>
      <time>10</time>
    </ksState>
    <ksState>
      <x>2.7639560780021313</x>
      <y>-2.680120668715323</y>
      <orientation>-0.77</orientation>
      <velocity>3.0</velocity>
      <steeringAngle>0.0</steeringAngle>
      <time>11</time>
    </ksState>
    <ksState>
      <x>2.979329278885414</x>
      <y>-2.8889612403035305</y>
      <orientation>-0.77</orientation>
      <velocity>3.0</velocity>
      <steeringAngle>0.0</steeringAngle>
      <time>12</time>
    </ksState>
    <ksState>
      <x>3.194702479768697</x>
      <y>-3.0978018118917374</y>
      <orientation>-0.77</orientation>
      <velocity>3.0</velocity>
      <steeringAngle>0.0</steeringAngle>
      <time>13</time>
    </ksState>
    <ksState>
      <x>3.4100756806519805</x>
      <y>-3.3066423834799443</y>
      <orientation>-0.77</orientation>
      <velocity>3.0</velocity>
      <steeringAngle>0.0</steeringAngle>
      <time>14</time>
    </ksState>
    <ksState>
      <x>3.625448881535263</x>
      <y>-3.5154829550681512</y>
      <orientation>-0.77</orientation>
      <velocity>3.0</velocity>
      <steeringAngle>0.0</steeringAngle>
      <time>15</time>
    </ksState>
    <ksState>
      <x>3.840822082418546</x>
      <y>-3.724323526656358</y>
      <orientation>-0.77</orientation>
      <velocity>3.0</velocity>
      <steeringAngle>0.0</steeringAngle>
      <time>16</time>
    </ksState>
    <ksState>
      <x>4.056195283301829</x>
      <y>-3.9331640982445655</y>
      <orientation>-0.77</orientation>
      <velocity>3.0</velocity>
      <steeringAngle>0.0</steeringAngle>
      <time>17</time>
    </ksState>
    <ksState>
      <x>4.271568484185112</x>
      <y>-4.142004669832772</y>
      <orientation>-0.77</orientation>
      <velocity>3.0</velocity>
      <steeringAngle>0.0</steeringAngle>
      <time>18</time>
    </ksState>
    <ksState>
      <x>4.486941685068395</x>
      <y>-4.35084524142098</y>
      <orientation>-0.77</orientation>
      <velocity>3.0</velocity>
      <steeringAngle>0.0</steeringAngle>
      <time>19</time>
    </ksState>
    <ksState>
      <x>4.702314885951678</x>
      <y>-4.559685813009186</y>
      <orientation>-0.77</orientation>
      <velocity>3.0</velocity>
      <steeringAngle>0.0</steeringAngle>
      <time>20</time>
    </ksState>
    <ksState>
      <x>4.917688086834961</x>
      <y>-4.7685263845973935</y>
      <orientation>-0.77</orientation>
      <velocity>3.0</velocity>
      <steeringAngle>0.0</steeringAngle>
      <time>21</time>
    </ksState>
    <ksState>
      <x>5.1330612877182435</x>
      <y>-4.9773669561856</y>
      <orientation>-0.77</orientation>
      <velocity>3.0</velocity>
      <steeringAngle>0.0</steeringAngle>
      <time>22</time>
    </ksState>
    <ksState>
      <x>5.3484344886015265</x>
      <y>-5.186207527773807</y>
      <orientation>-0.77</orientation>
      <velocity>3.0</velocity>
      <steeringAngle>0.0</steeringAngle>
      <time>23</time>
    </ksState>
    <ksState>
      <x>5.563807689484809</x>
      <y>-5.395048099362015</y>
      <orientation>-0.77</orientation>
      <velocity>3.0</velocity>
      <steeringAngle>0.0</steeringAngle>
      <time>24</time>
    </ksState>
    <ksState>
      <x>5.779180890368092</x>
      <y>-5.603888670950221</y>
      <orientation>-0.77</orientation>
      <velocity>3.0</velocity>
      <steeringAngle>0.0</steeringAngle>
      <time>25</time>
    </ksState>
    <ksState>
      <x>5.983785431207211</x>
      <y>-5.802287213959018</y>
      <orientation>-0.77</orientation>
      <velocity>2.4000000000000004</velocity>
      <steeringAngle>0.0</steeringAngle>
      <time>26</time>
    </ksState>
    <ksState>
      <x>6.145315331869673</x>
      <y>-5.958917642650173</y>
      <orientation>-0.77</orientation>
      <velocity>1.8000000000000005</velocity>
      <steeringAngle>0.0</steeringAngle>
      <time>27</time>
    </ksState>
    <ksState>
      <x>6.263770592355479</x>
      <y>-6.073779957023687</y>
      <orientation>-0.77</orientation>
      <velocity>1.2000000000000004</velocity>
      <steeringAngle>0.0</steeringAngle>
      <time>28</time>
    </ksState>
    <ksState>
      <x>6.339151212664628</x>
      <y>-6.1468741570795595</y>
      <orientation>-0.77</orientation>
      <velocity>0.6000000000000003</velocity>
      <steeringAngle>0.0</steeringAngle>
      <time>29</time>
    </ksState>
    <ksState>
      <x>6.371457192797121</x>
      <y>-6.178200242817791</y>
      <orientation>-0.77</orientation>
      <velocity>2.220446049250313e-16</velocity>
      <steeringAngle>0.0</steeringAngle>
      <time>30</time>
    </ksState>
  </ksTrajectory>
</CommonRoadSolution>
