<?xml version="1.0" ?>
<CommonRoadSolution benchmark_id="KS2:SM1:DEU_Muc-9_1_T-1:2018b" date="2019-11-17">
  <ksTrajectory planningProblem="0">
    <ksState>
      <x>-69.6322</x>
      <y>-120.5303</y>
      <orientation>0.8989</orientation>
      <velocity>7.0</velocity>
      <steeringAngle>0.0</steeringAngle>
      <time>0</time>
    </ksState>
    <ksState>
      <x>-69.21203190515413</x>
      <y>-120.0020162012009</y>
      <orientation>0.8989</orientation>
      <velocity>6.0</velocity>
      <steeringAngle>0.0</steeringAngle>
      <time>1</time>
    </ksState>
    <ksState>
      <x>-68.85411093547063</x>
      <y>-119.55199666889057</y>
      <orientation>0.8989</orientation>
      <velocity>5.0</velocity>
      <steeringAngle>0.0</steeringAngle>
      <time>2</time>
    </ksState>
    <ksState>
      <x>-68.55843709094947</x>
      <y>-119.18024140306898</y>
      <orientation>0.8989</orientation>
      <velocity>4.0</velocity>
      <steeringAngle>0.0</steeringAngle>
      <time>3</time>
    </ksState>
    <ksState>
      <x>-68.32501037159066</x>
      <y>-118.88675040373614</y>
      <orientation>0.8989</orientation>
      <velocity>3.0</velocity>
      <steeringAngle>0.0</steeringAngle>
      <time>4</time>
    </ksState>
    <ksState>
      <x>-68.1538307773942</x>
      <y>-118.67152367089207</y>
      <orientation>0.8989</orientation>
      <velocity>2.0</velocity>
      <steeringAngle>0.0</steeringAngle>
      <time>5</time>
    </ksState>
    <ksState>
      <x>-68.03556123958575</x>
      <y>-118.52282156456344</y>
      <orientation>0.8989</orientation>
      <velocity>1.6</velocity>
      <steeringAngle>0.0</steeringAngle>
      <time>6</time>
    </ksState>
    <ksState>
      <x>-67.94219055184222</x>
      <y>-118.4054251648303</y>
      <orientation>0.8989</orientation>
      <velocity>1.2000000000000002</velocity>
      <steeringAngle>0.0</steeringAngle>
      <time>7</time>
    </ksState>
    <ksState>
      <x>-67.87371871416363</x>
      <y>-118.31933447169267</y>
      <orientation>0.8989</orientation>
      <velocity>0.8000000000000003</velocity>
      <steeringAngle>0.0</steeringAngle>
      <time>8</time>
    </ksState>
    <ksState>
      <x>-67.83014572654999</x>
      <y>-118.26454948515055</y>
      <orientation>0.8989</orientation>
      <velocity>0.4000000000000003</velocity>
      <steeringAngle>0.0</steeringAngle>
      <time>9</time>
    </ksState>
    <ksState>
      <x>-67.81147158900129</x>
      <y>-118.24107020520393</y>
      <orientation>0.8989</orientation>
      <velocity>2.7755575615628914e-16</velocity>
      <steeringAngle>0.0</steeringAngle>
      <time>10</time>
    </ksState>
    <ksState>
      <x>-67.81147158900129</x>
      <y>-118.24107020520393</y>
      <orientation>0.8989</orientation>
      <velocity>0.0</velocity>
      <steeringAngle>0.0</steeringAngle>
      <time>11</time>
    </ksState>
    <ksState>
      <x>-67.81147158900129</x>
      <y>-118.24107020520393</y>
      <orientation>0.8989</orientation>
      <velocity>0.0</velocity>
      <steeringAngle>0.0</steeringAngle>
      <time>12</time>
    </ksState>
    <ksState>
      <x>-67.81147158900129</x>
      <y>-118.24107020520393</y>
      <orientation>0.8989</orientation>
      <velocity>0.0</velocity>
      <steeringAngle>0.0</steeringAngle>
      <time>13</time>
    </ksState>
    <ksState>
      <x>-67.81147158900129</x>
      <y>-118.24107020520393</y>
      <orientation>0.8989</orientation>
      <velocity>0.0</velocity>
      <steeringAngle>0.0</steeringAngle>
      <time>14</time>
    </ksState>
    <ksState>
      <x>-67.81147158900129</x>
      <y>-118.24107020520393</y>
      <orientation>0.8989</orientation>
      <velocity>0.0</velocity>
      <steeringAngle>0.0</steeringAngle>
      <time>15</time>
    </ksState>
    <ksState>
      <x>-67.81147158900129</x>
      <y>-118.24107020520393</y>
      <orientation>0.8989</orientation>
      <velocity>0.0</velocity>
      <steeringAngle>0.0</steeringAngle>
      <time>16</time>
    </ksState>
    <ksState>
      <x>-67.81147158900129</x>
      <y>-118.24107020520393</y>
      <orientation>0.8989</orientation>
      <velocity>0.0</velocity>
      <steeringAngle>0.0</steeringAngle>
      <time>17</time>
    </ksState>
    <ksState>
      <x>-67.81147158900129</x>
      <y>-118.24107020520393</y>
      <orientation>0.8989</orientation>
      <velocity>0.0</velocity>
      <steeringAngle>0.0</steeringAngle>
      <time>18</time>
    </ksState>
    <ksState>
      <x>-67.81147158900129</x>
      <y>-118.24107020520393</y>
      <orientation>0.8989</orientation>
      <velocity>0.0</velocity>
      <steeringAngle>0.0</steeringAngle>
      <time>19</time>
    </ksState>
    <ksState>
      <x>-67.81147158900129</x>
      <y>-118.24107020520393</y>
      <orientation>0.8989</orientation>
      <velocity>0.0</velocity>
      <steeringAngle>0.0</steeringAngle>
      <time>20</time>
    </ksState>
    <ksState>
      <x>-67.81147158900129</x>
      <y>-118.24107020520393</y>
      <orientation>0.8989</orientation>
      <velocity>0.0</velocity>
      <steeringAngle>0.0</steeringAngle>
      <time>21</time>
    </ksState>
    <ksState>
      <x>-67.81147158900129</x>
      <y>-118.24107020520393</y>
      <orientation>0.8989</orientation>
      <velocity>0.0</velocity>
      <steeringAngle>0.0</steeringAngle>
      <time>22</time>
    </ksState>
    <ksState>
      <x>-67.81147158900129</x>
      <y>-118.24107020520393</y>
      <orientation>0.8989</orientation>
      <velocity>0.0</velocity>
      <steeringAngle>0.0</steeringAngle>
      <time>23</time>
    </ksState>
    <ksState>
      <x>-67.81147158900129</x>
      <y>-118.24107020520393</y>
      <orientation>0.8989</orientation>
      <velocity>0.0</velocity>
      <steeringAngle>0.0</steeringAngle>
      <time>24</time>
    </ksState>
    <ksState>
      <x>-67.81147158900129</x>
      <y>-118.24107020520393</y>
      <orientation>0.8989</orientation>
      <velocity>0.0</velocity>
      <steeringAngle>0.0</steeringAngle>
      <time>25</time>
    </ksState>
    <ksState>
      <x>-67.81147158900129</x>
      <y>-118.24107020520393</y>
      <orientation>0.8989</orientation>
      <velocity>0.0</velocity>
      <steeringAngle>0.0</steeringAngle>
      <time>26</time>
    </ksState>
    <ksState>
      <x>-67.81147158900129</x>
      <y>-118.24107020520393</y>
      <orientation>0.8989</orientation>
      <velocity>0.0</velocity>
      <steeringAngle>0.0</steeringAngle>
      <time>27</time>
    </ksState>
    <ksState>
      <x>-67.81147158900129</x>
      <y>-118.24107020520393</y>
      <orientation>0.8989</orientation>
      <velocity>0.0</velocity>
      <steeringAngle>0.0</steeringAngle>
      <time>28</time>
    </ksState>
    <ksState>
      <x>-67.81147158900129</x>
      <y>-118.24107020520393</y>
      <orientation>0.8989</orientation>
      <velocity>0.0</velocity>
      <steeringAngle>0.0</steeringAngle>
      <time>29</time>
    </ksState>
    <ksState>
      <x>-67.81147158900129</x>
      <y>-118.24107020520393</y>
      <orientation>0.8989</orientation>
      <velocity>0.0</velocity>
      <steeringAngle>0.0</steeringAngle>
      <time>30</time>
    </ksState>
    <ksState>
      <x>-67.81147158900129</x>
      <y>-118.24107020520393</y>
      <orientation>0.8989</orientation>
      <velocity>0.0</velocity>
      <steeringAngle>0.0</steeringAngle>
      <time>31</time>
    </ksState>
    <ksState>
      <x>-67.81147158900129</x>
      <y>-118.24107020520393</y>
      <orientation>0.8989</orientation>
      <velocity>0.0</velocity>
      <steeringAngle>0.0</steeringAngle>
      <time>32</time>
    </ksState>
    <ksState>
      <x>-67.81147158900129</x>
      <y>-118.24107020520393</y>
      <orientation>0.8989</orientation>
      <velocity>0.0</velocity>
      <steeringAngle>0.0</steeringAngle>
      <time>33</time>
    </ksState>
    <ksState>
      <x>-67.81147158900129</x>
      <y>-118.24107020520393</y>
      <orientation>0.8989</orientation>
      <velocity>0.0</velocity>
      <steeringAngle>0.0</steeringAngle>
      <time>34</time>
    </ksState>
    <ksState>
      <x>-67.81147158900129</x>
      <y>-118.24107020520393</y>
      <orientation>0.8989</orientation>
      <velocity>0.0</velocity>
      <steeringAngle>0.0</steeringAngle>
      <time>35</time>
    </ksState>
    <ksState>
      <x>-67.81147158900129</x>
      <y>-118.24107020520393</y>
      <orientation>0.8989</orientation>
      <velocity>0.0</velocity>
      <steeringAngle>0.0</steeringAngle>
      <time>36</time>
    </ksState>
    <ksState>
      <x>-67.81147158900129</x>
      <y>-118.24107020520393</y>
      <orientation>0.8989</orientation>
      <velocity>0.0</velocity>
      <steeringAngle>0.0</steeringAngle>
      <time>37</time>
    </ksState>
    <ksState>
      <x>-67.81147158900129</x>
      <y>-118.24107020520393</y>
      <orientation>0.8989</orientation>
      <velocity>0.0</velocity>
      <steeringAngle>0.0</steeringAngle>
      <time>38</time>
    </ksState>
    <ksState>
      <x>-67.81147158900129</x>
      <y>-118.24107020520393</y>
      <orientation>0.8989</orientation>
      <velocity>0.0</velocity>
      <steeringAngle>0.0</steeringAngle>
      <time>39</time>
    </ksState>
    <ksState>
      <x>-67.81147158900129</x>
      <y>-118.24107020520393</y>
      <orientation>0.8989</orientation>
      <velocity>0.0</velocity>
      <steeringAngle>0.0</steeringAngle>
      <time>40</time>
    </ksState>
    <ksState>
      <x>-67.81147158900129</x>
      <y>-118.24107020520393</y>
      <orientation>0.8989</orientation>
      <velocity>0.0</velocity>
      <steeringAngle>0.0</steeringAngle>
      <time>41</time>
    </ksState>
    <ksState>
      <x>-67.81147158900129</x>
      <y>-118.24107020520393</y>
      <orientation>0.8989</orientation>
      <velocity>0.0</velocity>
      <steeringAngle>0.0</steeringAngle>
      <time>42</time>
    </ksState>
    <ksState>
      <x>-67.81147158900129</x>
      <y>-118.24107020520393</y>
      <orientation>0.8989</orientation>
      <velocity>0.0</velocity>
      <steeringAngle>0.0</steeringAngle>
      <time>43</time>
    </ksState>
    <ksState>
      <x>-67.81147158900129</x>
      <y>-118.24107020520393</y>
      <orientation>0.8989</orientation>
      <velocity>0.0</velocity>
      <steeringAngle>0.0</steeringAngle>
      <time>44</time>
    </ksState>
    <ksState>
      <x>-67.81147158900129</x>
      <y>-118.24107020520393</y>
      <orientation>0.8989</orientation>
      <velocity>0.0</velocity>
      <steeringAngle>0.0</steeringAngle>
      <time>45</time>
    </ksState>
    <ksState>
      <x>-67.81147158900129</x>
      <y>-118.24107020520393</y>
      <orientation>0.8989</orientation>
      <velocity>0.0</velocity>
      <steeringAngle>0.0</steeringAngle>
      <time>46</time>
    </ksState>
    <ksState>
      <x>-67.81147158900129</x>
      <y>-118.24107020520393</y>
      <orientation>0.8989</orientation>
      <velocity>0.0</velocity>
      <steeringAngle>0.0</steeringAngle>
      <time>47</time>
    </ksState>
    <ksState>
      <x>-67.81147158900129</x>
      <y>-118.24107020520393</y>
      <orientation>0.8989</orientation>
      <velocity>0.0</velocity>
      <steeringAngle>0.0</steeringAngle>
      <time>48</time>
    </ksState>
    <ksState>
      <x>-67.81147158900129</x>
      <y>-118.24107020520393</y>
      <orientation>0.8989</orientation>
      <velocity>0.0</velocity>
      <steeringAngle>0.0</steeringAngle>
      <time>49</time>
    </ksState>
    <ksState>
      <x>-67.81147158900129</x>
      <y>-118.24107020520393</y>
      <orientation>0.8989</orientation>
      <velocity>0.0</velocity>
      <steeringAngle>0.0</steeringAngle>
      <time>50</time>
    </ksState>
    <ksState>
      <x>-67.81147158900129</x>
      <y>-118.24107020520393</y>
      <orientation>0.8989</orientation>
      <velocity>0.0</velocity>
      <steeringAngle>0.0</steeringAngle>
      <time>51</time>
    </ksState>
    <ksState>
      <x>-67.81147158900129</x>
      <y>-118.24107020520393</y>
      <orientation>0.8989</orientation>
      <velocity>0.0</velocity>
      <steeringAngle>0.0</steeringAngle>
      <time>52</time>
    </ksState>
    <ksState>
      <x>-67.81147158900129</x>
      <y>-118.24107020520393</y>
      <orientation>0.8989</orientation>
      <velocity>0.0</velocity>
      <steeringAngle>0.0</steeringAngle>
      <time>53</time>
    </ksState>
    <ksState>
      <x>-67.81147158900129</x>
      <y>-118.24107020520393</y>
      <orientation>0.8989</orientation>
      <velocity>0.0</velocity>
      <steeringAngle>0.0</steeringAngle>
      <time>54</time>
    </ksState>
    <ksState>
      <x>-67.81147158900129</x>
      <y>-118.24107020520393</y>
      <orientation>0.8989</orientation>
      <velocity>0.0</velocity>
      <steeringAngle>0.0</steeringAngle>
      <time>55</time>
    </ksState>
    <ksState>
      <x>-67.81147158900129</x>
      <y>-118.24107020520393</y>
      <orientation>0.8989</orientation>
      <velocity>0.0</velocity>
      <steeringAngle>0.0</steeringAngle>
      <time>56</time>
    </ksState>
    <ksState>
      <x>-67.81147158900129</x>
      <y>-118.24107020520393</y>
      <orientation>0.8989</orientation>
      <velocity>0.0</velocity>
      <steeringAngle>0.0</steeringAngle>
      <time>57</time>
    </ksState>
    <ksState>
      <x>-67.81147158900129</x>
      <y>-118.24107020520393</y>
      <orientation>0.8989</orientation>
      <velocity>0.0</velocity>
      <steeringAngle>0.0</steeringAngle>
      <time>58</time>
    </ksState>
    <ksState>
      <x>-67.81147158900129</x>
      <y>-118.24107020520393</y>
      <orientation>0.8989</orientation>
      <velocity>0.0</velocity>
      <steeringAngle>0.0</steeringAngle>
      <time>59</time>
    </ksState>
    <ksState>
      <x>-67.81147158900129</x>
      <y>-118.24107020520393</y>
      <orientation>0.8989</orientation>
      <velocity>0.0</velocity>
      <steeringAngle>0.0</steeringAngle>
      <time>60</time>
    </ksState>
    <ksState>
      <x>-67.80835923274317</x>
      <y>-118.23715699187949</y>
      <orientation>0.8989</orientation>
      <velocity>0.2</velocity>
      <steeringAngle>0.0</steeringAngle>
      <time>61</time>
    </ksState>
    <ksState>
      <x>-67.79279745145259</x>
      <y>-118.2175909252573</y>
      <orientation>0.8989</orientation>
      <velocity>0.4</velocity>
      <steeringAngle>0.0</steeringAngle>
      <time>62</time>
    </ksState>
    <ksState>
      <x>-67.76478624512953</x>
      <y>-118.18237200533736</y>
      <orientation>0.8989</orientation>
      <velocity>0.6</velocity>
      <steeringAngle>0.0</steeringAngle>
      <time>63</time>
    </ksState>
    <ksState>
      <x>-67.724325613774</x>
      <y>-118.13150023211966</y>
      <orientation>0.8989</orientation>
      <velocity>0.7999999999999999</velocity>
      <steeringAngle>0.0</steeringAngle>
      <time>64</time>
    </ksState>
    <ksState>
      <x>-67.671415557386</x>
      <y>-118.06497560560423</y>
      <orientation>0.8989</orientation>
      <velocity>0.9999999999999999</velocity>
      <steeringAngle>0.0</steeringAngle>
      <time>65</time>
    </ksState>
    <ksState>
      <x>-67.5998313634493</x>
      <y>-117.97497169914216</y>
      <orientation>0.8989</orientation>
      <velocity>1.6</velocity>
      <steeringAngle>0.0</steeringAngle>
      <time>66</time>
    </ksState>
    <ksState>
      <x>-67.49089889441518</x>
      <y>-117.83800923278685</y>
      <orientation>0.8989</orientation>
      <velocity>2.2</velocity>
      <steeringAngle>0.0</steeringAngle>
      <time>67</time>
    </ksState>
    <ksState>
      <x>-67.34461815028367</x>
      <y>-117.65408820653828</y>
      <orientation>0.8989</orientation>
      <velocity>2.8</velocity>
      <steeringAngle>0.0</steeringAngle>
      <time>68</time>
    </ksState>
    <ksState>
      <x>-67.16098913105473</x>
      <y>-117.42320862039644</y>
      <orientation>0.8989</orientation>
      <velocity>3.3999999999999995</velocity>
      <steeringAngle>0.0</steeringAngle>
      <time>69</time>
    </ksState>
    <ksState>
      <x>-66.94001183672839</x>
      <y>-117.14537047436137</y>
      <orientation>0.8989</orientation>
      <velocity>3.999999999999999</velocity>
      <steeringAngle>0.0</steeringAngle>
      <time>70</time>
    </ksState>
    <ksState>
      <x>-66.69413569233711</x>
      <y>-116.83622662173079</y>
      <orientation>0.8989</orientation>
      <velocity>3.8</velocity>
      <steeringAngle>0.0</steeringAngle>
      <time>71</time>
    </ksState>
    <ksState>
      <x>-66.4607089729783</x>
      <y>-116.54273562239796</y>
      <orientation>0.8989</orientation>
      <velocity>3.5999999999999996</velocity>
      <steeringAngle>0.0</steeringAngle>
      <time>72</time>
    </ksState>
    <ksState>
      <x>-66.23973167865196</x>
      <y>-116.26489747636288</y>
      <orientation>0.8989</orientation>
      <velocity>3.3999999999999995</velocity>
      <steeringAngle>0.0</steeringAngle>
      <time>73</time>
    </ksState>
    <ksState>
      <x>-66.03120380935809</x>
      <y>-116.00271218362555</y>
      <orientation>0.8989</orientation>
      <velocity>3.1999999999999993</velocity>
      <steeringAngle>0.0</steeringAngle>
      <time>74</time>
    </ksState>
    <ksState>
      <x>-65.83512536509669</x>
      <y>-115.75617974418597</y>
      <orientation>0.8989</orientation>
      <velocity>2.999999999999999</velocity>
      <steeringAngle>0.0</steeringAngle>
      <time>75</time>
    </ksState>
    <ksState>
      <x>-65.64838398960964</x>
      <y>-115.52138694471971</y>
      <orientation>0.8989</orientation>
      <velocity>3.0</velocity>
      <steeringAngle>0.0</steeringAngle>
      <time>76</time>
    </ksState>
    <ksState>
      <x>-65.4616426141226</x>
      <y>-115.28659414525345</y>
      <orientation>0.8989</orientation>
      <velocity>3.0</velocity>
      <steeringAngle>0.0</steeringAngle>
      <time>77</time>
    </ksState>
    <ksState>
      <x>-65.27490123863554</x>
      <y>-115.05180134578718</y>
      <orientation>0.8989</orientation>
      <velocity>3.0</velocity>
      <steeringAngle>0.0</steeringAngle>
      <time>78</time>
    </ksState>
    <ksState>
      <x>-65.08815986314849</x>
      <y>-114.81700854632092</y>
      <orientation>0.8989</orientation>
      <velocity>3.0</velocity>
      <steeringAngle>0.0</steeringAngle>
      <time>79</time>
    </ksState>
    <ksState>
      <x>-64.90141848766145</x>
      <y>-114.58221574685464</y>
      <orientation>0.8989</orientation>
      <velocity>3.0</velocity>
      <steeringAngle>0.0</steeringAngle>
      <time>80</time>
    </ksState>
    <ksState>
      <x>-64.71778946843251</x>
      <y>-114.35133616071282</y>
      <orientation>0.8989</orientation>
      <velocity>2.8</velocity>
      <steeringAngle>0.0</steeringAngle>
      <time>81</time>
    </ksState>
    <ksState>
      <x>-64.54660987423605</x>
      <y>-114.13610942786875</y>
      <orientation>0.8989</orientation>
      <velocity>2.5999999999999996</velocity>
      <steeringAngle>0.0</steeringAngle>
      <time>82</time>
    </ksState>
    <ksState>
      <x>-64.38787970507207</x>
      <y>-113.93653554832241</y>
      <orientation>0.8989</orientation>
      <velocity>2.3999999999999995</velocity>
      <steeringAngle>0.0</steeringAngle>
      <time>83</time>
    </ksState>
    <ksState>
      <x>-64.24159896094054</x>
      <y>-113.75261452207384</y>
      <orientation>0.8989</orientation>
      <velocity>2.1999999999999993</velocity>
      <steeringAngle>0.0</steeringAngle>
      <time>84</time>
    </ksState>
    <ksState>
      <x>-64.10776764184149</x>
      <y>-113.58434634912302</y>
      <orientation>0.8989</orientation>
      <velocity>1.9999999999999991</velocity>
      <steeringAngle>0.0</steeringAngle>
      <time>85</time>
    </ksState>
    <ksState>
      <x>-63.980161035258675</x>
      <y>-113.42390460282108</y>
      <orientation>0.8989</orientation>
      <velocity>2.2</velocity>
      <steeringAngle>0.0</steeringAngle>
      <time>86</time>
    </ksState>
    <ksState>
      <x>-63.84010500364339</x>
      <y>-113.24781000322137</y>
      <orientation>0.8989</orientation>
      <velocity>2.4000000000000004</velocity>
      <steeringAngle>0.0</steeringAngle>
      <time>87</time>
    </ksState>
    <ksState>
      <x>-63.687599546995635</x>
      <y>-113.05606255032393</y>
      <orientation>0.8989</orientation>
      <velocity>2.6000000000000005</velocity>
      <steeringAngle>0.0</steeringAngle>
      <time>88</time>
    </ksState>
    <ksState>
      <x>-63.522644665315404</x>
      <y>-112.84866224412873</y>
      <orientation>0.8989</orientation>
      <velocity>2.8000000000000007</velocity>
      <steeringAngle>0.0</steeringAngle>
      <time>89</time>
    </ksState>
    <ksState>
      <x>-63.34524035860271</x>
      <y>-112.62560908463578</y>
      <orientation>0.8989</orientation>
      <velocity>3.000000000000001</velocity>
      <steeringAngle>0.0</steeringAngle>
      <time>90</time>
    </ksState>
    <ksState>
      <x>-63.1647236956319</x>
      <y>-112.3986427118184</y>
      <orientation>0.8989</orientation>
      <velocity>2.5999999999999996</velocity>
      <steeringAngle>0.0</steeringAngle>
      <time>91</time>
    </ksState>
    <ksState>
      <x>-63.009105882726026</x>
      <y>-112.20298204559651</y>
      <orientation>0.8989</orientation>
      <velocity>2.1999999999999993</velocity>
      <steeringAngle>0.0</steeringAngle>
      <time>92</time>
    </ksState>
    <ksState>
      <x>-62.87838691988509</x>
      <y>-112.03862708597012</y>
      <orientation>0.8989</orientation>
      <velocity>1.7999999999999994</velocity>
      <steeringAngle>0.0</steeringAngle>
      <time>93</time>
    </ksState>
    <ksState>
      <x>-62.772566807109094</x>
      <y>-111.90557783293924</y>
      <orientation>0.8989</orientation>
      <velocity>1.3999999999999995</velocity>
      <steeringAngle>0.0</steeringAngle>
      <time>94</time>
    </ksState>
    <ksState>
      <x>-62.69164554439804</x>
      <y>-111.80383428650386</y>
      <orientation>0.8989</orientation>
      <velocity>0.9999999999999996</velocity>
      <steeringAngle>0.0</steeringAngle>
      <time>95</time>
    </ksState>
    <ksState>
      <x>-62.62939841923569</x>
      <y>-111.7255700200151</y>
      <orientation>0.8989</orientation>
      <velocity>1.0</velocity>
      <steeringAngle>0.0</steeringAngle>
      <time>96</time>
    </ksState>
    <ksState>
      <x>-62.56715129407334</x>
      <y>-111.64730575352635</y>
      <orientation>0.8989</orientation>
      <velocity>1.0</velocity>
      <steeringAngle>0.0</steeringAngle>
      <time>97</time>
    </ksState>
    <ksState>
      <x>-62.504904168911</x>
      <y>-111.5690414870376</y>
      <orientation>0.8989</orientation>
      <velocity>1.0</velocity>
      <steeringAngle>0.0</steeringAngle>
      <time>98</time>
    </ksState>
    <ksState>
      <x>-62.442657043748646</x>
      <y>-111.49077722054884</y>
      <orientation>0.8989</orientation>
      <velocity>1.0</velocity>
      <steeringAngle>0.0</steeringAngle>
      <time>99</time>
    </ksState>
    <ksState>
      <x>-62.380409918586295</x>
      <y>-111.41251295406008</y>
      <orientation>0.8989</orientation>
      <velocity>1.0</velocity>
      <steeringAngle>0.0</steeringAngle>
      <time>100</time>
    </ksState>
    <ksState>
      <x>-62.31505043716583</x>
      <y>-111.33033547424688</y>
      <orientation>0.8989</orientation>
      <velocity>1.2000000000000002</velocity>
      <steeringAngle>0.0</steeringAngle>
      <time>101</time>
    </ksState>
    <ksState>
      <x>-62.23724153071289</x>
      <y>-111.23250514113595</y>
      <orientation>0.8989</orientation>
      <velocity>1.4000000000000004</velocity>
      <steeringAngle>0.0</steeringAngle>
      <time>102</time>
    </ksState>
    <ksState>
      <x>-62.146983199227485</x>
      <y>-111.11902195472724</y>
      <orientation>0.8989</orientation>
      <velocity>1.6000000000000005</velocity>
      <steeringAngle>0.0</steeringAngle>
      <time>103</time>
    </ksState>
    <ksState>
      <x>-62.04427544270961</x>
      <y>-110.9898859150208</y>
      <orientation>0.8989</orientation>
      <velocity>1.8000000000000007</velocity>
      <steeringAngle>0.0</steeringAngle>
      <time>104</time>
    </ksState>
    <ksState>
      <x>-61.92911826115926</x>
      <y>-110.8450970220166</y>
      <orientation>0.8989</orientation>
      <velocity>2.000000000000001</velocity>
      <steeringAngle>0.0</steeringAngle>
      <time>105</time>
    </ksState>
    <ksState>
      <x>-61.78906222954397</x>
      <y>-110.66900242241691</y>
      <orientation>0.8989</orientation>
      <velocity>3.0</velocity>
      <steeringAngle>0.0</steeringAngle>
      <time>106</time>
    </ksState>
    <ksState>
      <x>-61.58675907276634</x>
      <y>-110.41464355632846</y>
      <orientation>0.8989</orientation>
      <velocity>4.0</velocity>
      <steeringAngle>0.0</steeringAngle>
      <time>107</time>
    </ksState>
    <ksState>
      <x>-61.32220879082635</x>
      <y>-110.08202042375125</y>
      <orientation>0.8989</orientation>
      <velocity>5.0</velocity>
      <steeringAngle>0.0</steeringAngle>
      <time>108</time>
    </ksState>
    <ksState>
      <x>-60.99541138372402</x>
      <y>-109.67113302468528</y>
      <orientation>0.8989</orientation>
      <velocity>6.0</velocity>
      <steeringAngle>0.0</steeringAngle>
      <time>109</time>
    </ksState>
    <ksState>
      <x>-60.606366851459335</x>
      <y>-109.18198135913056</y>
      <orientation>0.8989</orientation>
      <velocity>7.0</velocity>
      <steeringAngle>0.0</steeringAngle>
      <time>110</time>
    </ksState>
    <ksState>
      <x>-60.15818755029042</x>
      <y>-108.61847864041152</y>
      <orientation>0.8989</orientation>
      <velocity>7.800000000000001</velocity>
      <steeringAngle>0.0</steeringAngle>
      <time>111</time>
    </ksState>
    <ksState>
      <x>-59.66021054899162</x>
      <y>-107.9923645085015</y>
      <orientation>0.8989</orientation>
      <velocity>8.600000000000001</velocity>
      <steeringAngle>0.0</steeringAngle>
      <time>112</time>
    </ksState>
    <ksState>
      <x>-59.11243584756295</x>
      <y>-107.30363896340045</y>
      <orientation>0.8989</orientation>
      <velocity>9.400000000000002</velocity>
      <steeringAngle>0.0</steeringAngle>
      <time>113</time>
    </ksState>
    <ksState>
      <x>-58.5148634460044</x>
      <y>-106.5523020051084</y>
      <orientation>0.8989</orientation>
      <velocity>10.200000000000003</velocity>
      <steeringAngle>0.0</steeringAngle>
      <time>114</time>
    </ksState>
    <ksState>
      <x>-57.86749334431596</x>
      <y>-105.73835363362535</y>
      <orientation>0.8989</orientation>
      <velocity>10.997021226415097</velocity>
      <steeringAngle>0.0</steeringAngle>
      <time>115</time>
    </ksState>
    <ksState>
      <x>-57.173437898755765</x>
      <y>-104.86570706227573</y>
      <orientation>0.8989</orientation>
      <velocity>11.600000000000001</velocity>
      <steeringAngle>0.0</steeringAngle>
      <time>116</time>
    </ksState>
    <ksState>
      <x>-56.44203417809816</x>
      <y>-103.94610193103287</y>
      <orientation>0.8989</orientation>
      <velocity>12.200000000000003</velocity>
      <steeringAngle>0.0</steeringAngle>
      <time>117</time>
    </ksState>
    <ksState>
      <x>-55.673282182343144</x>
      <y>-102.97953823989674</y>
      <orientation>0.8989</orientation>
      <velocity>12.800000000000004</velocity>
      <steeringAngle>0.0</steeringAngle>
      <time>118</time>
    </ksState>
    <ksState>
      <x>-54.86718191149072</x>
      <y>-101.96601598886737</y>
      <orientation>0.8989</orientation>
      <velocity>13.400000000000006</velocity>
      <steeringAngle>0.0</steeringAngle>
      <time>119</time>
    </ksState>
    <ksState>
      <x>-54.023733365540885</x>
      <y>-100.90553517794474</y>
      <orientation>0.8989</orientation>
      <velocity>14.000000000000007</velocity>
      <steeringAngle>0.0</steeringAngle>
      <time>120</time>
    </ksState>
    <ksState>
      <x>-53.16783539455858</x>
      <y>-99.82940151372436</y>
      <orientation>0.8989</orientation>
      <velocity>13.0</velocity>
      <steeringAngle>0.0</steeringAngle>
      <time>121</time>
    </ksState>
  </ksTrajectory>
</CommonRoadSolution>
