<?xml version="1.0" ?>
<CommonRoadSolution benchmark_id="KS2:SM1:USA_US101-26_2_T-1:2018b" date="2019-11-18">
  <ksTrajectory planningProblem="33">
    <ksState>
      <x>0.0</x>
      <y>0.0</y>
      <orientation>-0.69407</orientation>
      <velocity>13.0</velocity>
      <steeringAngle>0.0</steeringAngle>
      <time>0</time>
    </ksState>
    <ksState>
      <x>0.9800273832257337</x>
      <y>-0.8155803627648968</y>
      <orientation>-0.69407</orientation>
      <velocity>12.0</velocity>
      <steeringAngle>0.0</steeringAngle>
      <time>1</time>
    </ksState>
    <ksState>
      <x>1.8831898736494495</x>
      <y>-1.5671936382541156</y>
      <orientation>-0.69407</orientation>
      <velocity>11.0</velocity>
      <steeringAngle>0.0</steeringAngle>
      <time>2</time>
    </ksState>
    <ksState>
      <x>2.7094874712711463</x>
      <y>-2.2548398264676557</y>
      <orientation>-0.69407</orientation>
      <velocity>10.0</velocity>
      <steeringAngle>0.0</steeringAngle>
      <time>3</time>
    </ksState>
    <ksState>
      <x>3.458920176090825</x>
      <y>-2.8785189274055183</y>
      <orientation>-0.69407</orientation>
      <velocity>9.0</velocity>
      <steeringAngle>0.0</steeringAngle>
      <time>4</time>
    </ksState>
    <ksState>
      <x>4.131487988108486</x>
      <y>-3.4382309410677023</y>
      <orientation>-0.69407</orientation>
      <velocity>8.0</velocity>
      <steeringAngle>0.0</steeringAngle>
      <time>5</time>
    </ksState>
    <ksState>
      <x>4.727190907324128</x>
      <y>-3.9339758674542082</y>
      <orientation>-0.69407</orientation>
      <velocity>7.0</velocity>
      <steeringAngle>0.0</steeringAngle>
      <time>6</time>
    </ksState>
    <ksState>
      <x>5.246028933737751</x>
      <y>-4.365753706565036</y>
      <orientation>-0.69407</orientation>
      <velocity>6.0</velocity>
      <steeringAngle>0.0</steeringAngle>
      <time>7</time>
    </ksState>
    <ksState>
      <x>5.688002067349357</x>
      <y>-4.733564458400186</y>
      <orientation>-0.69407</orientation>
      <velocity>5.0</velocity>
      <steeringAngle>0.0</steeringAngle>
      <time>8</time>
    </ksState>
    <ksState>
      <x>6.053110308158944</x>
      <y>-5.037408122959657</y>
      <orientation>-0.69407</orientation>
      <velocity>4.0</velocity>
      <steeringAngle>0.0</steeringAngle>
      <time>9</time>
    </ksState>
    <ksState>
      <x>6.341353656166513</x>
      <y>-5.27728470024345</y>
      <orientation>-0.69407</orientation>
      <velocity>3.0</velocity>
      <steeringAngle>0.0</steeringAngle>
      <time>10</time>
    </ksState>
    <ksState>
      <x>6.591164557773072</x>
      <y>-5.485177733889404</y>
      <orientation>-0.69407</orientation>
      <velocity>4.0</velocity>
      <steeringAngle>0.0</steeringAngle>
      <time>11</time>
    </ksState>
    <ksState>
      <x>6.917840352181651</x>
      <y>-5.757037854811037</y>
      <orientation>-0.69407</orientation>
      <velocity>5.0</velocity>
      <steeringAngle>0.0</steeringAngle>
      <time>12</time>
    </ksState>
    <ksState>
      <x>7.3213810393922465</x>
      <y>-6.092865063008347</y>
      <orientation>-0.69407</orientation>
      <velocity>6.0</velocity>
      <steeringAngle>0.0</steeringAngle>
      <time>13</time>
    </ksState>
    <ksState>
      <x>7.8017866194048615</x>
      <y>-6.492659358481335</y>
      <orientation>-0.69407</orientation>
      <velocity>7.0</velocity>
      <steeringAngle>0.0</steeringAngle>
      <time>14</time>
    </ksState>
    <ksState>
      <x>8.359057092219494</x>
      <y>-6.956420741230002</y>
      <orientation>-0.69407</orientation>
      <velocity>8.0</velocity>
      <steeringAngle>0.0</steeringAngle>
      <time>15</time>
    </ksState>
    <ksState>
      <x>8.985505968555945</x>
      <y>-7.47775250252678</y>
      <orientation>-0.69407</orientation>
      <velocity>8.600000000000001</velocity>
      <steeringAngle>0.0</steeringAngle>
      <time>16</time>
    </ksState>
    <ksState>
      <x>9.658073780573604</x>
      <y>-8.037464516188964</y>
      <orientation>-0.69407</orientation>
      <velocity>9.200000000000003</velocity>
      <steeringAngle>0.0</steeringAngle>
      <time>17</time>
    </ksState>
    <ksState>
      <x>10.376760528272476</x>
      <y>-8.635556782216554</y>
      <orientation>-0.69407</orientation>
      <velocity>9.800000000000004</velocity>
      <steeringAngle>0.0</steeringAngle>
      <time>18</time>
    </ksState>
    <ksState>
      <x>11.14156621165256</x>
      <y>-9.272029300609553</y>
      <orientation>-0.69407</orientation>
      <velocity>10.400000000000006</velocity>
      <steeringAngle>0.0</steeringAngle>
      <time>19</time>
    </ksState>
    <ksState>
      <x>11.952490830713852</x>
      <y>-9.946882071367959</y>
      <orientation>-0.69407</orientation>
      <velocity>11.000000000000007</velocity>
      <steeringAngle>0.0</steeringAngle>
      <time>20</time>
    </ksState>
    <ksState>
      <x>12.809534385456358</x>
      <y>-10.66011509449177</y>
      <orientation>-0.69407</orientation>
      <velocity>11.600000000000001</velocity>
      <steeringAngle>0.0</steeringAngle>
      <time>21</time>
    </ksState>
    <ksState>
      <x>13.712696875880074</x>
      <y>-11.41172836998099</y>
      <orientation>-0.69407</orientation>
      <velocity>12.200000000000003</velocity>
      <steeringAngle>0.0</steeringAngle>
      <time>22</time>
    </ksState>
    <ksState>
      <x>14.661978301985</x>
      <y>-12.201721897835615</y>
      <orientation>-0.69407</orientation>
      <velocity>12.800000000000004</velocity>
      <steeringAngle>0.0</steeringAngle>
      <time>23</time>
    </ksState>
    <ksState>
      <x>15.657378663771137</x>
      <y>-13.030095678055648</y>
      <orientation>-0.69407</orientation>
      <velocity>13.400000000000006</velocity>
      <steeringAngle>0.0</steeringAngle>
      <time>24</time>
    </ksState>
    <ksState>
      <x>16.698897961238487</x>
      <y>-13.896849710641089</y>
      <orientation>-0.69407</orientation>
      <velocity>14.000000000000007</velocity>
      <steeringAngle>0.0</steeringAngle>
      <time>25</time>
    </ksState>
    <ksState>
      <x>17.771163215826643</x>
      <y>-14.789190578136798</y>
      <orientation>-0.69407</orientation>
      <velocity>13.8</velocity>
      <steeringAngle>0.0</steeringAngle>
      <time>26</time>
    </ksState>
    <ksState>
      <x>18.828055491854393</x>
      <y>-15.668738028177374</y>
      <orientation>-0.69407</orientation>
      <velocity>13.600000000000001</velocity>
      <steeringAngle>0.0</steeringAngle>
      <time>27</time>
    </ksState>
    <ksState>
      <x>19.869574789321742</x>
      <y>-16.535492060762813</y>
      <orientation>-0.69407</orientation>
      <velocity>13.400000000000002</velocity>
      <steeringAngle>0.0</steeringAngle>
      <time>28</time>
    </ksState>
    <ksState>
      <x>20.895721108228688</x>
      <y>-17.389452675893118</y>
      <orientation>-0.69407</orientation>
      <velocity>13.200000000000003</velocity>
      <steeringAngle>0.0</steeringAngle>
      <time>29</time>
    </ksState>
    <ksState>
      <x>21.90649444857523</x>
      <y>-18.230619873568287</y>
      <orientation>-0.69407</orientation>
      <velocity>13.000000000000004</velocity>
      <steeringAngle>0.0</steeringAngle>
      <time>30</time>
    </ksState>
    <ksState>
      <x>22.90189481036137</x>
      <y>-19.05899365378832</y>
      <orientation>-0.69407</orientation>
      <velocity>12.8</velocity>
      <steeringAngle>0.0</steeringAngle>
      <time>31</time>
    </ksState>
    <ksState>
      <x>23.8819221935871</x>
      <y>-19.874574016553215</y>
      <orientation>-0.69407</orientation>
      <velocity>12.600000000000001</velocity>
      <steeringAngle>0.0</steeringAngle>
      <time>32</time>
    </ksState>
    <ksState>
      <x>24.846576598252433</x>
      <y>-20.677360961862977</y>
      <orientation>-0.69407</orientation>
      <velocity>12.400000000000002</velocity>
      <steeringAngle>0.0</steeringAngle>
      <time>33</time>
    </ksState>
    <ksState>
      <x>25.795858024357358</x>
      <y>-21.467354489717604</y>
      <orientation>-0.69407</orientation>
      <velocity>12.200000000000003</velocity>
      <steeringAngle>0.0</steeringAngle>
      <time>34</time>
    </ksState>
    <ksState>
      <x>26.729766471901883</x>
      <y>-22.244554600117095</y>
      <orientation>-0.69407</orientation>
      <velocity>12.000000000000004</velocity>
      <steeringAngle>0.0</steeringAngle>
      <time>35</time>
    </ksState>
    <ksState>
      <x>27.652145185526102</x>
      <y>-23.012159647425232</y>
      <orientation>-0.69407</orientation>
      <velocity>12.0</velocity>
      <steeringAngle>0.0</steeringAngle>
      <time>36</time>
    </ksState>
    <ksState>
      <x>28.57452389915032</x>
      <y>-23.77976469473337</y>
      <orientation>-0.69407</orientation>
      <velocity>12.0</velocity>
      <steeringAngle>0.0</steeringAngle>
      <time>37</time>
    </ksState>
    <ksState>
      <x>29.496902612774544</x>
      <y>-24.54736974204151</y>
      <orientation>-0.69407</orientation>
      <velocity>12.0</velocity>
      <steeringAngle>0.0</steeringAngle>
      <time>38</time>
    </ksState>
    <ksState>
      <x>30.419281326398764</x>
      <y>-25.314974789349648</y>
      <orientation>-0.69407</orientation>
      <velocity>12.0</velocity>
      <steeringAngle>0.0</steeringAngle>
      <time>39</time>
    </ksState>
    <ksState>
      <x>31.341660040022983</x>
      <y>-26.082579836657786</y>
      <orientation>-0.69407</orientation>
      <velocity>12.0</velocity>
      <steeringAngle>0.0</steeringAngle>
      <time>40</time>
    </ksState>
    <ksState>
      <x>32.2448225304467</x>
      <y>-26.834193112147005</y>
      <orientation>-0.69407</orientation>
      <velocity>11.0</velocity>
      <steeringAngle>0.0</steeringAngle>
      <time>41</time>
    </ksState>
    <ksState>
      <x>33.071120128068394</x>
      <y>-27.521839300360543</y>
      <orientation>-0.69407</orientation>
      <velocity>10.0</velocity>
      <steeringAngle>0.0</steeringAngle>
      <time>42</time>
    </ksState>
    <ksState>
      <x>33.820552832888076</x>
      <y>-28.145518401298407</y>
      <orientation>-0.69407</orientation>
      <velocity>9.0</velocity>
      <steeringAngle>0.0</steeringAngle>
      <time>43</time>
    </ksState>
    <ksState>
      <x>34.49312064490574</x>
      <y>-28.705230414960592</y>
      <orientation>-0.69407</orientation>
      <velocity>8.0</velocity>
      <steeringAngle>0.0</steeringAngle>
      <time>44</time>
    </ksState>
    <ksState>
      <x>35.08882356412138</x>
      <y>-29.200975341347096</y>
      <orientation>-0.69407</orientation>
      <velocity>7.0</velocity>
      <steeringAngle>0.0</steeringAngle>
      <time>45</time>
    </ksState>
    <ksState>
      <x>35.615348079815206</x>
      <y>-29.639149889185493</y>
      <orientation>-0.69407</orientation>
      <velocity>6.4</velocity>
      <steeringAngle>0.0</steeringAngle>
      <time>46</time>
    </ksState>
    <ksState>
      <x>36.095753659827814</x>
      <y>-30.03894418465848</y>
      <orientation>-0.69407</orientation>
      <velocity>5.800000000000001</velocity>
      <steeringAngle>0.0</steeringAngle>
      <time>47</time>
    </ksState>
    <ksState>
      <x>36.53004030415922</x>
      <y>-30.400358227766063</y>
      <orientation>-0.69407</orientation>
      <velocity>5.200000000000001</velocity>
      <steeringAngle>0.0</steeringAngle>
      <time>48</time>
    </ksState>
    <ksState>
      <x>36.918208012809416</x>
      <y>-30.723392018508235</y>
      <orientation>-0.69407</orientation>
      <velocity>4.600000000000001</velocity>
      <steeringAngle>0.0</steeringAngle>
      <time>49</time>
    </ksState>
    <ksState>
      <x>37.260256785778395</x>
      <y>-31.008045556885005</y>
      <orientation>-0.69407</orientation>
      <velocity>4.000000000000002</velocity>
      <steeringAngle>0.0</steeringAngle>
      <time>50</time>
    </ksState>
    <ksState>
      <x>37.586932580186975</x>
      <y>-31.27990567780664</y>
      <orientation>-0.69407</orientation>
      <velocity>5.0</velocity>
      <steeringAngle>0.0</steeringAngle>
      <time>51</time>
    </ksState>
    <ksState>
      <x>37.99047326739757</x>
      <y>-31.615732886003947</y>
      <orientation>-0.69407</orientation>
      <velocity>6.0</velocity>
      <steeringAngle>0.0</steeringAngle>
      <time>52</time>
    </ksState>
    <ksState>
      <x>38.470878847410184</x>
      <y>-32.01552718147693</y>
      <orientation>-0.69407</orientation>
      <velocity>7.0</velocity>
      <steeringAngle>0.0</steeringAngle>
      <time>53</time>
    </ksState>
    <ksState>
      <x>39.02814932022482</x>
      <y>-32.479288564225605</y>
      <orientation>-0.69407</orientation>
      <velocity>8.0</velocity>
      <steeringAngle>0.0</steeringAngle>
      <time>54</time>
    </ksState>
    <ksState>
      <x>39.66228468584147</x>
      <y>-33.00701703424995</y>
      <orientation>-0.69407</orientation>
      <velocity>8.995108823529412</velocity>
      <steeringAngle>0.0</steeringAngle>
      <time>55</time>
    </ksState>
    <ksState>
      <x>40.36175521033984</x>
      <y>-33.58911752845862</y>
      <orientation>-0.69407</orientation>
      <velocity>9.399999999999999</velocity>
      <steeringAngle>0.0</steeringAngle>
      <time>56</time>
    </ksState>
    <ksState>
      <x>41.09197169195901</x>
      <y>-34.19680485757756</y>
      <orientation>-0.69407</orientation>
      <velocity>9.799999999999997</velocity>
      <steeringAngle>0.0</steeringAngle>
      <time>57</time>
    </ksState>
    <ksState>
      <x>41.85293413069899</x>
      <y>-34.83007902160678</y>
      <orientation>-0.69407</orientation>
      <velocity>10.199999999999996</velocity>
      <steeringAngle>0.0</steeringAngle>
      <time>58</time>
    </ksState>
    <ksState>
      <x>42.64464252655978</x>
      <y>-35.48894002054626</y>
      <orientation>-0.69407</orientation>
      <velocity>10.599999999999994</velocity>
      <steeringAngle>0.0</steeringAngle>
      <time>59</time>
    </ksState>
    <ksState>
      <x>43.46709687954138</x>
      <y>-36.17338785439602</y>
      <orientation>-0.69407</orientation>
      <velocity>10.999999999999993</velocity>
      <steeringAngle>0.0</steeringAngle>
      <time>60</time>
    </ksState>
    <ksState>
      <x>44.293394477163076</x>
      <y>-36.86103404260956</y>
      <orientation>-0.69407</orientation>
      <velocity>10.0</velocity>
      <steeringAngle>0.0</steeringAngle>
      <time>61</time>
    </ksState>
    <ksState>
      <x>45.04282718198276</x>
      <y>-37.484713143547424</y>
      <orientation>-0.69407</orientation>
      <velocity>9.0</velocity>
      <steeringAngle>0.0</steeringAngle>
      <time>62</time>
    </ksState>
    <ksState>
      <x>45.71539499400042</x>
      <y>-38.04442515720961</y>
      <orientation>-0.69407</orientation>
      <velocity>8.0</velocity>
      <steeringAngle>0.0</steeringAngle>
      <time>63</time>
    </ksState>
    <ksState>
      <x>46.31109791321606</x>
      <y>-38.54017008359611</y>
      <orientation>-0.69407</orientation>
      <velocity>7.0</velocity>
      <steeringAngle>0.0</steeringAngle>
      <time>64</time>
    </ksState>
    <ksState>
      <x>46.829935939629685</x>
      <y>-38.97194792270694</y>
      <orientation>-0.69407</orientation>
      <velocity>6.0</velocity>
      <steeringAngle>0.0</steeringAngle>
      <time>65</time>
    </ksState>
    <ksState>
      <x>47.27190907324129</x>
      <y>-39.33975867454209</y>
      <orientation>-0.69407</orientation>
      <velocity>5.0</velocity>
      <steeringAngle>0.0</steeringAngle>
      <time>66</time>
    </ksState>
    <ksState>
      <x>47.63701731405088</x>
      <y>-39.64360233910156</y>
      <orientation>-0.69407</orientation>
      <velocity>4.0</velocity>
      <steeringAngle>0.0</steeringAngle>
      <time>67</time>
    </ksState>
    <ksState>
      <x>47.92526066205845</x>
      <y>-39.88347891638535</y>
      <orientation>-0.69407</orientation>
      <velocity>3.0</velocity>
      <steeringAngle>0.0</steeringAngle>
      <time>68</time>
    </ksState>
    <ksState>
      <x>48.136639117264</x>
      <y>-40.05938840639347</y>
      <orientation>-0.69407</orientation>
      <velocity>2.0</velocity>
      <steeringAngle>0.0</steeringAngle>
      <time>69</time>
    </ksState>
    <ksState>
      <x>48.27115267966753</x>
      <y>-40.171330809125905</y>
      <orientation>-0.69407</orientation>
      <velocity>1.0</velocity>
      <steeringAngle>0.0</steeringAngle>
      <time>70</time>
    </ksState>
    <ksState>
      <x>48.34417432782945</x>
      <y>-40.2320995420378</y>
      <orientation>-0.69407</orientation>
      <velocity>0.8</velocity>
      <steeringAngle>0.0</steeringAngle>
      <time>71</time>
    </ksState>
    <ksState>
      <x>48.40182299743096</x>
      <y>-40.28007485749456</y>
      <orientation>-0.69407</orientation>
      <velocity>0.6000000000000001</velocity>
      <steeringAngle>0.0</steeringAngle>
      <time>72</time>
    </ksState>
    <ksState>
      <x>48.444098688472074</x>
      <y>-40.31525675549618</y>
      <orientation>-0.69407</orientation>
      <velocity>0.40000000000000013</velocity>
      <steeringAngle>0.0</steeringAngle>
      <time>73</time>
    </ksState>
    <ksState>
      <x>48.47100140095278</x>
      <y>-40.33764523604267</y>
      <orientation>-0.69407</orientation>
      <velocity>0.20000000000000015</velocity>
      <steeringAngle>0.0</steeringAngle>
      <time>74</time>
    </ksState>
    <ksState>
      <x>48.48253113487308</x>
      <y>-40.34724029913402</y>
      <orientation>-0.69407</orientation>
      <velocity>1.3877787807814457e-16</velocity>
      <steeringAngle>0.0</steeringAngle>
      <time>75</time>
    </ksState>
    <ksState>
      <x>48.48253113487308</x>
      <y>-40.34724029913402</y>
      <orientation>-0.69407</orientation>
      <velocity>0.0</velocity>
      <steeringAngle>0.0</steeringAngle>
      <time>76</time>
    </ksState>
    <ksState>
      <x>48.48253113487308</x>
      <y>-40.34724029913402</y>
      <orientation>-0.69407</orientation>
      <velocity>0.0</velocity>
      <steeringAngle>0.0</steeringAngle>
      <time>77</time>
    </ksState>
    <ksState>
      <x>48.48253113487308</x>
      <y>-40.34724029913402</y>
      <orientation>-0.69407</orientation>
      <velocity>0.0</velocity>
      <steeringAngle>0.0</steeringAngle>
      <time>78</time>
    </ksState>
    <ksState>
      <x>48.48253113487308</x>
      <y>-40.34724029913402</y>
      <orientation>-0.69407</orientation>
      <velocity>0.0</velocity>
      <steeringAngle>0.0</steeringAngle>
      <time>79</time>
    </ksState>
    <ksState>
      <x>48.48253113487308</x>
      <y>-40.34724029913402</y>
      <orientation>-0.69407</orientation>
      <velocity>0.0</velocity>
      <steeringAngle>0.0</steeringAngle>
      <time>80</time>
    </ksState>
  </ksTrajectory>
</CommonRoadSolution>
