<?xml version="1.0" ?>
<CommonRoadSolution benchmark_id="KS2:SM1:CHN_Sha-4_3_T-1:2018b" date="2019-11-18">
  <ksTrajectory planningProblem="2">
    <ksState>
      <x>-12.2392</x>
      <y>0.5813</y>
      <orientation>-3.1451</orientation>
      <velocity>2.0</velocity>
      <steeringAngle>0.0</steeringAngle>
      <time>0</time>
    </ksState>
    <ksState>
      <x>-12.46419861608505</x>
      <y>0.5820891513243395</y>
      <orientation>-3.1451</orientation>
      <velocity>3.0</velocity>
      <steeringAngle>0.0</steeringAngle>
      <time>1</time>
    </ksState>
    <ksState>
      <x>-12.789196617096787</x>
      <y>0.5832290365706075</y>
      <orientation>-3.1451</orientation>
      <velocity>4.0</velocity>
      <steeringAngle>0.0</steeringAngle>
      <time>2</time>
    </ksState>
    <ksState>
      <x>-13.214194003035212</x>
      <y>0.5847196557388042</y>
      <orientation>-3.1451</orientation>
      <velocity>5.0</velocity>
      <steeringAngle>0.0</steeringAngle>
      <time>3</time>
    </ksState>
    <ksState>
      <x>-13.739190773900328</x>
      <y>0.5865610088289296</y>
      <orientation>-3.1451</orientation>
      <velocity>6.0</velocity>
      <steeringAngle>0.0</steeringAngle>
      <time>4</time>
    </ksState>
    <ksState>
      <x>-14.36418692969213</x>
      <y>0.5887530958409836</y>
      <orientation>-3.1451</orientation>
      <velocity>7.0</velocity>
      <steeringAngle>0.0</steeringAngle>
      <time>5</time>
    </ksState>
    <ksState>
      <x>-15.06418262417895</x>
      <y>0.591208233294484</y>
      <orientation>-3.1451</orientation>
      <velocity>7.0</velocity>
      <steeringAngle>0.0</steeringAngle>
      <time>6</time>
    </ksState>
    <ksState>
      <x>-15.764178318665769</x>
      <y>0.5936633707479845</y>
      <orientation>-3.1451</orientation>
      <velocity>7.0</velocity>
      <steeringAngle>0.0</steeringAngle>
      <time>7</time>
    </ksState>
    <ksState>
      <x>-16.464174013152586</x>
      <y>0.5961185082014849</y>
      <orientation>-3.1451</orientation>
      <velocity>7.0</velocity>
      <steeringAngle>0.0</steeringAngle>
      <time>8</time>
    </ksState>
    <ksState>
      <x>-17.164169707639406</x>
      <y>0.5985736456549854</y>
      <orientation>-3.1451</orientation>
      <velocity>7.0</velocity>
      <steeringAngle>0.0</steeringAngle>
      <time>9</time>
    </ksState>
    <ksState>
      <x>-17.864165402126226</x>
      <y>0.6010287831084858</y>
      <orientation>-3.1451</orientation>
      <velocity>7.0</velocity>
      <steeringAngle>0.0</steeringAngle>
      <time>10</time>
    </ksState>
    <ksState>
      <x>-18.544161219627707</x>
      <y>0.6034137737776005</y>
      <orientation>-3.1451</orientation>
      <velocity>6.199999999999999</velocity>
      <steeringAngle>0.0</steeringAngle>
      <time>11</time>
    </ksState>
    <ksState>
      <x>-19.144157529187837</x>
      <y>0.6055181773091723</y>
      <orientation>-3.1451</orientation>
      <velocity>5.399999999999999</velocity>
      <steeringAngle>0.0</steeringAngle>
      <time>12</time>
    </ksState>
    <ksState>
      <x>-19.664154330806618</x>
      <y>0.6073419937032013</y>
      <orientation>-3.1451</orientation>
      <velocity>4.599999999999998</velocity>
      <steeringAngle>0.0</steeringAngle>
      <time>13</time>
    </ksState>
    <ksState>
      <x>-20.104151624484047</x>
      <y>0.6088852229596873</y>
      <orientation>-3.1451</orientation>
      <velocity>3.7999999999999976</velocity>
      <steeringAngle>0.0</steeringAngle>
      <time>14</time>
    </ksState>
    <ksState>
      <x>-20.464149410220124</x>
      <y>0.6101478650786304</y>
      <orientation>-3.1451</orientation>
      <velocity>2.999999999999998</velocity>
      <steeringAngle>0.0</steeringAngle>
      <time>15</time>
    </ksState>
    <ksState>
      <x>-20.759147595753856</x>
      <y>0.6111825301483199</y>
      <orientation>-3.1451</orientation>
      <velocity>2.8</velocity>
      <steeringAngle>0.0</steeringAngle>
      <time>16</time>
    </ksState>
    <ksState>
      <x>-21.03414590430225</x>
      <y>0.6121470484336237</y>
      <orientation>-3.1451</orientation>
      <velocity>2.5999999999999996</velocity>
      <steeringAngle>0.0</steeringAngle>
      <time>17</time>
    </ksState>
    <ksState>
      <x>-21.289144335865302</x>
      <y>0.6130414199345416</y>
      <orientation>-3.1451</orientation>
      <velocity>2.3999999999999995</velocity>
      <steeringAngle>0.0</steeringAngle>
      <time>18</time>
    </ksState>
    <ksState>
      <x>-21.52414289044302</x>
      <y>0.613865644651074</y>
      <orientation>-3.1451</orientation>
      <velocity>2.1999999999999993</velocity>
      <steeringAngle>0.0</steeringAngle>
      <time>19</time>
    </ksState>
    <ksState>
      <x>-21.7391415680354</x>
      <y>0.6146197225832205</y>
      <orientation>-3.1451</orientation>
      <velocity>1.9999999999999991</velocity>
      <steeringAngle>0.0</steeringAngle>
      <time>20</time>
    </ksState>
    <ksState>
      <x>-21.939140337888777</x>
      <y>0.6153211904270778</y>
      <orientation>-3.1451</orientation>
      <velocity>2.0</velocity>
      <steeringAngle>0.0</steeringAngle>
      <time>21</time>
    </ksState>
    <ksState>
      <x>-22.139139107742153</x>
      <y>0.616022658270935</y>
      <orientation>-3.1451</orientation>
      <velocity>2.0</velocity>
      <steeringAngle>0.0</steeringAngle>
      <time>22</time>
    </ksState>
    <ksState>
      <x>-22.33913787759553</x>
      <y>0.6167241261147923</y>
      <orientation>-3.1451</orientation>
      <velocity>2.0</velocity>
      <steeringAngle>0.0</steeringAngle>
      <time>23</time>
    </ksState>
    <ksState>
      <x>-22.539136647448906</x>
      <y>0.6174255939586496</y>
      <orientation>-3.1451</orientation>
      <velocity>2.0</velocity>
      <steeringAngle>0.0</steeringAngle>
      <time>24</time>
    </ksState>
    <ksState>
      <x>-22.739135417302286</x>
      <y>0.6181270618025069</y>
      <orientation>-3.1451</orientation>
      <velocity>2.0</velocity>
      <steeringAngle>0.0</steeringAngle>
      <time>25</time>
    </ksState>
    <ksState>
      <x>-22.944134156401997</x>
      <y>0.6188460663424605</y>
      <orientation>-3.1451</orientation>
      <velocity>2.2</velocity>
      <steeringAngle>0.0</steeringAngle>
      <time>26</time>
    </ksState>
    <ksState>
      <x>-23.169132772487046</x>
      <y>0.6196352176668</y>
      <orientation>-3.1451</orientation>
      <velocity>2.4000000000000004</velocity>
      <steeringAngle>0.0</steeringAngle>
      <time>27</time>
    </ksState>
    <ksState>
      <x>-23.414131265557433</x>
      <y>0.6204945157755252</y>
      <orientation>-3.1451</orientation>
      <velocity>2.6000000000000005</velocity>
      <steeringAngle>0.0</steeringAngle>
      <time>28</time>
    </ksState>
    <ksState>
      <x>-23.679129635613158</x>
      <y>0.621423960668636</y>
      <orientation>-3.1451</orientation>
      <velocity>2.8000000000000007</velocity>
      <steeringAngle>0.0</steeringAngle>
      <time>29</time>
    </ksState>
    <ksState>
      <x>-23.96412788265422</x>
      <y>0.6224235523461327</y>
      <orientation>-3.1451</orientation>
      <velocity>3.000000000000001</velocity>
      <steeringAngle>0.0</steeringAngle>
      <time>30</time>
    </ksState>
    <ksState>
      <x>-24.259126068187953</x>
      <y>0.6234582174158222</y>
      <orientation>-3.1451</orientation>
      <velocity>2.8</velocity>
      <steeringAngle>0.0</steeringAngle>
      <time>31</time>
    </ksState>
    <ksState>
      <x>-24.534124376736344</x>
      <y>0.6244227357011259</y>
      <orientation>-3.1451</orientation>
      <velocity>2.5999999999999996</velocity>
      <steeringAngle>0.0</steeringAngle>
      <time>32</time>
    </ksState>
    <ksState>
      <x>-24.7891228082994</x>
      <y>0.6253171072020439</y>
      <orientation>-3.1451</orientation>
      <velocity>2.3999999999999995</velocity>
      <steeringAngle>0.0</steeringAngle>
      <time>33</time>
    </ksState>
    <ksState>
      <x>-25.024121362877118</x>
      <y>0.6261413319185762</y>
      <orientation>-3.1451</orientation>
      <velocity>2.1999999999999993</velocity>
      <steeringAngle>0.0</steeringAngle>
      <time>34</time>
    </ksState>
    <ksState>
      <x>-25.239120040469498</x>
      <y>0.6268954098507228</y>
      <orientation>-3.1451</orientation>
      <velocity>1.9999999999999991</velocity>
      <steeringAngle>0.0</steeringAngle>
      <time>35</time>
    </ksState>
    <ksState>
      <x>-25.439118810322874</x>
      <y>0.6275968776945801</y>
      <orientation>-3.1451</orientation>
      <velocity>2.0</velocity>
      <steeringAngle>0.0</steeringAngle>
      <time>36</time>
    </ksState>
    <ksState>
      <x>-25.63911758017625</x>
      <y>0.6282983455384373</y>
      <orientation>-3.1451</orientation>
      <velocity>2.0</velocity>
      <steeringAngle>0.0</steeringAngle>
      <time>37</time>
    </ksState>
    <ksState>
      <x>-25.839116350029627</x>
      <y>0.6289998133822946</y>
      <orientation>-3.1451</orientation>
      <velocity>2.0</velocity>
      <steeringAngle>0.0</steeringAngle>
      <time>38</time>
    </ksState>
    <ksState>
      <x>-26.039115119883004</x>
      <y>0.6297012812261519</y>
      <orientation>-3.1451</orientation>
      <velocity>2.0</velocity>
      <steeringAngle>0.0</steeringAngle>
      <time>39</time>
    </ksState>
    <ksState>
      <x>-26.239113889736384</x>
      <y>0.6304027490700091</y>
      <orientation>-3.1451</orientation>
      <velocity>2.0</velocity>
      <steeringAngle>0.0</steeringAngle>
      <time>40</time>
    </ksState>
    <ksState>
      <x>-26.43911265958976</x>
      <y>0.6311042169138664</y>
      <orientation>-3.1451</orientation>
      <velocity>2.0</velocity>
      <steeringAngle>0.0</steeringAngle>
      <time>41</time>
    </ksState>
    <ksState>
      <x>-26.639111429443137</x>
      <y>0.6318056847577237</y>
      <orientation>-3.1451</orientation>
      <velocity>2.0</velocity>
      <steeringAngle>0.0</steeringAngle>
      <time>42</time>
    </ksState>
    <ksState>
      <x>-26.839110199296513</x>
      <y>0.632507152601581</y>
      <orientation>-3.1451</orientation>
      <velocity>2.0</velocity>
      <steeringAngle>0.0</steeringAngle>
      <time>43</time>
    </ksState>
    <ksState>
      <x>-27.03910896914989</x>
      <y>0.6332086204454382</y>
      <orientation>-3.1451</orientation>
      <velocity>2.0</velocity>
      <steeringAngle>0.0</steeringAngle>
      <time>44</time>
    </ksState>
    <ksState>
      <x>-27.23910773900327</x>
      <y>0.6339100882892955</y>
      <orientation>-3.1451</orientation>
      <velocity>2.0</velocity>
      <steeringAngle>0.0</steeringAngle>
      <time>45</time>
    </ksState>
    <ksState>
      <x>-27.44410647810298</x>
      <y>0.6346290928292492</y>
      <orientation>-3.1451</orientation>
      <velocity>2.2</velocity>
      <steeringAngle>0.0</steeringAngle>
      <time>46</time>
    </ksState>
    <ksState>
      <x>-27.66910509418803</x>
      <y>0.6354182441535886</y>
      <orientation>-3.1451</orientation>
      <velocity>2.4000000000000004</velocity>
      <steeringAngle>0.0</steeringAngle>
      <time>47</time>
    </ksState>
    <ksState>
      <x>-27.914103587258417</x>
      <y>0.6362775422623138</y>
      <orientation>-3.1451</orientation>
      <velocity>2.6000000000000005</velocity>
      <steeringAngle>0.0</steeringAngle>
      <time>48</time>
    </ksState>
    <ksState>
      <x>-28.179101957314142</x>
      <y>0.6372069871554247</y>
      <orientation>-3.1451</orientation>
      <velocity>2.8000000000000007</velocity>
      <steeringAngle>0.0</steeringAngle>
      <time>49</time>
    </ksState>
    <ksState>
      <x>-28.464100204355205</x>
      <y>0.6382065788329213</y>
      <orientation>-3.1451</orientation>
      <velocity>3.000000000000001</velocity>
      <steeringAngle>0.0</steeringAngle>
      <time>50</time>
    </ksState>
    <ksState>
      <x>-28.754098420642602</x>
      <y>0.6392237072065143</y>
      <orientation>-3.1451</orientation>
      <velocity>2.5999999999999996</velocity>
      <steeringAngle>0.0</steeringAngle>
      <time>51</time>
    </ksState>
    <ksState>
      <x>-29.004096882959324</x>
      <y>0.6401005420113359</y>
      <orientation>-3.1451</orientation>
      <velocity>2.1999999999999993</velocity>
      <steeringAngle>0.0</steeringAngle>
      <time>52</time>
    </ksState>
    <ksState>
      <x>-29.21409559130537</x>
      <y>0.6408370832473861</y>
      <orientation>-3.1451</orientation>
      <velocity>1.7999999999999994</velocity>
      <steeringAngle>0.0</steeringAngle>
      <time>53</time>
    </ksState>
    <ksState>
      <x>-29.38409454568074</x>
      <y>0.6414333309146648</y>
      <orientation>-3.1451</orientation>
      <velocity>1.3999999999999995</velocity>
      <steeringAngle>0.0</steeringAngle>
      <time>54</time>
    </ksState>
    <ksState>
      <x>-29.514093746085432</x>
      <y>0.641889285013172</y>
      <orientation>-3.1451</orientation>
      <velocity>0.9999999999999996</velocity>
      <steeringAngle>0.0</steeringAngle>
      <time>55</time>
    </ksState>
    <ksState>
      <x>-29.62409306950479</x>
      <y>0.6422750923272935</y>
      <orientation>-3.1451</orientation>
      <velocity>1.4</velocity>
      <steeringAngle>0.0</steeringAngle>
      <time>56</time>
    </ksState>
    <ksState>
      <x>-29.774092146894823</x>
      <y>0.6428011932101865</y>
      <orientation>-3.1451</orientation>
      <velocity>1.7999999999999998</velocity>
      <steeringAngle>0.0</steeringAngle>
      <time>57</time>
    </ksState>
    <ksState>
      <x>-29.96409097825553</x>
      <y>0.6434675876618509</y>
      <orientation>-3.1451</orientation>
      <velocity>2.1999999999999997</velocity>
      <steeringAngle>0.0</steeringAngle>
      <time>58</time>
    </ksState>
    <ksState>
      <x>-30.194089563586914</x>
      <y>0.6442742756822867</y>
      <orientation>-3.1451</orientation>
      <velocity>2.6</velocity>
      <steeringAngle>0.0</steeringAngle>
      <time>59</time>
    </ksState>
    <ksState>
      <x>-30.464087902888974</x>
      <y>0.645221257271494</y>
      <orientation>-3.1451</orientation>
      <velocity>3.0000000000000004</velocity>
      <steeringAngle>0.0</steeringAngle>
      <time>60</time>
    </ksState>
    <ksState>
      <x>-30.759086088422706</x>
      <y>0.6462559223411836</y>
      <orientation>-3.1451</orientation>
      <velocity>2.8</velocity>
      <steeringAngle>0.0</steeringAngle>
      <time>61</time>
    </ksState>
    <ksState>
      <x>-31.034084396971096</x>
      <y>0.6472204406264873</y>
      <orientation>-3.1451</orientation>
      <velocity>2.5999999999999996</velocity>
      <steeringAngle>0.0</steeringAngle>
      <time>62</time>
    </ksState>
    <ksState>
      <x>-31.289082828534152</x>
      <y>0.6481148121274053</y>
      <orientation>-3.1451</orientation>
      <velocity>2.3999999999999995</velocity>
      <steeringAngle>0.0</steeringAngle>
      <time>63</time>
    </ksState>
    <ksState>
      <x>-31.52408138311187</x>
      <y>0.6489390368439376</y>
      <orientation>-3.1451</orientation>
      <velocity>2.1999999999999993</velocity>
      <steeringAngle>0.0</steeringAngle>
      <time>64</time>
    </ksState>
    <ksState>
      <x>-31.73908006070425</x>
      <y>0.6496931147760842</y>
      <orientation>-3.1451</orientation>
      <velocity>1.9999999999999991</velocity>
      <steeringAngle>0.0</steeringAngle>
      <time>65</time>
    </ksState>
    <ksState>
      <x>-31.94407879980396</x>
      <y>0.6504121193160378</y>
      <orientation>-3.1451</orientation>
      <velocity>2.2</velocity>
      <steeringAngle>0.0</steeringAngle>
      <time>66</time>
    </ksState>
    <ksState>
      <x>-32.169077415889014</x>
      <y>0.6512012706403772</y>
      <orientation>-3.1451</orientation>
      <velocity>2.4000000000000004</velocity>
      <steeringAngle>0.0</steeringAngle>
      <time>67</time>
    </ksState>
    <ksState>
      <x>-32.4140759089594</x>
      <y>0.6520605687491025</y>
      <orientation>-3.1451</orientation>
      <velocity>2.6000000000000005</velocity>
      <steeringAngle>0.0</steeringAngle>
      <time>68</time>
    </ksState>
    <ksState>
      <x>-32.67907427901512</x>
      <y>0.6529900136422133</y>
      <orientation>-3.1451</orientation>
      <velocity>2.8000000000000007</velocity>
      <steeringAngle>0.0</steeringAngle>
      <time>69</time>
    </ksState>
    <ksState>
      <x>-32.964072526056185</x>
      <y>0.65398960531971</y>
      <orientation>-3.1451</orientation>
      <velocity>3.000000000000001</velocity>
      <steeringAngle>0.0</steeringAngle>
      <time>70</time>
    </ksState>
    <ksState>
      <x>-33.259070711589914</x>
      <y>0.6550242703893995</y>
      <orientation>-3.1451</orientation>
      <velocity>2.8</velocity>
      <steeringAngle>0.0</steeringAngle>
      <time>71</time>
    </ksState>
    <ksState>
      <x>-33.53406902013831</x>
      <y>0.6559887886747032</y>
      <orientation>-3.1451</orientation>
      <velocity>2.5999999999999996</velocity>
      <steeringAngle>0.0</steeringAngle>
      <time>72</time>
    </ksState>
    <ksState>
      <x>-33.789067451701364</x>
      <y>0.6568831601756212</y>
      <orientation>-3.1451</orientation>
      <velocity>2.3999999999999995</velocity>
      <steeringAngle>0.0</steeringAngle>
      <time>73</time>
    </ksState>
    <ksState>
      <x>-34.024066006279085</x>
      <y>0.6577073848921535</y>
      <orientation>-3.1451</orientation>
      <velocity>2.1999999999999993</velocity>
      <steeringAngle>0.0</steeringAngle>
      <time>74</time>
    </ksState>
    <ksState>
      <x>-34.23906468387146</x>
      <y>0.6584614628243001</y>
      <orientation>-3.1451</orientation>
      <velocity>1.9999999999999991</velocity>
      <steeringAngle>0.0</steeringAngle>
      <time>75</time>
    </ksState>
    <ksState>
      <x>-34.43906345372484</x>
      <y>0.6591629306681573</y>
      <orientation>-3.1451</orientation>
      <velocity>2.0</velocity>
      <steeringAngle>0.0</steeringAngle>
      <time>76</time>
    </ksState>
    <ksState>
      <x>-34.639062223578215</x>
      <y>0.6598643985120146</y>
      <orientation>-3.1451</orientation>
      <velocity>2.0</velocity>
      <steeringAngle>0.0</steeringAngle>
      <time>77</time>
    </ksState>
    <ksState>
      <x>-34.839060993431595</x>
      <y>0.6605658663558719</y>
      <orientation>-3.1451</orientation>
      <velocity>2.0</velocity>
      <steeringAngle>0.0</steeringAngle>
      <time>78</time>
    </ksState>
    <ksState>
      <x>-35.03905976328497</x>
      <y>0.6612673341997292</y>
      <orientation>-3.1451</orientation>
      <velocity>2.0</velocity>
      <steeringAngle>0.0</steeringAngle>
      <time>79</time>
    </ksState>
    <ksState>
      <x>-35.23905853313835</x>
      <y>0.6619688020435864</y>
      <orientation>-3.1451</orientation>
      <velocity>2.0</velocity>
      <steeringAngle>0.0</steeringAngle>
      <time>80</time>
    </ksState>
    <ksState>
      <x>-35.43905730299173</x>
      <y>0.6626702698874437</y>
      <orientation>-3.1451</orientation>
      <velocity>2.0</velocity>
      <steeringAngle>0.0</steeringAngle>
      <time>81</time>
    </ksState>
    <ksState>
      <x>-35.6390560728451</x>
      <y>0.663371737731301</y>
      <orientation>-3.1451</orientation>
      <velocity>2.0</velocity>
      <steeringAngle>0.0</steeringAngle>
      <time>82</time>
    </ksState>
    <ksState>
      <x>-35.83905484269848</x>
      <y>0.6640732055751583</y>
      <orientation>-3.1451</orientation>
      <velocity>2.0</velocity>
      <steeringAngle>0.0</steeringAngle>
      <time>83</time>
    </ksState>
    <ksState>
      <x>-36.039053612551854</x>
      <y>0.6647746734190155</y>
      <orientation>-3.1451</orientation>
      <velocity>2.0</velocity>
      <steeringAngle>0.0</steeringAngle>
      <time>84</time>
    </ksState>
    <ksState>
      <x>-36.239052382405234</x>
      <y>0.6654761412628728</y>
      <orientation>-3.1451</orientation>
      <velocity>2.0</velocity>
      <steeringAngle>0.0</steeringAngle>
      <time>85</time>
    </ksState>
    <ksState>
      <x>-36.44405112150495</x>
      <y>0.6661951458028265</y>
      <orientation>-3.1451</orientation>
      <velocity>2.2</velocity>
      <steeringAngle>0.0</steeringAngle>
      <time>86</time>
    </ksState>
    <ksState>
      <x>-36.669049737589994</x>
      <y>0.6669842971271659</y>
      <orientation>-3.1451</orientation>
      <velocity>2.4000000000000004</velocity>
      <steeringAngle>0.0</steeringAngle>
      <time>87</time>
    </ksState>
    <ksState>
      <x>-36.914048230660384</x>
      <y>0.6678435952358911</y>
      <orientation>-3.1451</orientation>
      <velocity>2.6000000000000005</velocity>
      <steeringAngle>0.0</steeringAngle>
      <time>88</time>
    </ksState>
    <ksState>
      <x>-37.179046600716106</x>
      <y>0.668773040129002</y>
      <orientation>-3.1451</orientation>
      <velocity>2.8000000000000007</velocity>
      <steeringAngle>0.0</steeringAngle>
      <time>89</time>
    </ksState>
    <ksState>
      <x>-37.464044847757165</x>
      <y>0.6697726318064986</y>
      <orientation>-3.1451</orientation>
      <velocity>3.000000000000001</velocity>
      <steeringAngle>0.0</steeringAngle>
      <time>90</time>
    </ksState>
    <ksState>
      <x>-37.75404306404456</x>
      <y>0.6707897601800916</y>
      <orientation>-3.1451</orientation>
      <velocity>2.5999999999999996</velocity>
      <steeringAngle>0.0</steeringAngle>
      <time>91</time>
    </ksState>
    <ksState>
      <x>-38.004041526361284</x>
      <y>0.6716665949849132</y>
      <orientation>-3.1451</orientation>
      <velocity>2.1999999999999993</velocity>
      <steeringAngle>0.0</steeringAngle>
      <time>92</time>
    </ksState>
    <ksState>
      <x>-38.214040234707326</x>
      <y>0.6724031362209634</y>
      <orientation>-3.1451</orientation>
      <velocity>1.7999999999999994</velocity>
      <steeringAngle>0.0</steeringAngle>
      <time>93</time>
    </ksState>
    <ksState>
      <x>-38.3840391890827</x>
      <y>0.6729993838882421</y>
      <orientation>-3.1451</orientation>
      <velocity>1.3999999999999995</velocity>
      <steeringAngle>0.0</steeringAngle>
      <time>94</time>
    </ksState>
    <ksState>
      <x>-38.514038389487396</x>
      <y>0.6734553379867493</y>
      <orientation>-3.1451</orientation>
      <velocity>0.9999999999999996</velocity>
      <steeringAngle>0.0</steeringAngle>
      <time>95</time>
    </ksState>
    <ksState>
      <x>-38.624037712906755</x>
      <y>0.6738411453008708</y>
      <orientation>-3.1451</orientation>
      <velocity>1.4</velocity>
      <steeringAngle>0.0</steeringAngle>
      <time>96</time>
    </ksState>
    <ksState>
      <x>-38.77403679029678</x>
      <y>0.6743672461837638</y>
      <orientation>-3.1451</orientation>
      <velocity>1.7999999999999998</velocity>
      <steeringAngle>0.0</steeringAngle>
      <time>97</time>
    </ksState>
    <ksState>
      <x>-38.964035621657494</x>
      <y>0.6750336406354281</y>
      <orientation>-3.1451</orientation>
      <velocity>2.1999999999999997</velocity>
      <steeringAngle>0.0</steeringAngle>
      <time>98</time>
    </ksState>
    <ksState>
      <x>-39.194034206988874</x>
      <y>0.675840328655864</y>
      <orientation>-3.1451</orientation>
      <velocity>2.6</velocity>
      <steeringAngle>0.0</steeringAngle>
      <time>99</time>
    </ksState>
    <ksState>
      <x>-39.46403254629094</x>
      <y>0.6767873102450713</y>
      <orientation>-3.1451</orientation>
      <velocity>3.0000000000000004</velocity>
      <steeringAngle>0.0</steeringAngle>
      <time>100</time>
    </ksState>
    <ksState>
      <x>-39.759030731824666</x>
      <y>0.6778219753147608</y>
      <orientation>-3.1451</orientation>
      <velocity>2.8</velocity>
      <steeringAngle>0.0</steeringAngle>
      <time>101</time>
    </ksState>
    <ksState>
      <x>-40.03402904037306</x>
      <y>0.6787864936000646</y>
      <orientation>-3.1451</orientation>
      <velocity>2.5999999999999996</velocity>
      <steeringAngle>0.0</steeringAngle>
      <time>102</time>
    </ksState>
    <ksState>
      <x>-40.289027471936116</x>
      <y>0.6796808651009826</y>
      <orientation>-3.1451</orientation>
      <velocity>2.3999999999999995</velocity>
      <steeringAngle>0.0</steeringAngle>
      <time>103</time>
    </ksState>
    <ksState>
      <x>-40.52402602651384</x>
      <y>0.6805050898175149</y>
      <orientation>-3.1451</orientation>
      <velocity>2.1999999999999993</velocity>
      <steeringAngle>0.0</steeringAngle>
      <time>104</time>
    </ksState>
    <ksState>
      <x>-40.739024704106214</x>
      <y>0.6812591677496614</y>
      <orientation>-3.1451</orientation>
      <velocity>1.9999999999999991</velocity>
      <steeringAngle>0.0</steeringAngle>
      <time>105</time>
    </ksState>
    <ksState>
      <x>-40.94402344320593</x>
      <y>0.6819781722896151</y>
      <orientation>-3.1451</orientation>
      <velocity>2.2</velocity>
      <steeringAngle>0.0</steeringAngle>
      <time>106</time>
    </ksState>
    <ksState>
      <x>-41.169022059290974</x>
      <y>0.6827673236139545</y>
      <orientation>-3.1451</orientation>
      <velocity>2.4000000000000004</velocity>
      <steeringAngle>0.0</steeringAngle>
      <time>107</time>
    </ksState>
    <ksState>
      <x>-41.414020552361364</x>
      <y>0.6836266217226797</y>
      <orientation>-3.1451</orientation>
      <velocity>2.6000000000000005</velocity>
      <steeringAngle>0.0</steeringAngle>
      <time>108</time>
    </ksState>
    <ksState>
      <x>-41.679018922417086</x>
      <y>0.6845560666157906</y>
      <orientation>-3.1451</orientation>
      <velocity>2.8000000000000007</velocity>
      <steeringAngle>0.0</steeringAngle>
      <time>109</time>
    </ksState>
    <ksState>
      <x>-41.964017169458145</x>
      <y>0.6855556582932872</y>
      <orientation>-3.1451</orientation>
      <velocity>3.000000000000001</velocity>
      <steeringAngle>0.0</steeringAngle>
      <time>110</time>
    </ksState>
    <ksState>
      <x>-42.25401538574554</x>
      <y>0.6865727866668803</y>
      <orientation>-3.1451</orientation>
      <velocity>2.5999999999999996</velocity>
      <steeringAngle>0.0</steeringAngle>
      <time>111</time>
    </ksState>
    <ksState>
      <x>-42.504013848062264</x>
      <y>0.6874496214717019</y>
      <orientation>-3.1451</orientation>
      <velocity>2.1999999999999993</velocity>
      <steeringAngle>0.0</steeringAngle>
      <time>112</time>
    </ksState>
    <ksState>
      <x>-42.714012556408306</x>
      <y>0.688186162707752</y>
      <orientation>-3.1451</orientation>
      <velocity>1.7999999999999994</velocity>
      <steeringAngle>0.0</steeringAngle>
      <time>113</time>
    </ksState>
    <ksState>
      <x>-42.88401151078368</x>
      <y>0.6887824103750307</y>
      <orientation>-3.1451</orientation>
      <velocity>1.3999999999999995</velocity>
      <steeringAngle>0.0</steeringAngle>
      <time>114</time>
    </ksState>
    <ksState>
      <x>-43.01401071118838</x>
      <y>0.6892383644735379</y>
      <orientation>-3.1451</orientation>
      <velocity>0.9999999999999996</velocity>
      <steeringAngle>0.0</steeringAngle>
      <time>115</time>
    </ksState>
    <ksState>
      <x>-43.124010034607736</x>
      <y>0.6896241717876594</y>
      <orientation>-3.1451</orientation>
      <velocity>1.4</velocity>
      <steeringAngle>0.0</steeringAngle>
      <time>116</time>
    </ksState>
    <ksState>
      <x>-43.27400911199776</x>
      <y>0.6901502726705524</y>
      <orientation>-3.1451</orientation>
      <velocity>1.7999999999999998</velocity>
      <steeringAngle>0.0</steeringAngle>
      <time>117</time>
    </ksState>
    <ksState>
      <x>-43.464007943358475</x>
      <y>0.6908166671222168</y>
      <orientation>-3.1451</orientation>
      <velocity>2.1999999999999997</velocity>
      <steeringAngle>0.0</steeringAngle>
      <time>118</time>
    </ksState>
    <ksState>
      <x>-43.694006528689854</x>
      <y>0.6916233551426526</y>
      <orientation>-3.1451</orientation>
      <velocity>2.6</velocity>
      <steeringAngle>0.0</steeringAngle>
      <time>119</time>
    </ksState>
    <ksState>
      <x>-43.96400486799192</x>
      <y>0.69257033673186</y>
      <orientation>-3.1451</orientation>
      <velocity>3.0000000000000004</velocity>
      <steeringAngle>0.0</steeringAngle>
      <time>120</time>
    </ksState>
    <ksState>
      <x>-44.259003053525646</x>
      <y>0.6936050018015495</y>
      <orientation>-3.1451</orientation>
      <velocity>2.8</velocity>
      <steeringAngle>0.0</steeringAngle>
      <time>121</time>
    </ksState>
    <ksState>
      <x>-44.534001362074044</x>
      <y>0.6945695200868532</y>
      <orientation>-3.1451</orientation>
      <velocity>2.5999999999999996</velocity>
      <steeringAngle>0.0</steeringAngle>
      <time>122</time>
    </ksState>
    <ksState>
      <x>-44.788999793637096</x>
      <y>0.6954638915877712</y>
      <orientation>-3.1451</orientation>
      <velocity>2.3999999999999995</velocity>
      <steeringAngle>0.0</steeringAngle>
      <time>123</time>
    </ksState>
    <ksState>
      <x>-45.02399834821482</x>
      <y>0.6962881163043035</y>
      <orientation>-3.1451</orientation>
      <velocity>2.1999999999999993</velocity>
      <steeringAngle>0.0</steeringAngle>
      <time>124</time>
    </ksState>
    <ksState>
      <x>-45.238997025807194</x>
      <y>0.6970421942364501</y>
      <orientation>-3.1451</orientation>
      <velocity>1.9999999999999991</velocity>
      <steeringAngle>0.0</steeringAngle>
      <time>125</time>
    </ksState>
    <ksState>
      <x>-45.44399576490691</x>
      <y>0.6977611987764037</y>
      <orientation>-3.1451</orientation>
      <velocity>2.2</velocity>
      <steeringAngle>0.0</steeringAngle>
      <time>126</time>
    </ksState>
    <ksState>
      <x>-45.668994380991954</x>
      <y>0.6985503501007432</y>
      <orientation>-3.1451</orientation>
      <velocity>2.4000000000000004</velocity>
      <steeringAngle>0.0</steeringAngle>
      <time>127</time>
    </ksState>
    <ksState>
      <x>-45.913992874062345</x>
      <y>0.6994096482094684</y>
      <orientation>-3.1451</orientation>
      <velocity>2.6000000000000005</velocity>
      <steeringAngle>0.0</steeringAngle>
      <time>128</time>
    </ksState>
    <ksState>
      <x>-46.178991244118066</x>
      <y>0.7003390931025792</y>
      <orientation>-3.1451</orientation>
      <velocity>2.8000000000000007</velocity>
      <steeringAngle>0.0</steeringAngle>
      <time>129</time>
    </ksState>
    <ksState>
      <x>-46.463989491159126</x>
      <y>0.7013386847800759</y>
      <orientation>-3.1451</orientation>
      <velocity>3.000000000000001</velocity>
      <steeringAngle>0.0</steeringAngle>
      <time>130</time>
    </ksState>
    <ksState>
      <x>-46.75398770744652</x>
      <y>0.7023558131536689</y>
      <orientation>-3.145823409654583</orientation>
      <velocity>2.5999999999999996</velocity>
      <steeringAngle>-0.026650000000000004</steeringAngle>
      <time>131</time>
    </ksState>
    <ksState>
      <x>-47.00398467951601</x>
      <y>0.7035747427068043</y>
      <orientation>-3.1490282009367982</orientation>
      <velocity>2.1999999999999993</velocity>
      <steeringAngle>-0.05330000000000001</steeringAngle>
      <time>132</time>
    </ksState>
    <ksState>
      <x>-47.213976923448776</x>
      <y>0.7053637442442824</y>
      <orientation>-3.1538910772363202</orientation>
      <velocity>1.7999999999999994</velocity>
      <steeringAngle>-0.07995000000000001</steeringAngle>
      <time>133</time>
    </ksState>
    <ksState>
      <x>-47.38396100362966</x>
      <y>0.7076780896516821</y>
      <orientation>-3.1595890544832863</orientation>
      <velocity>1.3999999999999995</velocity>
      <steeringAngle>-0.10660000000000001</steeringAngle>
      <time>134</time>
    </ksState>
    <ksState>
      <x>-47.51393656354564</x>
      <y>0.7101917311129681</y>
      <orientation>-3.165297114437169</orientation>
      <velocity>0.9999999999999996</velocity>
      <steeringAngle>-0.13325</steeringAngle>
      <time>135</time>
    </ksState>
    <ksState>
      <x>-47.608906950617595</x>
      <y>0.7125603557843305</y>
      <orientation>-3.1699986539244196</orientation>
      <velocity>0.8</velocity>
      <steeringAngle>-0.1066</steeringAngle>
      <time>136</time>
    </ksState>
    <ksState>
      <x>-47.683874995814854</x>
      <y>0.7147485840288582</y>
      <orientation>-3.172927931286419</orientation>
      <velocity>0.6000000000000001</velocity>
      <steeringAngle>-0.07995</steeringAngle>
      <time>137</time>
    </ksState>
    <ksState>
      <x>-47.73884725491559</x>
      <y>0.7164950312372678</y>
      <orientation>-3.174506781644989</orientation>
      <velocity>0.40000000000000013</velocity>
      <steeringAngle>-0.053299999999999986</steeringAngle>
      <time>138</time>
    </ksState>
    <ksState>
      <x>-47.7738280926633</x>
      <y>0.7176530204917143</y>
      <orientation>-3.1751531606989882</orientation>
      <velocity>0.20000000000000015</velocity>
      <steeringAngle>-0.02664999999999998</steeringAngle>
      <time>139</time>
    </ksState>
    <ksState>
      <x>-47.7888196287809</x>
      <y>0.7181568501260759</y>
      <orientation>-3.175282359349232</orientation>
      <velocity>1.3877787807814457e-16</velocity>
      <steeringAngle>2.42861286636753e-17</steeringAngle>
      <time>140</time>
    </ksState>
    <ksState>
      <x>-47.793816791558584</x>
      <y>0.7183252667919392</y>
      <orientation>-3.175282359349232</orientation>
      <velocity>0.2</velocity>
      <steeringAngle>0.0</steeringAngle>
      <time>141</time>
    </ksState>
    <ksState>
      <x>-47.818802605447</x>
      <y>0.7191673501212561</y>
      <orientation>-3.175282359349232</orientation>
      <velocity>0.4</velocity>
      <steeringAngle>0.0</steeringAngle>
      <time>142</time>
    </ksState>
    <ksState>
      <x>-47.86377707044614</x>
      <y>0.7206831001140264</y>
      <orientation>-3.175282359349232</orientation>
      <velocity>0.6</velocity>
      <steeringAngle>0.0</steeringAngle>
      <time>143</time>
    </ksState>
    <ksState>
      <x>-47.92874018655602</x>
      <y>0.7228725167702502</y>
      <orientation>-3.175282359349232</orientation>
      <velocity>0.7999999999999999</velocity>
      <steeringAngle>0.0</steeringAngle>
      <time>144</time>
    </ksState>
    <ksState>
      <x>-48.01369195377663</x>
      <y>0.7257356000899274</y>
      <orientation>-3.175282359349232</orientation>
      <velocity>0.9999999999999999</velocity>
      <steeringAngle>0.0</steeringAngle>
      <time>145</time>
    </ksState>
    <ksState>
      <x>-48.108638046552606</x>
      <y>0.7289355167413314</y>
      <orientation>-3.175282359349232</orientation>
      <velocity>0.8</velocity>
      <steeringAngle>0.0</steeringAngle>
      <time>146</time>
    </ksState>
    <ksState>
      <x>-48.18359548821785</x>
      <y>0.7314617667292819</y>
      <orientation>-3.175282359349232</orientation>
      <velocity>0.6000000000000001</velocity>
      <steeringAngle>0.0</steeringAngle>
      <time>147</time>
    </ksState>
    <ksState>
      <x>-48.23856427877236</x>
      <y>0.733314350053779</y>
      <orientation>-3.175282359349232</orientation>
      <velocity>0.40000000000000013</velocity>
      <steeringAngle>0.0</steeringAngle>
      <time>148</time>
    </ksState>
    <ksState>
      <x>-48.27354441821614</x>
      <y>0.7344932667148225</y>
      <orientation>-3.175282359349232</orientation>
      <velocity>0.20000000000000015</velocity>
      <steeringAngle>0.0</steeringAngle>
      <time>149</time>
    </ksState>
    <ksState>
      <x>-48.288535906549185</x>
      <y>0.7349985167124127</y>
      <orientation>-3.175282359349232</orientation>
      <velocity>1.3877787807814457e-16</velocity>
      <steeringAngle>0.0</steeringAngle>
      <time>150</time>
    </ksState>
    <ksState>
      <x>-48.288535906549185</x>
      <y>0.7349985167124127</y>
      <orientation>-3.175282359349232</orientation>
      <velocity>0.0</velocity>
      <steeringAngle>0.0</steeringAngle>
      <time>151</time>
    </ksState>
    <ksState>
      <x>-48.288535906549185</x>
      <y>0.7349985167124127</y>
      <orientation>-3.175282359349232</orientation>
      <velocity>0.0</velocity>
      <steeringAngle>0.0</steeringAngle>
      <time>152</time>
    </ksState>
    <ksState>
      <x>-48.288535906549185</x>
      <y>0.7349985167124127</y>
      <orientation>-3.175282359349232</orientation>
      <velocity>0.0</velocity>
      <steeringAngle>0.0</steeringAngle>
      <time>153</time>
    </ksState>
    <ksState>
      <x>-48.288535906549185</x>
      <y>0.7349985167124127</y>
      <orientation>-3.175282359349232</orientation>
      <velocity>0.0</velocity>
      <steeringAngle>0.0</steeringAngle>
      <time>154</time>
    </ksState>
    <ksState>
      <x>-48.288535906549185</x>
      <y>0.7349985167124127</y>
      <orientation>-3.175282359349232</orientation>
      <velocity>0.0</velocity>
      <steeringAngle>0.0</steeringAngle>
      <time>155</time>
    </ksState>
  </ksTrajectory>
</CommonRoadSolution>
