<?xml version="1.0" ?>
<CommonRoadSolution benchmark_id="KS2:SM1:USA_Lanker-2_18_T-1:2018b" date="2019-11-18">
  <ksTrajectory planningProblem="21007">
    <ksState>
      <x>0.0</x>
      <y>0.0</y>
      <orientation>-0.4268</orientation>
      <velocity>7.0</velocity>
      <steeringAngle>0.0</steeringAngle>
      <time>0</time>
    </ksState>
    <ksState>
      <x>0.6554124576470322</x>
      <y>-0.29805118748476306</y>
      <orientation>-0.42488813162717287</orientation>
      <velocity>7.800000000000001</velocity>
      <steeringAngle>0.026650000000000004</steeringAngle>
      <time>1</time>
    </ksState>
    <ksState>
      <x>1.384958605139085</x>
      <y>-0.6263190968093267</y>
      <orientation>-0.4144983087816725</orientation>
      <velocity>8.600000000000001</velocity>
      <steeringAngle>0.05330000000000001</steeringAngle>
      <time>2</time>
    </ksState>
    <ksState>
      <x>2.1920346736132914</x>
      <y>-0.9770510573506506</y>
      <orientation>-0.39396003458543966</orientation>
      <velocity>9.400000000000002</velocity>
      <steeringAngle>0.07995000000000001</steeringAngle>
      <time>3</time>
    </ksState>
    <ksState>
      <x>3.0811931314246768</x>
      <y>-1.3389186227987357</y>
      <orientation>-0.36158417124398856</orientation>
      <velocity>10.200000000000003</velocity>
      <steeringAngle>0.10660000000000001</steeringAngle>
      <time>4</time>
    </ksState>
    <ksState>
      <x>4.057800468074169</x>
      <y>-1.696293881090653</y>
      <orientation>-0.31565799958470286</orientation>
      <velocity>10.997021226415097</velocity>
      <steeringAngle>0.13325</steeringAngle>
      <time>5</time>
    </ksState>
    <ksState>
      <x>5.1225049860548735</x>
      <y>-2.0270133239896633</y>
      <orientation>-0.257703586666521</orientation>
      <velocity>11.600000000000001</velocity>
      <steeringAngle>0.13325</steeringAngle>
      <time>6</time>
    </ksState>
    <ksState>
      <x>6.263013280312406</x>
      <y>-2.3090633544640715</y>
      <orientation>-0.19663055063166562</orientation>
      <velocity>12.200000000000003</velocity>
      <steeringAngle>0.13325</steeringAngle>
      <time>7</time>
    </ksState>
    <ksState>
      <x>7.477778052109418</x>
      <y>-2.5308477585866473</y>
      <orientation>-0.13243889148013677</orientation>
      <velocity>12.800000000000004</velocity>
      <steeringAngle>0.13325</steeringAngle>
      <time>8</time>
    </ksState>
    <ksState>
      <x>8.763954978368261</x>
      <y>-2.6802133448233745</y>
      <orientation>-0.06512860921193447</orientation>
      <velocity>13.400000000000006</velocity>
      <steeringAngle>0.13325</steeringAngle>
      <time>9</time>
    </ksState>
    <ksState>
      <x>10.117219994651261</x>
      <y>-2.7445737229985667</y>
      <orientation>0.00530029617294131</orientation>
      <velocity>14.000000000000007</velocity>
      <steeringAngle>0.13325</steeringAngle>
      <time>10</time>
    </ksState>
    <ksState>
      <x>11.506610785413017</x>
      <y>-2.7121097412686104</y>
      <orientation>0.07754839837587657</orientation>
      <velocity>13.600000000000001</velocity>
      <steeringAngle>0.13325</steeringAngle>
      <time>11</time>
    </ksState>
    <ksState>
      <x>12.850302163801459</x>
      <y>-2.583952059492928</y>
      <orientation>0.14771741850102954</orientation>
      <velocity>13.200000000000003</velocity>
      <steeringAngle>0.13325</steeringAngle>
      <time>12</time>
    </ksState>
    <ksState>
      <x>14.142376266623856</x>
      <y>-2.3691505109751962</y>
      <orientation>0.21580735654840022</orientation>
      <velocity>12.800000000000004</velocity>
      <steeringAngle>0.13325</steeringAngle>
      <time>13</time>
    </ksState>
    <ksState>
      <x>15.378089817833342</x>
      <y>-2.0768050184254676</y>
      <orientation>0.2818182125179886</orientation>
      <velocity>12.400000000000006</velocity>
      <steeringAngle>0.13325</steeringAngle>
      <time>14</time>
    </ksState>
    <ksState>
      <x>16.553797872922715</x>
      <y>-1.7159479243593125</y>
      <orientation>0.3457499864097947</orientation>
      <velocity>12.000000000000007</velocity>
      <steeringAngle>0.13325</steeringAngle>
      <time>15</time>
    </ksState>
    <ksState>
      <x>17.685466783805158</x>
      <y>-1.288081659808909</y>
      <orientation>0.4086422192627096</orientation>
      <velocity>12.399999999999999</velocity>
      <steeringAngle>0.13325</steeringAngle>
      <time>16</time>
    </ksState>
    <ksState>
      <x>18.824177143320817</x>
      <y>-0.7728796470205924</y>
      <orientation>0.4736135341934068</orientation>
      <velocity>12.799999999999997</velocity>
      <steeringAngle>0.13325</steeringAngle>
      <time>17</time>
    </ksState>
    <ksState>
      <x>19.962001306254994</x>
      <y>-0.165429337144541</y>
      <orientation>0.5406639312018863</orientation>
      <velocity>13.199999999999996</velocity>
      <steeringAngle>0.13325</steeringAngle>
      <time>18</time>
    </ksState>
    <ksState>
      <x>21.09013383555199</x>
      <y>0.5386279447802127</y>
      <orientation>0.609793410288148</orientation>
      <velocity>13.599999999999994</velocity>
      <steeringAngle>0.13325</steeringAngle>
      <time>19</time>
    </ksState>
    <ksState>
      <x>22.198896621266517</x>
      <y>1.3429655660930853</y>
      <orientation>0.6810019714521922</orientation>
      <velocity>13.999999999999993</velocity>
      <steeringAngle>0.13325</steeringAngle>
      <time>20</time>
    </ksState>
    <ksState>
      <x>23.262689755414065</x>
      <y>2.237283656765455</y>
      <orientation>0.7496271067937297</orientation>
      <velocity>13.600000000000001</velocity>
      <steeringAngle>0.1066</steeringAngle>
      <time>21</time>
    </ksState>
    <ksState>
      <x>24.23773878287297</x>
      <y>3.17078069649886</y>
      <orientation>0.8021453418860709</orientation>
      <velocity>13.200000000000003</velocity>
      <steeringAngle>0.07995</steeringAngle>
      <time>22</time>
    </ksState>
    <ksState>
      <x>25.138731262743157</x>
      <y>4.12163935497626</y>
      <orientation>0.8394673321252377</orientation>
      <velocity>12.800000000000004</velocity>
      <steeringAngle>0.053299999999999986</steeringAngle>
      <time>23</time>
    </ksState>
    <ksState>
      <x>25.980667812124167</x>
      <y>5.072413865459883</y>
      <orientation>0.8624778088497824</orientation>
      <velocity>12.400000000000006</velocity>
      <steeringAngle>0.02664999999999998</steeringAngle>
      <time>24</time>
    </ksState>
    <ksState>
      <x>26.777876779511715</x>
      <y>6.0090794035343595</y>
      <orientation>0.8720382887104081</orientation>
      <velocity>12.000000000000007</velocity>
      <steeringAngle>-2.42861286636753e-17</steeringAngle>
      <time>25</time>
    </ksState>
    <ksState>
      <x>27.549797522436837</x>
      <y>6.927849432781029</y>
      <orientation>0.8751386158014791</orientation>
      <velocity>12.0</velocity>
      <steeringAngle>0.026650000000000004</steeringAngle>
      <time>26</time>
    </ksState>
    <ksState>
      <x>28.316002294989282</x>
      <y>7.851384164301567</y>
      <orientation>0.8906457592568001</orientation>
      <velocity>12.0</velocity>
      <steeringAngle>0.05330000000000001</steeringAngle>
      <time>27</time>
    </ksState>
    <ksState>
      <x>29.064875300220315</x>
      <y>8.789005494586732</y>
      <orientation>0.9185817839909013</orientation>
      <velocity>12.0</velocity>
      <steeringAngle>0.07995000000000001</steeringAngle>
      <time>28</time>
    </ksState>
    <ksState>
      <x>29.78426133159788</x>
      <y>9.749400544362492</y>
      <orientation>0.9589865389158708</orientation>
      <velocity>12.0</velocity>
      <steeringAngle>0.10660000000000001</steeringAngle>
      <time>29</time>
    </ksState>
    <ksState>
      <x>30.46114786799724</x>
      <y>10.740158590032514</y>
      <orientation>1.0119178849777637</orientation>
      <velocity>12.0</velocity>
      <steeringAngle>0.13325</steeringAngle>
      <time>30</time>
    </ksState>
    <ksState>
      <x>31.07386061845629</x>
      <y>11.754292080829432</y>
      <orientation>1.0704390457147925</orientation>
      <velocity>11.399999999999999</velocity>
      <steeringAngle>0.1066</steeringAngle>
      <time>31</time>
    </ksState>
    <ksState>
      <x>31.601976619772586</x>
      <y>12.747540058216664</y>
      <orientation>1.1142216380770482</orientation>
      <velocity>10.799999999999997</velocity>
      <steeringAngle>0.07995</steeringAngle>
      <time>32</time>
    </ksState>
    <ksState>
      <x>32.063572132993926</x>
      <y>13.707266473586763</y>
      <orientation>1.1445814062942778</orientation>
      <velocity>10.199999999999996</velocity>
      <steeringAngle>0.053299999999999986</steeringAngle>
      <time>33</time>
    </ksState>
    <ksState>
      <x>32.47430001553052</x>
      <y>14.624490277186059</y>
      <orientation>1.1628088324186854</orientation>
      <velocity>9.599999999999994</velocity>
      <steeringAngle>0.02664999999999998</steeringAngle>
      <time>34</time>
    </ksState>
    <ksState>
      <x>32.84712091726966</x>
      <y>15.492835877192547</y>
      <orientation>1.1701729902895197</orientation>
      <velocity>8.999999999999993</velocity>
      <steeringAngle>-2.42861286636753e-17</steeringAngle>
      <time>35</time>
    </ksState>
    <ksState>
      <x>33.18836426513359</x>
      <y>16.298551694052698</y>
      <orientation>1.1679769252666778</orientation>
      <velocity>8.0</velocity>
      <steeringAngle>-0.026650000000000004</steeringAngle>
      <time>36</time>
    </ksState>
    <ksState>
      <x>33.49359991015153</x>
      <y>17.010909495228535</y>
      <orientation>1.1580265541292243</orientation>
      <velocity>7.0</velocity>
      <steeringAngle>-0.05330000000000001</steeringAngle>
      <time>37</time>
    </ksState>
    <ksState>
      <x>33.76652691779322</x>
      <y>17.628266673170984</y>
      <orientation>1.1423773602886573</orientation>
      <velocity>6.0</velocity>
      <steeringAngle>-0.07995000000000001</steeringAngle>
      <time>38</time>
    </ksState>
    <ksState>
      <x>34.007727438623036</x>
      <y>18.150224662091052</y>
      <orientation>1.1230818228056205</orientation>
      <velocity>5.0</velocity>
      <steeringAngle>-0.10660000000000001</steeringAngle>
      <time>39</time>
    </ksState>
    <ksState>
      <x>34.215456633346854</x>
      <y>18.577386843360237</y>
      <orientation>1.1021952546631777</orientation>
      <velocity>4.0</velocity>
      <steeringAngle>-0.13325</steeringAngle>
      <time>40</time>
    </ksState>
    <ksState>
      <x>34.39335323129963</x>
      <y>18.924444034642363</y>
      <orientation>1.0809230054514947</orientation>
      <velocity>3.5999999999999996</velocity>
      <steeringAngle>-0.15990000000000001</steeringAngle>
      <time>41</time>
    </ksState>
    <ksState>
      <x>34.55971663535171</x>
      <y>19.23237152685975</y>
      <orientation>1.0581319232668436</orientation>
      <velocity>3.1999999999999993</velocity>
      <steeringAngle>-0.18655000000000002</steeringAngle>
      <time>42</time>
    </ksState>
    <ksState>
      <x>34.713297509890346</x>
      <y>19.501647637981502</y>
      <orientation>1.034639031274714</orientation>
      <velocity>2.799999999999999</velocity>
      <steeringAngle>-0.21320000000000003</steeringAngle>
      <time>43</time>
    </ksState>
    <ksState>
      <x>34.85253212496562</x>
      <y>19.73297253546622</y>
      <orientation>1.0112682828602433</orientation>
      <velocity>2.3999999999999986</velocity>
      <steeringAngle>-0.23985000000000004</steeringAngle>
      <time>44</time>
    </ksState>
    <ksState>
      <x>34.97567003207193</x>
      <y>19.927228414455904</y>
      <orientation>0.9888530765648715</orientation>
      <velocity>1.9999999999999984</velocity>
      <steeringAngle>-0.2665</steeringAngle>
      <time>45</time>
    </ksState>
    <ksState>
      <x>35.08089631960084</x>
      <y>20.085425822544046</y>
      <orientation>0.9692383109637616</orientation>
      <velocity>1.6</velocity>
      <steeringAngle>-0.23985000000000004</steeringAngle>
      <time>46</time>
    </ksState>
    <ksState>
      <x>35.166222150542836</x>
      <y>20.20879186437775</y>
      <orientation>0.9553959370531466</orientation>
      <velocity>1.2000000000000002</velocity>
      <steeringAngle>-0.21320000000000003</steeringAngle>
      <time>47</time>
    </ksState>
    <ksState>
      <x>35.22992882601823</x>
      <y>20.298465625270712</y>
      <orientation>0.9464315385793372</orientation>
      <velocity>0.8000000000000003</velocity>
      <steeringAngle>-0.18655000000000002</steeringAngle>
      <time>48</time>
    </ksState>
    <ksState>
      <x>35.27092074789567</x>
      <y>20.35520760317463</y>
      <orientation>0.9414685384155249</orientation>
      <velocity>0.4000000000000003</velocity>
      <steeringAngle>-0.15990000000000001</steeringAngle>
      <time>49</time>
    </ksState>
    <ksState>
      <x>35.288588898306934</x>
      <y>20.379452935677552</y>
      <orientation>0.9396453379583098</orientation>
      <velocity>2.7755575615628914e-16</velocity>
      <steeringAngle>-0.13325</steeringAngle>
      <time>50</time>
    </ksState>
    <ksState>
      <x>35.288588898306934</x>
      <y>20.379452935677552</y>
      <orientation>0.9396453379583098</orientation>
      <velocity>0.0</velocity>
      <steeringAngle>-0.1066</steeringAngle>
      <time>51</time>
    </ksState>
    <ksState>
      <x>35.288588898306934</x>
      <y>20.379452935677552</y>
      <orientation>0.9396453379583098</orientation>
      <velocity>0.0</velocity>
      <steeringAngle>-0.07995</steeringAngle>
      <time>52</time>
    </ksState>
    <ksState>
      <x>35.288588898306934</x>
      <y>20.379452935677552</y>
      <orientation>0.9396453379583098</orientation>
      <velocity>0.0</velocity>
      <steeringAngle>-0.053299999999999986</steeringAngle>
      <time>53</time>
    </ksState>
    <ksState>
      <x>35.288588898306934</x>
      <y>20.379452935677552</y>
      <orientation>0.9396453379583098</orientation>
      <velocity>0.0</velocity>
      <steeringAngle>-0.02664999999999998</steeringAngle>
      <time>54</time>
    </ksState>
    <ksState>
      <x>35.288588898306934</x>
      <y>20.379452935677552</y>
      <orientation>0.9396453379583098</orientation>
      <velocity>0.0</velocity>
      <steeringAngle>2.42861286636753e-17</steeringAngle>
      <time>55</time>
    </ksState>
    <ksState>
      <x>35.288588898306934</x>
      <y>20.379452935677552</y>
      <orientation>0.9396453379583098</orientation>
      <velocity>0.0</velocity>
      <steeringAngle>0.0</steeringAngle>
      <time>56</time>
    </ksState>
    <ksState>
      <x>35.288588898306934</x>
      <y>20.379452935677552</y>
      <orientation>0.9396453379583098</orientation>
      <velocity>0.0</velocity>
      <steeringAngle>0.0</steeringAngle>
      <time>57</time>
    </ksState>
    <ksState>
      <x>35.288588898306934</x>
      <y>20.379452935677552</y>
      <orientation>0.9396453379583098</orientation>
      <velocity>0.0</velocity>
      <steeringAngle>0.0</steeringAngle>
      <time>58</time>
    </ksState>
    <ksState>
      <x>35.288588898306934</x>
      <y>20.379452935677552</y>
      <orientation>0.9396453379583098</orientation>
      <velocity>0.0</velocity>
      <steeringAngle>0.0</steeringAngle>
      <time>59</time>
    </ksState>
    <ksState>
      <x>35.288588898306934</x>
      <y>20.379452935677552</y>
      <orientation>0.9396453379583098</orientation>
      <velocity>0.0</velocity>
      <steeringAngle>0.0</steeringAngle>
      <time>60</time>
    </ksState>
    <ksState>
      <x>35.288588898306934</x>
      <y>20.379452935677552</y>
      <orientation>0.9396453379583098</orientation>
      <velocity>0.0</velocity>
      <steeringAngle>0.0</steeringAngle>
      <time>61</time>
    </ksState>
    <ksState>
      <x>35.288588898306934</x>
      <y>20.379452935677552</y>
      <orientation>0.9396453379583098</orientation>
      <velocity>0.0</velocity>
      <steeringAngle>0.0</steeringAngle>
      <time>62</time>
    </ksState>
    <ksState>
      <x>35.288588898306934</x>
      <y>20.379452935677552</y>
      <orientation>0.9396453379583098</orientation>
      <velocity>0.0</velocity>
      <steeringAngle>0.0</steeringAngle>
      <time>63</time>
    </ksState>
    <ksState>
      <x>35.288588898306934</x>
      <y>20.379452935677552</y>
      <orientation>0.9396453379583098</orientation>
      <velocity>0.0</velocity>
      <steeringAngle>0.0</steeringAngle>
      <time>64</time>
    </ksState>
    <ksState>
      <x>35.288588898306934</x>
      <y>20.379452935677552</y>
      <orientation>0.9396453379583098</orientation>
      <velocity>0.0</velocity>
      <steeringAngle>0.0</steeringAngle>
      <time>65</time>
    </ksState>
    <ksState>
      <x>35.288588898306934</x>
      <y>20.379452935677552</y>
      <orientation>0.9396453379583098</orientation>
      <velocity>0.0</velocity>
      <steeringAngle>0.0</steeringAngle>
      <time>66</time>
    </ksState>
    <ksState>
      <x>35.288588898306934</x>
      <y>20.379452935677552</y>
      <orientation>0.9396453379583098</orientation>
      <velocity>0.0</velocity>
      <steeringAngle>0.0</steeringAngle>
      <time>67</time>
    </ksState>
    <ksState>
      <x>35.288588898306934</x>
      <y>20.379452935677552</y>
      <orientation>0.9396453379583098</orientation>
      <velocity>0.0</velocity>
      <steeringAngle>0.0</steeringAngle>
      <time>68</time>
    </ksState>
    <ksState>
      <x>35.288588898306934</x>
      <y>20.379452935677552</y>
      <orientation>0.9396453379583098</orientation>
      <velocity>0.0</velocity>
      <steeringAngle>0.0</steeringAngle>
      <time>69</time>
    </ksState>
    <ksState>
      <x>35.288588898306934</x>
      <y>20.379452935677552</y>
      <orientation>0.9396453379583098</orientation>
      <velocity>0.0</velocity>
      <steeringAngle>0.0</steeringAngle>
      <time>70</time>
    </ksState>
  </ksTrajectory>
</CommonRoadSolution>
