<?xml version="1.0" ?>
<CommonRoadSolution benchmark_id="KS2:SM1:USA_US101-14_1_T-1:2018b" date="2019-11-17">
  <ksTrajectory planningProblem="51">
    <ksState>
      <x>0.0</x>
      <y>0.0</y>
      <orientation>-0.68379</orientation>
      <velocity>15.0</velocity>
      <steeringAngle>0.0</steeringAngle>
      <time>0</time>
    </ksState>
    <ksState>
      <x>1.1666519415751926</x>
      <y>-0.9507619298325071</y>
      <orientation>-0.68379</orientation>
      <velocity>15.2</velocity>
      <steeringAngle>0.0</steeringAngle>
      <time>1</time>
    </ksState>
    <ksState>
      <x>2.3488075634370986</x>
      <y>-1.9141585696960108</y>
      <orientation>-0.68379</orientation>
      <velocity>15.399999999999999</velocity>
      <steeringAngle>0.0</steeringAngle>
      <time>2</time>
    </ksState>
    <ksState>
      <x>3.546466865585718</x>
      <y>-2.890189919590511</y>
      <orientation>-0.68379</orientation>
      <velocity>15.599999999999998</velocity>
      <steeringAngle>0.0</steeringAngle>
      <time>3</time>
    </ksState>
    <ksState>
      <x>4.759629848021052</x>
      <y>-3.878855979516009</y>
      <orientation>-0.68379</orientation>
      <velocity>15.799999999999997</velocity>
      <steeringAngle>0.0</steeringAngle>
      <time>4</time>
    </ksState>
    <ksState>
      <x>5.9882965107430985</x>
      <y>-4.880156749472503</y>
      <orientation>-0.68379</orientation>
      <velocity>15.999999999999996</velocity>
      <steeringAngle>0.0</steeringAngle>
      <time>5</time>
    </ksState>
    <ksState>
      <x>7.228590933680181</x>
      <y>-5.890933551952245</y>
      <orientation>-0.68379</orientation>
      <velocity>16.0</velocity>
      <steeringAngle>0.0</steeringAngle>
      <time>6</time>
    </ksState>
    <ksState>
      <x>8.468885356617262</x>
      <y>-6.901710354431987</y>
      <orientation>-0.68379</orientation>
      <velocity>16.0</velocity>
      <steeringAngle>0.0</steeringAngle>
      <time>7</time>
    </ksState>
    <ksState>
      <x>9.709179779554344</x>
      <y>-7.9124871569117285</y>
      <orientation>-0.68379</orientation>
      <velocity>16.0</velocity>
      <steeringAngle>0.0</steeringAngle>
      <time>8</time>
    </ksState>
    <ksState>
      <x>10.949474202491427</x>
      <y>-8.92326395939147</y>
      <orientation>-0.68379</orientation>
      <velocity>16.0</velocity>
      <steeringAngle>0.0</steeringAngle>
      <time>9</time>
    </ksState>
    <ksState>
      <x>12.189768625428506</x>
      <y>-9.934040761871211</y>
      <orientation>-0.68379</orientation>
      <velocity>16.0</velocity>
      <steeringAngle>0.0</steeringAngle>
      <time>10</time>
    </ksState>
    <ksState>
      <x>13.430063048365588</x>
      <y>-10.944817564350952</y>
      <orientation>-0.68379</orientation>
      <velocity>16.0</velocity>
      <steeringAngle>0.0</steeringAngle>
      <time>11</time>
    </ksState>
    <ksState>
      <x>14.67035747130267</x>
      <y>-11.955594366830695</y>
      <orientation>-0.68379</orientation>
      <velocity>16.0</velocity>
      <steeringAngle>0.0</steeringAngle>
      <time>12</time>
    </ksState>
    <ksState>
      <x>15.910651894239752</x>
      <y>-12.966371169310436</y>
      <orientation>-0.68379</orientation>
      <velocity>16.0</velocity>
      <steeringAngle>0.0</steeringAngle>
      <time>13</time>
    </ksState>
    <ksState>
      <x>17.15094631717683</x>
      <y>-13.977147971790178</y>
      <orientation>-0.68379</orientation>
      <velocity>16.0</velocity>
      <steeringAngle>0.0</steeringAngle>
      <time>14</time>
    </ksState>
    <ksState>
      <x>18.391240740113915</x>
      <y>-14.987924774269919</y>
      <orientation>-0.68379</orientation>
      <velocity>16.0</velocity>
      <steeringAngle>0.0</steeringAngle>
      <time>15</time>
    </ksState>
    <ksState>
      <x>19.631535163050998</x>
      <y>-15.99870157674966</y>
      <orientation>-0.68379</orientation>
      <velocity>16.0</velocity>
      <steeringAngle>0.0</steeringAngle>
      <time>16</time>
    </ksState>
    <ksState>
      <x>20.871829585988078</x>
      <y>-17.009478379229403</y>
      <orientation>-0.68379</orientation>
      <velocity>16.0</velocity>
      <steeringAngle>0.0</steeringAngle>
      <time>17</time>
    </ksState>
    <ksState>
      <x>22.11212400892516</x>
      <y>-18.020255181709143</y>
      <orientation>-0.68379</orientation>
      <velocity>16.0</velocity>
      <steeringAngle>0.0</steeringAngle>
      <time>18</time>
    </ksState>
    <ksState>
      <x>23.35241843186224</x>
      <y>-19.031031984188886</y>
      <orientation>-0.68379</orientation>
      <velocity>16.0</velocity>
      <steeringAngle>0.0</steeringAngle>
      <time>19</time>
    </ksState>
    <ksState>
      <x>24.592712854799323</x>
      <y>-20.041808786668625</y>
      <orientation>-0.68379</orientation>
      <velocity>16.0</velocity>
      <steeringAngle>0.0</steeringAngle>
      <time>20</time>
    </ksState>
    <ksState>
      <x>25.833007277736407</x>
      <y>-21.052585589148368</y>
      <orientation>-0.68379</orientation>
      <velocity>16.0</velocity>
      <steeringAngle>0.0</steeringAngle>
      <time>21</time>
    </ksState>
    <ksState>
      <x>27.073301700673486</x>
      <y>-22.063362391628107</y>
      <orientation>-0.68379</orientation>
      <velocity>16.0</velocity>
      <steeringAngle>0.0</steeringAngle>
      <time>22</time>
    </ksState>
    <ksState>
      <x>28.31359612361057</x>
      <y>-23.07413919410785</y>
      <orientation>-0.68379</orientation>
      <velocity>16.0</velocity>
      <steeringAngle>0.0</steeringAngle>
      <time>23</time>
    </ksState>
    <ksState>
      <x>29.55389054654765</x>
      <y>-24.08491599658759</y>
      <orientation>-0.68379</orientation>
      <velocity>16.0</velocity>
      <steeringAngle>0.0</steeringAngle>
      <time>24</time>
    </ksState>
    <ksState>
      <x>30.794184969484732</x>
      <y>-25.095692799067333</y>
      <orientation>-0.68379</orientation>
      <velocity>16.0</velocity>
      <steeringAngle>0.0</steeringAngle>
      <time>25</time>
    </ksState>
    <ksState>
      <x>32.034479392421815</x>
      <y>-26.106469601547076</y>
      <orientation>-0.68379</orientation>
      <velocity>16.0</velocity>
      <steeringAngle>0.0</steeringAngle>
      <time>26</time>
    </ksState>
    <ksState>
      <x>33.2747738153589</x>
      <y>-27.117246404026815</y>
      <orientation>-0.68379</orientation>
      <velocity>16.0</velocity>
      <steeringAngle>0.0</steeringAngle>
      <time>27</time>
    </ksState>
    <ksState>
      <x>34.515068238295974</x>
      <y>-28.12802320650656</y>
      <orientation>-0.68379</orientation>
      <velocity>16.0</velocity>
      <steeringAngle>0.0</steeringAngle>
      <time>28</time>
    </ksState>
    <ksState>
      <x>35.75536266123306</x>
      <y>-29.1388000089863</y>
      <orientation>-0.68379</orientation>
      <velocity>16.0</velocity>
      <steeringAngle>0.0</steeringAngle>
      <time>29</time>
    </ksState>
    <ksState>
      <x>36.99565708417014</x>
      <y>-30.14957681146604</y>
      <orientation>-0.68379</orientation>
      <velocity>16.0</velocity>
      <steeringAngle>0.0</steeringAngle>
      <time>30</time>
    </ksState>
    <ksState>
      <x>38.235951507107224</x>
      <y>-31.160353613945784</y>
      <orientation>-0.68379</orientation>
      <velocity>16.0</velocity>
      <steeringAngle>0.0</steeringAngle>
      <time>31</time>
    </ksState>
    <ksState>
      <x>39.47624593004431</x>
      <y>-32.17113041642553</y>
      <orientation>-0.68379</orientation>
      <velocity>16.0</velocity>
      <steeringAngle>0.0</steeringAngle>
      <time>32</time>
    </ksState>
    <ksState>
      <x>40.71654035298138</x>
      <y>-33.181907218905266</y>
      <orientation>-0.68379</orientation>
      <velocity>16.0</velocity>
      <steeringAngle>0.0</steeringAngle>
      <time>33</time>
    </ksState>
    <ksState>
      <x>41.956834775918466</x>
      <y>-34.192684021385006</y>
      <orientation>-0.68379</orientation>
      <velocity>16.0</velocity>
      <steeringAngle>0.0</steeringAngle>
      <time>34</time>
    </ksState>
    <ksState>
      <x>43.19712919885555</x>
      <y>-35.203460823864745</y>
      <orientation>-0.68379</orientation>
      <velocity>16.0</velocity>
      <steeringAngle>0.0</steeringAngle>
      <time>35</time>
    </ksState>
    <ksState>
      <x>44.433547701720954</x>
      <y>-36.211078948836736</y>
      <orientation>-0.68379</orientation>
      <velocity>15.8</velocity>
      <steeringAngle>0.0</steeringAngle>
      <time>36</time>
    </ksState>
    <ksState>
      <x>45.654462524299646</x>
      <y>-37.20606236377773</y>
      <orientation>-0.68379</orientation>
      <velocity>15.600000000000001</velocity>
      <steeringAngle>0.0</steeringAngle>
      <time>37</time>
    </ksState>
    <ksState>
      <x>46.85987366659162</x>
      <y>-38.188411068687735</y>
      <orientation>-0.68379</orientation>
      <velocity>15.400000000000002</velocity>
      <steeringAngle>0.0</steeringAngle>
      <time>38</time>
    </ksState>
    <ksState>
      <x>48.049781128596884</x>
      <y>-39.158125063566736</y>
      <orientation>-0.68379</orientation>
      <velocity>15.200000000000003</velocity>
      <steeringAngle>0.0</steeringAngle>
      <time>39</time>
    </ksState>
    <ksState>
      <x>49.22418491031543</x>
      <y>-40.11520434841474</y>
      <orientation>-0.68379</orientation>
      <velocity>15.000000000000004</velocity>
      <steeringAngle>0.0</steeringAngle>
      <time>40</time>
    </ksState>
    <ksState>
      <x>50.38696093181894</x>
      <y>-41.062807600739504</y>
      <orientation>-0.68379</orientation>
      <velocity>15.0</velocity>
      <steeringAngle>0.0</steeringAngle>
      <time>41</time>
    </ksState>
    <ksState>
      <x>51.54973695332246</x>
      <y>-42.01041085306426</y>
      <orientation>-0.68379</orientation>
      <velocity>15.0</velocity>
      <steeringAngle>0.0</steeringAngle>
      <time>42</time>
    </ksState>
    <ksState>
      <x>52.71251297482597</x>
      <y>-42.95801410538902</y>
      <orientation>-0.68379</orientation>
      <velocity>15.0</velocity>
      <steeringAngle>0.0</steeringAngle>
      <time>43</time>
    </ksState>
    <ksState>
      <x>53.87528899632949</x>
      <y>-43.90561735771377</y>
      <orientation>-0.68379</orientation>
      <velocity>15.0</velocity>
      <steeringAngle>0.0</steeringAngle>
      <time>44</time>
    </ksState>
    <ksState>
      <x>55.038065017833</x>
      <y>-44.853220610038534</y>
      <orientation>-0.68379</orientation>
      <velocity>15.0</velocity>
      <steeringAngle>0.0</steeringAngle>
      <time>45</time>
    </ksState>
    <ksState>
      <x>56.20084103933651</x>
      <y>-45.800823862363295</y>
      <orientation>-0.68379</orientation>
      <velocity>15.0</velocity>
      <steeringAngle>0.0</steeringAngle>
      <time>46</time>
    </ksState>
    <ksState>
      <x>57.36361706084003</x>
      <y>-46.74842711468805</y>
      <orientation>-0.68379</orientation>
      <velocity>15.0</velocity>
      <steeringAngle>0.0</steeringAngle>
      <time>47</time>
    </ksState>
    <ksState>
      <x>58.52639308234354</x>
      <y>-47.69603036701281</y>
      <orientation>-0.68379</orientation>
      <velocity>15.0</velocity>
      <steeringAngle>0.0</steeringAngle>
      <time>48</time>
    </ksState>
    <ksState>
      <x>59.68916910384706</x>
      <y>-48.643633619337564</y>
      <orientation>-0.68379</orientation>
      <velocity>15.0</velocity>
      <steeringAngle>0.0</steeringAngle>
      <time>49</time>
    </ksState>
    <ksState>
      <x>60.85194512535057</x>
      <y>-49.591236871662325</y>
      <orientation>-0.68379</orientation>
      <velocity>15.0</velocity>
      <steeringAngle>0.0</steeringAngle>
      <time>50</time>
    </ksState>
    <ksState>
      <x>62.01472114685408</x>
      <y>-50.538840123987086</y>
      <orientation>-0.68379</orientation>
      <velocity>15.0</velocity>
      <steeringAngle>0.0</steeringAngle>
      <time>51</time>
    </ksState>
    <ksState>
      <x>63.1774971683576</x>
      <y>-51.48644337631184</y>
      <orientation>-0.68379</orientation>
      <velocity>15.0</velocity>
      <steeringAngle>0.0</steeringAngle>
      <time>52</time>
    </ksState>
    <ksState>
      <x>64.34027318986111</x>
      <y>-52.4340466286366</y>
      <orientation>-0.68379</orientation>
      <velocity>15.0</velocity>
      <steeringAngle>0.0</steeringAngle>
      <time>53</time>
    </ksState>
    <ksState>
      <x>65.50304921136463</x>
      <y>-53.381649880961355</y>
      <orientation>-0.68379</orientation>
      <velocity>15.0</velocity>
      <steeringAngle>0.0</steeringAngle>
      <time>54</time>
    </ksState>
    <ksState>
      <x>66.66582523286814</x>
      <y>-54.329253133286116</y>
      <orientation>-0.68379</orientation>
      <velocity>15.0</velocity>
      <steeringAngle>0.0</steeringAngle>
      <time>55</time>
    </ksState>
    <ksState>
      <x>67.80922165401327</x>
      <y>-55.26106299807213</y>
      <orientation>-0.68379</orientation>
      <velocity>14.0</velocity>
      <steeringAngle>0.0</steeringAngle>
      <time>56</time>
    </ksState>
  </ksTrajectory>
</CommonRoadSolution>
