<?xml version="1.0" ?>
<CommonRoadSolution benchmark_id="KS2:SM1:USA_US101-27_3_T-1:2018b" date="2019-11-18">
  <ksTrajectory planningProblem="352">
    <ksState>
      <x>0.0</x>
      <y>0.0</y>
      <orientation>-0.70521</orientation>
      <velocity>14.0</velocity>
      <steeringAngle>0.0</steeringAngle>
      <time>0</time>
    </ksState>
    <ksState>
      <x>1.0470287408148216</x>
      <y>-0.8912664112978392</y>
      <orientation>-0.70521</orientation>
      <velocity>13.0</velocity>
      <steeringAngle>0.0</steeringAngle>
      <time>1</time>
    </ksState>
    <ksState>
      <x>2.0179099368431106</x>
      <y>-1.717713447228563</y>
      <orientation>-0.70521</orientation>
      <velocity>12.0</velocity>
      <steeringAngle>0.0</steeringAngle>
      <time>2</time>
    </ksState>
    <ksState>
      <x>2.9126435880848676</x>
      <y>-2.479341107792171</y>
      <orientation>-0.70521</orientation>
      <velocity>11.0</velocity>
      <steeringAngle>0.0</steeringAngle>
      <time>3</time>
    </ksState>
    <ksState>
      <x>3.731229694540092</x>
      <y>-3.176149392988664</y>
      <orientation>-0.70521</orientation>
      <velocity>10.0</velocity>
      <steeringAngle>0.0</steeringAngle>
      <time>4</time>
    </ksState>
    <ksState>
      <x>4.473668256208783</x>
      <y>-3.8081383028180404</y>
      <orientation>-0.70521</orientation>
      <velocity>9.0</velocity>
      <steeringAngle>0.0</steeringAngle>
      <time>5</time>
    </ksState>
    <ksState>
      <x>5.139959273090942</x>
      <y>-4.375307837280301</y>
      <orientation>-0.70521</orientation>
      <velocity>8.0</velocity>
      <steeringAngle>0.0</steeringAngle>
      <time>6</time>
    </ksState>
    <ksState>
      <x>5.730102745186569</x>
      <y>-4.877657996375447</y>
      <orientation>-0.70521</orientation>
      <velocity>7.0</velocity>
      <steeringAngle>0.0</steeringAngle>
      <time>7</time>
    </ksState>
    <ksState>
      <x>6.244098672495664</x>
      <y>-5.315188780103478</y>
      <orientation>-0.70521</orientation>
      <velocity>6.0</velocity>
      <steeringAngle>0.0</steeringAngle>
      <time>8</time>
    </ksState>
    <ksState>
      <x>6.681947055018226</x>
      <y>-5.6879001884643925</y>
      <orientation>-0.70521</orientation>
      <velocity>5.0</velocity>
      <steeringAngle>0.0</steeringAngle>
      <time>9</time>
    </ksState>
    <ksState>
      <x>7.0436478927542545</x>
      <y>-5.995792221458192</y>
      <orientation>-0.70521</orientation>
      <velocity>4.0</velocity>
      <steeringAngle>0.0</steeringAngle>
      <time>10</time>
    </ksState>
    <ksState>
      <x>7.3368159401824045</x>
      <y>-6.245346816621587</y>
      <orientation>-0.7042540658135864</orientation>
      <velocity>3.4000000000000004</velocity>
      <steeringAngle>0.026650000000000004</steeringAngle>
      <time>11</time>
    </ksState>
    <ksState>
      <x>7.584672889105633</x>
      <y>-6.455565396941113</y>
      <orientation>-0.7000930098675685</orientation>
      <velocity>2.8000000000000007</velocity>
      <steeringAngle>0.05330000000000001</steeringAngle>
      <time>12</time>
    </ksState>
    <ksState>
      <x>7.787573037670251</x>
      <y>-6.626024726172292</y>
      <orientation>-0.6939626964488734</orientation>
      <velocity>2.200000000000001</velocity>
      <steeringAngle>0.07995000000000001</steeringAngle>
      <time>13</time>
    </ksState>
    <ksState>
      <x>7.9453673580162585</x>
      <y>-6.756890422296286</y>
      <orientation>-0.6870992620336311</orientation>
      <velocity>1.600000000000001</velocity>
      <steeringAngle>0.10660000000000001</steeringAngle>
      <time>14</time>
    </ksState>
    <ksState>
      <x>8.057601870972364</x>
      <y>-6.848696504914472</y>
      <orientation>-0.6807426448553863</orientation>
      <velocity>1.0000000000000009</velocity>
      <steeringAngle>0.13325</steeringAngle>
      <time>15</time>
    </ksState>
    <ksState>
      <x>8.154862538870194</x>
      <y>-6.927216165843769</y>
      <orientation>-0.6742455133623165</orientation>
      <velocity>2.0</velocity>
      <steeringAngle>0.13325</steeringAngle>
      <time>16</time>
    </ksState>
    <ksState>
      <x>8.331031935455973</x>
      <y>-7.0671768960705785</y>
      <orientation>-0.6625506766747911</orientation>
      <velocity>3.0</velocity>
      <steeringAngle>0.13325</steeringAngle>
      <time>17</time>
    </ksState>
    <ksState>
      <x>8.588105400387747</x>
      <y>-7.266015116730815</y>
      <orientation>-0.6456581347928098</orientation>
      <velocity>4.0</velocity>
      <steeringAngle>0.13325</steeringAngle>
      <time>18</time>
    </ksState>
    <ksState>
      <x>8.928952246206162</x>
      <y>-7.519872487776757</y>
      <orientation>-0.6235678877163727</orientation>
      <velocity>5.0</velocity>
      <steeringAngle>0.13325</steeringAngle>
      <time>19</time>
    </ksState>
    <ksState>
      <x>9.357215099173072</x>
      <y>-7.8235241310040475</y>
      <orientation>-0.59627993544548</orientation>
      <velocity>6.0</velocity>
      <steeringAngle>0.13325</steeringAngle>
      <time>20</time>
    </ksState>
    <ksState>
      <x>9.86881132943516</x>
      <y>-8.164803079110605</y>
      <orientation>-0.5659680116319542</orientation>
      <velocity>6.6</velocity>
      <steeringAngle>0.1066</steeringAngle>
      <time>21</time>
    </ksState>
    <ksState>
      <x>10.441064270928406</x>
      <y>-8.522755905688875</y>
      <orientation>-0.5397610834416976</orientation>
      <velocity>7.199999999999999</velocity>
      <steeringAngle>0.07995</steeringAngle>
      <time>22</time>
    </ksState>
    <ksState>
      <x>11.073705748999862</x>
      <y>-8.896885392992717</y>
      <orientation>-0.5188744173758859</orientation>
      <velocity>7.799999999999999</velocity>
      <steeringAngle>0.053299999999999986</steeringAngle>
      <time>23</time>
    </ksState>
    <ksState>
      <x>11.765675109111882</x>
      <y>-9.288284324140939</y>
      <orientation>-0.5045252655754747</orientation>
      <velocity>8.4</velocity>
      <steeringAngle>0.02664999999999998</steeringAngle>
      <time>24</time>
    </ksState>
    <ksState>
      <x>12.515054839640383</x>
      <y>-9.69992928799368</y>
      <orientation>-0.4979362996061008</orientation>
      <velocity>9.000000000000002</velocity>
      <steeringAngle>-2.42861286636753e-17</steeringAngle>
      <time>25</time>
    </ksState>
    <ksState>
      <x>13.310160764856096</x>
      <y>-10.132169461608841</y>
      <orientation>-0.4979362996061008</orientation>
      <velocity>9.2</velocity>
      <steeringAngle>0.0</steeringAngle>
      <time>26</time>
    </ksState>
    <ksState>
      <x>14.122838091734035</x>
      <y>-10.573961904254173</y>
      <orientation>-0.4979362996061008</orientation>
      <velocity>9.399999999999999</velocity>
      <steeringAngle>0.0</steeringAngle>
      <time>27</time>
    </ksState>
    <ksState>
      <x>14.9530868202742</x>
      <y>-11.025306615929672</y>
      <orientation>-0.4979362996061008</orientation>
      <velocity>9.599999999999998</velocity>
      <steeringAngle>0.0</steeringAngle>
      <time>28</time>
    </ksState>
    <ksState>
      <x>15.80090695047659</x>
      <y>-11.486203596635342</y>
      <orientation>-0.4979362996061008</orientation>
      <velocity>9.799999999999997</velocity>
      <steeringAngle>0.0</steeringAngle>
      <time>29</time>
    </ksState>
    <ksState>
      <x>16.666298482341205</x>
      <y>-11.956652846371181</y>
      <orientation>-0.4979362996061008</orientation>
      <velocity>9.999999999999996</velocity>
      <steeringAngle>0.0</steeringAngle>
      <time>30</time>
    </ksState>
    <ksState>
      <x>17.5536542662836</x>
      <y>-12.439042432394732</y>
      <orientation>-0.4979362996061008</orientation>
      <velocity>10.399999999999999</velocity>
      <steeringAngle>0.0</steeringAngle>
      <time>31</time>
    </ksState>
    <ksState>
      <x>18.476152853550452</x>
      <y>-12.940536556478621</y>
      <orientation>-0.4979362996061008</orientation>
      <velocity>10.799999999999997</velocity>
      <steeringAngle>0.0</steeringAngle>
      <time>32</time>
    </ksState>
    <ksState>
      <x>19.43379424414175</x>
      <y>-13.461135218622848</y>
      <orientation>-0.4979362996061008</orientation>
      <velocity>11.199999999999996</velocity>
      <steeringAngle>0.0</steeringAngle>
      <time>33</time>
    </ksState>
    <ksState>
      <x>20.426578438057504</x>
      <y>-14.000838418827414</y>
      <orientation>-0.4979362996061008</orientation>
      <velocity>11.599999999999994</velocity>
      <steeringAngle>0.0</steeringAngle>
      <time>34</time>
    </ksState>
    <ksState>
      <x>21.45450543529771</x>
      <y>-14.559646157092319</y>
      <orientation>-0.4979362996061008</orientation>
      <velocity>11.999999999999993</velocity>
      <steeringAngle>0.0</steeringAngle>
      <time>35</time>
    </ksState>
    <ksState>
      <x>22.517575235862363</x>
      <y>-15.137558433417562</y>
      <orientation>-0.4979362996061008</orientation>
      <velocity>12.399999999999999</velocity>
      <steeringAngle>0.0</steeringAngle>
      <time>36</time>
    </ksState>
    <ksState>
      <x>23.61578783975147</x>
      <y>-15.734575247803145</y>
      <orientation>-0.4979362996061008</orientation>
      <velocity>12.799999999999997</velocity>
      <steeringAngle>0.0</steeringAngle>
      <time>37</time>
    </ksState>
    <ksState>
      <x>24.749143246965026</x>
      <y>-16.350696600249066</y>
      <orientation>-0.4979362996061008</orientation>
      <velocity>13.199999999999996</velocity>
      <steeringAngle>0.0</steeringAngle>
      <time>38</time>
    </ksState>
    <ksState>
      <x>25.917641457503038</x>
      <y>-16.985922490755325</y>
      <orientation>-0.4979362996061008</orientation>
      <velocity>13.599999999999994</velocity>
      <steeringAngle>0.0</steeringAngle>
      <time>39</time>
    </ksState>
    <ksState>
      <x>27.121282471365497</x>
      <y>-17.640252919321924</y>
      <orientation>-0.4979362996061008</orientation>
      <velocity>13.999999999999993</velocity>
      <steeringAngle>0.0</steeringAngle>
      <time>40</time>
    </ksState>
    <ksState>
      <x>28.338102036474627</x>
      <y>-18.301747549661147</y>
      <orientation>-0.4979362996061008</orientation>
      <velocity>13.399999999999999</velocity>
      <steeringAngle>0.0</steeringAngle>
      <time>41</time>
    </ksState>
    <ksState>
      <x>29.50220739659708</x>
      <y>-18.934585372909865</y>
      <orientation>-0.4979362996061008</orientation>
      <velocity>12.799999999999997</velocity>
      <steeringAngle>0.0</steeringAngle>
      <time>42</time>
    </ksState>
    <ksState>
      <x>30.613598551732856</x>
      <y>-19.538766389068076</y>
      <orientation>-0.4979362996061008</orientation>
      <velocity>12.199999999999996</velocity>
      <steeringAngle>0.0</steeringAngle>
      <time>43</time>
    </ksState>
    <ksState>
      <x>31.672275501881952</x>
      <y>-20.114290598135774</y>
      <orientation>-0.4979362996061008</orientation>
      <velocity>11.599999999999994</velocity>
      <steeringAngle>0.0</steeringAngle>
      <time>44</time>
    </ksState>
    <ksState>
      <x>32.678238247044376</x>
      <y>-20.66115800011297</y>
      <orientation>-0.4979362996061008</orientation>
      <velocity>10.999999999999993</velocity>
      <steeringAngle>0.0</steeringAngle>
      <time>45</time>
    </ksState>
    <ksState>
      <x>33.62270108638901</x>
      <y>-21.174592460484572</y>
      <orientation>-0.4979362996061008</orientation>
      <velocity>10.0</velocity>
      <steeringAngle>0.0</steeringAngle>
      <time>46</time>
    </ksState>
    <ksState>
      <x>34.47930691742251</x>
      <y>-21.640265575705325</y>
      <orientation>-0.4979362996061008</orientation>
      <velocity>9.0</velocity>
      <steeringAngle>0.0</steeringAngle>
      <time>47</time>
    </ksState>
    <ksState>
      <x>35.248055740144885</x>
      <y>-22.05817734577523</y>
      <orientation>-0.4979362996061008</orientation>
      <velocity>8.0</velocity>
      <steeringAngle>0.0</steeringAngle>
      <time>48</time>
    </ksState>
    <ksState>
      <x>35.92894755455613</x>
      <y>-22.428327770694292</y>
      <orientation>-0.4979362996061008</orientation>
      <velocity>7.0</velocity>
      <steeringAngle>0.0</steeringAngle>
      <time>49</time>
    </ksState>
    <ksState>
      <x>36.52198236065625</x>
      <y>-22.750716850462506</y>
      <orientation>-0.4979362996061008</orientation>
      <velocity>6.0</velocity>
      <steeringAngle>0.0</steeringAngle>
      <time>50</time>
    </ksState>
    <ksState>
      <x>37.062302961769696</x>
      <y>-23.04444912314021</y>
      <orientation>-0.4979362996061008</orientation>
      <velocity>6.6</velocity>
      <steeringAngle>0.0</steeringAngle>
      <time>51</time>
    </ksState>
    <ksState>
      <x>37.65533776786981</x>
      <y>-23.366838202908426</y>
      <orientation>-0.4979362996061008</orientation>
      <velocity>7.199999999999999</velocity>
      <steeringAngle>0.0</steeringAngle>
      <time>52</time>
    </ksState>
    <ksState>
      <x>38.3010867789566</x>
      <y>-23.71788408976715</y>
      <orientation>-0.4979362996061008</orientation>
      <velocity>7.799999999999999</velocity>
      <steeringAngle>0.0</steeringAngle>
      <time>53</time>
    </ksState>
    <ksState>
      <x>38.99954999503008</x>
      <y>-24.09758678371638</y>
      <orientation>-0.4979362996061008</orientation>
      <velocity>8.4</velocity>
      <steeringAngle>0.0</steeringAngle>
      <time>54</time>
    </ksState>
    <ksState>
      <x>39.75072741609023</x>
      <y>-24.505946284756117</y>
      <orientation>-0.4979362996061008</orientation>
      <velocity>9.000000000000002</velocity>
      <steeringAngle>0.0</steeringAngle>
      <time>55</time>
    </ksState>
    <ksState>
      <x>40.554619042137055</x>
      <y>-24.942962592886364</y>
      <orientation>-0.5003390531016808</orientation>
      <velocity>9.600000000000001</velocity>
      <steeringAngle>-0.026650000000000004</steeringAngle>
      <time>56</time>
    </ksState>
    <ksState>
      <x>41.40892001361451</x>
      <y>-25.412844494531807</y>
      <orientation>-0.512977402565594</orientation>
      <velocity>10.200000000000003</velocity>
      <steeringAngle>-0.05330000000000001</steeringAngle>
      <time>57</time>
    </ksState>
    <ksState>
      <x>42.30795840062057</x>
      <y>-25.92560679326676</y>
      <orientation>-0.5371111159421752</orientation>
      <velocity>10.800000000000004</velocity>
      <steeringAngle>-0.07995000000000001</steeringAngle>
      <time>58</time>
    </ksState>
    <ksState>
      <x>43.24394096816982</x>
      <y>-26.493829710801016</y>
      <orientation>-0.5740194993623166</orientation>
      <velocity>11.400000000000006</velocity>
      <steeringAngle>-0.10660000000000001</steeringAngle>
      <time>59</time>
    </ksState>
    <ksState>
      <x>44.20617387084562</x>
      <y>-27.13253647596552</y>
      <orientation>-0.6250051737511224</orientation>
      <velocity>12.000000000000007</velocity>
      <steeringAngle>-0.13325</steeringAngle>
      <time>60</time>
    </ksState>
    <ksState>
      <x>45.17210450037075</x>
      <y>-27.852710066601784</y>
      <orientation>-0.684460861994828</orientation>
      <velocity>12.2</velocity>
      <steeringAngle>-0.1066</steeringAngle>
      <time>61</time>
    </ksState>
    <ksState>
      <x>46.11119233924523</x>
      <y>-28.639156959663946</y>
      <orientation>-0.7320795716985314</orientation>
      <velocity>12.399999999999999</velocity>
      <steeringAngle>-0.07995</steeringAngle>
      <time>62</time>
    </ksState>
    <ksState>
      <x>47.029073263890105</x>
      <y>-29.480213343823763</y>
      <orientation>-0.7675120349888249</orientation>
      <velocity>12.599999999999998</velocity>
      <steeringAngle>-0.053299999999999986</steeringAngle>
      <time>63</time>
    </ksState>
    <ksState>
      <x>47.93363336983972</x>
      <y>-30.364480308099076</y>
      <orientation>-0.7903931844360836</orientation>
      <velocity>12.799999999999997</velocity>
      <steeringAngle>-0.02664999999999998</steeringAngle>
      <time>64</time>
    </ksState>
    <ksState>
      <x>48.83467360161049</x>
      <y>-31.2806317345985</y>
      <orientation>-0.8003412418926573</orientation>
      <velocity>12.999999999999996</velocity>
      <steeringAngle>2.42861286636753e-17</steeringAngle>
      <time>65</time>
    </ksState>
    <ksState>
      <x>49.7365917321149</x>
      <y>-32.209915698662996</y>
      <orientation>-0.797008390269756</orientation>
      <velocity>12.8</velocity>
      <steeringAngle>0.026650000000000004</steeringAngle>
      <time>66</time>
    </ksState>
    <ksState>
      <x>50.63061988588895</x>
      <y>-33.11893763232295</y>
      <orientation>-0.7805449821506324</orientation>
      <velocity>12.600000000000001</velocity>
      <steeringAngle>0.05330000000000001</steeringAngle>
      <time>67</time>
    </ksState>
    <ksState>
      <x>51.52802913901982</x>
      <y>-33.99621452810203</y>
      <orientation>-0.7513415202973579</orientation>
      <velocity>12.400000000000002</velocity>
      <steeringAngle>0.07995000000000001</steeringAngle>
      <time>68</time>
    </ksState>
    <ksState>
      <x>52.438537264827985</x>
      <y>-34.83051572447515</y>
      <orientation>-0.7097713082041123</orientation>
      <velocity>12.200000000000003</velocity>
      <steeringAngle>0.10660000000000001</steeringAngle>
      <time>69</time>
    </ksState>
    <ksState>
      <x>53.36995874891355</x>
      <y>-35.610543038918884</y>
      <orientation>-0.656191404917857</orientation>
      <velocity>12.000000000000004</velocity>
      <steeringAngle>0.13325</steeringAngle>
      <time>70</time>
    </ksState>
    <ksState>
      <x>54.33192777038812</x>
      <y>-36.32766611129528</y>
      <orientation>-0.5969693485508206</orientation>
      <velocity>12.0</velocity>
      <steeringAngle>0.1066</steeringAngle>
      <time>71</time>
    </ksState>
    <ksState>
      <x>55.3326216413111</x>
      <y>-36.989775365811326</y>
      <orientation>-0.5503096681824791</orientation>
      <velocity>12.0</velocity>
      <steeringAngle>0.07995</steeringAngle>
      <time>72</time>
    </ksState>
    <ksState>
      <x>56.361216472562106</x>
      <y>-37.607729722458046</y>
      <orientation>-0.5161453786604515</orientation>
      <velocity>12.0</velocity>
      <steeringAngle>0.053299999999999986</steeringAngle>
      <time>73</time>
    </ksState>
    <ksState>
      <x>57.40852531974321</x>
      <y>-38.19346747571087</y>
      <orientation>-0.49442766004390565</orientation>
      <velocity>12.0</velocity>
      <steeringAngle>0.02664999999999998</steeringAngle>
      <time>74</time>
    </ksState>
    <ksState>
      <x>58.466569429840895</x>
      <y>-38.759620118462315</y>
      <orientation>-0.4851255774837668</orientation>
      <velocity>12.0</velocity>
      <steeringAngle>-2.42861286636753e-17</steeringAngle>
      <time>75</time>
    </ksState>
    <ksState>
      <x>59.53695527004205</x>
      <y>-39.32386665420433</y>
      <orientation>-0.4882775766930223</orientation>
      <velocity>12.399999999999999</velocity>
      <steeringAngle>-0.026650000000000004</steeringAngle>
      <time>76</time>
    </ksState>
    <ksState>
      <x>60.63897762667366</x>
      <y>-39.91380790902076</y>
      <orientation>-0.5044567147299582</orientation>
      <velocity>12.799999999999997</velocity>
      <steeringAngle>-0.05330000000000001</steeringAngle>
      <time>77</time>
    </ksState>
    <ksState>
      <x>61.76408235356907</x>
      <y>-40.544812213896165</y>
      <orientation>-0.5345138693480629</orientation>
      <velocity>13.199999999999996</velocity>
      <steeringAngle>-0.07995000000000001</steeringAngle>
      <time>78</time>
    </ksState>
    <ksState>
      <x>62.90144991720895</x>
      <y>-41.234093805655924</y>
      <orientation>-0.5793218357573086</orientation>
      <velocity>13.599999999999994</velocity>
      <steeringAngle>-0.10660000000000001</steeringAngle>
      <time>79</time>
    </ksState>
    <ksState>
      <x>64.03702619221914</x>
      <y>-42.00024850725195</y>
      <orientation>-0.6397779583807922</orientation>
      <velocity>13.999999999999993</velocity>
      <steeringAngle>-0.13325</steeringAngle>
      <time>80</time>
    </ksState>
  </ksTrajectory>
</CommonRoadSolution>
