<?xml version="1.0" ?>
<CommonRoadSolution benchmark_id="KS2:SM1:CHN_Sha-16_2_T-1:2018b" date="2019-11-18">
  <ksTrajectory planningProblem="2">
    <ksState>
      <x>-54.9653</x>
      <y>-1.8032</y>
      <orientation>0.0048</orientation>
      <velocity>2.0</velocity>
      <steeringAngle>0.0</steeringAngle>
      <time>0</time>
    </ksState>
    <ksState>
      <x>-54.740302591995025</x>
      <y>-1.8021200041471952</y>
      <orientation>0.0048</orientation>
      <velocity>3.0</velocity>
      <steeringAngle>0.0</steeringAngle>
      <time>1</time>
    </ksState>
    <ksState>
      <x>-54.415306335987836</x>
      <y>-1.8005600101375883</y>
      <orientation>0.0048</orientation>
      <velocity>4.0</velocity>
      <steeringAngle>0.0</steeringAngle>
      <time>2</time>
    </ksState>
    <ksState>
      <x>-53.99031123197843</x>
      <y>-1.798520017971179</y>
      <orientation>0.0048</orientation>
      <velocity>5.0</velocity>
      <steeringAngle>0.0</steeringAngle>
      <time>3</time>
    </ksState>
    <ksState>
      <x>-53.46531727996682</x>
      <y>-1.796000027647968</y>
      <orientation>0.0048</orientation>
      <velocity>6.0</velocity>
      <steeringAngle>0.0</steeringAngle>
      <time>4</time>
    </ksState>
    <ksState>
      <x>-52.840324479953</x>
      <y>-1.7930000391679548</y>
      <orientation>0.0048</orientation>
      <velocity>7.0</velocity>
      <steeringAngle>0.0</steeringAngle>
      <time>5</time>
    </ksState>
    <ksState>
      <x>-52.13533260153741</x>
      <y>-1.7896160521624997</y>
      <orientation>0.0048</orientation>
      <velocity>7.199999999999999</velocity>
      <steeringAngle>0.0</steeringAngle>
      <time>6</time>
    </ksState>
    <ksState>
      <x>-51.41034095352137</x>
      <y>-1.7861360655256844</y>
      <orientation>0.0048</orientation>
      <velocity>7.399999999999999</velocity>
      <steeringAngle>0.0</steeringAngle>
      <time>7</time>
    </ksState>
    <ksState>
      <x>-50.66534953590489</x>
      <y>-1.7825600792575087</y>
      <orientation>0.0048</orientation>
      <velocity>7.599999999999998</velocity>
      <steeringAngle>0.0</steeringAngle>
      <time>8</time>
    </ksState>
    <ksState>
      <x>-49.90035834868797</x>
      <y>-1.7788880933579725</y>
      <orientation>0.0048</orientation>
      <velocity>7.799999999999997</velocity>
      <steeringAngle>0.0</steeringAngle>
      <time>9</time>
    </ksState>
    <ksState>
      <x>-49.115367391870606</x>
      <y>-1.7751201078270757</y>
      <orientation>0.0048</orientation>
      <velocity>7.9999999999999964</velocity>
      <steeringAngle>0.0</steeringAngle>
      <time>10</time>
    </ksState>
    <ksState>
      <x>-48.33537637745335</x>
      <y>-1.7713761222040192</y>
      <orientation>0.0048</orientation>
      <velocity>7.199999999999999</velocity>
      <steeringAngle>0.0</steeringAngle>
      <time>11</time>
    </ksState>
    <ksState>
      <x>-47.63538444143787</x>
      <y>-1.7680161351064043</y>
      <orientation>0.0048</orientation>
      <velocity>6.399999999999999</velocity>
      <steeringAngle>0.0</steeringAngle>
      <time>12</time>
    </ksState>
    <ksState>
      <x>-47.015391583824155</x>
      <y>-1.7650401465342311</y>
      <orientation>0.0048</orientation>
      <velocity>5.599999999999998</velocity>
      <steeringAngle>0.0</steeringAngle>
      <time>13</time>
    </ksState>
    <ksState>
      <x>-46.475397804612214</x>
      <y>-1.7624481564874996</y>
      <orientation>0.0048</orientation>
      <velocity>4.799999999999997</velocity>
      <steeringAngle>0.0</steeringAngle>
      <time>14</time>
    </ksState>
    <ksState>
      <x>-46.01540310380204</x>
      <y>-1.7602401649662098</y>
      <orientation>0.0048</orientation>
      <velocity>3.999999999999997</velocity>
      <steeringAngle>0.0</steeringAngle>
      <time>15</time>
    </ksState>
    <ksState>
      <x>-45.635407481393635</x>
      <y>-1.7584161719703617</y>
      <orientation>0.003869901872678701</orientation>
      <velocity>3.2</velocity>
      <steeringAngle>-0.026650000000000004</steeringAngle>
      <time>16</time>
    </ksState>
    <ksState>
      <x>-45.33540902326032</x>
      <y>-1.7574867354121821</y>
      <orientation>4.484321746820331e-05</orientation>
      <velocity>2.4000000000000004</velocity>
      <steeringAngle>-0.05330000000000001</steeringAngle>
      <time>17</time>
    </ksState>
    <ksState>
      <x>-45.1154093204811</x>
      <y>-1.7577251162755407</y>
      <orientation>-0.005024905259225086</orientation>
      <velocity>1.6000000000000005</velocity>
      <steeringAngle>-0.07995000000000001</steeringAngle>
      <time>18</time>
    </ksState>
    <ksState>
      <x>-44.97541202260422</x>
      <y>-1.7585777218473104</y>
      <orientation>-0.009686733932329345</orientation>
      <velocity>0.8000000000000006</velocity>
      <steeringAngle>-0.10660000000000001</steeringAngle>
      <time>19</time>
    </ksState>
    <ksState>
      <x>-44.91541518664796</x>
      <y>-1.7591921089823748</y>
      <orientation>-0.012280962829778815</orientation>
      <velocity>5.551115123125783e-16</velocity>
      <steeringAngle>-0.13325</steeringAngle>
      <time>20</time>
    </ksState>
    <ksState>
      <x>-44.89541669484949</x>
      <y>-1.7594377220648836</y>
      <orientation>-0.01332050386866997</orientation>
      <velocity>0.8</velocity>
      <steeringAngle>-0.13325</steeringAngle>
      <time>21</time>
    </ksState>
    <ksState>
      <x>-44.7954273577903</x>
      <y>-1.760894465100399</y>
      <orientation>-0.018518209063125745</orientation>
      <velocity>1.6</velocity>
      <steeringAngle>-0.13325</steeringAngle>
      <time>22</time>
    </ksState>
    <ksState>
      <x>-44.61546678415438</x>
      <y>-1.764643280139288</y>
      <orientation>-0.02787407841314614</orientation>
      <velocity>2.4</velocity>
      <steeringAngle>-0.13325</steeringAngle>
      <time>23</time>
    </ksState>
    <ksState>
      <x>-44.35559484186619</x>
      <y>-1.7727623957955823</y>
      <orientation>-0.04138811191873115</orientation>
      <velocity>3.1999999999999997</velocity>
      <steeringAngle>-0.13325</steeringAngle>
      <time>24</time>
    </ksState>
    <ksState>
      <x>-44.01595416242146</x>
      <y>-1.7883257190872757</y>
      <orientation>-0.05906030957988079</orientation>
      <velocity>3.9999999999999996</velocity>
      <steeringAngle>-0.13325</steeringAngle>
      <time>25</time>
    </ksState>
    <ksState>
      <x>-43.63174892267555</x>
      <y>-1.8129698948531403</y>
      <orientation>-0.07810009940555204</orientation>
      <velocity>3.4000000000000004</velocity>
      <steeringAngle>-0.1066</steeringAngle>
      <time>26</time>
    </ksState>
    <ksState>
      <x>-43.30782875391471</x>
      <y>-1.8394163166901967</y>
      <orientation>-0.0907762381889134</orientation>
      <velocity>2.8000000000000007</velocity>
      <steeringAngle>-0.07995</steeringAngle>
      <time>27</time>
    </ksState>
    <ksState>
      <x>-43.0439703106583</x>
      <y>-1.8639803322295287</y>
      <orientation>-0.09835981339145794</orientation>
      <velocity>2.200000000000001</velocity>
      <steeringAngle>-0.053299999999999986</steeringAngle>
      <time>28</time>
    </ksState>
    <ksState>
      <x>-42.83998263740488</x>
      <y>-1.8843267089869513</y>
      <orientation>-0.10210876043816836</orientation>
      <velocity>1.600000000000001</velocity>
      <steeringAngle>-0.02664999999999998</steeringAngle>
      <time>29</time>
    </ksState>
    <ksState>
      <x>-42.69574338106608</x>
      <y>-1.8991602309979834</y>
      <orientation>-0.10327152993557676</orientation>
      <velocity>1.0000000000000009</velocity>
      <steeringAngle>2.42861286636753e-17</steeringAngle>
      <time>30</time>
    </ksState>
    <ksState>
      <x>-42.58135607425554</x>
      <y>-1.9110153581854186</y>
      <orientation>-0.1029356611673774</orientation>
      <velocity>1.6</velocity>
      <steeringAngle>0.026650000000000004</steeringAngle>
      <time>31</time>
    </ksState>
    <ksState>
      <x>-42.407274344475134</x>
      <y>-1.9289191611348258</y>
      <orientation>-0.10063540734034493</orientation>
      <velocity>2.2</velocity>
      <steeringAngle>0.05330000000000001</steeringAngle>
      <time>32</time>
    </ksState>
    <ksState>
      <x>-42.173435064694935</x>
      <y>-1.9522455416920355</y>
      <orientation>-0.09512571045316451</orientation>
      <velocity>2.8</velocity>
      <steeringAngle>0.07995000000000001</steeringAngle>
      <time>33</time>
    </ksState>
    <ksState>
      <x>-41.8797061970462</x>
      <y>-1.9795940661826288</y>
      <orientation>-0.0851538303163362</orientation>
      <velocity>3.3999999999999995</velocity>
      <steeringAngle>0.10660000000000001</steeringAngle>
      <time>34</time>
    </ksState>
    <ksState>
      <x>-41.52588610318501</x>
      <y>-2.008486563271576</y>
      <orientation>-0.06945571996879234</orientation>
      <velocity>3.999999999999999</velocity>
      <steeringAngle>0.13325</steeringAngle>
      <time>35</time>
    </ksState>
    <ksState>
      <x>-41.13669959409241</x>
      <y>-2.033581477579582</y>
      <orientation>-0.05018229826645191</orientation>
      <velocity>3.5999999999999996</velocity>
      <steeringAngle>0.1066</steeringAngle>
      <time>36</time>
    </ksState>
    <ksState>
      <x>-40.78708124532612</x>
      <y>-2.0498696119288726</y>
      <orientation>-0.03654713014772861</orientation>
      <velocity>3.1999999999999993</velocity>
      <steeringAngle>0.07995</steeringAngle>
      <time>37</time>
    </ksState>
    <ksState>
      <x>-40.477262862363844</x>
      <y>-2.0604515097420166</y>
      <orientation>-0.027695381176918075</orientation>
      <velocity>2.799999999999999</velocity>
      <steeringAngle>0.053299999999999986</steeringAngle>
      <time>38</time>
    </ksState>
    <ksState>
      <x>-40.20735652419934</x>
      <y>-2.0675519292010955</y>
      <orientation>-0.022783003299494925</orientation>
      <velocity>2.3999999999999986</velocity>
      <steeringAngle>0.02664999999999998</steeringAngle>
      <time>39</time>
    </ksState>
    <ksState>
      <x>-39.97741319050198</x>
      <y>-2.0726551615426767</y>
      <orientation>-0.020974258905651667</orientation>
      <velocity>1.9999999999999984</velocity>
      <steeringAngle>-2.42861286636753e-17</steeringAngle>
      <time>40</time>
    </ksState>
    <ksState>
      <x>-39.77245828060145</x>
      <y>-2.0769545693699056</y>
      <orientation>-0.020974258905651667</orientation>
      <velocity>2.2</velocity>
      <steeringAngle>0.0</steeringAngle>
      <time>41</time>
    </ksState>
    <ksState>
      <x>-39.547507769735006</x>
      <y>-2.0816734316193033</y>
      <orientation>-0.020974258905651667</orientation>
      <velocity>2.4000000000000004</velocity>
      <steeringAngle>0.0</steeringAngle>
      <time>42</time>
    </ksState>
    <ksState>
      <x>-39.302561657902665</x>
      <y>-2.0868117482908697</y>
      <orientation>-0.020974258905651667</orientation>
      <velocity>2.6000000000000005</velocity>
      <steeringAngle>0.0</steeringAngle>
      <time>43</time>
    </ksState>
    <ksState>
      <x>-39.03761994510442</x>
      <y>-2.092369519384605</y>
      <orientation>-0.020974258905651667</orientation>
      <velocity>2.8000000000000007</velocity>
      <steeringAngle>0.0</steeringAngle>
      <time>44</time>
    </ksState>
    <ksState>
      <x>-38.752682631340264</x>
      <y>-2.0983467449005087</y>
      <orientation>-0.020974258905651667</orientation>
      <velocity>3.000000000000001</velocity>
      <steeringAngle>0.0</steeringAngle>
      <time>45</time>
    </ksState>
    <ksState>
      <x>-38.45774751709315</x>
      <y>-2.1045336976274966</y>
      <orientation>-0.020225013191976178</orientation>
      <velocity>2.8</velocity>
      <steeringAngle>0.026650000000000004</steeringAngle>
      <time>46</time>
    </ksState>
    <ksState>
      <x>-38.1827999502356</x>
      <y>-2.10989987894703</y>
      <orientation>-0.016684224618953386</orientation>
      <velocity>2.5999999999999996</velocity>
      <steeringAngle>0.05330000000000001</steeringAngle>
      <time>47</time>
    </ksState>
    <ksState>
      <x>-37.92783028428661</x>
      <y>-2.1138180312088775</y>
      <orientation>-0.010760783377429866</orientation>
      <velocity>2.3999999999999995</velocity>
      <steeringAngle>0.07995000000000001</steeringAngle>
      <time>48</time>
    </ksState>
    <ksState>
      <x>-37.69284007573149</x>
      <y>-2.115918050020705</y>
      <orientation>-0.0028612003883255535</orientation>
      <velocity>2.1999999999999993</velocity>
      <steeringAngle>0.10660000000000001</steeringAngle>
      <time>49</time>
    </ksState>
    <ksState>
      <x>-37.47784067824398</x>
      <y>-2.1160539689846156</y>
      <orientation>0.0066092478463522925</orientation>
      <velocity>1.9999999999999991</velocity>
      <steeringAngle>0.13325</steeringAngle>
      <time>50</time>
    </ksState>
    <ksState>
      <x>-37.287849135457314</x>
      <y>-2.1143304479269673</y>
      <orientation>0.016012326820853327</orientation>
      <velocity>1.6</velocity>
      <steeringAngle>0.1066</steeringAngle>
      <time>51</time>
    </ksState>
    <ksState>
      <x>-37.137872470667176</x>
      <y>-2.1116963797331874</y>
      <orientation>0.02187088154485303</orientation>
      <velocity>1.2000000000000002</velocity>
      <steeringAngle>0.07995</steeringAngle>
      <time>52</time>
    </ksState>
    <ksState>
      <x>-37.027900903183514</x>
      <y>-2.1091975958218536</y>
      <orientation>0.02502858226199231</orientation>
      <velocity>0.8000000000000003</velocity>
      <steeringAngle>0.053299999999999986</steeringAngle>
      <time>53</time>
    </ksState>
    <ksState>
      <x>-36.95792345861553</x>
      <y>-2.107420961349068</y>
      <orientation>0.02632134036999115</orientation>
      <velocity>0.4000000000000003</velocity>
      <steeringAngle>0.02664999999999998</steeringAngle>
      <time>54</time>
    </ksState>
    <ksState>
      <x>-36.927933904830105</x>
      <y>-2.106629345783522</y>
      <orientation>0.02657973767047793</orientation>
      <velocity>2.7755575615628914e-16</velocity>
      <steeringAngle>-2.42861286636753e-17</steeringAngle>
      <time>55</time>
    </ksState>
    <ksState>
      <x>-36.902942735340886</x>
      <y>-2.105964930581156</y>
      <orientation>0.02657973767047793</orientation>
      <velocity>1.0</velocity>
      <steeringAngle>0.0</steeringAngle>
      <time>56</time>
    </ksState>
    <ksState>
      <x>-36.77798688789479</x>
      <y>-2.1026428545693254</y>
      <orientation>0.02657973767047793</orientation>
      <velocity>2.0</velocity>
      <steeringAngle>0.0</steeringAngle>
      <time>57</time>
    </ksState>
    <ksState>
      <x>-36.55306636249182</x>
      <y>-2.096663117748031</y>
      <orientation>0.02657973767047793</orientation>
      <velocity>3.0</velocity>
      <steeringAngle>0.0</steeringAngle>
      <time>58</time>
    </ksState>
    <ksState>
      <x>-36.22818115913198</x>
      <y>-2.088025720117271</y>
      <orientation>0.02657973767047793</orientation>
      <velocity>4.0</velocity>
      <steeringAngle>0.0</steeringAngle>
      <time>59</time>
    </ksState>
    <ksState>
      <x>-35.80333127781525</x>
      <y>-2.076730661677048</y>
      <orientation>0.02657973767047793</orientation>
      <velocity>5.0</velocity>
      <steeringAngle>0.0</steeringAngle>
      <time>60</time>
    </ksState>
    <ksState>
      <x>-35.31850258972441</x>
      <y>-2.0638410067511455</y>
      <orientation>0.025365442893141788</orientation>
      <velocity>4.4</velocity>
      <steeringAngle>-0.026650000000000004</steeringAngle>
      <time>61</time>
    </ksState>
    <ksState>
      <x>-34.89362801274667</x>
      <y>-2.0535278778721904</y>
      <orientation>0.019912124992513748</orientation>
      <velocity>3.8000000000000007</velocity>
      <steeringAngle>-0.05330000000000001</steeringAngle>
      <time>62</time>
    </ksState>
    <ksState>
      <x>-34.52868802621496</x>
      <y>-2.046948171295219</y>
      <orientation>0.011453809512643583</orientation>
      <velocity>3.200000000000001</velocity>
      <steeringAngle>-0.07995000000000001</steeringAngle>
      <time>63</time>
    </ksState>
    <ksState>
      <x>-34.22370156837821</x>
      <y>-2.0441755757378073</y>
      <orientation>0.0012233121869871383</orientation>
      <velocity>2.6000000000000014</velocity>
      <steeringAngle>-0.10660000000000001</steeringAngle>
      <time>64</time>
    </ksState>
    <ksState>
      <x>-33.97870266585455</x>
      <y>-2.0444961762959375</y>
      <orientation>-0.009544250496415455</orientation>
      <velocity>2.0000000000000018</velocity>
      <steeringAngle>-0.13325</steeringAngle>
      <time>65</time>
    </ksState>
    <ksState>
      <x>-33.77371862982525</x>
      <y>-2.0469984361371125</y>
      <orientation>-0.01964822510092403</orientation>
      <velocity>2.2</velocity>
      <steeringAngle>-0.1066</steeringAngle>
      <time>66</time>
    </ksState>
    <ksState>
      <x>-33.54877356922561</x>
      <y>-2.051943756240109</y>
      <orientation>-0.028383867831009574</orientation>
      <velocity>2.4000000000000004</velocity>
      <steeringAngle>-0.07995</steeringAngle>
      <time>67</time>
    </ksState>
    <ksState>
      <x>-33.30388634781105</x>
      <y>-2.0593626715933815</y>
      <orientation>-0.03534608985294682</orientation>
      <velocity>2.6000000000000005</velocity>
      <steeringAngle>-0.053299999999999986</steeringAngle>
      <time>68</time>
    </ksState>
    <ksState>
      <x>-33.039065186910165</x>
      <y>-2.0690902513591336</y>
      <orientation>-0.04012914045308387</orientation>
      <velocity>2.8000000000000007</velocity>
      <steeringAngle>-0.02664999999999998</steeringAngle>
      <time>69</time>
    </ksState>
    <ksState>
      <x>-32.7543032002667</x>
      <y>-2.080733638068619</y>
      <orientation>-0.04232546244287519</orientation>
      <velocity>3.000000000000001</velocity>
      <steeringAngle>2.42861286636753e-17</steeringAngle>
      <time>70</time>
    </ksState>
    <ksState>
      <x>-32.459567398925444</x>
      <y>-2.0932159218232003</y>
      <orientation>-0.0415762167291997</orientation>
      <velocity>2.8</velocity>
      <steeringAngle>0.026650000000000004</steeringAngle>
      <time>71</time>
    </ksState>
    <ksState>
      <x>-32.18479706612038</x>
      <y>-2.104450895478737</y>
      <orientation>-0.03803542815617691</orientation>
      <velocity>2.5999999999999996</velocity>
      <steeringAngle>0.05330000000000001</steeringAngle>
      <time>72</time>
    </ksState>
    <ksState>
      <x>-31.929969165881015</x>
      <y>-2.113811650303091</y>
      <orientation>-0.03211198691465339</orientation>
      <velocity>2.3999999999999995</velocity>
      <steeringAngle>0.07995000000000001</steeringAngle>
      <time>73</time>
    </ksState>
    <ksState>
      <x>-31.695077352764052</x>
      <y>-2.120928133030879</y>
      <orientation>-0.024212403925549075</orientation>
      <velocity>2.1999999999999993</velocity>
      <steeringAngle>0.10660000000000001</steeringAngle>
      <time>74</time>
    </ksState>
    <ksState>
      <x>-31.480129861533932</x>
      <y>-2.1256541681378938</y>
      <orientation>-0.01474195569087123</orientation>
      <velocity>1.9999999999999991</velocity>
      <steeringAngle>0.13325</steeringAngle>
      <time>75</time>
    </ksState>
    <ksState>
      <x>-31.28014528220132</x>
      <y>-2.128082720870418</y>
      <orientation>-0.004871612963031832</orientation>
      <velocity>2.0</velocity>
      <steeringAngle>0.1066</steeringAngle>
      <time>76</time>
    </ksState>
    <ksState>
      <x>-31.08014649491978</x>
      <y>-2.1286421161821165</y>
      <orientation>0.0029050004316917635</orientation>
      <velocity>2.0</velocity>
      <steeringAngle>0.07995</steeringAngle>
      <time>77</time>
    </ksState>
    <ksState>
      <x>-30.880148723932138</x>
      <y>-2.127750443535278</y>
      <orientation>0.008599048685363021</orientation>
      <velocity>2.0</velocity>
      <steeringAngle>0.053299999999999986</steeringAngle>
      <time>78</time>
    </ksState>
    <ksState>
      <x>-30.680158111103637</x>
      <y>-2.125823792451736</y>
      <orientation>0.012218668454787331</orientation>
      <velocity>2.0</velocity>
      <steeringAngle>0.02664999999999998</steeringAngle>
      <time>79</time>
    </ksState>
    <ksState>
      <x>-30.48017435684049</x>
      <y>-2.123276765362532</y>
      <orientation>0.013769015548143807</orientation>
      <velocity>2.0</velocity>
      <steeringAngle>-2.42861286636753e-17</steeringAngle>
      <time>80</time>
    </ksState>
    <ksState>
      <x>-30.27519378907687</x>
      <y>-2.1204542063633145</y>
      <orientation>0.013769015548143807</orientation>
      <velocity>2.2</velocity>
      <steeringAngle>0.0</steeringAngle>
      <time>81</time>
    </ksState>
    <ksState>
      <x>-30.05021511714119</x>
      <y>-2.117356275754417</y>
      <orientation>0.013769015548143807</orientation>
      <velocity>2.4000000000000004</velocity>
      <steeringAngle>0.0</steeringAngle>
      <time>82</time>
    </ksState>
    <ksState>
      <x>-29.805238341033448</x>
      <y>-2.11398297353584</y>
      <orientation>0.013769015548143807</orientation>
      <velocity>2.6000000000000005</velocity>
      <steeringAngle>0.0</steeringAngle>
      <time>83</time>
    </ksState>
    <ksState>
      <x>-29.540263460753646</x>
      <y>-2.110334299707583</y>
      <orientation>0.013769015548143807</orientation>
      <velocity>2.8000000000000007</velocity>
      <steeringAngle>0.0</steeringAngle>
      <time>84</time>
    </ksState>
    <ksState>
      <x>-29.255290476301784</x>
      <y>-2.1064102542696466</y>
      <orientation>0.013769015548143807</orientation>
      <velocity>3.000000000000001</velocity>
      <steeringAngle>0.0</steeringAngle>
      <time>85</time>
    </ksState>
    <ksState>
      <x>-28.960318439763892</x>
      <y>-2.10234852302687</y>
      <orientation>0.013019769834468316</orientation>
      <velocity>2.8</velocity>
      <steeringAngle>-0.026650000000000004</steeringAngle>
      <time>86</time>
    </ksState>
    <ksState>
      <x>-28.68533934559228</x>
      <y>-2.0989635279892878</y>
      <orientation>0.009478981261445526</orientation>
      <velocity>2.5999999999999996</velocity>
      <steeringAngle>-0.05330000000000001</steeringAngle>
      <time>87</time>
    </ksState>
    <ksState>
      <x>-28.430348067061274</x>
      <y>-2.096882580029635</y>
      <orientation>0.003555540019922006</orientation>
      <velocity>2.3999999999999995</velocity>
      <steeringAngle>-0.07995000000000001</steeringAngle>
      <time>88</time>
    </ksState>
    <ksState>
      <x>-28.19534882728492</x>
      <y>-2.0964757627184465</y>
      <orientation>-0.004344042969182307</orientation>
      <velocity>2.1999999999999993</velocity>
      <steeringAngle>-0.10660000000000001</steeringAngle>
      <time>89</time>
    </ksState>
    <ksState>
      <x>-27.980354031356562</x>
      <y>-2.097888956859399</y>
      <orientation>-0.013814491203860153</orientation>
      <velocity>1.9999999999999991</velocity>
      <steeringAngle>-0.13325</steeringAngle>
      <time>90</time>
    </ksState>
    <ksState>
      <x>-27.775382549481186</x>
      <y>-2.1012665224010703</y>
      <orientation>-0.02391846580836873</orientation>
      <velocity>2.2</velocity>
      <steeringAngle>-0.1066</steeringAngle>
      <time>91</time>
    </ksState>
    <ksState>
      <x>-27.550460657453076</x>
      <y>-2.1071723640506788</y>
      <orientation>-0.03265410853845427</orientation>
      <velocity>2.4000000000000004</velocity>
      <steeringAngle>-0.07995</steeringAngle>
      <time>92</time>
    </ksState>
    <ksState>
      <x>-27.305607349247005</x>
      <y>-2.115636935965746</y>
      <orientation>-0.039616330560391516</orientation>
      <velocity>2.6000000000000005</velocity>
      <steeringAngle>-0.053299999999999986</steeringAngle>
      <time>93</time>
    </ksState>
    <ksState>
      <x>-27.04083014182438</x>
      <y>-2.126495273705281</y>
      <orientation>-0.044399381160528564</orientation>
      <velocity>2.8000000000000007</velocity>
      <steeringAngle>-0.02664999999999998</steeringAngle>
      <time>94</time>
    </ksState>
    <ksState>
      <x>-26.75612047140086</x>
      <y>-2.1393545527882845</y>
      <orientation>-0.046595703150319884</orientation>
      <velocity>3.000000000000001</velocity>
      <steeringAngle>2.42861286636753e-17</steeringAngle>
      <time>95</time>
    </ksState>
    <ksState>
      <x>-26.46144065949688</x>
      <y>-2.153095311727861</y>
      <orientation>-0.045846457436644394</orientation>
      <velocity>2.8</velocity>
      <steeringAngle>0.026650000000000004</steeringAngle>
      <time>96</time>
    </ksState>
    <ksState>
      <x>-26.18672080779648</x>
      <y>-2.165503514843322</y>
      <orientation>-0.0423056688636216</orientation>
      <velocity>2.5999999999999996</velocity>
      <steeringAngle>0.05330000000000001</steeringAngle>
      <time>97</time>
    </ksState>
    <ksState>
      <x>-25.931935203496135</x>
      <y>-2.1759523574871875</y>
      <orientation>-0.036382227622098084</orientation>
      <velocity>2.3999999999999995</velocity>
      <steeringAngle>0.07995000000000001</steeringAngle>
      <time>98</time>
    </ksState>
    <ksState>
      <x>-25.6970759209987</x>
      <y>-2.1840718168645084</y>
      <orientation>-0.02848264463299377</orientation>
      <velocity>2.1999999999999993</velocity>
      <steeringAngle>0.10660000000000001</steeringAngle>
      <time>99</time>
    </ksState>
    <ksState>
      <x>-25.482150570790758</x>
      <y>-2.1897156836195086</y>
      <orientation>-0.019012196398315924</orientation>
      <velocity>1.9999999999999991</velocity>
      <steeringAngle>0.13325</steeringAngle>
      <time>100</time>
    </ksState>
    <ksState>
      <x>-25.2771786623764</x>
      <y>-2.193067264165006</y>
      <orientation>-0.008908221793807347</orientation>
      <velocity>2.2</velocity>
      <steeringAngle>0.1066</steeringAngle>
      <time>101</time>
    </ksState>
    <ksState>
      <x>-25.052184112014473</x>
      <y>-2.1945467189723598</y>
      <orientation>-0.0001725790637218047</orientation>
      <velocity>2.4000000000000004</velocity>
      <steeringAngle>0.07995</steeringAngle>
      <time>102</time>
    </ksState>
    <ksState>
      <x>-24.807184903917204</x>
      <y>-2.1941229868938428</y>
      <orientation>0.0067896429582154395</orientation>
      <velocity>2.6000000000000005</velocity>
      <steeringAngle>0.053299999999999986</steeringAngle>
      <time>103</time>
    </ksState>
    <ksState>
      <x>-24.542193965259916</x>
      <y>-2.1919606967836667</y>
      <orientation>0.011572693558352488</orientation>
      <velocity>2.8000000000000007</velocity>
      <steeringAngle>0.02664999999999998</steeringAngle>
      <time>104</time>
    </ksState>
    <ksState>
      <x>-24.257215629682687</x>
      <y>-2.188452742559877</y>
      <orientation>0.01376901554814381</orientation>
      <velocity>3.000000000000001</velocity>
      <steeringAngle>-2.42861286636753e-17</steeringAngle>
      <time>105</time>
    </ksState>
    <ksState>
      <x>-23.96724311918781</x>
      <y>-2.1844598542195204</y>
      <orientation>0.013045605893560578</orientation>
      <velocity>2.5999999999999996</velocity>
      <steeringAngle>-0.026650000000000004</steeringAngle>
      <time>106</time>
    </ksState>
    <ksState>
      <x>-23.717262397203196</x>
      <y>-2.181359778539908</y>
      <orientation>0.009840814611345247</orientation>
      <velocity>2.1999999999999993</velocity>
      <steeringAngle>-0.05330000000000001</steeringAngle>
      <time>107</time>
    </ksState>
    <ksState>
      <x>-23.50727058506452</x>
      <y>-2.179520791554269</y>
      <orientation>0.004977938311823506</orientation>
      <velocity>1.7999999999999994</velocity>
      <steeringAngle>-0.07995000000000001</steeringAngle>
      <time>108</time>
    </ksState>
    <ksState>
      <x>-23.33727189057489</x>
      <y>-2.178898231175053</y>
      <orientation>-0.0007200389351427455</orientation>
      <velocity>1.3999999999999995</velocity>
      <steeringAngle>-0.10660000000000001</steeringAngle>
      <time>109</time>
    </ksState>
    <ksState>
      <x>-23.207272302833985</x>
      <y>-2.179166104402141</y>
      <orientation>-0.006428098889025215</orientation>
      <velocity>0.9999999999999996</velocity>
      <steeringAngle>-0.13325</steeringAngle>
      <time>110</time>
    </ksState>
    <ksState>
      <x>-23.092275984114053</x>
      <y>-2.18007425101114</y>
      <orientation>-0.012064165882952456</orientation>
      <velocity>1.6</velocity>
      <steeringAngle>-0.1066</steeringAngle>
      <time>111</time>
    </ksState>
    <ksState>
      <x>-22.917293046659477</x>
      <y>-2.182500742251571</y>
      <orientation>-0.01882956058640009</orientation>
      <velocity>2.2</velocity>
      <steeringAngle>-0.07995</steeringAngle>
      <time>112</time>
    </ksState>
    <ksState>
      <x>-22.68234347825852</x>
      <y>-2.187352517524984</y>
      <orientation>-0.025481106018033686</orientation>
      <velocity>2.8</velocity>
      <steeringAngle>-0.053299999999999986</steeringAngle>
      <time>113</time>
    </ksState>
    <ksState>
      <x>-22.387451330272093</x>
      <y>-2.195317380092277</y>
      <orientation>-0.03078120839488405</orientation>
      <velocity>3.3999999999999995</velocity>
      <steeringAngle>-0.02664999999999998</steeringAngle>
      <time>114</time>
    </ksState>
    <ksState>
      <x>-22.03262978528582</x>
      <y>-2.206567895980768</y>
      <orientation>-0.03349430663086683</orientation>
      <velocity>3.999999999999999</velocity>
      <steeringAngle>2.42861286636753e-17</steeringAngle>
      <time>115</time>
    </ksState>
    <ksState>
      <x>-21.652842920388473</x>
      <y>-2.2192933528073464</y>
      <orientation>-0.032564208503545536</orientation>
      <velocity>3.2</velocity>
      <steeringAngle>0.026650000000000004</steeringAngle>
      <time>116</time>
    </ksState>
    <ksState>
      <x>-21.352994623509495</x>
      <y>-2.228829473269147</y>
      <orientation>-0.028739149848335036</orientation>
      <velocity>2.4000000000000004</velocity>
      <steeringAngle>0.05330000000000001</steeringAngle>
      <time>117</time>
    </ksState>
    <ksState>
      <x>-21.133078645114427</x>
      <y>-2.2349030632224607</y>
      <orientation>-0.023669401371641745</orientation>
      <velocity>1.6000000000000005</velocity>
      <steeringAngle>0.07995000000000001</steeringAngle>
      <time>118</time>
    </ksState>
    <ksState>
      <x>-20.99311451602846</x>
      <y>-2.238067382785222</y>
      <orientation>-0.01900757269853749</orientation>
      <velocity>0.8000000000000006</velocity>
      <steeringAngle>0.10660000000000001</steeringAngle>
      <time>119</time>
    </ksState>
    <ksState>
      <x>-20.933124750978227</x>
      <y>-2.239174579936317</y>
      <orientation>-0.01641334380108802</orientation>
      <velocity>5.551115123125783e-16</velocity>
      <steeringAngle>0.13325</steeringAngle>
      <time>120</time>
    </ksState>
    <ksState>
      <x>-20.908128118375814</x>
      <y>-2.2395848951077606</y>
      <orientation>-0.015245184417742114</orientation>
      <velocity>1.0</velocity>
      <steeringAngle>0.1066</steeringAngle>
      <time>121</time>
    </ksState>
    <ksState>
      <x>-20.783140433445055</x>
      <y>-2.2413348880707034</y>
      <orientation>-0.010450037740932384</orientation>
      <velocity>2.0</velocity>
      <steeringAngle>0.07995</steeringAngle>
      <time>122</time>
    </ksState>
    <ksState>
      <x>-20.558149263772243</x>
      <y>-2.243297773555519</y>
      <orientation>-0.004109168899602443</orientation>
      <velocity>3.0</velocity>
      <steeringAngle>0.053299999999999986</steeringAngle>
      <time>123</time>
    </ksState>
    <ksState>
      <x>-20.233150618733966</x>
      <y>-2.2440902122185027</y>
      <orientation>0.0017079852539612361</orientation>
      <velocity>4.0</velocity>
      <steeringAngle>0.02664999999999998</steeringAngle>
      <time>124</time>
    </ksState>
    <ksState>
      <x>-19.80815251385004</x>
      <y>-2.2428991890092074</y>
      <orientation>0.004937859736135482</orientation>
      <velocity>5.0</velocity>
      <steeringAngle>-2.42861286636753e-17</steeringAngle>
      <time>125</time>
    </ksState>
    <ksState>
      <x>-19.33315830467223</x>
      <y>-2.2405537151659733</y>
      <orientation>0.0037752370769838584</orientation>
      <velocity>4.0</velocity>
      <steeringAngle>-0.026650000000000004</steeringAngle>
      <time>126</time>
    </ksState>
    <ksState>
      <x>-18.95815998516817</x>
      <y>-2.239499772269998</y>
      <orientation>-0.0010060862420292627</orientation>
      <velocity>3.0</velocity>
      <steeringAngle>-0.05330000000000001</steeringAngle>
      <time>127</time>
    </ksState>
    <ksState>
      <x>-18.683161116411707</x>
      <y>-2.240164329847786</y>
      <orientation>-0.007343271837895874</orientation>
      <velocity>2.0</velocity>
      <steeringAngle>-0.07995000000000001</steeringAngle>
      <time>128</time>
    </ksState>
    <ksState>
      <x>-18.50816790766772</x>
      <y>-2.2416823889979107</y>
      <orientation>-0.013170557679276194</orientation>
      <velocity>1.0</velocity>
      <steeringAngle>-0.10660000000000001</steeringAngle>
      <time>129</time>
    </ksState>
    <ksState>
      <x>-18.433175149334105</x>
      <y>-2.2427220126908054</y>
      <orientation>-0.01641334380108803</orientation>
      <velocity>0.0</velocity>
      <steeringAngle>-0.13325</steeringAngle>
      <time>130</time>
    </ksState>
    <ksState>
      <x>-18.41317784325217</x>
      <y>-2.24305026482796</y>
      <orientation>-0.017347871307764755</orientation>
      <velocity>0.8</velocity>
      <steeringAngle>-0.1066</steeringAngle>
      <time>131</time>
    </ksState>
    <ksState>
      <x>-18.31319470038228</x>
      <y>-2.2448845305664475</y>
      <orientation>-0.02118398864921254</orientation>
      <velocity>1.6</velocity>
      <steeringAngle>-0.07995</steeringAngle>
      <time>132</time>
    </ksState>
    <ksState>
      <x>-18.133240660886305</x>
      <y>-2.248945842041193</y>
      <orientation>-0.02625668372227649</orientation>
      <velocity>2.4</velocity>
      <steeringAngle>-0.053299999999999986</steeringAngle>
      <time>133</time>
    </ksState>
    <ksState>
      <x>-17.873339835048448</x>
      <y>-2.2561192092096407</y>
      <orientation>-0.030910407045127434</orientation>
      <velocity>3.1999999999999997</velocity>
      <steeringAngle>-0.02664999999999998</steeringAngle>
      <time>134</time>
    </ksState>
    <ksState>
      <x>-17.533511695281085</x>
      <y>-2.2669246084417636</y>
      <orientation>-0.03349430663086683</orientation>
      <velocity>3.9999999999999996</velocity>
      <steeringAngle>2.42861286636753e-17</steeringAngle>
      <time>135</time>
    </ksState>
    <ksState>
      <x>-17.148727634792984</x>
      <y>-2.2798175054897443</y>
      <orientation>-0.032538372444453276</orientation>
      <velocity>3.4000000000000004</velocity>
      <steeringAngle>0.026650000000000004</steeringAngle>
      <time>136</time>
    </ksState>
    <ksState>
      <x>-16.8238910443548</x>
      <y>-2.290118386693948</y>
      <orientation>-0.02837731649843532</orientation>
      <velocity>2.8000000000000007</velocity>
      <steeringAngle>0.05330000000000001</steeringAngle>
      <time>137</time>
    </ksState>
    <ksState>
      <x>-16.55898798784571</x>
      <y>-2.297275471409866</y>
      <orientation>-0.02224700307974025</orientation>
      <velocity>2.200000000000001</velocity>
      <steeringAngle>0.07995000000000001</steeringAngle>
      <time>138</time>
    </ksState>
    <ksState>
      <x>-16.35403204856518</x>
      <y>-2.301511142444198</y>
      <orientation>-0.01538356866449793</orientation>
      <velocity>1.600000000000001</velocity>
      <steeringAngle>0.10660000000000001</steeringAngle>
      <time>139</time>
    </ksState>
    <ksState>
      <x>-16.209046244671722</x>
      <y>-2.303525931157412</y>
      <orientation>-0.009026951486253081</orientation>
      <velocity>1.0000000000000009</velocity>
      <steeringAngle>0.13325</steeringAngle>
      <time>140</time>
    </ksState>
    <ksState>
      <x>-16.104049418112826</x>
      <y>-2.3043308156061344</y>
      <orientation>-0.0038581482456642013</orientation>
      <velocity>1.2000000000000002</velocity>
      <steeringAngle>0.1066</steeringAngle>
      <time>141</time>
    </ksState>
    <ksState>
      <x>-15.979049925545802</x>
      <y>-2.3046512626491746</y>
      <orientation>0.0009891877870595433</orientation>
      <velocity>1.4000000000000004</velocity>
      <steeringAngle>0.07995</steeringAngle>
      <time>142</time>
    </ksState>
    <ksState>
      <x>-15.834050335183267</x>
      <y>-2.304344725617336</y>
      <orientation>0.00510438568216116</orientation>
      <velocity>1.6000000000000005</velocity>
      <steeringAngle>0.053299999999999986</steeringAngle>
      <time>143</time>
    </ksState>
    <ksState>
      <x>-15.669053319145794</x>
      <y>-2.3033618350476073</y>
      <orientation>0.008077626397586055</orientation>
      <velocity>1.8000000000000007</velocity>
      <steeringAngle>0.02664999999999998</steeringAngle>
      <time>144</time>
    </ksState>
    <ksState>
      <x>-15.484060109514603</x>
      <y>-2.301779118627169</y>
      <orientation>0.009498774840699144</orientation>
      <velocity>2.000000000000001</velocity>
      <steeringAngle>-2.42861286636753e-17</steeringAngle>
      <time>145</time>
    </ksState>
    <ksState>
      <x>-15.289068906553997</x>
      <y>-2.2999268853870154</y>
      <orientation>0.009007889717946235</orientation>
      <velocity>1.7999999999999998</velocity>
      <steeringAngle>-0.026650000000000004</steeringAngle>
      <time>146</time>
    </ksState>
    <ksState>
      <x>-15.11407533094975</x>
      <y>-2.2984295954988525</y>
      <orientation>0.006759363099533528</orientation>
      <velocity>1.5999999999999996</velocity>
      <steeringAngle>-0.05330000000000001</steeringAngle>
      <time>147</time>
    </ksState>
    <ksState>
      <x>-14.959078135553497</x>
      <y>-2.297506023304848</y>
      <orientation>0.003163923919185108</orientation>
      <velocity>1.3999999999999995</velocity>
      <steeringAngle>-0.07995000000000001</steeringAngle>
      <time>148</time>
    </ksState>
    <ksState>
      <x>-14.824078517718718</x>
      <y>-2.2972202518043403</y>
      <orientation>-0.001368596159505079</orientation>
      <velocity>1.1999999999999993</velocity>
      <steeringAngle>-0.10660000000000001</steeringAngle>
      <time>149</time>
    </ksState>
    <ksState>
      <x>-14.709078983255832</x>
      <y>-2.2975145651753492</y>
      <orientation>-0.0064280988890251835</orientation>
      <velocity>0.9999999999999992</velocity>
      <steeringAngle>-0.13325</steeringAngle>
      <time>150</time>
    </ksState>
    <ksState>
      <x>-14.614081849682904</x>
      <y>-2.2982421752065094</y>
      <orientation>-0.011603044891646293</orientation>
      <velocity>0.8</velocity>
      <steeringAngle>-0.15990000000000001</steeringAngle>
      <time>151</time>
    </ksState>
    <ksState>
      <x>-14.539088023611704</x>
      <y>-2.29919992825953</y>
      <orientation>-0.01647925817319456</orientation>
      <velocity>0.6000000000000001</velocity>
      <steeringAngle>-0.18655000000000002</steeringAngle>
      <time>152</time>
    </ksState>
    <ksState>
      <x>-14.484096456275072</x>
      <y>-2.3001611286910224</y>
      <orientation>-0.020638699035330405</orientation>
      <velocity>0.40000000000000013</velocity>
      <steeringAngle>-0.21320000000000003</steeringAngle>
      <time>153</time>
    </ksState>
    <ksState>
      <x>-14.449104451100519</x>
      <y>-2.3009086099464118</y>
      <orientation>-0.023658194127486886</orientation>
      <velocity>0.20000000000000015</velocity>
      <steeringAngle>-0.23985000000000004</steeringAngle>
      <time>154</time>
    </ksState>
    <ksState>
      <x>-14.434108763142971</x>
      <y>-2.3012681898630087</y>
      <orientation>-0.025108111581615387</orientation>
      <velocity>1.3877787807814457e-16</velocity>
      <steeringAngle>-0.2665</steeringAngle>
      <time>155</time>
    </ksState>
    <ksState>
      <x>-14.434108763142971</x>
      <y>-2.3012681898630087</y>
      <orientation>-0.025108111581615387</orientation>
      <velocity>0.0</velocity>
      <steeringAngle>-0.23985000000000004</steeringAngle>
      <time>156</time>
    </ksState>
    <ksState>
      <x>-14.434108763142971</x>
      <y>-2.3012681898630087</y>
      <orientation>-0.025108111581615387</orientation>
      <velocity>0.0</velocity>
      <steeringAngle>-0.21320000000000003</steeringAngle>
      <time>157</time>
    </ksState>
    <ksState>
      <x>-14.434108763142971</x>
      <y>-2.3012681898630087</y>
      <orientation>-0.025108111581615387</orientation>
      <velocity>0.0</velocity>
      <steeringAngle>-0.18655000000000002</steeringAngle>
      <time>158</time>
    </ksState>
    <ksState>
      <x>-14.434108763142971</x>
      <y>-2.3012681898630087</y>
      <orientation>-0.025108111581615387</orientation>
      <velocity>0.0</velocity>
      <steeringAngle>-0.15990000000000001</steeringAngle>
      <time>159</time>
    </ksState>
    <ksState>
      <x>-14.434108763142971</x>
      <y>-2.3012681898630087</y>
      <orientation>-0.025108111581615387</orientation>
      <velocity>0.0</velocity>
      <steeringAngle>-0.13325</steeringAngle>
      <time>160</time>
    </ksState>
    <ksState>
      <x>-14.434108763142971</x>
      <y>-2.3012681898630087</y>
      <orientation>-0.025108111581615387</orientation>
      <velocity>0.0</velocity>
      <steeringAngle>-0.1066</steeringAngle>
      <time>161</time>
    </ksState>
    <ksState>
      <x>-14.434108763142971</x>
      <y>-2.3012681898630087</y>
      <orientation>-0.025108111581615387</orientation>
      <velocity>0.0</velocity>
      <steeringAngle>-0.07995</steeringAngle>
      <time>162</time>
    </ksState>
    <ksState>
      <x>-14.434108763142971</x>
      <y>-2.3012681898630087</y>
      <orientation>-0.025108111581615387</orientation>
      <velocity>0.0</velocity>
      <steeringAngle>-0.053299999999999986</steeringAngle>
      <time>163</time>
    </ksState>
    <ksState>
      <x>-14.434108763142971</x>
      <y>-2.3012681898630087</y>
      <orientation>-0.025108111581615387</orientation>
      <velocity>0.0</velocity>
      <steeringAngle>-0.02664999999999998</steeringAngle>
      <time>164</time>
    </ksState>
    <ksState>
      <x>-14.434108763142971</x>
      <y>-2.3012681898630087</y>
      <orientation>-0.025108111581615387</orientation>
      <velocity>0.0</velocity>
      <steeringAngle>2.42861286636753e-17</steeringAngle>
      <time>165</time>
    </ksState>
  </ksTrajectory>
</CommonRoadSolution>
