<?xml version="1.0" ?>
<CommonRoadSolution benchmark_id="KS2:SM1:RUS_Bicycle-9_1_T-1:2018b" date="2019-11-17">
  <ksTrajectory planningProblem="11">
    <ksState>
      <x>2.5</x>
      <y>20.0</y>
      <orientation>0.0</orientation>
      <velocity>12.0</velocity>
      <steeringAngle>0.0</steeringAngle>
      <time>0</time>
    </ksState>
    <ksState>
      <x>3.6950000000000003</x>
      <y>20.0</y>
      <orientation>0.0</orientation>
      <velocity>11.8</velocity>
      <steeringAngle>0.0</steeringAngle>
      <time>1</time>
    </ksState>
    <ksState>
      <x>4.870000000000001</x>
      <y>20.0</y>
      <orientation>0.0</orientation>
      <velocity>11.600000000000001</velocity>
      <steeringAngle>0.0</steeringAngle>
      <time>2</time>
    </ksState>
    <ksState>
      <x>6.025</x>
      <y>20.0</y>
      <orientation>0.0</orientation>
      <velocity>11.400000000000002</velocity>
      <steeringAngle>0.0</steeringAngle>
      <time>3</time>
    </ksState>
    <ksState>
      <x>7.160000000000001</x>
      <y>20.0</y>
      <orientation>0.0</orientation>
      <velocity>11.200000000000003</velocity>
      <steeringAngle>0.0</steeringAngle>
      <time>4</time>
    </ksState>
    <ksState>
      <x>8.275000000000002</x>
      <y>20.0</y>
      <orientation>0.0</orientation>
      <velocity>11.000000000000004</velocity>
      <steeringAngle>0.0</steeringAngle>
      <time>5</time>
    </ksState>
    <ksState>
      <x>9.380000000000003</x>
      <y>20.0</y>
      <orientation>0.0</orientation>
      <velocity>11.2</velocity>
      <steeringAngle>0.0</steeringAngle>
      <time>6</time>
    </ksState>
    <ksState>
      <x>10.505000000000003</x>
      <y>20.0</y>
      <orientation>0.0</orientation>
      <velocity>11.399999999999999</velocity>
      <steeringAngle>0.0</steeringAngle>
      <time>7</time>
    </ksState>
    <ksState>
      <x>11.650000000000002</x>
      <y>20.0</y>
      <orientation>0.0</orientation>
      <velocity>11.599999999999998</velocity>
      <steeringAngle>0.0</steeringAngle>
      <time>8</time>
    </ksState>
    <ksState>
      <x>12.815000000000001</x>
      <y>20.0</y>
      <orientation>0.0</orientation>
      <velocity>11.799999999999997</velocity>
      <steeringAngle>0.0</steeringAngle>
      <time>9</time>
    </ksState>
    <ksState>
      <x>14.000000000000002</x>
      <y>20.0</y>
      <orientation>0.0</orientation>
      <velocity>11.999999999999996</velocity>
      <steeringAngle>0.0</steeringAngle>
      <time>10</time>
    </ksState>
    <ksState>
      <x>15.200000000000003</x>
      <y>20.0</y>
      <orientation>0.0</orientation>
      <velocity>12.0</velocity>
      <steeringAngle>0.0</steeringAngle>
      <time>11</time>
    </ksState>
    <ksState>
      <x>16.400000000000002</x>
      <y>20.0</y>
      <orientation>0.0</orientation>
      <velocity>12.0</velocity>
      <steeringAngle>0.0</steeringAngle>
      <time>12</time>
    </ksState>
    <ksState>
      <x>17.6</x>
      <y>20.0</y>
      <orientation>0.0</orientation>
      <velocity>12.0</velocity>
      <steeringAngle>0.0</steeringAngle>
      <time>13</time>
    </ksState>
    <ksState>
      <x>18.800000000000004</x>
      <y>20.0</y>
      <orientation>0.0</orientation>
      <velocity>12.0</velocity>
      <steeringAngle>0.0</steeringAngle>
      <time>14</time>
    </ksState>
    <ksState>
      <x>20.0</x>
      <y>20.0</y>
      <orientation>0.0</orientation>
      <velocity>12.0</velocity>
      <steeringAngle>0.0</steeringAngle>
      <time>15</time>
    </ksState>
    <ksState>
      <x>21.175</x>
      <y>20.0</y>
      <orientation>0.0</orientation>
      <velocity>11.0</velocity>
      <steeringAngle>0.0</steeringAngle>
      <time>16</time>
    </ksState>
    <ksState>
      <x>22.25</x>
      <y>20.0</y>
      <orientation>0.0</orientation>
      <velocity>10.0</velocity>
      <steeringAngle>0.0</steeringAngle>
      <time>17</time>
    </ksState>
    <ksState>
      <x>23.225</x>
      <y>20.0</y>
      <orientation>0.0</orientation>
      <velocity>9.0</velocity>
      <steeringAngle>0.0</steeringAngle>
      <time>18</time>
    </ksState>
    <ksState>
      <x>24.1</x>
      <y>20.0</y>
      <orientation>0.0</orientation>
      <velocity>8.0</velocity>
      <steeringAngle>0.0</steeringAngle>
      <time>19</time>
    </ksState>
    <ksState>
      <x>24.875</x>
      <y>20.0</y>
      <orientation>0.0</orientation>
      <velocity>7.0</velocity>
      <steeringAngle>0.0</steeringAngle>
      <time>20</time>
    </ksState>
  </ksTrajectory>
</CommonRoadSolution>
