<?xml version="1.0" ?>
<CommonRoadSolution benchmark_id="KS2:SM1:USA_Lanker-2_19_T-1:2018b" date="2019-11-18">
  <ksTrajectory planningProblem="2144">
    <ksState>
      <x>0.0</x>
      <y>0.0</y>
      <orientation>-2.0376</orientation>
      <velocity>15.0</velocity>
      <steeringAngle>0.0</steeringAngle>
      <time>0</time>
    </ksState>
    <ksState>
      <x>-0.6795516920820263</x>
      <y>-1.348447068960608</y>
      <orientation>-2.0376</orientation>
      <velocity>15.399999999999999</velocity>
      <steeringAngle>0.0</steeringAngle>
      <time>1</time>
    </ksState>
    <ksState>
      <x>-1.3771047534907288</x>
      <y>-2.732614590079113</y>
      <orientation>-2.0376</orientation>
      <velocity>15.799999999999997</velocity>
      <steeringAngle>0.0</steeringAngle>
      <time>2</time>
    </ksState>
    <ksState>
      <x>-2.0926591842261075</x>
      <y>-4.152502563355515</y>
      <orientation>-2.0376</orientation>
      <velocity>16.199999999999996</velocity>
      <steeringAngle>0.0</steeringAngle>
      <time>3</time>
    </ksState>
    <ksState>
      <x>-2.826214984288162</x>
      <y>-5.6081109887898135</y>
      <orientation>-2.0376</orientation>
      <velocity>16.599999999999994</velocity>
      <steeringAngle>0.0</steeringAngle>
      <time>4</time>
    </ksState>
    <ksState>
      <x>-3.577772153676893</x>
      <y>-7.099439866382009</y>
      <orientation>-2.0376</orientation>
      <velocity>16.999999999999993</velocity>
      <steeringAngle>0.0</steeringAngle>
      <time>5</time>
    </ksState>
    <ksState>
      <x>-4.3473306923923</x>
      <y>-8.626489196132102</y>
      <orientation>-2.0376</orientation>
      <velocity>17.4</velocity>
      <steeringAngle>0.0</steeringAngle>
      <time>6</time>
    </ksState>
    <ksState>
      <x>-5.1348906004343835</x>
      <y>-10.18925897804009</y>
      <orientation>-2.0376</orientation>
      <velocity>17.799999999999997</velocity>
      <steeringAngle>0.0</steeringAngle>
      <time>7</time>
    </ksState>
    <ksState>
      <x>-5.940451877803143</x>
      <y>-11.787749212105979</y>
      <orientation>-2.0376</orientation>
      <velocity>18.199999999999996</velocity>
      <steeringAngle>0.0</steeringAngle>
      <time>8</time>
    </ksState>
    <ksState>
      <x>-6.764014524498579</x>
      <y>-13.42195989832976</y>
      <orientation>-2.0376</orientation>
      <velocity>18.599999999999994</velocity>
      <steeringAngle>0.0</steeringAngle>
      <time>9</time>
    </ksState>
    <ksState>
      <x>-7.605578540520691</x>
      <y>-15.091891036711441</y>
      <orientation>-2.0376</orientation>
      <velocity>18.999999999999993</velocity>
      <steeringAngle>0.0</steeringAngle>
      <time>10</time>
    </ksState>
    <ksState>
      <x>-8.462893754703645</x>
      <y>-16.79307757073128</y>
      <orientation>-2.0376</orientation>
      <velocity>19.200000000000003</velocity>
      <steeringAngle>0.0</steeringAngle>
      <time>11</time>
    </ksState>
    <ksState>
      <x>-9.329209653549936</x>
      <y>-18.51212433083007</y>
      <orientation>-2.0376</orientation>
      <velocity>19.400000000000006</velocity>
      <steeringAngle>0.0</steeringAngle>
      <time>12</time>
    </ksState>
    <ksState>
      <x>-10.204526237059566</x>
      <y>-20.24903131700781</y>
      <orientation>-2.0376</orientation>
      <velocity>19.60000000000001</velocity>
      <steeringAngle>0.0</steeringAngle>
      <time>13</time>
    </ksState>
    <ksState>
      <x>-11.088843505232536</x>
      <y>-22.003798529264493</y>
      <orientation>-2.0376</orientation>
      <velocity>19.80000000000001</velocity>
      <steeringAngle>0.0</steeringAngle>
      <time>14</time>
    </ksState>
    <ksState>
      <x>-11.982161458068841</x>
      <y>-23.77642596760013</y>
      <orientation>-2.0376</orientation>
      <velocity>20.000000000000014</velocity>
      <steeringAngle>0.0</steeringAngle>
      <time>15</time>
    </ksState>
    <ksState>
      <x>-12.882229924402651</x>
      <y>-25.562448575494976</y>
      <orientation>-2.0376</orientation>
      <velocity>20.0</velocity>
      <steeringAngle>0.0</steeringAngle>
      <time>16</time>
    </ksState>
    <ksState>
      <x>-13.782298390736461</x>
      <y>-27.34847118338982</y>
      <orientation>-2.0376</orientation>
      <velocity>20.0</velocity>
      <steeringAngle>0.0</steeringAngle>
      <time>17</time>
    </ksState>
    <ksState>
      <x>-14.68236685707027</x>
      <y>-29.134493791284665</y>
      <orientation>-2.0376</orientation>
      <velocity>20.0</velocity>
      <steeringAngle>0.0</steeringAngle>
      <time>18</time>
    </ksState>
    <ksState>
      <x>-15.58243532340408</x>
      <y>-30.920516399179512</y>
      <orientation>-2.0376</orientation>
      <velocity>20.0</velocity>
      <steeringAngle>0.0</steeringAngle>
      <time>19</time>
    </ksState>
    <ksState>
      <x>-16.48250378973789</x>
      <y>-32.706539007074355</y>
      <orientation>-2.0376</orientation>
      <velocity>20.0</velocity>
      <steeringAngle>0.0</steeringAngle>
      <time>20</time>
    </ksState>
    <ksState>
      <x>-17.3825722560717</x>
      <y>-34.4925616149692</y>
      <orientation>-2.0376</orientation>
      <velocity>20.0</velocity>
      <steeringAngle>0.0</steeringAngle>
      <time>21</time>
    </ksState>
    <ksState>
      <x>-18.28264072240551</x>
      <y>-36.27858422286405</y>
      <orientation>-2.0376</orientation>
      <velocity>20.0</velocity>
      <steeringAngle>0.0</steeringAngle>
      <time>22</time>
    </ksState>
    <ksState>
      <x>-19.18270918873932</x>
      <y>-38.06460683075889</y>
      <orientation>-2.0376</orientation>
      <velocity>20.0</velocity>
      <steeringAngle>0.0</steeringAngle>
      <time>23</time>
    </ksState>
    <ksState>
      <x>-20.08277765507313</x>
      <y>-39.85062943865373</y>
      <orientation>-2.0376</orientation>
      <velocity>20.0</velocity>
      <steeringAngle>0.0</steeringAngle>
      <time>24</time>
    </ksState>
    <ksState>
      <x>-20.98284612140694</x>
      <y>-41.636652046548576</y>
      <orientation>-2.0376</orientation>
      <velocity>20.0</velocity>
      <steeringAngle>0.0</steeringAngle>
      <time>25</time>
    </ksState>
    <ksState>
      <x>-21.88291458774075</x>
      <y>-43.42267465444342</y>
      <orientation>-2.0376</orientation>
      <velocity>20.0</velocity>
      <steeringAngle>0.0</steeringAngle>
      <time>26</time>
    </ksState>
    <ksState>
      <x>-22.78298305407456</x>
      <y>-45.20869726233827</y>
      <orientation>-2.0376</orientation>
      <velocity>20.0</velocity>
      <steeringAngle>0.0</steeringAngle>
      <time>27</time>
    </ksState>
    <ksState>
      <x>-23.68305152040837</x>
      <y>-46.99471987023311</y>
      <orientation>-2.0376</orientation>
      <velocity>20.0</velocity>
      <steeringAngle>0.0</steeringAngle>
      <time>28</time>
    </ksState>
    <ksState>
      <x>-24.58311998674218</x>
      <y>-48.780742478127955</y>
      <orientation>-2.0376</orientation>
      <velocity>20.0</velocity>
      <steeringAngle>0.0</steeringAngle>
      <time>29</time>
    </ksState>
    <ksState>
      <x>-25.48318845307599</x>
      <y>-50.5667650860228</y>
      <orientation>-2.0376</orientation>
      <velocity>20.0</velocity>
      <steeringAngle>0.0</steeringAngle>
      <time>30</time>
    </ksState>
    <ksState>
      <x>-26.3832569194098</x>
      <y>-52.35278769391764</y>
      <orientation>-2.0376</orientation>
      <velocity>20.0</velocity>
      <steeringAngle>0.0</steeringAngle>
      <time>31</time>
    </ksState>
    <ksState>
      <x>-27.28332538574361</x>
      <y>-54.13881030181249</y>
      <orientation>-2.0376</orientation>
      <velocity>20.0</velocity>
      <steeringAngle>0.0</steeringAngle>
      <time>32</time>
    </ksState>
    <ksState>
      <x>-28.18339385207742</x>
      <y>-55.924832909707334</y>
      <orientation>-2.0376</orientation>
      <velocity>20.0</velocity>
      <steeringAngle>0.0</steeringAngle>
      <time>33</time>
    </ksState>
    <ksState>
      <x>-29.08346231841123</x>
      <y>-57.71085551760218</y>
      <orientation>-2.0376</orientation>
      <velocity>20.0</velocity>
      <steeringAngle>0.0</steeringAngle>
      <time>34</time>
    </ksState>
    <ksState>
      <x>-29.98353078474504</x>
      <y>-59.49687812549702</y>
      <orientation>-2.0376</orientation>
      <velocity>20.0</velocity>
      <steeringAngle>0.0</steeringAngle>
      <time>35</time>
    </ksState>
    <ksState>
      <x>-30.872348395249677</x>
      <y>-61.260575450793176</y>
      <orientation>-2.0376</orientation>
      <velocity>19.0</velocity>
      <steeringAngle>0.0</steeringAngle>
      <time>36</time>
    </ksState>
    <ksState>
      <x>-31.716162582437622</x>
      <y>-62.934971645694596</y>
      <orientation>-2.0376</orientation>
      <velocity>18.0</velocity>
      <steeringAngle>0.0</steeringAngle>
      <time>37</time>
    </ksState>
    <ksState>
      <x>-32.51497334630888</x>
      <y>-64.52006671020128</y>
      <orientation>-2.0376</orientation>
      <velocity>17.0</velocity>
      <steeringAngle>0.0</steeringAngle>
      <time>38</time>
    </ksState>
    <ksState>
      <x>-33.268780686863444</x>
      <y>-66.01586064431321</y>
      <orientation>-2.0376</orientation>
      <velocity>16.0</velocity>
      <steeringAngle>0.0</steeringAngle>
      <time>39</time>
    </ksState>
    <ksState>
      <x>-33.97758460410132</x>
      <y>-67.42235344803039</y>
      <orientation>-2.0376</orientation>
      <velocity>15.0</velocity>
      <steeringAngle>0.0</steeringAngle>
      <time>40</time>
    </ksState>
    <ksState>
      <x>-34.64588544035417</x>
      <y>-68.74847523439232</y>
      <orientation>-2.033802099313438</orientation>
      <velocity>14.399999999999999</velocity>
      <steeringAngle>0.026650000000000004</steeringAngle>
      <time>41</time>
    </ksState>
    <ksState>
      <x>-35.27764366510242</x>
      <y>-70.02576863537426</y>
      <orientation>-2.015426161866709</orientation>
      <velocity>13.799999999999997</velocity>
      <steeringAngle>0.05330000000000001</steeringAngle>
      <time>42</time>
    </ksState>
    <ksState>
      <x>-35.85603502948512</x>
      <y>-71.26213166200594</y>
      <orientation>-1.9836878257750878</orientation>
      <velocity>13.199999999999996</velocity>
      <steeringAngle>0.07995000000000001</steeringAngle>
      <time>43</time>
    </ksState>
    <ksState>
      <x>-36.36751104601839</x>
      <y>-72.46264751325556</y>
      <orientation>-1.9397866993452901</orientation>
      <velocity>12.599999999999994</velocity>
      <steeringAngle>0.10660000000000001</steeringAngle>
      <time>44</time>
    </ksState>
    <ksState>
      <x>-36.80148181462235</x>
      <y>-73.62945068287264</y>
      <orientation>-1.8849096816103101</orientation>
      <velocity>11.999999999999993</velocity>
      <steeringAngle>0.13325</steeringAngle>
      <time>45</time>
    </ksState>
    <ksState>
      <x>-37.157158042066726</x>
      <y>-74.7858409653591</y>
      <orientation>-1.8252203614899354</orientation>
      <velocity>12.399999999999999</velocity>
      <steeringAngle>0.1066</steeringAngle>
      <time>46</time>
    </ksState>
    <ksState>
      <x>-37.45603208401502</x>
      <y>-75.99947840062511</y>
      <orientation>-1.77664262245087</orientation>
      <velocity>12.799999999999997</velocity>
      <steeringAngle>0.07995</steeringAngle>
      <time>47</time>
    </ksState>
    <ksState>
      <x>-37.70702576396462</x>
      <y>-77.26476007449726</y>
      <orientation>-1.7399419853923104</orientation>
      <velocity>13.199999999999996</velocity>
      <steeringAngle>0.053299999999999986</steeringAngle>
      <time>48</time>
    </ksState>
    <ksState>
      <x>-37.92189074152308</x>
      <y>-78.57725792511005</y>
      <orientation>-1.7158974051143392</orientation>
      <velocity>13.599999999999994</velocity>
      <steeringAngle>0.02664999999999998</steeringAngle>
      <time>49</time>
    </ksState>
    <ksState>
      <x>-38.11518116050238</x>
      <y>-79.93354537053011</y>
      <orientation>-1.7053033727613305</orientation>
      <velocity>13.999999999999993</velocity>
      <steeringAngle>-2.42861286636753e-17</steeringAngle>
      <time>50</time>
    </ksState>
    <ksState>
      <x>-38.30225320758556</x>
      <y>-81.315945113441</y>
      <orientation>-1.7088945849751545</orientation>
      <velocity>13.8</velocity>
      <steeringAngle>-0.026650000000000004</steeringAngle>
      <time>51</time>
    </ksState>
    <ksState>
      <x>-38.496371816207684</x>
      <y>-82.67716475928043</y>
      <orientation>-1.726650255048888</orientation>
      <velocity>13.600000000000001</velocity>
      <steeringAngle>-0.05330000000000001</steeringAngle>
      <time>52</time>
    </ksState>
    <ksState>
      <x>-38.716069641397574</x>
      <y>-84.01420142144876</y>
      <orientation>-1.7581817189633377</orientation>
      <velocity>13.400000000000002</velocity>
      <steeringAngle>-0.07995000000000001</steeringAngle>
      <time>53</time>
    </ksState>
    <ksState>
      <x>-38.978339785317914</x>
      <y>-85.32311178184513</y>
      <orientation>-1.8031189939669974</orientation>
      <velocity>13.200000000000003</velocity>
      <steeringAngle>-0.10660000000000001</steeringAngle>
      <time>54</time>
    </ksState>
    <ksState>
      <x>-39.29849989366047</x>
      <y>-86.5984150105969</y>
      <orientation>-1.8611098427584105</orientation>
      <velocity>13.000000000000004</velocity>
      <steeringAngle>-0.13325</steeringAngle>
      <time>55</time>
    </ksState>
    <ksState>
      <x>-39.691559495286874</x>
      <y>-87.83737503435388</y>
      <orientation>-1.9252670704893666</orientation>
      <velocity>13.0</velocity>
      <steeringAngle>-0.1066</steeringAngle>
      <time>56</time>
    </ksState>
    <ksState>
      <x>-40.15913845775609</x>
      <y>-89.05024873375143</y>
      <orientation>-1.97581505755507</orientation>
      <velocity>13.0</velocity>
      <steeringAngle>-0.07995</steeringAngle>
      <time>57</time>
    </ksState>
    <ksState>
      <x>-40.68339630515421</x>
      <y>-90.23977864979574</y>
      <orientation>-2.012826371203933</orientation>
      <velocity>13.0</velocity>
      <steeringAngle>-0.053299999999999986</steeringAngle>
      <time>58</time>
    </ksState>
    <ksState>
      <x>-41.24737905522975</x>
      <y>-91.41103740218958</y>
      <orientation>-2.0363538997051913</orientation>
      <velocity>13.0</velocity>
      <steeringAngle>-0.02664999999999998</steeringAngle>
      <time>59</time>
    </ksState>
    <ksState>
      <x>-41.83487216162932</x>
      <y>-92.5707066562051</y>
      <orientation>-2.0464311558120083</orientation>
      <velocity>13.0</velocity>
      <steeringAngle>2.42861286636753e-17</steeringAngle>
      <time>60</time>
    </ksState>
    <ksState>
      <x>-42.42098787850603</x>
      <y>-93.70862948593921</y>
      <orientation>-2.0431758123663837</orientation>
      <velocity>12.2</velocity>
      <steeringAngle>0.026650000000000004</steeringAngle>
      <time>61</time>
    </ksState>
    <ksState>
      <x>-42.963677701179016</x>
      <y>-94.77889741910599</y>
      <orientation>-2.0277203961196824</orientation>
      <velocity>11.399999999999999</velocity>
      <steeringAngle>0.05330000000000001</steeringAngle>
      <time>62</time>
    </ksState>
    <ksState>
      <x>-43.45197343414393</x>
      <y>-95.78682781710769</y>
      <orientation>-2.0016986290924135</orientation>
      <velocity>10.599999999999998</velocity>
      <steeringAngle>0.07995000000000001</steeringAngle>
      <time>63</time>
    </ksState>
    <ksState>
      <x>-43.878713369787945</x>
      <y>-96.73520524409761</y>
      <orientation>-1.9667332342255819</orientation>
      <velocity>9.799999999999997</velocity>
      <steeringAngle>0.10660000000000001</steeringAngle>
      <time>64</time>
    </ksState>
    <ksState>
      <x>-44.240105927232484</x>
      <y>-97.62453095782459</y>
      <orientation>-1.9244404957817127</orientation>
      <velocity>8.999999999999996</velocity>
      <steeringAngle>0.13325</steeringAngle>
      <time>65</time>
    </ksState>
    <ksState>
      <x>-44.5337699745586</x>
      <y>-98.44871649739441</y>
      <orientation>-1.8767210513557258</orientation>
      <velocity>8.0</velocity>
      <steeringAngle>0.15990000000000001</steeringAngle>
      <time>66</time>
    </ksState>
    <ksState>
      <x>-44.75820130394632</x>
      <y>-99.19044537168921</y>
      <orientation>-1.8262626737048753</orientation>
      <velocity>7.0</velocity>
      <steeringAngle>0.18655000000000002</steeringAngle>
      <time>67</time>
    </ksState>
    <ksState>
      <x>-44.920690569652955</x>
      <y>-99.84553895588856</y>
      <orientation>-1.77511744885848</orientation>
      <velocity>6.0</velocity>
      <steeringAngle>0.21320000000000003</steeringAngle>
      <time>68</time>
    </ksState>
    <ksState>
      <x>-45.030560993487384</x>
      <y>-100.40989803389766</y>
      <orientation>-1.7253564569373823</orientation>
      <velocity>5.0</velocity>
      <steeringAngle>0.23985000000000004</steeringAngle>
      <time>69</time>
    </ksState>
    <ksState>
      <x>-45.09840527236108</x>
      <y>-100.87999434359494</y>
      <orientation>-1.67907612689251</orientation>
      <velocity>4.0</velocity>
      <steeringAngle>0.2665</steeringAngle>
      <time>70</time>
    </ksState>
    <ksState>
      <x>-45.13567866190881</x>
      <y>-101.25814055749956</y>
      <orientation>-1.6398465956902901</orientation>
      <velocity>3.2</velocity>
      <steeringAngle>0.23985000000000004</steeringAngle>
      <time>71</time>
    </ksState>
    <ksState>
      <x>-45.15425712958272</x>
      <y>-101.55755612802257</y>
      <orientation>-1.6121618478690602</orientation>
      <velocity>2.4000000000000004</velocity>
      <steeringAngle>0.21320000000000003</steeringAngle>
      <time>72</time>
    </ksState>
    <ksState>
      <x>-45.16234826281242</x>
      <y>-101.77740452091143</y>
      <orientation>-1.5942330509214413</orientation>
      <velocity>1.6000000000000005</velocity>
      <steeringAngle>0.18655000000000002</steeringAngle>
      <time>73</time>
    </ksState>
    <ksState>
      <x>-45.16527787744002</x>
      <y>-101.9173732774572</y>
      <orientation>-1.5843070505938168</orientation>
      <velocity>0.8000000000000006</velocity>
      <steeringAngle>0.15990000000000001</steeringAngle>
      <time>74</time>
    </ksState>
    <ksState>
      <x>-45.166038470568395</x>
      <y>-101.97736841469525</y>
      <orientation>-1.5806606496793867</orientation>
      <velocity>5.551115123125783e-16</velocity>
      <steeringAngle>0.13325</steeringAngle>
      <time>75</time>
    </ksState>
  </ksTrajectory>
</CommonRoadSolution>
