<?xml version="1.0" ?>
<CommonRoadSolution benchmark_id="KS2:SM1:USA_Lanker-1_6_T-1:2018b" date="2019-11-18">
  <ksTrajectory planningProblem="1664">
    <ksState>
      <x>0.0</x>
      <y>0.0</y>
      <orientation>-0.90496</orientation>
      <velocity>7.0</velocity>
      <steeringAngle>0.0</steeringAngle>
      <time>0</time>
    </ksState>
    <ksState>
      <x>0.43240192551181006</x>
      <y>-0.5504803128302402</y>
      <orientation>-0.9031514758635419</orientation>
      <velocity>7.0</velocity>
      <steeringAngle>0.026650000000000004</steeringAngle>
      <time>1</time>
    </ksState>
    <ksState>
      <x>0.866791597654496</x>
      <y>-1.099391971930311</y>
      <orientation>-0.8941056421812713</orientation>
      <velocity>7.0</velocity>
      <steeringAngle>0.05330000000000001</steeringAngle>
      <time>2</time>
    </ksState>
    <ksState>
      <x>1.307113056797946</x>
      <y>-1.6435524175310825</y>
      <orientation>-0.8778096277530456</orientation>
      <velocity>7.0</velocity>
      <steeringAngle>0.07995000000000001</steeringAngle>
      <time>3</time>
    </ksState>
    <ksState>
      <x>1.7572142049337043</x>
      <y>-2.1796442683976323</y>
      <orientation>-0.8542401873801467</orientation>
      <velocity>7.0</velocity>
      <steeringAngle>0.10660000000000001</steeringAngle>
      <time>4</time>
    </ksState>
    <ksState>
      <x>2.220776811489178</x>
      <y>-2.7041286580993003</y>
      <orientation>-0.8233635688440426</orientation>
      <velocity>7.0</velocity>
      <steeringAngle>0.13325</steeringAngle>
      <time>5</time>
    </ksState>
    <ksState>
      <x>2.6943079043142104</x>
      <y>-3.2059542477587035</y>
      <orientation>-0.7874994030022977</orientation>
      <velocity>6.6</velocity>
      <steeringAngle>0.13325</steeringAngle>
      <time>6</time>
    </ksState>
    <ksState>
      <x>3.1568164200462387</x>
      <y>-3.662632258515875</y>
      <orientation>-0.7537143192383352</orientation>
      <velocity>6.199999999999999</velocity>
      <steeringAngle>0.13325</steeringAngle>
      <time>7</time>
    </ksState>
    <ksState>
      <x>3.604878668399662</x>
      <y>-4.076535721884683</y>
      <orientation>-0.722008317552155</orientation>
      <velocity>5.799999999999999</velocity>
      <steeringAngle>0.13325</steeringAngle>
      <time>8</time>
    </ksState>
    <ksState>
      <x>4.035417592578914</x>
      <y>-4.450056519177806</y>
      <orientation>-0.6923813979437571</orientation>
      <velocity>5.399999999999999</velocity>
      <steeringAngle>0.13325</steeringAngle>
      <time>9</time>
    </ksState>
  </ksTrajectory>
</CommonRoadSolution>
