<?xml version="1.0" ?>
<CommonRoadSolution benchmark_id="KS2:SM1:USA_US101-11_2_T-1:2018b" date="2019-11-18">
  <ksTrajectory planningProblem="125">
    <ksState>
      <x>-0.0</x>
      <y>0.0</y>
      <orientation>-0.71</orientation>
      <velocity>17.0</velocity>
      <steeringAngle>0.0</steeringAngle>
      <time>0</time>
    </ksState>
    <ksState>
      <x>1.2702561422841014</x>
      <y>-1.091821566461074</y>
      <orientation>-0.71</orientation>
      <velocity>16.0</velocity>
      <steeringAngle>0.0</steeringAngle>
      <time>1</time>
    </ksState>
    <ksState>
      <x>2.464676096969152</x>
      <y>-2.1184597558199942</y>
      <orientation>-0.71</orientation>
      <velocity>15.0</velocity>
      <steeringAngle>0.0</steeringAngle>
      <time>2</time>
    </ksState>
    <ksState>
      <x>3.583259864055151</x>
      <y>-3.0799145680767603</y>
      <orientation>-0.71</orientation>
      <velocity>14.0</velocity>
      <steeringAngle>0.0</steeringAngle>
      <time>3</time>
    </ksState>
    <ksState>
      <x>4.6260074435420995</x>
      <y>-3.976186003231373</y>
      <orientation>-0.71</orientation>
      <velocity>13.0</velocity>
      <steeringAngle>0.0</steeringAngle>
      <time>4</time>
    </ksState>
    <ksState>
      <x>5.592918835429998</x>
      <y>-4.807274061283833</y>
      <orientation>-0.71</orientation>
      <velocity>12.0</velocity>
      <steeringAngle>0.0</steeringAngle>
      <time>5</time>
    </ksState>
    <ksState>
      <x>6.483994039718845</x>
      <y>-5.573178742234139</y>
      <orientation>-0.7129711467956097</orientation>
      <velocity>11.0</velocity>
      <steeringAngle>-0.026650000000000004</steeringAngle>
      <time>6</time>
    </ksState>
    <ksState>
      <x>7.29518893260141</x>
      <y>-6.278571195978076</y>
      <orientation>-0.7267983037968934</orientation>
      <velocity>10.0</velocity>
      <steeringAngle>-0.05330000000000001</steeringAngle>
      <time>7</time>
    </ksState>
    <ksState>
      <x>8.020528318280903</x>
      <y>-6.930094308097397</y>
      <orientation>-0.7494315038209857</orientation>
      <velocity>9.0</velocity>
      <steeringAngle>-0.07995000000000001</steeringAngle>
      <time>8</time>
    </ksState>
    <ksState>
      <x>8.657017158068005</x>
      <y>-7.530485494800562</y>
      <orientation>-0.7788282300352649</orientation>
      <velocity>8.0</velocity>
      <steeringAngle>-0.10660000000000001</steeringAngle>
      <time>9</time>
    </ksState>
    <ksState>
      <x>9.204204936863983</x>
      <y>-8.07927435816625</y>
      <orientation>-0.8129476346931809</orientation>
      <velocity>7.0</velocity>
      <steeringAngle>-0.13325</steeringAngle>
      <time>10</time>
    </ksState>
    <ksState>
      <x>9.680693144858724</x>
      <y>-8.592030096960084</y>
      <orientation>-0.8474938342406187</orientation>
      <velocity>7.0</velocity>
      <steeringAngle>-0.1066</steeringAngle>
      <time>11</time>
    </ksState>
    <ksState>
      <x>10.140163369071885</x>
      <y>-9.120103272096582</y>
      <orientation>-0.8747119811221513</orientation>
      <velocity>7.0</velocity>
      <steeringAngle>-0.07995</steeringAngle>
      <time>12</time>
    </ksState>
    <ksState>
      <x>10.586082282744902</x>
      <y>-9.659678881763408</y>
      <orientation>-0.8946411500100008</orientation>
      <velocity>7.0</velocity>
      <steeringAngle>-0.053299999999999986</steeringAngle>
      <time>13</time>
    </ksState>
    <ksState>
      <x>11.022159062061977</x>
      <y>-10.207246795796998</y>
      <orientation>-0.9073098192029858</orientation>
      <velocity>7.0</velocity>
      <steeringAngle>-0.02664999999999998</steeringAngle>
      <time>14</time>
    </ksState>
    <ksState>
      <x>11.452267288489665</x>
      <y>-10.759519654372765</y>
      <orientation>-0.9127360340297335</orientation>
      <velocity>7.0</velocity>
      <steeringAngle>2.42861286636753e-17</steeringAngle>
      <time>15</time>
    </ksState>
    <ksState>
      <x>11.880375630600561</x>
      <y>-11.313345662623606</y>
      <orientation>-0.9109275098932754</orientation>
      <velocity>7.0</velocity>
      <steeringAngle>0.026650000000000004</steeringAngle>
      <time>16</time>
    </ksState>
    <ksState>
      <x>12.31048385702825</x>
      <y>-11.865618521199373</y>
      <orientation>-0.9018816762110048</orientation>
      <velocity>7.0</velocity>
      <steeringAngle>0.05330000000000001</steeringAngle>
      <time>17</time>
    </ksState>
    <ksState>
      <x>12.746560636345325</x>
      <y>-12.41318643523296</y>
      <orientation>-0.8855856617827791</orientation>
      <velocity>7.0</velocity>
      <steeringAngle>0.07995000000000001</steeringAngle>
      <time>18</time>
    </ksState>
    <ksState>
      <x>13.192479550018342</x>
      <y>-12.952762044899787</y>
      <orientation>-0.8620162214098802</orientation>
      <velocity>7.0</velocity>
      <steeringAngle>0.10660000000000001</steeringAngle>
      <time>19</time>
    </ksState>
    <ksState>
      <x>13.651949774231504</x>
      <y>-13.480835220036285</y>
      <orientation>-0.8311396028737761</orientation>
      <velocity>7.0</velocity>
      <steeringAngle>0.13325</steeringAngle>
      <time>20</time>
    </ksState>
    <ksState>
      <x>14.128437982226245</x>
      <y>-13.993590958830119</y>
      <orientation>-0.7965934033263382</orientation>
      <velocity>7.0</velocity>
      <steeringAngle>0.1066</steeringAngle>
      <time>21</time>
    </ksState>
    <ksState>
      <x>14.62144865293576</x>
      <y>-14.490496024012383</y>
      <orientation>-0.7693752564448056</orientation>
      <velocity>7.0</velocity>
      <steeringAngle>0.07995</steeringAngle>
      <time>22</time>
    </ksState>
    <ksState>
      <x>15.126923177976359</x>
      <y>-14.974728427568394</y>
      <orientation>-0.7494460875569562</orientation>
      <velocity>7.0</velocity>
      <steeringAngle>0.053299999999999986</steeringAngle>
      <time>23</time>
    </ksState>
    <ksState>
      <x>15.641089244807638</x>
      <y>-15.449730357730683</y>
      <orientation>-0.7367774183639711</orientation>
      <velocity>7.0</velocity>
      <steeringAngle>0.02664999999999998</steeringAngle>
      <time>24</time>
    </ksState>
    <ksState>
      <x>16.160384674555676</x>
      <y>-15.919124279083551</y>
      <orientation>-0.7313512035372235</orientation>
      <velocity>7.0</velocity>
      <steeringAngle>-2.42861286636753e-17</steeringAngle>
      <time>25</time>
    </ksState>
    <ksState>
      <x>16.662768710442343</x>
      <y>-16.36994051712986</y>
      <orientation>-0.7313512035372235</orientation>
      <velocity>6.0</velocity>
      <steeringAngle>0.0</steeringAngle>
      <time>26</time>
    </ksState>
    <ksState>
      <x>17.090725481753207</x>
      <y>-16.753969164354487</y>
      <orientation>-0.7313512035372235</orientation>
      <velocity>5.0</velocity>
      <steeringAngle>0.0</steeringAngle>
      <time>27</time>
    </ksState>
    <ksState>
      <x>17.444254988488268</x>
      <y>-17.071210220757443</y>
      <orientation>-0.7313512035372235</orientation>
      <velocity>4.0</velocity>
      <steeringAngle>0.0</steeringAngle>
      <time>28</time>
    </ksState>
    <ksState>
      <x>17.72335723064753</x>
      <y>-17.321663686338727</y>
      <orientation>-0.7313512035372235</orientation>
      <velocity>3.0</velocity>
      <steeringAngle>0.0</steeringAngle>
      <time>29</time>
    </ksState>
    <ksState>
      <x>17.928032208230988</x>
      <y>-17.505329561098332</y>
      <orientation>-0.7313512035372235</orientation>
      <velocity>2.0</velocity>
      <steeringAngle>0.0</steeringAngle>
      <time>30</time>
    </ksState>
  </ksTrajectory>
</CommonRoadSolution>
