<?xml version="1.0" ?>
<CommonRoadSolution benchmark_id="KS2:SM1:USA_Lanker-2_23_T-1:2018b" date="2019-11-18">
  <ksTrajectory planningProblem="21119">
    <ksState>
      <x>0.0</x>
      <y>0.0</y>
      <orientation>1.1349</orientation>
      <velocity>0.0</velocity>
      <steeringAngle>0.0</steeringAngle>
      <time>0</time>
    </ksState>
    <ksState>
      <x>0.010555577097382472</x>
      <y>0.02266229891562669</y>
      <orientation>1.1347708197045387</orientation>
      <velocity>1.0</velocity>
      <steeringAngle>-0.026650000000000004</steeringAngle>
      <time>1</time>
    </ksState>
    <ksState>
      <x>0.06338322991910786</x>
      <y>0.13595059529146003</y>
      <orientation>1.1330908332505014</orientation>
      <velocity>2.0</velocity>
      <steeringAngle>-0.05330000000000001</steeringAngle>
      <time>2</time>
    </ksState>
    <ksState>
      <x>0.15898636552408252</x>
      <y>0.33962923179365634</y>
      <orientation>1.1277880085404925</orientation>
      <velocity>3.0</velocity>
      <steeringAngle>-0.07995000000000001</steeringAngle>
      <time>3</time>
    </ksState>
    <ksState>
      <x>0.2990366257573635</x>
      <y>0.6329044515765493</y>
      <orientation>1.1167799798298021</orientation>
      <velocity>4.0</velocity>
      <steeringAngle>-0.10660000000000001</steeringAngle>
      <time>4</time>
    </ksState>
    <ksState>
      <x>0.4871070885038506</x>
      <y>1.0140230710709417</y>
      <orientation>1.0979680384258255</orientation>
      <velocity>5.0</velocity>
      <steeringAngle>-0.13325</steeringAngle>
      <time>5</time>
    </ksState>
    <ksState>
      <x>0.7106885438953168</x>
      <y>1.4444024536579463</y>
      <orientation>1.0739930772362345</orientation>
      <velocity>4.4</velocity>
      <steeringAngle>-0.1066</steeringAngle>
      <time>6</time>
    </ksState>
    <ksState>
      <x>0.9148920563411469</x>
      <y>1.8171250951584166</y>
      <orientation>1.0574286317555113</orientation>
      <velocity>3.8000000000000007</velocity>
      <steeringAngle>-0.07995</steeringAngle>
      <time>7</time>
    </ksState>
    <ksState>
      <x>1.0950468629779027</x>
      <y>2.13456499040793</y>
      <orientation>1.0469980324261312</orientation>
      <velocity>3.200000000000001</velocity>
      <steeringAngle>-0.053299999999999986</steeringAngle>
      <time>8</time>
    </ksState>
    <ksState>
      <x>1.2480147576712775</x>
      <y>2.398431564681227</y>
      <orientation>1.0414392754947086</orientation>
      <velocity>2.6000000000000014</velocity>
      <steeringAngle>-0.02664999999999998</steeringAngle>
      <time>9</time>
    </ksState>
    <ksState>
      <x>1.371867813991777</x>
      <y>2.609820763664658</y>
      <orientation>1.039501332450622</orientation>
      <velocity>2.0000000000000018</velocity>
      <steeringAngle>2.42861286636753e-17</steeringAngle>
      <time>10</time>
    </ksState>
    <ksState>
      <x>1.4681313609743698</x>
      <y>2.7736295837029274</y>
      <orientation>1.0399663815142826</orientation>
      <velocity>1.6</velocity>
      <steeringAngle>0.026650000000000004</steeringAngle>
      <time>11</time>
    </ksState>
    <ksState>
      <x>1.5440188187124508</x>
      <y>2.9030169475719245</y>
      <orientation>1.0418789108418878</orientation>
      <velocity>1.2000000000000002</velocity>
      <steeringAngle>0.05330000000000001</steeringAngle>
      <time>12</time>
    </ksState>
    <ksState>
      <x>1.5994711063613587</x>
      <y>2.998017153742884</y>
      <orientation>1.0444137850802344</orientation>
      <velocity>0.8000000000000003</velocity>
      <steeringAngle>0.07995000000000001</steeringAngle>
      <time>13</time>
    </ksState>
    <ksState>
      <x>1.6346074813098899</x>
      <y>3.0585599757971424</y>
      <orientation>1.0467446994167866</orientation>
      <velocity>0.4000000000000003</velocity>
      <steeringAngle>0.10660000000000001</steeringAngle>
      <time>14</time>
    </ksState>
    <ksState>
      <x>1.6496120586455336</x>
      <y>3.084538091996133</y>
      <orientation>1.0480418138655114</orientation>
      <velocity>2.7755575615628914e-16</velocity>
      <steeringAngle>0.13325</steeringAngle>
      <time>15</time>
    </ksState>
    <ksState>
      <x>1.6496120586455336</x>
      <y>3.084538091996133</y>
      <orientation>1.0480418138655114</orientation>
      <velocity>0.0</velocity>
      <steeringAngle>0.1066</steeringAngle>
      <time>16</time>
    </ksState>
    <ksState>
      <x>1.6496120586455336</x>
      <y>3.084538091996133</y>
      <orientation>1.0480418138655114</orientation>
      <velocity>0.0</velocity>
      <steeringAngle>0.07995</steeringAngle>
      <time>17</time>
    </ksState>
    <ksState>
      <x>1.6496120586455336</x>
      <y>3.084538091996133</y>
      <orientation>1.0480418138655114</orientation>
      <velocity>0.0</velocity>
      <steeringAngle>0.053299999999999986</steeringAngle>
      <time>18</time>
    </ksState>
    <ksState>
      <x>1.6496120586455336</x>
      <y>3.084538091996133</y>
      <orientation>1.0480418138655114</orientation>
      <velocity>0.0</velocity>
      <steeringAngle>0.02664999999999998</steeringAngle>
      <time>19</time>
    </ksState>
    <ksState>
      <x>1.6496120586455336</x>
      <y>3.084538091996133</y>
      <orientation>1.0480418138655114</orientation>
      <velocity>0.0</velocity>
      <steeringAngle>-2.42861286636753e-17</steeringAngle>
      <time>20</time>
    </ksState>
    <ksState>
      <x>1.6496120586455336</x>
      <y>3.084538091996133</y>
      <orientation>1.0480418138655114</orientation>
      <velocity>0.0</velocity>
      <steeringAngle>0.0</steeringAngle>
      <time>21</time>
    </ksState>
    <ksState>
      <x>1.6496120586455336</x>
      <y>3.084538091996133</y>
      <orientation>1.0480418138655114</orientation>
      <velocity>0.0</velocity>
      <steeringAngle>0.0</steeringAngle>
      <time>22</time>
    </ksState>
    <ksState>
      <x>1.6496120586455336</x>
      <y>3.084538091996133</y>
      <orientation>1.0480418138655114</orientation>
      <velocity>0.0</velocity>
      <steeringAngle>0.0</steeringAngle>
      <time>23</time>
    </ksState>
    <ksState>
      <x>1.6496120586455336</x>
      <y>3.084538091996133</y>
      <orientation>1.0480418138655114</orientation>
      <velocity>0.0</velocity>
      <steeringAngle>0.0</steeringAngle>
      <time>24</time>
    </ksState>
    <ksState>
      <x>1.6496120586455336</x>
      <y>3.084538091996133</y>
      <orientation>1.0480418138655114</orientation>
      <velocity>0.0</velocity>
      <steeringAngle>0.0</steeringAngle>
      <time>25</time>
    </ksState>
    <ksState>
      <x>1.6496120586455336</x>
      <y>3.084538091996133</y>
      <orientation>1.0480418138655114</orientation>
      <velocity>0.0</velocity>
      <steeringAngle>0.0</steeringAngle>
      <time>26</time>
    </ksState>
    <ksState>
      <x>1.6496120586455336</x>
      <y>3.084538091996133</y>
      <orientation>1.0480418138655114</orientation>
      <velocity>0.0</velocity>
      <steeringAngle>0.0</steeringAngle>
      <time>27</time>
    </ksState>
    <ksState>
      <x>1.6496120586455336</x>
      <y>3.084538091996133</y>
      <orientation>1.0480418138655114</orientation>
      <velocity>0.0</velocity>
      <steeringAngle>0.0</steeringAngle>
      <time>28</time>
    </ksState>
    <ksState>
      <x>1.6496120586455336</x>
      <y>3.084538091996133</y>
      <orientation>1.0480418138655114</orientation>
      <velocity>0.0</velocity>
      <steeringAngle>0.0</steeringAngle>
      <time>29</time>
    </ksState>
    <ksState>
      <x>1.6496120586455336</x>
      <y>3.084538091996133</y>
      <orientation>1.0480418138655114</orientation>
      <velocity>0.0</velocity>
      <steeringAngle>0.0</steeringAngle>
      <time>30</time>
    </ksState>
    <ksState>
      <x>1.6496120586455336</x>
      <y>3.084538091996133</y>
      <orientation>1.0480418138655114</orientation>
      <velocity>0.0</velocity>
      <steeringAngle>0.0</steeringAngle>
      <time>31</time>
    </ksState>
    <ksState>
      <x>1.6496120586455336</x>
      <y>3.084538091996133</y>
      <orientation>1.0480418138655114</orientation>
      <velocity>0.0</velocity>
      <steeringAngle>0.0</steeringAngle>
      <time>32</time>
    </ksState>
    <ksState>
      <x>1.6496120586455336</x>
      <y>3.084538091996133</y>
      <orientation>1.0480418138655114</orientation>
      <velocity>0.0</velocity>
      <steeringAngle>0.0</steeringAngle>
      <time>33</time>
    </ksState>
    <ksState>
      <x>1.6496120586455336</x>
      <y>3.084538091996133</y>
      <orientation>1.0480418138655114</orientation>
      <velocity>0.0</velocity>
      <steeringAngle>0.0</steeringAngle>
      <time>34</time>
    </ksState>
    <ksState>
      <x>1.6496120586455336</x>
      <y>3.084538091996133</y>
      <orientation>1.0480418138655114</orientation>
      <velocity>0.0</velocity>
      <steeringAngle>0.0</steeringAngle>
      <time>35</time>
    </ksState>
    <ksState>
      <x>1.6521084019904</x>
      <y>3.088870328128264</y>
      <orientation>1.0480676499246038</orientation>
      <velocity>0.2</velocity>
      <steeringAngle>0.026650000000000004</steeringAngle>
      <time>36</time>
    </ksState>
    <ksState>
      <x>1.6645882156375653</x>
      <y>3.110532605241473</y>
      <orientation>1.0484036472154112</orientation>
      <velocity>0.4</velocity>
      <steeringAngle>0.05330000000000001</steeringAngle>
      <time>37</time>
    </ksState>
    <ksState>
      <x>1.687032231216701</x>
      <y>3.149536016362698</y>
      <orientation>1.049464212157413</orientation>
      <velocity>0.6</velocity>
      <steeringAngle>0.07995000000000001</steeringAngle>
      <time>38</time>
    </ksState>
    <ksState>
      <x>1.7193762586333665</x>
      <y>3.205917422680354</y>
      <orientation>1.051665817899551</orientation>
      <velocity>0.7999999999999999</velocity>
      <steeringAngle>0.10660000000000001</steeringAngle>
      <time>39</time>
    </ksState>
    <ksState>
      <x>1.7614820393097892</x>
      <y>3.279755747927711</y>
      <orientation>1.0554282061803464</orientation>
      <velocity>0.9999999999999999</velocity>
      <steeringAngle>0.13325</steeringAngle>
      <time>40</time>
    </ksState>
    <ksState>
      <x>1.8155603328493677</x>
      <y>3.375544671638932</y>
      <orientation>1.0614618499847652</orientation>
      <velocity>1.4</velocity>
      <steeringAngle>0.15990000000000001</steeringAngle>
      <time>41</time>
    </ksState>
    <ksState>
      <x>1.888393652174145</x>
      <y>3.5066751420974525</y>
      <orientation>1.0712674068540007</orientation>
      <velocity>1.7999999999999998</velocity>
      <steeringAngle>0.18655000000000002</steeringAngle>
      <time>42</time>
    </ksState>
    <ksState>
      <x>1.9788267086102047</x>
      <y>3.673772334835831</y>
      <orientation>1.0857095405315158</orientation>
      <velocity>2.1999999999999997</velocity>
      <steeringAngle>0.21320000000000003</steeringAngle>
      <time>43</time>
    </ksState>
    <ksState>
      <x>2.0850896627986986</x>
      <y>3.8777504195215267</y>
      <orientation>1.1056681876924395</orientation>
      <velocity>2.6</velocity>
      <steeringAngle>0.23985000000000004</steeringAngle>
      <time>44</time>
    </ksState>
    <ksState>
      <x>2.204647460482985</x>
      <y>4.11983132970936</y>
      <orientation>1.1320414098648548</orientation>
      <velocity>3.0000000000000004</velocity>
      <steeringAngle>0.2665</steeringAngle>
      <time>45</time>
    </ksState>
    <ksState>
      <x>2.327875220227288</x>
      <y>4.387850798487134</y>
      <orientation>1.1624667976356857</orientation>
      <velocity>2.8</velocity>
      <steeringAngle>0.23985000000000004</steeringAngle>
      <time>46</time>
    </ksState>
    <ksState>
      <x>2.4354217194416496</x>
      <y>4.640942519617719</y>
      <orientation>1.1878080933639497</orientation>
      <velocity>2.5999999999999996</velocity>
      <steeringAngle>0.21320000000000003</steeringAngle>
      <time>47</time>
    </ksState>
    <ksState>
      <x>2.529445602628203</x>
      <y>4.877971155300849</y>
      <orientation>1.208540164117942</orientation>
      <velocity>2.3999999999999995</velocity>
      <steeringAngle>0.18655000000000002</steeringAngle>
      <time>48</time>
    </ksState>
    <ksState>
      <x>2.611780046562861</x>
      <y>5.098073347289843</y>
      <orientation>1.2251254094447461</orientation>
      <velocity>2.1999999999999993</velocity>
      <steeringAngle>0.15990000000000001</steeringAngle>
      <time>49</time>
    </ksState>
    <ksState>
      <x>2.6839476525254824</x>
      <y>5.300598136121725</y>
      <orientation>1.238015337965422</orientation>
      <velocity>1.9999999999999991</velocity>
      <steeringAngle>0.13325</steeringAngle>
      <time>50</time>
    </ksState>
    <ksState>
      <x>2.7568343940788</x>
      <y>5.513464726277999</y>
      <orientation>1.2490538400766074</orientation>
      <velocity>3.0</velocity>
      <steeringAngle>0.1066</steeringAngle>
      <time>51</time>
    </ksState>
    <ksState>
      <x>2.8585715767063458</x>
      <y>5.822128829853897</y>
      <orientation>1.2616256001481405</orientation>
      <velocity>4.0</velocity>
      <steeringAngle>0.07995</steeringAngle>
      <time>52</time>
    </ksState>
    <ksState>
      <x>2.9865527400306546</x>
      <y>6.227399214265043</y>
      <orientation>1.2736605172431419</orientation>
      <velocity>5.0</velocity>
      <steeringAngle>0.053299999999999986</steeringAngle>
      <time>53</time>
    </ksState>
    <ksState>
      <x>3.1389026819535877</x>
      <y>6.729806077579385</y>
      <orientation>1.2830972911661298</orientation>
      <velocity>6.0</velocity>
      <steeringAngle>0.02664999999999998</steeringAngle>
      <time>54</time>
    </ksState>
    <ksState>
      <x>3.3152774912179432</x>
      <y>7.329402599543987</y>
      <orientation>1.2878775127416604</orientation>
      <velocity>7.0</velocity>
      <steeringAngle>-2.42861286636753e-17</steeringAngle>
      <time>55</time>
    </ksState>
    <ksState>
      <x>3.513480813961942</x>
      <y>8.011176347097557</y>
      <orientation>1.286017316487018</orientation>
      <velocity>7.4</velocity>
      <steeringAngle>-0.026650000000000004</steeringAngle>
      <time>56</time>
    </ksState>
    <ksState>
      <x>3.725583802107996</x>
      <y>8.73055821091147</y>
      <orientation>1.2762994882231322</orientation>
      <velocity>7.800000000000001</velocity>
      <steeringAngle>-0.05330000000000001</steeringAngle>
      <time>57</time>
    </ksState>
    <ksState>
      <x>3.9579723852209168</x>
      <y>9.48559820455881</y>
      <orientation>1.257882343910903</orientation>
      <velocity>8.2</velocity>
      <steeringAngle>-0.07995000000000001</steeringAngle>
      <time>58</time>
    </ksState>
    <ksState>
      <x>4.218552733878897</x>
      <y>10.273614665564963</y>
      <orientation>1.229909692053728</orientation>
      <velocity>8.599999999999998</velocity>
      <steeringAngle>-0.10660000000000001</steeringAngle>
      <time>59</time>
    </ksState>
    <ksState>
      <x>4.516788464697571</x>
      <y>11.090863233948696</y>
      <orientation>1.191508296956033</orientation>
      <velocity>8.999999999999996</velocity>
      <steeringAngle>-0.13325</steeringAngle>
      <time>60</time>
    </ksState>
    <ksState>
      <x>4.8577931576863955</x>
      <y>11.918287703142493</y>
      <orientation>1.1449888354656539</orientation>
      <velocity>8.8</velocity>
      <steeringAngle>-0.13325</steeringAngle>
      <time>61</time>
    </ksState>
    <ksState>
      <x>5.228229715645908</x>
      <y>12.71094251608326</y>
      <orientation>1.099508915014166</orientation>
      <velocity>8.600000000000001</velocity>
      <steeringAngle>-0.13325</steeringAngle>
      <time>62</time>
    </ksState>
    <ksState>
      <x>5.62484294169491</x>
      <y>13.468327268969883</y>
      <orientation>1.055068535601569</orientation>
      <velocity>8.400000000000002</velocity>
      <steeringAngle>-0.13325</steeringAngle>
      <time>63</time>
    </ksState>
    <ksState>
      <x>6.044470175903508</x>
      <y>14.19016861052807</y>
      <orientation>1.0116676972278633</orientation>
      <velocity>8.200000000000003</velocity>
      <steeringAngle>-0.13325</steeringAngle>
      <time>64</time>
    </ksState>
    <ksState>
      <x>6.484052209142255</x>
      <y>14.876402702325066</y>
      <orientation>0.9693063998930487</orientation>
      <velocity>8.000000000000004</velocity>
      <steeringAngle>-0.13325</steeringAngle>
      <time>65</time>
    </ksState>
    <ksState>
      <x>6.93189898518759</x>
      <y>15.51496950721062</y>
      <orientation>0.9307595564883678</orientation>
      <velocity>7.199999999999999</velocity>
      <steeringAngle>-0.1066</steeringAngle>
      <time>66</time>
    </ksState>
    <ksState>
      <x>7.354007115974162</x>
      <y>16.073357737870168</y>
      <orientation>0.9034892202509213</orientation>
      <velocity>6.399999999999999</velocity>
      <steeringAngle>-0.07995</steeringAngle>
      <time>67</time>
    </ksState>
    <ksState>
      <x>7.740041879432493</x>
      <y>16.55850480132956</y>
      <orientation>0.8857857223093002</orientation>
      <velocity>5.599999999999998</velocity>
      <steeringAngle>-0.053299999999999986</steeringAngle>
      <time>68</time>
    </ksState>
    <ksState>
      <x>8.08285326194031</x>
      <y>16.975731254750325</y>
      <orientation>0.8759609665544539</orientation>
      <velocity>4.799999999999997</velocity>
      <steeringAngle>-0.02664999999999998</steeringAngle>
      <time>69</time>
    </ksState>
    <ksState>
      <x>8.377791184577095</x>
      <y>17.32873450808636</y>
      <orientation>0.8723434777667674</orientation>
      <velocity>3.999999999999997</velocity>
      <steeringAngle>2.42861286636753e-17</steeringAngle>
      <time>70</time>
    </ksState>
    <ksState>
      <x>8.622143948910967</x>
      <y>17.619752938022327</y>
      <orientation>0.8723434777667674</orientation>
      <velocity>3.2</velocity>
      <steeringAngle>0.0</steeringAngle>
      <time>71</time>
    </ksState>
    <ksState>
      <x>8.815054026016654</x>
      <y>17.84950433007704</y>
      <orientation>0.8723434777667674</orientation>
      <velocity>2.4000000000000004</velocity>
      <steeringAngle>0.0</steeringAngle>
      <time>72</time>
    </ksState>
    <ksState>
      <x>8.956521415894159</x>
      <y>18.017988684250493</y>
      <orientation>0.8723434777667674</orientation>
      <velocity>1.6000000000000005</velocity>
      <steeringAngle>0.0</steeringAngle>
      <time>73</time>
    </ksState>
    <ksState>
      <x>9.04654611854348</x>
      <y>18.12520600054269</y>
      <orientation>0.8723434777667674</orientation>
      <velocity>0.8000000000000006</velocity>
      <steeringAngle>0.0</steeringAngle>
      <time>74</time>
    </ksState>
    <ksState>
      <x>9.085128133964618</x>
      <y>18.171156278953635</y>
      <orientation>0.8723434777667674</orientation>
      <velocity>5.551115123125783e-16</velocity>
      <steeringAngle>0.0</steeringAngle>
      <time>75</time>
    </ksState>
    <ksState>
      <x>9.085128133964618</x>
      <y>18.171156278953635</y>
      <orientation>0.8723434777667674</orientation>
      <velocity>0.0</velocity>
      <steeringAngle>0.0</steeringAngle>
      <time>76</time>
    </ksState>
    <ksState>
      <x>9.085128133964618</x>
      <y>18.171156278953635</y>
      <orientation>0.8723434777667674</orientation>
      <velocity>0.0</velocity>
      <steeringAngle>0.0</steeringAngle>
      <time>77</time>
    </ksState>
    <ksState>
      <x>9.085128133964618</x>
      <y>18.171156278953635</y>
      <orientation>0.8723434777667674</orientation>
      <velocity>0.0</velocity>
      <steeringAngle>0.0</steeringAngle>
      <time>78</time>
    </ksState>
    <ksState>
      <x>9.085128133964618</x>
      <y>18.171156278953635</y>
      <orientation>0.8723434777667674</orientation>
      <velocity>0.0</velocity>
      <steeringAngle>0.0</steeringAngle>
      <time>79</time>
    </ksState>
    <ksState>
      <x>9.085128133964618</x>
      <y>18.171156278953635</y>
      <orientation>0.8723434777667674</orientation>
      <velocity>0.0</velocity>
      <steeringAngle>0.0</steeringAngle>
      <time>80</time>
    </ksState>
  </ksTrajectory>
</CommonRoadSolution>
