<?xml version="1.0" ?>
<CommonRoadSolution benchmark_id="KS2:SM1:DEU_Muc-25_1_T-1:2018b" date="2019-11-18">
  <ksTrajectory planningProblem="1">
    <ksState>
      <x>-200.8485</x>
      <y>124.1035</y>
      <orientation>-1.3377</orientation>
      <velocity>7.0</velocity>
      <steeringAngle>0.0</steeringAngle>
      <time>0</time>
    </ksState>
    <ksState>
      <x>-200.68218632503485</x>
      <y>123.40297179819825</y>
      <orientation>-1.3377</orientation>
      <velocity>7.800000000000001</velocity>
      <steeringAngle>0.0</steeringAngle>
      <time>1</time>
    </ksState>
    <ksState>
      <x>-200.49739335285133</x>
      <y>122.62460712952965</y>
      <orientation>-1.3377</orientation>
      <velocity>8.600000000000001</velocity>
      <steeringAngle>0.0</steeringAngle>
      <time>2</time>
    </ksState>
    <ksState>
      <x>-200.29412108344948</x>
      <y>121.76840599399418</y>
      <orientation>-1.3377</orientation>
      <velocity>9.400000000000002</velocity>
      <steeringAngle>0.0</steeringAngle>
      <time>3</time>
    </ksState>
    <ksState>
      <x>-200.07236951682927</x>
      <y>120.83436839159187</y>
      <orientation>-1.3377</orientation>
      <velocity>10.200000000000003</velocity>
      <steeringAngle>0.0</steeringAngle>
      <time>4</time>
    </ksState>
    <ksState>
      <x>-199.8321386529907</x>
      <y>119.82249432232267</y>
      <orientation>-1.3377</orientation>
      <velocity>10.997021226415097</velocity>
      <steeringAngle>0.0</steeringAngle>
      <time>5</time>
    </ksState>
    <ksState>
      <x>-199.57458344800992</x>
      <y>118.7376485653658</y>
      <orientation>-1.3377</orientation>
      <velocity>11.600000000000001</velocity>
      <steeringAngle>0.0</steeringAngle>
      <time>6</time>
    </ksState>
    <ksState>
      <x>-199.3031687701154</x>
      <y>117.5944254582588</y>
      <orientation>-1.3377</orientation>
      <velocity>12.200000000000003</velocity>
      <steeringAngle>0.0</steeringAngle>
      <time>7</time>
    </ksState>
    <ksState>
      <x>-199.0178946193071</x>
      <y>116.39282500100163</y>
      <orientation>-1.3377</orientation>
      <velocity>12.800000000000004</velocity>
      <steeringAngle>0.0</steeringAngle>
      <time>8</time>
    </ksState>
    <ksState>
      <x>-198.71876099558506</x>
      <y>115.13284719359433</y>
      <orientation>-1.3377</orientation>
      <velocity>13.400000000000006</velocity>
      <steeringAngle>0.0</steeringAngle>
      <time>9</time>
    </ksState>
    <ksState>
      <x>-198.40576789894925</x>
      <y>113.81449203603688</y>
      <orientation>-1.3377</orientation>
      <velocity>14.000000000000007</velocity>
      <steeringAngle>0.0</steeringAngle>
      <time>10</time>
    </ksState>
    <ksState>
      <x>-198.0800702854758</x>
      <y>112.44262430750847</y>
      <orientation>-1.3377</orientation>
      <velocity>14.399999999999999</velocity>
      <steeringAngle>0.0</steeringAngle>
      <time>11</time>
    </ksState>
    <ksState>
      <x>-197.7451330233932</x>
      <y>111.03183834554662</y>
      <orientation>-1.3377</orientation>
      <velocity>14.799999999999997</velocity>
      <steeringAngle>0.0</steeringAngle>
      <time>12</time>
    </ksState>
    <ksState>
      <x>-197.40095611270144</x>
      <y>109.58213415015135</y>
      <orientation>-1.3377</orientation>
      <velocity>15.199999999999996</velocity>
      <steeringAngle>0.0</steeringAngle>
      <time>13</time>
    </ksState>
    <ksState>
      <x>-197.04753955340047</x>
      <y>108.09351172132264</y>
      <orientation>-1.3377</orientation>
      <velocity>15.599999999999994</velocity>
      <steeringAngle>0.0</steeringAngle>
      <time>14</time>
    </ksState>
    <ksState>
      <x>-196.68488334549033</x>
      <y>106.56597105906052</y>
      <orientation>-1.3377</orientation>
      <velocity>15.999999999999993</velocity>
      <steeringAngle>0.0</steeringAngle>
      <time>15</time>
    </ksState>
    <ksState>
      <x>-196.31298748897103</x>
      <y>104.99951216336495</y>
      <orientation>-1.3377</orientation>
      <velocity>16.4</velocity>
      <steeringAngle>0.0</steeringAngle>
      <time>16</time>
    </ksState>
    <ksState>
      <x>-195.93185198384253</x>
      <y>103.39413503423596</y>
      <orientation>-1.3377</orientation>
      <velocity>16.799999999999997</velocity>
      <steeringAngle>0.0</steeringAngle>
      <time>17</time>
    </ksState>
    <ksState>
      <x>-195.54147683010487</x>
      <y>101.74983967167353</y>
      <orientation>-1.3377</orientation>
      <velocity>17.199999999999996</velocity>
      <steeringAngle>0.0</steeringAngle>
      <time>18</time>
    </ksState>
    <ksState>
      <x>-195.14186202775804</x>
      <y>100.06662607567768</y>
      <orientation>-1.3377</orientation>
      <velocity>17.599999999999994</velocity>
      <steeringAngle>0.0</steeringAngle>
      <time>19</time>
    </ksState>
    <ksState>
      <x>-194.73300757680204</x>
      <y>98.34449424624839</y>
      <orientation>-1.3377</orientation>
      <velocity>17.999999999999993</velocity>
      <steeringAngle>0.0</steeringAngle>
      <time>20</time>
    </ksState>
    <ksState>
      <x>-194.32184321369374</x>
      <y>96.61263285846074</y>
      <orientation>-1.3377</orientation>
      <velocity>17.200000000000003</velocity>
      <steeringAngle>0.0</steeringAngle>
      <time>21</time>
    </ksState>
    <ksState>
      <x>-193.92915814780378</x>
      <y>94.95860793753997</y>
      <orientation>-1.3377</orientation>
      <velocity>16.400000000000006</velocity>
      <steeringAngle>0.0</steeringAngle>
      <time>22</time>
    </ksState>
    <ksState>
      <x>-193.55495237913217</x>
      <y>93.38241948348603</y>
      <orientation>-1.3377</orientation>
      <velocity>15.600000000000007</velocity>
      <steeringAngle>0.0</steeringAngle>
      <time>23</time>
    </ksState>
    <ksState>
      <x>-193.1992259076789</x>
      <y>91.88406749629897</y>
      <orientation>-1.3377</orientation>
      <velocity>14.800000000000006</velocity>
      <steeringAngle>0.0</steeringAngle>
      <time>24</time>
    </ksState>
    <ksState>
      <x>-192.861978733444</x>
      <y>90.46355197597877</y>
      <orientation>-1.3377</orientation>
      <velocity>14.000000000000005</velocity>
      <steeringAngle>0.0</steeringAngle>
      <time>25</time>
    </ksState>
    <ksState>
      <x>-192.54321085642746</x>
      <y>89.12087292252544</y>
      <orientation>-1.3377</orientation>
      <velocity>13.2</velocity>
      <steeringAngle>0.0</steeringAngle>
      <time>26</time>
    </ksState>
    <ksState>
      <x>-192.24292227662926</x>
      <y>87.85603033593895</y>
      <orientation>-1.3377</orientation>
      <velocity>12.399999999999999</velocity>
      <steeringAngle>0.0</steeringAngle>
      <time>27</time>
    </ksState>
    <ksState>
      <x>-191.96111299404942</x>
      <y>86.66902421621933</y>
      <orientation>-1.3377</orientation>
      <velocity>11.599999999999998</velocity>
      <steeringAngle>0.0</steeringAngle>
      <time>28</time>
    </ksState>
    <ksState>
      <x>-191.6977830086879</x>
      <y>85.55985456336657</y>
      <orientation>-1.3377</orientation>
      <velocity>10.799999999999997</velocity>
      <steeringAngle>0.0</steeringAngle>
      <time>29</time>
    </ksState>
    <ksState>
      <x>-191.45293232054476</x>
      <y>84.52852137738067</y>
      <orientation>-1.3377</orientation>
      <velocity>9.999999999999996</velocity>
      <steeringAngle>0.0</steeringAngle>
      <time>30</time>
    </ksState>
    <ksState>
      <x>-191.22656092961995</x>
      <y>83.57502465826163</y>
      <orientation>-1.3352197383271431</orientation>
      <velocity>9.2</velocity>
      <steeringAngle>0.026650000000000004</steeringAngle>
      <time>31</time>
    </ksState>
    <ksState>
      <x>-191.0144645035035</x>
      <y>82.70037585423475</y>
      <orientation>-1.323641107944272</orientation>
      <velocity>8.399999999999999</velocity>
      <steeringAngle>0.05330000000000001</steeringAngle>
      <time>32</time>
    </ksState>
    <ksState>
      <x>-190.81048817123397</x>
      <y>81.90615864638508</y>
      <orientation>-1.3046033471005283</orientation>
      <velocity>7.599999999999998</velocity>
      <steeringAngle>0.07995000000000001</steeringAngle>
      <time>33</time>
    </ksState>
    <ksState>
      <x>-190.61172979107295</x>
      <y>81.19336411774114</y>
      <orientation>-1.2797391409649392</orientation>
      <velocity>6.799999999999997</velocity>
      <steeringAngle>0.10660000000000001</steeringAngle>
      <time>34</time>
    </ksState>
    <ksState>
      <x>-190.41801758436856</x>
      <y>80.56244896662753</y>
      <orientation>-1.2506792390365433</orientation>
      <velocity>5.9999999999999964</velocity>
      <steeringAngle>0.13325</steeringAngle>
      <time>35</time>
    </ksState>
    <ksState>
      <x>-190.22972392775193</x>
      <y>80.00859906784629</y>
      <orientation>-1.2217691064830327</orientation>
      <velocity>5.4</velocity>
      <steeringAngle>0.1066</steeringAngle>
      <time>36</time>
    </ksState>
    <ksState>
      <x>-190.04750342392754</x>
      <y>79.51624548866859</y>
      <orientation>-1.2013163543049477</orientation>
      <velocity>4.800000000000001</velocity>
      <steeringAngle>0.07995</steeringAngle>
      <time>37</time>
    </ksState>
    <ksState>
      <x>-189.87801555505504</x>
      <y>79.08323756707517</y>
      <orientation>-1.188038730848732</orientation>
      <velocity>4.200000000000001</velocity>
      <steeringAngle>0.053299999999999986</steeringAngle>
      <time>38</time>
    </ksState>
    <ksState>
      <x>-189.72597102908145</x>
      <y>78.70786216927974</y>
      <orientation>-1.1806701640325972</orientation>
      <velocity>3.6000000000000014</velocity>
      <steeringAngle>0.02664999999999998</steeringAngle>
      <time>39</time>
    </ksState>
    <ksState>
      <x>-189.59448195771145</x>
      <y>78.38890210704314</y>
      <orientation>-1.1779570474418324</orientation>
      <velocity>3.0000000000000018</velocity>
      <steeringAngle>-2.42861286636753e-17</steeringAngle>
      <time>40</time>
    </ksState>
    <ksState>
      <x>-189.4738958770921</x>
      <y>78.09789695732776</y>
      <orientation>-1.1788096373918768</orientation>
      <velocity>3.5999999999999996</velocity>
      <steeringAngle>-0.026650000000000004</steeringAngle>
      <time>41</time>
    </ksState>
    <ksState>
      <x>-189.33097185164462</x>
      <y>77.7512017000063</y>
      <orientation>-1.1836944151281295</orientation>
      <velocity>4.199999999999999</velocity>
      <steeringAngle>-0.05330000000000001</steeringAngle>
      <time>42</time>
    </ksState>
    <ksState>
      <x>-189.1676625312935</x>
      <y>77.34802162344639</y>
      <orientation>-1.19386011613766</orientation>
      <velocity>4.799999999999999</velocity>
      <steeringAngle>-0.07995000000000001</steeringAngle>
      <time>43</time>
    </ksState>
    <ksState>
      <x>-188.98723660171007</x>
      <y>76.8870790223496</y>
      <orientation>-1.2105661220953168</orientation>
      <velocity>5.399999999999999</velocity>
      <steeringAngle>-0.10660000000000001</steeringAngle>
      <time>44</time>
    </ksState>
    <ksState>
      <x>-188.7945989951689</x>
      <y>76.36659262013116</y>
      <orientation>-1.235086123453176</orientation>
      <velocity>5.999999999999998</velocity>
      <steeringAngle>-0.13325</steeringAngle>
      <time>45</time>
    </ksState>
    <ksState>
      <x>-188.60923068395604</x>
      <y>75.82231003716427</y>
      <orientation>-1.2664220320695019</orientation>
      <velocity>5.0</velocity>
      <steeringAngle>-0.15990000000000001</steeringAngle>
      <time>46</time>
    </ksState>
    <ksState>
      <x>-188.47023905166117</x>
      <y>75.36811561033626</y>
      <orientation>-1.2973224262880205</orientation>
      <velocity>4.0</velocity>
      <steeringAngle>-0.18655000000000002</steeringAngle>
      <time>47</time>
    </ksState>
    <ksState>
      <x>-188.37143120383746</x>
      <y>75.00637743107461</y>
      <orientation>-1.3257066357326288</orientation>
      <velocity>3.0</velocity>
      <steeringAngle>-0.21320000000000003</steeringAngle>
      <time>48</time>
    </ksState>
    <ksState>
      <x>-188.3062336051908</x>
      <y>74.73922335525548</y>
      <orientation>-1.34946999030849</orientation>
      <velocity>2.0</velocity>
      <steeringAngle>-0.23985000000000004</steeringAngle>
      <time>49</time>
    </ksState>
    <ksState>
      <x>-188.26851154478595</x>
      <y>74.56833926672651</y>
      <orientation>-1.36647726327269</orientation>
      <velocity>1.0</velocity>
      <steeringAngle>-0.2665</steeringAngle>
      <time>50</time>
    </ksState>
    <ksState>
      <x>-188.2494693523553</x>
      <y>74.47526761757088</y>
      <orientation>-1.3767843597881178</orientation>
      <velocity>0.8</velocity>
      <steeringAngle>-0.29315</steeringAngle>
      <time>51</time>
    </ksState>
    <ksState>
      <x>-188.23517042821427</x>
      <y>74.40164350411622</y>
      <orientation>-1.3857607945180133</orientation>
      <velocity>0.6000000000000001</velocity>
      <steeringAngle>-0.3198000000000001</steeringAngle>
      <time>52</time>
    </ksState>
    <ksState>
      <x>-188.22514614799687</x>
      <y>74.3475648329477</y>
      <orientation>-1.3929675252280966</orientation>
      <velocity>0.40000000000000013</velocity>
      <steeringAngle>-0.34645000000000015</steeringAngle>
      <time>53</time>
    </ksState>
    <ksState>
      <x>-188.218996235591</x>
      <y>74.31310940919634</y>
      <orientation>-1.397955054535504</orientation>
      <velocity>0.20000000000000015</velocity>
      <steeringAngle>-0.3731000000000002</steeringAngle>
      <time>54</time>
    </ksState>
    <ksState>
      <x>-188.21642398297024</x>
      <y>74.29833160823459</y>
      <orientation>-1.4002617428867705</orientation>
      <velocity>1.3877787807814457e-16</velocity>
      <steeringAngle>-0.39975000000000027</steeringAngle>
      <time>55</time>
    </ksState>
    <ksState>
      <x>-188.21642398297024</x>
      <y>74.29833160823459</y>
      <orientation>-1.4002617428867705</orientation>
      <velocity>0.0</velocity>
      <steeringAngle>-0.3731</steeringAngle>
      <time>56</time>
    </ksState>
    <ksState>
      <x>-188.21642398297024</x>
      <y>74.29833160823459</y>
      <orientation>-1.4002617428867705</orientation>
      <velocity>0.0</velocity>
      <steeringAngle>-0.3464499999999999</steeringAngle>
      <time>57</time>
    </ksState>
    <ksState>
      <x>-188.21642398297024</x>
      <y>74.29833160823459</y>
      <orientation>-1.4002617428867705</orientation>
      <velocity>0.0</velocity>
      <steeringAngle>-0.31979999999999986</steeringAngle>
      <time>58</time>
    </ksState>
    <ksState>
      <x>-188.21642398297024</x>
      <y>74.29833160823459</y>
      <orientation>-1.4002617428867705</orientation>
      <velocity>0.0</velocity>
      <steeringAngle>-0.2931499999999998</steeringAngle>
      <time>59</time>
    </ksState>
    <ksState>
      <x>-188.21642398297024</x>
      <y>74.29833160823459</y>
      <orientation>-1.4002617428867705</orientation>
      <velocity>0.0</velocity>
      <steeringAngle>-0.26649999999999974</steeringAngle>
      <time>60</time>
    </ksState>
    <ksState>
      <x>-188.21642398297024</x>
      <y>74.29833160823459</y>
      <orientation>-1.4002617428867705</orientation>
      <velocity>0.0</velocity>
      <steeringAngle>-0.23985000000000004</steeringAngle>
      <time>61</time>
    </ksState>
    <ksState>
      <x>-188.21642398297024</x>
      <y>74.29833160823459</y>
      <orientation>-1.4002617428867705</orientation>
      <velocity>0.0</velocity>
      <steeringAngle>-0.21320000000000003</steeringAngle>
      <time>62</time>
    </ksState>
    <ksState>
      <x>-188.21642398297024</x>
      <y>74.29833160823459</y>
      <orientation>-1.4002617428867705</orientation>
      <velocity>0.0</velocity>
      <steeringAngle>-0.18655000000000002</steeringAngle>
      <time>63</time>
    </ksState>
    <ksState>
      <x>-188.21642398297024</x>
      <y>74.29833160823459</y>
      <orientation>-1.4002617428867705</orientation>
      <velocity>0.0</velocity>
      <steeringAngle>-0.15990000000000001</steeringAngle>
      <time>64</time>
    </ksState>
    <ksState>
      <x>-188.21642398297024</x>
      <y>74.29833160823459</y>
      <orientation>-1.4002617428867705</orientation>
      <velocity>0.0</velocity>
      <steeringAngle>-0.13325</steeringAngle>
      <time>65</time>
    </ksState>
    <ksState>
      <x>-188.21642398297024</x>
      <y>74.29833160823459</y>
      <orientation>-1.4002617428867705</orientation>
      <velocity>0.0</velocity>
      <steeringAngle>-0.1066</steeringAngle>
      <time>66</time>
    </ksState>
    <ksState>
      <x>-188.21642398297024</x>
      <y>74.29833160823459</y>
      <orientation>-1.4002617428867705</orientation>
      <velocity>0.0</velocity>
      <steeringAngle>-0.07995</steeringAngle>
      <time>67</time>
    </ksState>
    <ksState>
      <x>-188.21642398297024</x>
      <y>74.29833160823459</y>
      <orientation>-1.4002617428867705</orientation>
      <velocity>0.0</velocity>
      <steeringAngle>-0.053299999999999986</steeringAngle>
      <time>68</time>
    </ksState>
    <ksState>
      <x>-188.21642398297024</x>
      <y>74.29833160823459</y>
      <orientation>-1.4002617428867705</orientation>
      <velocity>0.0</velocity>
      <steeringAngle>-0.02664999999999998</steeringAngle>
      <time>69</time>
    </ksState>
    <ksState>
      <x>-188.21642398297024</x>
      <y>74.29833160823459</y>
      <orientation>-1.4002617428867705</orientation>
      <velocity>0.0</velocity>
      <steeringAngle>2.42861286636753e-17</steeringAngle>
      <time>70</time>
    </ksState>
    <ksState>
      <x>-188.21642398297024</x>
      <y>74.29833160823459</y>
      <orientation>-1.4002617428867705</orientation>
      <velocity>0.0</velocity>
      <steeringAngle>0.0</steeringAngle>
      <time>71</time>
    </ksState>
    <ksState>
      <x>-188.21642398297024</x>
      <y>74.29833160823459</y>
      <orientation>-1.4002617428867705</orientation>
      <velocity>0.0</velocity>
      <steeringAngle>0.0</steeringAngle>
      <time>72</time>
    </ksState>
    <ksState>
      <x>-188.21642398297024</x>
      <y>74.29833160823459</y>
      <orientation>-1.4002617428867705</orientation>
      <velocity>0.0</velocity>
      <steeringAngle>0.0</steeringAngle>
      <time>73</time>
    </ksState>
    <ksState>
      <x>-188.21642398297024</x>
      <y>74.29833160823459</y>
      <orientation>-1.4002617428867705</orientation>
      <velocity>0.0</velocity>
      <steeringAngle>0.0</steeringAngle>
      <time>74</time>
    </ksState>
    <ksState>
      <x>-188.21642398297024</x>
      <y>74.29833160823459</y>
      <orientation>-1.4002617428867705</orientation>
      <velocity>0.0</velocity>
      <steeringAngle>0.0</steeringAngle>
      <time>75</time>
    </ksState>
    <ksState>
      <x>-188.21642398297024</x>
      <y>74.29833160823459</y>
      <orientation>-1.4002617428867705</orientation>
      <velocity>0.0</velocity>
      <steeringAngle>0.0</steeringAngle>
      <time>76</time>
    </ksState>
    <ksState>
      <x>-188.21642398297024</x>
      <y>74.29833160823459</y>
      <orientation>-1.4002617428867705</orientation>
      <velocity>0.0</velocity>
      <steeringAngle>0.0</steeringAngle>
      <time>77</time>
    </ksState>
    <ksState>
      <x>-188.21642398297024</x>
      <y>74.29833160823459</y>
      <orientation>-1.4002617428867705</orientation>
      <velocity>0.0</velocity>
      <steeringAngle>0.0</steeringAngle>
      <time>78</time>
    </ksState>
    <ksState>
      <x>-188.21642398297024</x>
      <y>74.29833160823459</y>
      <orientation>-1.4002617428867705</orientation>
      <velocity>0.0</velocity>
      <steeringAngle>0.0</steeringAngle>
      <time>79</time>
    </ksState>
    <ksState>
      <x>-188.21642398297024</x>
      <y>74.29833160823459</y>
      <orientation>-1.4002617428867705</orientation>
      <velocity>0.0</velocity>
      <steeringAngle>0.0</steeringAngle>
      <time>80</time>
    </ksState>
    <ksState>
      <x>-188.21642398297024</x>
      <y>74.29833160823459</y>
      <orientation>-1.4002617428867705</orientation>
      <velocity>0.0</velocity>
      <steeringAngle>0.0</steeringAngle>
      <time>81</time>
    </ksState>
    <ksState>
      <x>-188.21642398297024</x>
      <y>74.29833160823459</y>
      <orientation>-1.4002617428867705</orientation>
      <velocity>0.0</velocity>
      <steeringAngle>0.0</steeringAngle>
      <time>82</time>
    </ksState>
    <ksState>
      <x>-188.21642398297024</x>
      <y>74.29833160823459</y>
      <orientation>-1.4002617428867705</orientation>
      <velocity>0.0</velocity>
      <steeringAngle>0.0</steeringAngle>
      <time>83</time>
    </ksState>
    <ksState>
      <x>-188.21642398297024</x>
      <y>74.29833160823459</y>
      <orientation>-1.4002617428867705</orientation>
      <velocity>0.0</velocity>
      <steeringAngle>0.0</steeringAngle>
      <time>84</time>
    </ksState>
    <ksState>
      <x>-188.21642398297024</x>
      <y>74.29833160823459</y>
      <orientation>-1.4002617428867705</orientation>
      <velocity>0.0</velocity>
      <steeringAngle>0.0</steeringAngle>
      <time>85</time>
    </ksState>
    <ksState>
      <x>-188.21642398297024</x>
      <y>74.29833160823459</y>
      <orientation>-1.4002617428867705</orientation>
      <velocity>0.0</velocity>
      <steeringAngle>0.0</steeringAngle>
      <time>86</time>
    </ksState>
    <ksState>
      <x>-188.21642398297024</x>
      <y>74.29833160823459</y>
      <orientation>-1.4002617428867705</orientation>
      <velocity>0.0</velocity>
      <steeringAngle>0.0</steeringAngle>
      <time>87</time>
    </ksState>
    <ksState>
      <x>-188.21642398297024</x>
      <y>74.29833160823459</y>
      <orientation>-1.4002617428867705</orientation>
      <velocity>0.0</velocity>
      <steeringAngle>0.0</steeringAngle>
      <time>88</time>
    </ksState>
    <ksState>
      <x>-188.21642398297024</x>
      <y>74.29833160823459</y>
      <orientation>-1.4002617428867705</orientation>
      <velocity>0.0</velocity>
      <steeringAngle>0.0</steeringAngle>
      <time>89</time>
    </ksState>
    <ksState>
      <x>-188.21642398297024</x>
      <y>74.29833160823459</y>
      <orientation>-1.4002617428867705</orientation>
      <velocity>0.0</velocity>
      <steeringAngle>0.0</steeringAngle>
      <time>90</time>
    </ksState>
    <ksState>
      <x>-188.21642398297024</x>
      <y>74.29833160823459</y>
      <orientation>-1.4002617428867705</orientation>
      <velocity>0.0</velocity>
      <steeringAngle>0.0</steeringAngle>
      <time>91</time>
    </ksState>
    <ksState>
      <x>-188.21642398297024</x>
      <y>74.29833160823459</y>
      <orientation>-1.4002617428867705</orientation>
      <velocity>0.0</velocity>
      <steeringAngle>0.0</steeringAngle>
      <time>92</time>
    </ksState>
    <ksState>
      <x>-188.21642398297024</x>
      <y>74.29833160823459</y>
      <orientation>-1.4002617428867705</orientation>
      <velocity>0.0</velocity>
      <steeringAngle>0.0</steeringAngle>
      <time>93</time>
    </ksState>
    <ksState>
      <x>-188.21642398297024</x>
      <y>74.29833160823459</y>
      <orientation>-1.4002617428867705</orientation>
      <velocity>0.0</velocity>
      <steeringAngle>0.0</steeringAngle>
      <time>94</time>
    </ksState>
    <ksState>
      <x>-188.21642398297024</x>
      <y>74.29833160823459</y>
      <orientation>-1.4002617428867705</orientation>
      <velocity>0.0</velocity>
      <steeringAngle>0.0</steeringAngle>
      <time>95</time>
    </ksState>
    <ksState>
      <x>-188.21642398297024</x>
      <y>74.29833160823459</y>
      <orientation>-1.4002617428867705</orientation>
      <velocity>0.0</velocity>
      <steeringAngle>0.0</steeringAngle>
      <time>96</time>
    </ksState>
    <ksState>
      <x>-188.21642398297024</x>
      <y>74.29833160823459</y>
      <orientation>-1.4002617428867705</orientation>
      <velocity>0.0</velocity>
      <steeringAngle>0.0</steeringAngle>
      <time>97</time>
    </ksState>
    <ksState>
      <x>-188.21642398297024</x>
      <y>74.29833160823459</y>
      <orientation>-1.4002617428867705</orientation>
      <velocity>0.0</velocity>
      <steeringAngle>0.0</steeringAngle>
      <time>98</time>
    </ksState>
    <ksState>
      <x>-188.21642398297024</x>
      <y>74.29833160823459</y>
      <orientation>-1.4002617428867705</orientation>
      <velocity>0.0</velocity>
      <steeringAngle>0.0</steeringAngle>
      <time>99</time>
    </ksState>
    <ksState>
      <x>-188.21642398297024</x>
      <y>74.29833160823459</y>
      <orientation>-1.4002617428867705</orientation>
      <velocity>0.0</velocity>
      <steeringAngle>0.0</steeringAngle>
      <time>100</time>
    </ksState>
    <ksState>
      <x>-188.21642398297024</x>
      <y>74.29833160823459</y>
      <orientation>-1.4002617428867705</orientation>
      <velocity>0.0</velocity>
      <steeringAngle>0.0</steeringAngle>
      <time>101</time>
    </ksState>
    <ksState>
      <x>-188.21642398297024</x>
      <y>74.29833160823459</y>
      <orientation>-1.4002617428867705</orientation>
      <velocity>0.0</velocity>
      <steeringAngle>0.0</steeringAngle>
      <time>102</time>
    </ksState>
    <ksState>
      <x>-188.21642398297024</x>
      <y>74.29833160823459</y>
      <orientation>-1.4002617428867705</orientation>
      <velocity>0.0</velocity>
      <steeringAngle>0.0</steeringAngle>
      <time>103</time>
    </ksState>
    <ksState>
      <x>-188.21642398297024</x>
      <y>74.29833160823459</y>
      <orientation>-1.4002617428867705</orientation>
      <velocity>0.0</velocity>
      <steeringAngle>0.0</steeringAngle>
      <time>104</time>
    </ksState>
    <ksState>
      <x>-188.21642398297024</x>
      <y>74.29833160823459</y>
      <orientation>-1.4002617428867705</orientation>
      <velocity>0.0</velocity>
      <steeringAngle>0.0</steeringAngle>
      <time>105</time>
    </ksState>
    <ksState>
      <x>-188.21557543695712</x>
      <y>74.29340413731498</y>
      <orientation>-1.4002617428867705</orientation>
      <velocity>0.2</velocity>
      <steeringAngle>0.0</steeringAngle>
      <time>106</time>
    </ksState>
    <ksState>
      <x>-188.2113327068915</x>
      <y>74.26876678271692</y>
      <orientation>-1.4002617428867705</orientation>
      <velocity>0.4</velocity>
      <steeringAngle>0.0</steeringAngle>
      <time>107</time>
    </ksState>
    <ksState>
      <x>-188.20369579277346</x>
      <y>74.22441954444042</y>
      <orientation>-1.4002617428867705</orientation>
      <velocity>0.6</velocity>
      <steeringAngle>0.0</steeringAngle>
      <time>108</time>
    </ksState>
    <ksState>
      <x>-188.19266469460288</x>
      <y>74.16036242248546</y>
      <orientation>-1.4002617428867705</orientation>
      <velocity>0.7999999999999999</velocity>
      <steeringAngle>0.0</steeringAngle>
      <time>109</time>
    </ksState>
    <ksState>
      <x>-188.17823941237987</x>
      <y>74.07659541685206</y>
      <orientation>-1.4002617428867705</orientation>
      <velocity>0.9999999999999999</velocity>
      <steeringAngle>0.0</steeringAngle>
      <time>110</time>
    </ksState>
    <ksState>
      <x>-188.1621170381306</x>
      <y>73.98297346937943</y>
      <orientation>-1.4002617428867705</orientation>
      <velocity>0.8</velocity>
      <steeringAngle>0.0</steeringAngle>
      <time>111</time>
    </ksState>
    <ksState>
      <x>-188.1493888479338</x>
      <y>73.90906140558526</y>
      <orientation>-1.4002617428867705</orientation>
      <velocity>0.6000000000000001</velocity>
      <steeringAngle>0.0</steeringAngle>
      <time>112</time>
    </ksState>
    <ksState>
      <x>-188.1400548417895</x>
      <y>73.85485922546954</y>
      <orientation>-1.4002617428867705</orientation>
      <velocity>0.40000000000000013</velocity>
      <steeringAngle>0.0</steeringAngle>
      <time>113</time>
    </ksState>
    <ksState>
      <x>-188.13411501969765</x>
      <y>73.82036692903225</y>
      <orientation>-1.4002617428867705</orientation>
      <velocity>0.20000000000000015</velocity>
      <steeringAngle>0.0</steeringAngle>
      <time>114</time>
    </ksState>
    <ksState>
      <x>-188.1315693816583</x>
      <y>73.80558451627341</y>
      <orientation>-1.4002617428867705</orientation>
      <velocity>1.3877787807814457e-16</velocity>
      <steeringAngle>0.0</steeringAngle>
      <time>115</time>
    </ksState>
    <ksState>
      <x>-188.1315693816583</x>
      <y>73.80558451627341</y>
      <orientation>-1.4002617428867705</orientation>
      <velocity>0.0</velocity>
      <steeringAngle>0.0</steeringAngle>
      <time>116</time>
    </ksState>
    <ksState>
      <x>-188.1315693816583</x>
      <y>73.80558451627341</y>
      <orientation>-1.4002617428867705</orientation>
      <velocity>0.0</velocity>
      <steeringAngle>0.0</steeringAngle>
      <time>117</time>
    </ksState>
  </ksTrajectory>
</CommonRoadSolution>
