<?xml version="1.0" ?>
<CommonRoadSolution benchmark_id="KS2:SM1:USA_Lanker-1_3_T-1:2018b" date="2019-11-18">
  <ksTrajectory planningProblem="1590">
    <ksState>
      <x>0.0</x>
      <y>0.0</y>
      <orientation>-2.0339</orientation>
      <velocity>11.0</velocity>
      <steeringAngle>0.0</steeringAngle>
      <time>0</time>
    </ksState>
    <ksState>
      <x>-0.48693245005647195</x>
      <y>-0.9751906424294695</y>
      <orientation>-2.0311097056180363</orientation>
      <velocity>10.600000000000001</velocity>
      <steeringAngle>0.026650000000000004</steeringAngle>
      <time>1</time>
    </ksState>
    <ksState>
      <x>-0.9508171659578595</x>
      <y>-1.91715810438309</y>
      <orientation>-2.01756681869894</orientation>
      <velocity>10.200000000000003</velocity>
      <steeringAngle>0.05330000000000001</steeringAngle>
      <time>2</time>
    </ksState>
    <ksState>
      <x>-1.3824235928830937</x>
      <y>-2.8302777612596453</y>
      <orientation>-1.9940799259100177</orientation>
      <velocity>9.800000000000004</velocity>
      <steeringAngle>0.07995000000000001</steeringAngle>
      <time>3</time>
    </ksState>
    <ksState>
      <x>-1.774172553537709</x>
      <y>-3.717621125803102</y>
      <orientation>-1.9614454453797383</orientation>
      <velocity>9.400000000000006</velocity>
      <steeringAngle>0.10660000000000001</steeringAngle>
      <time>4</time>
    </ksState>
    <ksState>
      <x>-2.1199784201555265</x>
      <y>-4.580891699026423</y>
      <orientation>-1.920449821384594</orientation>
      <velocity>9.000000000000007</velocity>
      <steeringAngle>0.13325</steeringAngle>
      <time>5</time>
    </ksState>
    <ksState>
      <x>-2.410351081712697</x>
      <y>-5.406242590313373</y>
      <orientation>-1.8772014384926625</orientation>
      <velocity>8.0</velocity>
      <steeringAngle>0.1066</steeringAngle>
      <time>6</time>
    </ksState>
    <ksState>
      <x>-2.638167461669512</x>
      <y>-6.1469742413458155</y>
      <orientation>-1.847001824893216</orientation>
      <velocity>7.0</velocity>
      <steeringAngle>0.07995</steeringAngle>
      <time>7</time>
    </ksState>
    <ksState>
      <x>-2.818839474738352</x>
      <y>-6.79733504457373</y>
      <orientation>-1.8277194765930254</orientation>
      <velocity>6.0</velocity>
      <steeringAngle>0.053299999999999986</steeringAngle>
      <time>8</time>
    </ksState>
    <ksState>
      <x>-2.963298357949765</x>
      <y>-7.3538900314898985</y>
      <orientation>-1.8172483417841798</orientation>
      <velocity>5.0</velocity>
      <steeringAngle>0.02664999999999998</steeringAngle>
      <time>9</time>
    </ksState>
    <ksState>
      <x>-3.0786175718988247</x>
      <y>-7.814678598287241</y>
      <orientation>-1.8135016543462499</orientation>
      <velocity>4.0</velocity>
      <steeringAngle>-2.42861286636753e-17</steeringAngle>
      <time>10</time>
    </ksState>
    <ksState>
      <x>-3.1807576267212645</x>
      <y>-8.227222425293377</y>
      <orientation>-1.8146642770054016</orientation>
      <velocity>5.0</velocity>
      <steeringAngle>-0.026650000000000004</steeringAngle>
      <time>11</time>
    </ksState>
    <ksState>
      <x>-3.3082124068798464</x>
      <y>-8.736515876993247</y>
      <orientation>-1.8215133112778792</orientation>
      <velocity>6.0</velocity>
      <steeringAngle>-0.05330000000000001</steeringAngle>
      <time>12</time>
    </ksState>
    <ksState>
      <x>-3.465226402422993</x>
      <y>-9.341468643627186</y>
      <orientation>-1.8361281442325885</orientation>
      <velocity>7.0</velocity>
      <steeringAngle>-0.07995000000000001</steeringAngle>
      <time>13</time>
    </ksState>
    <ksState>
      <x>-3.6592718262257606</x>
      <y>-10.040007014124399</y>
      <orientation>-1.8606044245849351</orientation>
      <velocity>8.0</velocity>
      <steeringAngle>-0.10660000000000001</steeringAngle>
      <time>14</time>
    </ksState>
    <ksState>
      <x>-3.901773242946631</x>
      <y>-10.828531735116263</y>
      <orientation>-1.897060148009543</orientation>
      <velocity>8.995108823529412</velocity>
      <steeringAngle>-0.13325</steeringAngle>
      <time>15</time>
    </ksState>
    <ksState>
      <x>-4.200158559294384</x>
      <y>-11.677563786915464</y>
      <orientation>-1.943839494759645</orientation>
      <velocity>9.0</velocity>
      <steeringAngle>-0.13325</steeringAngle>
      <time>16</time>
    </ksState>
    <ksState>
      <x>-4.537920136571652</x>
      <y>-12.511713856692767</y>
      <orientation>-1.990618841509747</orientation>
      <velocity>9.0</velocity>
      <steeringAngle>-0.13325</steeringAngle>
      <time>17</time>
    </ksState>
    <ksState>
      <x>-4.914318983435601</x>
      <y>-13.32915690062537</y>
      <orientation>-2.037398188259849</orientation>
      <velocity>9.0</velocity>
      <steeringAngle>-0.13325</steeringAngle>
      <time>18</time>
    </ksState>
    <ksState>
      <x>-5.328531573742351</x>
      <y>-14.12810442833021</y>
      <orientation>-2.084177535009951</orientation>
      <velocity>9.0</velocity>
      <steeringAngle>-0.13325</steeringAngle>
      <time>19</time>
    </ksState>
    <ksState>
      <x>-5.779651648346628</x>
      <y>-14.906808415916856</y>
      <orientation>-2.130956881760053</orientation>
      <velocity>9.0</velocity>
      <steeringAngle>-0.13325</steeringAngle>
      <time>20</time>
    </ksState>
    <ksState>
      <x>-6.266692197913626</x>
      <y>-15.663565130503377</y>
      <orientation>-2.17537342403533</orientation>
      <velocity>9.0</velocity>
      <steeringAngle>-0.1066</steeringAngle>
      <time>21</time>
    </ksState>
    <ksState>
      <x>-6.78513285742015</x>
      <y>-16.399193220650265</y>
      <orientation>-2.2103681843115863</orientation>
      <velocity>9.0</velocity>
      <steeringAngle>-0.07995</steeringAngle>
      <time>22</time>
    </ksState>
    <ksState>
      <x>-7.327320977247104</x>
      <y>-17.117519375091078</y>
      <orientation>-2.235991401453107</orientation>
      <velocity>9.0</velocity>
      <steeringAngle>-0.053299999999999986</steeringAngle>
      <time>23</time>
    </ksState>
    <ksState>
      <x>-7.886096277620107</x>
      <y>-17.823035225192967</y>
      <orientation>-2.2522796904155165</orientation>
      <velocity>9.0</velocity>
      <steeringAngle>-0.02664999999999998</steeringAngle>
      <time>24</time>
    </ksState>
    <ksState>
      <x>-8.454669962230753</x>
      <y>-18.520688136130833</y>
      <orientation>-2.2592562523356206</orientation>
      <velocity>9.0</velocity>
      <steeringAngle>2.42861286636753e-17</steeringAngle>
      <time>25</time>
    </ksState>
    <ksState>
      <x>-9.036013978374621</x>
      <y>-19.22727439052142</y>
      <orientation>-2.2568534988400404</orientation>
      <velocity>9.600000000000001</velocity>
      <steeringAngle>0.026650000000000004</steeringAngle>
      <time>26</time>
    </ksState>
    <ksState>
      <x>-9.651763946600937</x>
      <y>-19.98323148453573</y>
      <orientation>-2.2442151493761275</orientation>
      <velocity>10.200000000000003</velocity>
      <steeringAngle>0.05330000000000001</steeringAngle>
      <time>27</time>
    </ksState>
    <ksState>
      <x>-10.292906272012168</x>
      <y>-20.795716385860473</y>
      <orientation>-2.220081435999546</orientation>
      <velocity>10.800000000000004</velocity>
      <steeringAngle>0.07995000000000001</steeringAngle>
      <time>28</time>
    </ksState>
    <ksState>
      <x>-10.947498820200302</x>
      <y>-21.673468769294317</y>
      <orientation>-2.183173052579405</orientation>
      <velocity>11.400000000000006</velocity>
      <steeringAngle>0.10660000000000001</steeringAngle>
      <time>29</time>
    </ksState>
    <ksState>
      <x>-11.599994387334377</x>
      <y>-22.626405296944075</y>
      <orientation>-2.132187378190599</orientation>
      <velocity>12.000000000000007</velocity>
      <steeringAngle>0.13325</steeringAngle>
      <time>30</time>
    </ksState>
    <ksState>
      <x>-12.215253322545053</x>
      <y>-23.63899608021956</y>
      <orientation>-2.07366621745357</orientation>
      <velocity>11.399999999999999</velocity>
      <steeringAngle>0.1066</steeringAngle>
      <time>31</time>
    </ksState>
    <ksState>
      <x>-12.745863298565391</x>
      <y>-24.630913974391166</y>
      <orientation>-2.029883625091314</orientation>
      <velocity>10.799999999999997</velocity>
      <steeringAngle>0.07995</steeringAngle>
      <time>32</time>
    </ksState>
    <ksState>
      <x>-13.209868769960277</x>
      <y>-25.589477552199558</y>
      <orientation>-1.9995238568740847</orientation>
      <velocity>10.199999999999996</velocity>
      <steeringAngle>0.053299999999999986</steeringAngle>
      <time>33</time>
    </ksState>
    <ksState>
      <x>-13.62289997888219</x>
      <y>-26.505666462762576</y>
      <orientation>-1.9812964307496772</orientation>
      <velocity>9.599999999999994</velocity>
      <steeringAngle>0.02664999999999998</steeringAngle>
      <time>34</time>
    </ksState>
    <ksState>
      <x>-13.997901514950591</x>
      <y>-27.373072569364645</y>
      <orientation>-1.9739322728788429</orientation>
      <velocity>8.999999999999993</velocity>
      <steeringAngle>-2.42861286636753e-17</steeringAngle>
      <time>35</time>
    </ksState>
    <ksState>
      <x>-14.34116823279408</x>
      <y>-28.17792843249851</y>
      <orientation>-1.9739322728788429</orientation>
      <velocity>8.0</velocity>
      <steeringAngle>0.0</steeringAngle>
      <time>36</time>
    </ksState>
    <ksState>
      <x>-14.645204468598314</x>
      <y>-28.890800768417076</y>
      <orientation>-1.9739322728788429</orientation>
      <velocity>7.0</velocity>
      <steeringAngle>0.0</steeringAngle>
      <time>37</time>
    </ksState>
    <ksState>
      <x>-14.91001022236329</x>
      <y>-29.511689577120343</y>
      <orientation>-1.9739322728788429</orientation>
      <velocity>6.0</velocity>
      <steeringAngle>0.0</steeringAngle>
      <time>38</time>
    </ksState>
  </ksTrajectory>
</CommonRoadSolution>
