<?xml version="1.0" ?>
<CommonRoadSolution benchmark_id="KS2:SM1:USA_US101-9_3_T-1:2018b" date="2019-11-18">
  <ksTrajectory planningProblem="423">
    <ksState>
      <x>0.0</x>
      <y>0.0</y>
      <orientation>-0.71005</orientation>
      <velocity>15.0</velocity>
      <steeringAngle>0.0</steeringAngle>
      <time>0</time>
    </ksState>
    <ksState>
      <x>1.1185356929471773</x>
      <y>-0.9615107402432792</y>
      <orientation>-0.71005</orientation>
      <velocity>14.0</velocity>
      <steeringAngle>0.0</steeringAngle>
      <time>1</time>
    </ksState>
    <ksState>
      <x>2.161238457558953</x>
      <y>-1.8578343116565057</y>
      <orientation>-0.71005</orientation>
      <velocity>13.0</velocity>
      <steeringAngle>0.0</steeringAngle>
      <time>2</time>
    </ksState>
    <ksState>
      <x>3.128108293835326</x>
      <y>-2.688970714239679</y>
      <orientation>-0.71005</orientation>
      <velocity>12.0</velocity>
      <steeringAngle>0.0</steeringAngle>
      <time>3</time>
    </ksState>
    <ksState>
      <x>4.019145201776297</x>
      <y>-3.4549199479927992</y>
      <orientation>-0.71005</orientation>
      <velocity>11.0</velocity>
      <steeringAngle>0.0</steeringAngle>
      <time>4</time>
    </ksState>
    <ksState>
      <x>4.834349181381867</x>
      <y>-4.155682012915867</y>
      <orientation>-0.71005</orientation>
      <velocity>10.0</velocity>
      <steeringAngle>0.0</steeringAngle>
      <time>5</time>
    </ksState>
    <ksState>
      <x>5.573720232652035</x>
      <y>-4.791256909008882</y>
      <orientation>-0.71005</orientation>
      <velocity>9.0</velocity>
      <steeringAngle>0.0</steeringAngle>
      <time>6</time>
    </ksState>
    <ksState>
      <x>6.2372583555868015</x>
      <y>-5.361644636271844</y>
      <orientation>-0.71005</orientation>
      <velocity>8.0</velocity>
      <steeringAngle>0.0</steeringAngle>
      <time>7</time>
    </ksState>
    <ksState>
      <x>6.824963550186165</x>
      <y>-5.866845194704753</y>
      <orientation>-0.71005</orientation>
      <velocity>7.0</velocity>
      <steeringAngle>0.0</steeringAngle>
      <time>8</time>
    </ksState>
    <ksState>
      <x>7.336835816450128</x>
      <y>-6.30685858430761</y>
      <orientation>-0.71005</orientation>
      <velocity>6.0</velocity>
      <steeringAngle>0.0</steeringAngle>
      <time>9</time>
    </ksState>
    <ksState>
      <x>7.7728751543786885</x>
      <y>-6.681684805080414</y>
      <orientation>-0.71005</orientation>
      <velocity>5.0</velocity>
      <steeringAngle>0.0</steeringAngle>
      <time>10</time>
    </ksState>
    <ksState>
      <x>8.133081563971848</x>
      <y>-6.991323857023165</y>
      <orientation>-0.71005</orientation>
      <velocity>4.0</velocity>
      <steeringAngle>0.0</steeringAngle>
      <time>11</time>
    </ksState>
    <ksState>
      <x>8.417455045229604</x>
      <y>-7.235775740135862</y>
      <orientation>-0.71005</orientation>
      <velocity>3.0</velocity>
      <steeringAngle>0.0</steeringAngle>
      <time>12</time>
    </ksState>
    <ksState>
      <x>8.62599559815196</x>
      <y>-7.415040454418508</y>
      <orientation>-0.71005</orientation>
      <velocity>2.0</velocity>
      <steeringAngle>0.0</steeringAngle>
      <time>13</time>
    </ksState>
    <ksState>
      <x>8.758703222738912</x>
      <y>-7.5291179998711</y>
      <orientation>-0.71005</orientation>
      <velocity>1.0</velocity>
      <steeringAngle>0.0</steeringAngle>
      <time>14</time>
    </ksState>
    <ksState>
      <x>8.815577918990464</x>
      <y>-7.57800837649364</y>
      <orientation>-0.71005</orientation>
      <velocity>0.0</velocity>
      <steeringAngle>0.0</steeringAngle>
      <time>15</time>
    </ksState>
    <ksState>
      <x>8.823161211824004</x>
      <y>-7.5845270933766455</y>
      <orientation>-0.71005</orientation>
      <velocity>0.4</velocity>
      <steeringAngle>0.0</steeringAngle>
      <time>16</time>
    </ksState>
    <ksState>
      <x>8.861077675991705</x>
      <y>-7.6171206777916725</y>
      <orientation>-0.71005</orientation>
      <velocity>0.8</velocity>
      <steeringAngle>0.0</steeringAngle>
      <time>17</time>
    </ksState>
    <ksState>
      <x>8.929327311493566</x>
      <y>-7.675789129738719</y>
      <orientation>-0.71005</orientation>
      <velocity>1.2</velocity>
      <steeringAngle>0.0</steeringAngle>
      <time>18</time>
    </ksState>
    <ksState>
      <x>9.027910118329588</x>
      <y>-7.760532449217788</y>
      <orientation>-0.71005</orientation>
      <velocity>1.5999999999999999</velocity>
      <steeringAngle>0.0</steeringAngle>
      <time>19</time>
    </ksState>
    <ksState>
      <x>9.156826096499772</x>
      <y>-7.871350636228878</y>
      <orientation>-0.71005</orientation>
      <velocity>1.9999999999999998</velocity>
      <steeringAngle>0.0</steeringAngle>
      <time>20</time>
    </ksState>
    <ksState>
      <x>9.327450185254426</x>
      <y>-8.018021766096497</y>
      <orientation>-0.71005</orientation>
      <velocity>3.0</velocity>
      <steeringAngle>0.0</steeringAngle>
      <time>21</time>
    </ksState>
    <ksState>
      <x>9.573907202344483</x>
      <y>-8.229880064794168</y>
      <orientation>-0.71005</orientation>
      <velocity>4.0</velocity>
      <steeringAngle>0.0</steeringAngle>
      <time>22</time>
    </ksState>
    <ksState>
      <x>9.89619714776994</x>
      <y>-8.506925532321894</y>
      <orientation>-0.71005</orientation>
      <velocity>5.0</velocity>
      <steeringAngle>0.0</steeringAngle>
      <time>23</time>
    </ksState>
    <ksState>
      <x>10.2943200215308</x>
      <y>-8.84915816867967</y>
      <orientation>-0.71005</orientation>
      <velocity>6.0</velocity>
      <steeringAngle>0.0</steeringAngle>
      <time>24</time>
    </ksState>
    <ksState>
      <x>10.76827582362706</x>
      <y>-9.2565779738675</y>
      <orientation>-0.71005</orientation>
      <velocity>7.0</velocity>
      <steeringAngle>0.0</steeringAngle>
      <time>25</time>
    </ksState>
    <ksState>
      <x>11.314272907641953</x>
      <y>-9.72592558944388</y>
      <orientation>-0.71005</orientation>
      <velocity>7.800000000000001</velocity>
      <steeringAngle>0.0</steeringAngle>
      <time>26</time>
    </ksState>
    <ksState>
      <x>11.92093633432517</x>
      <y>-10.247422940084304</y>
      <orientation>-0.71005</orientation>
      <velocity>8.600000000000001</velocity>
      <steeringAngle>0.0</steeringAngle>
      <time>27</time>
    </ksState>
    <ksState>
      <x>12.588266103676705</x>
      <y>-10.821070025788769</y>
      <orientation>-0.71005</orientation>
      <velocity>9.400000000000002</velocity>
      <steeringAngle>0.0</steeringAngle>
      <time>28</time>
    </ksState>
    <ksState>
      <x>13.316262215696563</x>
      <y>-11.446866846557276</y>
      <orientation>-0.71005</orientation>
      <velocity>10.200000000000003</velocity>
      <steeringAngle>0.0</steeringAngle>
      <time>29</time>
    </ksState>
    <ksState>
      <x>14.104924670384744</x>
      <y>-12.124813402389826</y>
      <orientation>-0.71005</orientation>
      <velocity>10.997021226415097</velocity>
      <steeringAngle>0.0</steeringAngle>
      <time>30</time>
    </ksState>
    <ksState>
      <x>14.946670174907704</x>
      <y>-12.848390976403412</y>
      <orientation>-0.71005</orientation>
      <velocity>11.399999999999999</velocity>
      <steeringAngle>0.0</steeringAngle>
      <time>31</time>
    </ksState>
    <ksState>
      <x>15.818748850764825</x>
      <y>-13.59804341794902</y>
      <orientation>-0.71005</orientation>
      <velocity>11.799999999999997</velocity>
      <steeringAngle>0.0</steeringAngle>
      <time>32</time>
    </ksState>
    <ksState>
      <x>16.72116069795611</x>
      <y>-14.373770727026647</y>
      <orientation>-0.71005</orientation>
      <velocity>12.199999999999996</velocity>
      <steeringAngle>0.0</steeringAngle>
      <time>33</time>
    </ksState>
    <ksState>
      <x>17.65390571648155</x>
      <y>-15.175572903636297</y>
      <orientation>-0.71005</orientation>
      <velocity>12.599999999999994</velocity>
      <steeringAngle>0.0</steeringAngle>
      <time>34</time>
    </ksState>
    <ksState>
      <x>18.61698390634115</x>
      <y>-16.003449947777966</y>
      <orientation>-0.71005</orientation>
      <velocity>12.999999999999993</velocity>
      <steeringAngle>0.0</steeringAngle>
      <time>35</time>
    </ksState>
    <ksState>
      <x>19.610395267534916</x>
      <y>-16.85740185945166</y>
      <orientation>-0.71005</orientation>
      <velocity>13.399999999999999</velocity>
      <steeringAngle>0.0</steeringAngle>
      <time>36</time>
    </ksState>
    <ksState>
      <x>20.63413980006284</x>
      <y>-17.73742863865737</y>
      <orientation>-0.71005</orientation>
      <velocity>13.799999999999997</velocity>
      <steeringAngle>0.0</steeringAngle>
      <time>37</time>
    </ksState>
    <ksState>
      <x>21.688217503924925</x>
      <y>-18.643530285395105</y>
      <orientation>-0.71005</orientation>
      <velocity>14.199999999999996</velocity>
      <steeringAngle>0.0</steeringAngle>
      <time>38</time>
    </ksState>
    <ksState>
      <x>22.772628379121173</x>
      <y>-19.57570679966486</y>
      <orientation>-0.71005</orientation>
      <velocity>14.599999999999994</velocity>
      <steeringAngle>0.0</steeringAngle>
      <time>39</time>
    </ksState>
    <ksState>
      <x>23.887372425651577</x>
      <y>-20.533958181466637</y>
      <orientation>-0.71005</orientation>
      <velocity>14.999999999999993</velocity>
      <steeringAngle>0.0</steeringAngle>
      <time>40</time>
    </ksState>
    <ksState>
      <x>25.024866350682604</x>
      <y>-21.51176571391743</y>
      <orientation>-0.71005</orientation>
      <velocity>15.0</velocity>
      <steeringAngle>0.0</steeringAngle>
      <time>41</time>
    </ksState>
    <ksState>
      <x>26.16236027571363</x>
      <y>-22.489573246368224</y>
      <orientation>-0.71005</orientation>
      <velocity>15.0</velocity>
      <steeringAngle>0.0</steeringAngle>
      <time>42</time>
    </ksState>
    <ksState>
      <x>27.29985420074466</x>
      <y>-23.467380778819013</y>
      <orientation>-0.71005</orientation>
      <velocity>15.0</velocity>
      <steeringAngle>0.0</steeringAngle>
      <time>43</time>
    </ksState>
    <ksState>
      <x>28.43734812577569</x>
      <y>-24.445188311269806</y>
      <orientation>-0.71005</orientation>
      <velocity>15.0</velocity>
      <steeringAngle>0.0</steeringAngle>
      <time>44</time>
    </ksState>
    <ksState>
      <x>29.574842050806716</x>
      <y>-25.4229958437206</y>
      <orientation>-0.71005</orientation>
      <velocity>15.0</velocity>
      <steeringAngle>0.0</steeringAngle>
      <time>45</time>
    </ksState>
    <ksState>
      <x>30.712335975837743</x>
      <y>-26.400803376171393</y>
      <orientation>-0.71005</orientation>
      <velocity>15.0</velocity>
      <steeringAngle>0.0</steeringAngle>
      <time>46</time>
    </ksState>
    <ksState>
      <x>31.84982990086877</x>
      <y>-27.378610908622186</y>
      <orientation>-0.71005</orientation>
      <velocity>15.0</velocity>
      <steeringAngle>0.0</steeringAngle>
      <time>47</time>
    </ksState>
    <ksState>
      <x>32.9873238258998</x>
      <y>-28.356418441072975</y>
      <orientation>-0.71005</orientation>
      <velocity>15.0</velocity>
      <steeringAngle>0.0</steeringAngle>
      <time>48</time>
    </ksState>
    <ksState>
      <x>34.12481775093082</x>
      <y>-29.33422597352377</y>
      <orientation>-0.71005</orientation>
      <velocity>15.0</velocity>
      <steeringAngle>0.0</steeringAngle>
      <time>49</time>
    </ksState>
    <ksState>
      <x>35.262311675961854</x>
      <y>-30.31203350597456</y>
      <orientation>-0.71005</orientation>
      <velocity>15.0</velocity>
      <steeringAngle>0.0</steeringAngle>
      <time>50</time>
    </ksState>
    <ksState>
      <x>36.40359724740965</x>
      <y>-31.293100396866855</y>
      <orientation>-0.71005</orientation>
      <velocity>15.2</velocity>
      <steeringAngle>0.0</steeringAngle>
      <time>51</time>
    </ksState>
    <ksState>
      <x>37.56004940452453</x>
      <y>-32.287204721525164</y>
      <orientation>-0.71005</orientation>
      <velocity>15.399999999999999</velocity>
      <steeringAngle>0.0</steeringAngle>
      <time>52</time>
    </ksState>
    <ksState>
      <x>38.731668147306486</x>
      <y>-33.294346479949475</y>
      <orientation>-0.71005</orientation>
      <velocity>15.599999999999998</velocity>
      <steeringAngle>0.0</steeringAngle>
      <time>53</time>
    </ksState>
    <ksState>
      <x>39.91845347575553</x>
      <y>-34.3145256721398</y>
      <orientation>-0.71005</orientation>
      <velocity>15.799999999999997</velocity>
      <steeringAngle>0.0</steeringAngle>
      <time>54</time>
    </ksState>
    <ksState>
      <x>41.12040538987165</x>
      <y>-35.34774229809614</y>
      <orientation>-0.71005</orientation>
      <velocity>15.999999999999996</velocity>
      <steeringAngle>0.0</steeringAngle>
      <time>55</time>
    </ksState>
    <ksState>
      <x>42.32994059682131</x>
      <y>-36.38747764093549</y>
      <orientation>-0.71005</orientation>
      <velocity>15.8</velocity>
      <steeringAngle>0.0</steeringAngle>
      <time>56</time>
    </ksState>
    <ksState>
      <x>43.52430921810389</x>
      <y>-37.41417555000882</y>
      <orientation>-0.71005</orientation>
      <velocity>15.600000000000001</velocity>
      <steeringAngle>0.0</steeringAngle>
      <time>57</time>
    </ksState>
    <ksState>
      <x>44.703511253719384</x>
      <y>-38.42783602531614</y>
      <orientation>-0.71005</orientation>
      <velocity>15.400000000000002</velocity>
      <steeringAngle>0.0</steeringAngle>
      <time>58</time>
    </ksState>
    <ksState>
      <x>45.867546703667806</x>
      <y>-39.42845906685745</y>
      <orientation>-0.71005</orientation>
      <velocity>15.200000000000003</velocity>
      <steeringAngle>0.0</steeringAngle>
      <time>59</time>
    </ksState>
    <ksState>
      <x>47.016415567949146</x>
      <y>-40.41604467463275</y>
      <orientation>-0.71005</orientation>
      <velocity>15.000000000000004</velocity>
      <steeringAngle>0.0</steeringAngle>
      <time>60</time>
    </ksState>
    <ksState>
      <x>48.153909492980176</x>
      <y>-41.39385220708354</y>
      <orientation>-0.71005</orientation>
      <velocity>15.0</velocity>
      <steeringAngle>0.0</steeringAngle>
      <time>61</time>
    </ksState>
    <ksState>
      <x>49.2914034180112</x>
      <y>-42.37165973953434</y>
      <orientation>-0.71005</orientation>
      <velocity>15.0</velocity>
      <steeringAngle>0.0</steeringAngle>
      <time>62</time>
    </ksState>
    <ksState>
      <x>50.42889734304223</x>
      <y>-43.34946727198513</y>
      <orientation>-0.71005</orientation>
      <velocity>15.0</velocity>
      <steeringAngle>0.0</steeringAngle>
      <time>63</time>
    </ksState>
    <ksState>
      <x>51.566391268073254</x>
      <y>-44.32727480443592</y>
      <orientation>-0.71005</orientation>
      <velocity>15.0</velocity>
      <steeringAngle>0.0</steeringAngle>
      <time>64</time>
    </ksState>
    <ksState>
      <x>52.703885193104284</x>
      <y>-45.30508233688671</y>
      <orientation>-0.71005</orientation>
      <velocity>15.0</velocity>
      <steeringAngle>0.0</steeringAngle>
      <time>65</time>
    </ksState>
    <ksState>
      <x>53.841379118135315</x>
      <y>-46.2828898693375</y>
      <orientation>-0.71005</orientation>
      <velocity>15.0</velocity>
      <steeringAngle>0.0</steeringAngle>
      <time>66</time>
    </ksState>
    <ksState>
      <x>54.97887304316634</x>
      <y>-47.2606974017883</y>
      <orientation>-0.71005</orientation>
      <velocity>15.0</velocity>
      <steeringAngle>0.0</steeringAngle>
      <time>67</time>
    </ksState>
    <ksState>
      <x>56.11636696819737</x>
      <y>-48.23850493423909</y>
      <orientation>-0.71005</orientation>
      <velocity>15.0</velocity>
      <steeringAngle>0.0</steeringAngle>
      <time>68</time>
    </ksState>
    <ksState>
      <x>57.25386089322839</x>
      <y>-49.216312466689885</y>
      <orientation>-0.71005</orientation>
      <velocity>15.0</velocity>
      <steeringAngle>0.0</steeringAngle>
      <time>69</time>
    </ksState>
    <ksState>
      <x>58.39135481825942</x>
      <y>-50.194119999140675</y>
      <orientation>-0.71005</orientation>
      <velocity>15.0</velocity>
      <steeringAngle>0.0</steeringAngle>
      <time>70</time>
    </ksState>
    <ksState>
      <x>59.53643203612399</x>
      <y>-51.17844624847447</y>
      <orientation>-0.71005</orientation>
      <velocity>15.399999999999999</velocity>
      <steeringAngle>0.0</steeringAngle>
      <time>71</time>
    </ksState>
    <ksState>
      <x>60.71184242532272</x>
      <y>-52.188847365340294</y>
      <orientation>-0.71005</orientation>
      <velocity>15.799999999999997</velocity>
      <steeringAngle>0.0</steeringAngle>
      <time>72</time>
    </ksState>
    <ksState>
      <x>61.91758598585561</x>
      <y>-53.22532334973813</y>
      <orientation>-0.71005</orientation>
      <velocity>16.199999999999996</velocity>
      <steeringAngle>0.0</steeringAngle>
      <time>73</time>
    </ksState>
    <ksState>
      <x>63.15366271772266</x>
      <y>-54.28787420166799</y>
      <orientation>-0.71005</orientation>
      <velocity>16.599999999999994</velocity>
      <steeringAngle>0.0</steeringAngle>
      <time>74</time>
    </ksState>
    <ksState>
      <x>64.42007262092386</x>
      <y>-55.37649992112988</y>
      <orientation>-0.71005</orientation>
      <velocity>16.999999999999993</velocity>
      <steeringAngle>0.0</steeringAngle>
      <time>75</time>
    </ksState>
    <ksState>
      <x>65.71861879060893</x>
      <y>-56.49275047685794</y>
      <orientation>-0.71005</orientation>
      <velocity>17.49155567127831</velocity>
      <steeringAngle>0.0</steeringAngle>
      <time>76</time>
    </ksState>
    <ksState>
      <x>67.05417728573286</x>
      <y>-57.64081740523754</y>
      <orientation>-0.71005</orientation>
      <velocity>17.96948618965519</velocity>
      <steeringAngle>0.0</steeringAngle>
      <time>77</time>
    </ksState>
    <ksState>
      <x>68.42573601959924</x>
      <y>-58.81983070074735</y>
      <orientation>-0.71005</orientation>
      <velocity>18.434869933745727</velocity>
      <steeringAngle>0.0</steeringAngle>
      <time>78</time>
    </ksState>
    <ksState>
      <x>69.83236199279062</x>
      <y>-60.02898834252547</y>
      <orientation>-0.71005</orientation>
      <velocity>18.888649805071164</velocity>
      <steeringAngle>0.0</steeringAngle>
      <time>79</time>
    </ksState>
    <ksState>
      <x>71.27319147592371</x>
      <y>-61.26754785531257</y>
      <orientation>-0.71005</orientation>
      <velocity>19.33165595745639</velocity>
      <steeringAngle>0.0</steeringAngle>
      <time>80</time>
    </ksState>
  </ksTrajectory>
</CommonRoadSolution>
