<?xml version="1.0" ?>
<CommonRoadSolution benchmark_id="KS2:SM1:USA_US101-1_2_T-1:2018b" date="2019-11-18">
  <ksTrajectory planningProblem="482">
    <ksState>
      <x>0.0</x>
      <y>0.0</y>
      <orientation>0.0</orientation>
      <velocity>14.0</velocity>
      <steeringAngle>0.0</steeringAngle>
      <time>0</time>
    </ksState>
    <ksState>
      <x>1.375</x>
      <y>0.0</y>
      <orientation>0.0</orientation>
      <velocity>13.0</velocity>
      <steeringAngle>0.0</steeringAngle>
      <time>1</time>
    </ksState>
    <ksState>
      <x>2.65</x>
      <y>0.0</y>
      <orientation>0.0</orientation>
      <velocity>12.0</velocity>
      <steeringAngle>0.0</steeringAngle>
      <time>2</time>
    </ksState>
    <ksState>
      <x>3.825</x>
      <y>0.0</y>
      <orientation>0.0</orientation>
      <velocity>11.0</velocity>
      <steeringAngle>0.0</steeringAngle>
      <time>3</time>
    </ksState>
    <ksState>
      <x>4.9</x>
      <y>0.0</y>
      <orientation>0.0</orientation>
      <velocity>10.0</velocity>
      <steeringAngle>0.0</steeringAngle>
      <time>4</time>
    </ksState>
    <ksState>
      <x>5.875</x>
      <y>0.0</y>
      <orientation>0.0</orientation>
      <velocity>9.0</velocity>
      <steeringAngle>0.0</steeringAngle>
      <time>5</time>
    </ksState>
    <ksState>
      <x>6.75</x>
      <y>0.0</y>
      <orientation>0.0</orientation>
      <velocity>8.0</velocity>
      <steeringAngle>0.0</steeringAngle>
      <time>6</time>
    </ksState>
    <ksState>
      <x>7.525</x>
      <y>0.0</y>
      <orientation>0.0</orientation>
      <velocity>7.0</velocity>
      <steeringAngle>0.0</steeringAngle>
      <time>7</time>
    </ksState>
    <ksState>
      <x>8.2</x>
      <y>0.0</y>
      <orientation>0.0</orientation>
      <velocity>6.0</velocity>
      <steeringAngle>0.0</steeringAngle>
      <time>8</time>
    </ksState>
    <ksState>
      <x>8.775</x>
      <y>0.0</y>
      <orientation>0.0</orientation>
      <velocity>5.0</velocity>
      <steeringAngle>0.0</steeringAngle>
      <time>9</time>
    </ksState>
    <ksState>
      <x>9.25</x>
      <y>0.0</y>
      <orientation>0.0</orientation>
      <velocity>4.0</velocity>
      <steeringAngle>0.0</steeringAngle>
      <time>10</time>
    </ksState>
    <ksState>
      <x>9.63</x>
      <y>0.0</y>
      <orientation>0.0</orientation>
      <velocity>3.2</velocity>
      <steeringAngle>0.0</steeringAngle>
      <time>11</time>
    </ksState>
    <ksState>
      <x>9.93</x>
      <y>0.0</y>
      <orientation>0.0</orientation>
      <velocity>2.4000000000000004</velocity>
      <steeringAngle>0.0</steeringAngle>
      <time>12</time>
    </ksState>
    <ksState>
      <x>10.15</x>
      <y>0.0</y>
      <orientation>0.0</orientation>
      <velocity>1.6000000000000005</velocity>
      <steeringAngle>0.0</steeringAngle>
      <time>13</time>
    </ksState>
    <ksState>
      <x>10.290000000000001</x>
      <y>0.0</y>
      <orientation>0.0</orientation>
      <velocity>0.8000000000000006</velocity>
      <steeringAngle>0.0</steeringAngle>
      <time>14</time>
    </ksState>
    <ksState>
      <x>10.35</x>
      <y>0.0</y>
      <orientation>0.0</orientation>
      <velocity>5.551115123125783e-16</velocity>
      <steeringAngle>0.0</steeringAngle>
      <time>15</time>
    </ksState>
    <ksState>
      <x>10.35</x>
      <y>0.0</y>
      <orientation>0.0</orientation>
      <velocity>0.0</velocity>
      <steeringAngle>0.0</steeringAngle>
      <time>16</time>
    </ksState>
    <ksState>
      <x>10.35</x>
      <y>0.0</y>
      <orientation>0.0</orientation>
      <velocity>0.0</velocity>
      <steeringAngle>0.0</steeringAngle>
      <time>17</time>
    </ksState>
    <ksState>
      <x>10.35</x>
      <y>0.0</y>
      <orientation>0.0</orientation>
      <velocity>0.0</velocity>
      <steeringAngle>0.0</steeringAngle>
      <time>18</time>
    </ksState>
    <ksState>
      <x>10.35</x>
      <y>0.0</y>
      <orientation>0.0</orientation>
      <velocity>0.0</velocity>
      <steeringAngle>0.0</steeringAngle>
      <time>19</time>
    </ksState>
    <ksState>
      <x>10.35</x>
      <y>0.0</y>
      <orientation>0.0</orientation>
      <velocity>0.0</velocity>
      <steeringAngle>0.0</steeringAngle>
      <time>20</time>
    </ksState>
    <ksState>
      <x>10.35</x>
      <y>0.0</y>
      <orientation>0.0</orientation>
      <velocity>0.0</velocity>
      <steeringAngle>0.0</steeringAngle>
      <time>21</time>
    </ksState>
    <ksState>
      <x>10.35</x>
      <y>0.0</y>
      <orientation>0.0</orientation>
      <velocity>0.0</velocity>
      <steeringAngle>0.0</steeringAngle>
      <time>22</time>
    </ksState>
    <ksState>
      <x>10.35</x>
      <y>0.0</y>
      <orientation>0.0</orientation>
      <velocity>0.0</velocity>
      <steeringAngle>0.0</steeringAngle>
      <time>23</time>
    </ksState>
    <ksState>
      <x>10.35</x>
      <y>0.0</y>
      <orientation>0.0</orientation>
      <velocity>0.0</velocity>
      <steeringAngle>0.0</steeringAngle>
      <time>24</time>
    </ksState>
    <ksState>
      <x>10.35</x>
      <y>0.0</y>
      <orientation>0.0</orientation>
      <velocity>0.0</velocity>
      <steeringAngle>0.0</steeringAngle>
      <time>25</time>
    </ksState>
    <ksState>
      <x>10.35</x>
      <y>0.0</y>
      <orientation>0.0</orientation>
      <velocity>0.0</velocity>
      <steeringAngle>0.0</steeringAngle>
      <time>26</time>
    </ksState>
    <ksState>
      <x>10.35</x>
      <y>0.0</y>
      <orientation>0.0</orientation>
      <velocity>0.0</velocity>
      <steeringAngle>0.0</steeringAngle>
      <time>27</time>
    </ksState>
    <ksState>
      <x>10.35</x>
      <y>0.0</y>
      <orientation>0.0</orientation>
      <velocity>0.0</velocity>
      <steeringAngle>0.0</steeringAngle>
      <time>28</time>
    </ksState>
    <ksState>
      <x>10.35</x>
      <y>0.0</y>
      <orientation>0.0</orientation>
      <velocity>0.0</velocity>
      <steeringAngle>0.0</steeringAngle>
      <time>29</time>
    </ksState>
    <ksState>
      <x>10.35</x>
      <y>0.0</y>
      <orientation>0.0</orientation>
      <velocity>0.0</velocity>
      <steeringAngle>0.0</steeringAngle>
      <time>30</time>
    </ksState>
    <ksState>
      <x>10.35</x>
      <y>0.0</y>
      <orientation>0.0</orientation>
      <velocity>0.0</velocity>
      <steeringAngle>0.0</steeringAngle>
      <time>31</time>
    </ksState>
    <ksState>
      <x>10.35</x>
      <y>0.0</y>
      <orientation>0.0</orientation>
      <velocity>0.0</velocity>
      <steeringAngle>0.0</steeringAngle>
      <time>32</time>
    </ksState>
    <ksState>
      <x>10.35</x>
      <y>0.0</y>
      <orientation>0.0</orientation>
      <velocity>0.0</velocity>
      <steeringAngle>0.0</steeringAngle>
      <time>33</time>
    </ksState>
    <ksState>
      <x>10.35</x>
      <y>0.0</y>
      <orientation>0.0</orientation>
      <velocity>0.0</velocity>
      <steeringAngle>0.0</steeringAngle>
      <time>34</time>
    </ksState>
    <ksState>
      <x>10.35</x>
      <y>0.0</y>
      <orientation>0.0</orientation>
      <velocity>0.0</velocity>
      <steeringAngle>0.0</steeringAngle>
      <time>35</time>
    </ksState>
    <ksState>
      <x>10.35</x>
      <y>0.0</y>
      <orientation>0.0</orientation>
      <velocity>0.0</velocity>
      <steeringAngle>0.0</steeringAngle>
      <time>36</time>
    </ksState>
    <ksState>
      <x>10.35</x>
      <y>0.0</y>
      <orientation>0.0</orientation>
      <velocity>0.0</velocity>
      <steeringAngle>0.0</steeringAngle>
      <time>37</time>
    </ksState>
    <ksState>
      <x>10.35</x>
      <y>0.0</y>
      <orientation>0.0</orientation>
      <velocity>0.0</velocity>
      <steeringAngle>0.0</steeringAngle>
      <time>38</time>
    </ksState>
    <ksState>
      <x>10.35</x>
      <y>0.0</y>
      <orientation>0.0</orientation>
      <velocity>0.0</velocity>
      <steeringAngle>0.0</steeringAngle>
      <time>39</time>
    </ksState>
    <ksState>
      <x>10.35</x>
      <y>0.0</y>
      <orientation>0.0</orientation>
      <velocity>0.0</velocity>
      <steeringAngle>0.0</steeringAngle>
      <time>40</time>
    </ksState>
    <ksState>
      <x>10.35</x>
      <y>0.0</y>
      <orientation>0.0</orientation>
      <velocity>0.0</velocity>
      <steeringAngle>0.0</steeringAngle>
      <time>41</time>
    </ksState>
    <ksState>
      <x>10.35</x>
      <y>0.0</y>
      <orientation>0.0</orientation>
      <velocity>0.0</velocity>
      <steeringAngle>0.0</steeringAngle>
      <time>42</time>
    </ksState>
    <ksState>
      <x>10.35</x>
      <y>0.0</y>
      <orientation>0.0</orientation>
      <velocity>0.0</velocity>
      <steeringAngle>0.0</steeringAngle>
      <time>43</time>
    </ksState>
    <ksState>
      <x>10.35</x>
      <y>0.0</y>
      <orientation>0.0</orientation>
      <velocity>0.0</velocity>
      <steeringAngle>0.0</steeringAngle>
      <time>44</time>
    </ksState>
    <ksState>
      <x>10.35</x>
      <y>0.0</y>
      <orientation>0.0</orientation>
      <velocity>0.0</velocity>
      <steeringAngle>0.0</steeringAngle>
      <time>45</time>
    </ksState>
    <ksState>
      <x>10.35</x>
      <y>0.0</y>
      <orientation>0.0</orientation>
      <velocity>0.0</velocity>
      <steeringAngle>0.0</steeringAngle>
      <time>46</time>
    </ksState>
    <ksState>
      <x>10.35</x>
      <y>0.0</y>
      <orientation>0.0</orientation>
      <velocity>0.0</velocity>
      <steeringAngle>0.0</steeringAngle>
      <time>47</time>
    </ksState>
    <ksState>
      <x>10.35</x>
      <y>0.0</y>
      <orientation>0.0</orientation>
      <velocity>0.0</velocity>
      <steeringAngle>0.0</steeringAngle>
      <time>48</time>
    </ksState>
    <ksState>
      <x>10.35</x>
      <y>0.0</y>
      <orientation>0.0</orientation>
      <velocity>0.0</velocity>
      <steeringAngle>0.0</steeringAngle>
      <time>49</time>
    </ksState>
    <ksState>
      <x>10.35</x>
      <y>0.0</y>
      <orientation>0.0</orientation>
      <velocity>0.0</velocity>
      <steeringAngle>0.0</steeringAngle>
      <time>50</time>
    </ksState>
    <ksState>
      <x>10.35</x>
      <y>0.0</y>
      <orientation>0.0</orientation>
      <velocity>0.0</velocity>
      <steeringAngle>0.0</steeringAngle>
      <time>51</time>
    </ksState>
    <ksState>
      <x>10.35</x>
      <y>0.0</y>
      <orientation>0.0</orientation>
      <velocity>0.0</velocity>
      <steeringAngle>0.0</steeringAngle>
      <time>52</time>
    </ksState>
    <ksState>
      <x>10.35</x>
      <y>0.0</y>
      <orientation>0.0</orientation>
      <velocity>0.0</velocity>
      <steeringAngle>0.0</steeringAngle>
      <time>53</time>
    </ksState>
    <ksState>
      <x>10.35</x>
      <y>0.0</y>
      <orientation>0.0</orientation>
      <velocity>0.0</velocity>
      <steeringAngle>0.0</steeringAngle>
      <time>54</time>
    </ksState>
    <ksState>
      <x>10.35</x>
      <y>0.0</y>
      <orientation>0.0</orientation>
      <velocity>0.0</velocity>
      <steeringAngle>0.0</steeringAngle>
      <time>55</time>
    </ksState>
    <ksState>
      <x>10.35</x>
      <y>0.0</y>
      <orientation>0.0</orientation>
      <velocity>0.0</velocity>
      <steeringAngle>0.0</steeringAngle>
      <time>56</time>
    </ksState>
    <ksState>
      <x>10.35</x>
      <y>0.0</y>
      <orientation>0.0</orientation>
      <velocity>0.0</velocity>
      <steeringAngle>0.0</steeringAngle>
      <time>57</time>
    </ksState>
    <ksState>
      <x>10.35</x>
      <y>0.0</y>
      <orientation>0.0</orientation>
      <velocity>0.0</velocity>
      <steeringAngle>0.0</steeringAngle>
      <time>58</time>
    </ksState>
    <ksState>
      <x>10.35</x>
      <y>0.0</y>
      <orientation>0.0</orientation>
      <velocity>0.0</velocity>
      <steeringAngle>0.0</steeringAngle>
      <time>59</time>
    </ksState>
    <ksState>
      <x>10.35</x>
      <y>0.0</y>
      <orientation>0.0</orientation>
      <velocity>0.0</velocity>
      <steeringAngle>0.0</steeringAngle>
      <time>60</time>
    </ksState>
    <ksState>
      <x>10.35</x>
      <y>0.0</y>
      <orientation>0.0</orientation>
      <velocity>0.0</velocity>
      <steeringAngle>0.0</steeringAngle>
      <time>61</time>
    </ksState>
    <ksState>
      <x>10.35</x>
      <y>0.0</y>
      <orientation>0.0</orientation>
      <velocity>0.0</velocity>
      <steeringAngle>0.0</steeringAngle>
      <time>62</time>
    </ksState>
    <ksState>
      <x>10.35</x>
      <y>0.0</y>
      <orientation>0.0</orientation>
      <velocity>0.0</velocity>
      <steeringAngle>0.0</steeringAngle>
      <time>63</time>
    </ksState>
    <ksState>
      <x>10.35</x>
      <y>0.0</y>
      <orientation>0.0</orientation>
      <velocity>0.0</velocity>
      <steeringAngle>0.0</steeringAngle>
      <time>64</time>
    </ksState>
    <ksState>
      <x>10.35</x>
      <y>0.0</y>
      <orientation>0.0</orientation>
      <velocity>0.0</velocity>
      <steeringAngle>0.0</steeringAngle>
      <time>65</time>
    </ksState>
    <ksState>
      <x>10.35</x>
      <y>0.0</y>
      <orientation>0.0</orientation>
      <velocity>0.0</velocity>
      <steeringAngle>0.0</steeringAngle>
      <time>66</time>
    </ksState>
    <ksState>
      <x>10.35</x>
      <y>0.0</y>
      <orientation>0.0</orientation>
      <velocity>0.0</velocity>
      <steeringAngle>0.0</steeringAngle>
      <time>67</time>
    </ksState>
    <ksState>
      <x>10.35</x>
      <y>0.0</y>
      <orientation>0.0</orientation>
      <velocity>0.0</velocity>
      <steeringAngle>0.0</steeringAngle>
      <time>68</time>
    </ksState>
    <ksState>
      <x>10.35</x>
      <y>0.0</y>
      <orientation>0.0</orientation>
      <velocity>0.0</velocity>
      <steeringAngle>0.0</steeringAngle>
      <time>69</time>
    </ksState>
    <ksState>
      <x>10.35</x>
      <y>0.0</y>
      <orientation>0.0</orientation>
      <velocity>0.0</velocity>
      <steeringAngle>0.0</steeringAngle>
      <time>70</time>
    </ksState>
    <ksState>
      <x>10.35</x>
      <y>0.0</y>
      <orientation>0.0</orientation>
      <velocity>0.0</velocity>
      <steeringAngle>0.0</steeringAngle>
      <time>71</time>
    </ksState>
    <ksState>
      <x>10.35</x>
      <y>0.0</y>
      <orientation>0.0</orientation>
      <velocity>0.0</velocity>
      <steeringAngle>0.0</steeringAngle>
      <time>72</time>
    </ksState>
    <ksState>
      <x>10.35</x>
      <y>0.0</y>
      <orientation>0.0</orientation>
      <velocity>0.0</velocity>
      <steeringAngle>0.0</steeringAngle>
      <time>73</time>
    </ksState>
    <ksState>
      <x>10.35</x>
      <y>0.0</y>
      <orientation>0.0</orientation>
      <velocity>0.0</velocity>
      <steeringAngle>0.0</steeringAngle>
      <time>74</time>
    </ksState>
    <ksState>
      <x>10.35</x>
      <y>0.0</y>
      <orientation>0.0</orientation>
      <velocity>0.0</velocity>
      <steeringAngle>0.0</steeringAngle>
      <time>75</time>
    </ksState>
  </ksTrajectory>
</CommonRoadSolution>
