<?xml version="1.0" ?>
<CommonRoadSolution benchmark_id="KS2:SM1:DEU_Muc-24_1_T-1:2018b" date="2019-11-17">
  <ksTrajectory planningProblem="0">
    <ksState>
      <x>137.1328</x>
      <y>59.6762</y>
      <orientation>-3.2309</orientation>
      <velocity>8.0</velocity>
      <steeringAngle>0.0</steeringAngle>
      <time>0</time>
    </ksState>
    <ksState>
      <x>136.3608885696853</x>
      <y>59.745321225029116</y>
      <orientation>-3.2328377044319194</orientation>
      <velocity>7.0</velocity>
      <steeringAngle>-0.026650000000000004</steeringAngle>
      <time>1</time>
    </ksState>
    <ksState>
      <x>135.68880578089536</x>
      <y>59.80799686854126</y>
      <orientation>-3.2414958136147627</orientation>
      <velocity>6.0</velocity>
      <steeringAngle>-0.05330000000000001</steeringAngle>
      <time>2</time>
    </ksState>
    <ksState>
      <x>135.11684831880876</x>
      <y>59.867043324518</y>
      <orientation>-3.254817005394155</orientation>
      <velocity>5.0</velocity>
      <steeringAngle>-0.07995000000000001</steeringAngle>
      <time>3</time>
    </ksState>
    <ksState>
      <x>134.64509394351833</x>
      <y>59.92244563613163</y>
      <orientation>-3.2707454799667777</orientation>
      <velocity>4.0</velocity>
      <steeringAngle>-0.10660000000000001</steeringAngle>
      <time>4</time>
    </ksState>
    <ksState>
      <x>134.27341019640537</x>
      <y>59.97218276374531</y>
      <orientation>-3.2872211026040623</orientation>
      <velocity>3.0</velocity>
      <steeringAngle>-0.13325</steeringAngle>
      <time>5</time>
    </ksState>
    <ksState>
      <x>133.99158374461825</x>
      <y>60.0145811146151</y>
      <orientation>-3.301325721065814</orientation>
      <velocity>2.4000000000000004</velocity>
      <steeringAngle>-0.1066</steeringAngle>
      <time>6</time>
    </ksState>
    <ksState>
      <x>133.76953248451733</x>
      <y>60.050884358486854</y>
      <orientation>-3.3101135531518135</orientation>
      <velocity>1.8000000000000005</velocity>
      <steeringAngle>-0.07995</steeringAngle>
      <time>7</time>
    </ksState>
    <ksState>
      <x>133.6069053485679</x>
      <y>60.07876556865846</y>
      <orientation>-3.3148501042275225</orientation>
      <velocity>1.2000000000000004</velocity>
      <steeringAngle>-0.053299999999999986</steeringAngle>
      <time>8</time>
    </ksState>
    <ksState>
      <x>133.50348702599595</x>
      <y>60.096921735562006</y>
      <orientation>-3.316789241389521</orientation>
      <velocity>0.6000000000000003</velocity>
      <steeringAngle>-0.02664999999999998</steeringAngle>
      <time>9</time>
    </ksState>
    <ksState>
      <x>133.4591766842832</x>
      <y>60.10476989292716</y>
      <orientation>-3.317176837340251</orientation>
      <velocity>2.220446049250313e-16</velocity>
      <steeringAngle>2.42861286636753e-17</steeringAngle>
      <time>10</time>
    </ksState>
    <ksState>
      <x>133.4345610677898</x>
      <y>60.10913697715452</y>
      <orientation>-3.3170476570447893</orientation>
      <velocity>1.0</velocity>
      <steeringAngle>0.026650000000000004</steeringAngle>
      <time>11</time>
    </ksState>
    <ksState>
      <x>133.3114734095392</x>
      <y>60.13091833121656</y>
      <orientation>-3.3153676705907524</orientation>
      <velocity>2.0</velocity>
      <steeringAngle>0.05330000000000001</steeringAngle>
      <time>12</time>
    </ksState>
    <ksState>
      <x>133.08981766942665</x>
      <y>60.16956647968532</y>
      <orientation>-3.3100648458807433</orientation>
      <velocity>3.0</velocity>
      <steeringAngle>0.07995000000000001</steeringAngle>
      <time>13</time>
    </ksState>
    <ksState>
      <x>132.76928411804963</x>
      <y>60.22325700372582</y>
      <orientation>-3.299056817170053</orientation>
      <velocity>4.0</velocity>
      <steeringAngle>0.10660000000000001</steeringAngle>
      <time>14</time>
    </ksState>
    <ksState>
      <x>132.34925702660354</x>
      <y>60.288057802596974</y>
      <orientation>-3.2802448757660763</orientation>
      <velocity>5.0</velocity>
      <steeringAngle>0.13325</steeringAngle>
      <time>15</time>
    </ksState>
    <ksState>
      <x>131.86850911005544</x>
      <y>60.352061871886285</y>
      <orientation>-3.2562699145764853</orientation>
      <velocity>4.4</velocity>
      <steeringAngle>0.1066</steeringAngle>
      <time>16</time>
    </ksState>
    <ksState>
      <x>131.44609497037175</x>
      <y>60.39883298025019</y>
      <orientation>-3.239705469095762</orientation>
      <velocity>3.8000000000000007</velocity>
      <steeringAngle>0.07995</steeringAngle>
      <time>17</time>
    </ksState>
    <ksState>
      <x>131.08275217607712</x>
      <y>60.43355840731073</y>
      <orientation>-3.229274869766382</orientation>
      <velocity>3.200000000000001</velocity>
      <steeringAngle>0.053299999999999986</steeringAngle>
      <time>18</time>
    </ksState>
    <ksState>
      <x>130.77888263390537</x>
      <y>60.45978906048554</y>
      <orientation>-3.2237161128349596</orientation>
      <velocity>2.6000000000000014</velocity>
      <steeringAngle>0.02664999999999998</steeringAngle>
      <time>19</time>
    </ksState>
    <ksState>
      <x>130.53469576928208</x>
      <y>60.47973268483602</y>
      <orientation>-3.221778169790873</orientation>
      <velocity>2.0000000000000018</velocity>
      <steeringAngle>-2.42861286636753e-17</steeringAngle>
      <time>20</time>
    </ksState>
    <ksState>
      <x>130.31041872495427</x>
      <y>60.49775509831424</y>
      <orientation>-3.221778169790873</orientation>
      <velocity>3.0</velocity>
      <steeringAngle>0.0</steeringAngle>
      <time>21</time>
    </ksState>
    <ksState>
      <x>129.98646299425855</x>
      <y>60.52378747333832</y>
      <orientation>-3.221778169790873</orientation>
      <velocity>4.0</velocity>
      <steeringAngle>0.0</steeringAngle>
      <time>22</time>
    </ksState>
    <ksState>
      <x>129.5628285771949</x>
      <y>60.55782980990827</y>
      <orientation>-3.221778169790873</orientation>
      <velocity>5.0</velocity>
      <steeringAngle>0.0</steeringAngle>
      <time>23</time>
    </ksState>
    <ksState>
      <x>129.03951547376332</x>
      <y>60.59988210802409</y>
      <orientation>-3.221778169790873</orientation>
      <velocity>6.0</velocity>
      <steeringAngle>0.0</steeringAngle>
      <time>24</time>
    </ksState>
    <ksState>
      <x>128.41652368396385</x>
      <y>60.649944367685784</y>
      <orientation>-3.221778169790873</orientation>
      <velocity>7.0</velocity>
      <steeringAngle>0.0</steeringAngle>
      <time>25</time>
    </ksState>
    <ksState>
      <x>127.69883714211484</x>
      <y>60.70761609081606</y>
      <orientation>-3.221778169790873</orientation>
      <velocity>7.800000000000001</velocity>
      <steeringAngle>0.0</steeringAngle>
      <time>26</time>
    </ksState>
    <ksState>
      <x>126.9014076511715</x>
      <y>60.77169578318303</y>
      <orientation>-3.221778169790873</orientation>
      <velocity>8.600000000000001</velocity>
      <steeringAngle>0.0</steeringAngle>
      <time>27</time>
    </ksState>
    <ksState>
      <x>126.02423521113383</x>
      <y>60.84218344478669</y>
      <orientation>-3.221778169790873</orientation>
      <velocity>9.400000000000002</velocity>
      <steeringAngle>0.0</steeringAngle>
      <time>28</time>
    </ksState>
    <ksState>
      <x>125.06731982200182</x>
      <y>60.91907907562706</y>
      <orientation>-3.221778169790873</orientation>
      <velocity>10.200000000000003</velocity>
      <steeringAngle>0.0</steeringAngle>
      <time>29</time>
    </ksState>
    <ksState>
      <x>124.03066148377548</x>
      <y>61.00238267570412</y>
      <orientation>-3.221778169790873</orientation>
      <velocity>10.997021226415097</velocity>
      <steeringAngle>0.0</steeringAngle>
      <time>30</time>
    </ksState>
    <ksState>
      <x>122.95911560532036</x>
      <y>61.08848976232223</y>
      <orientation>-3.221778169790873</orientation>
      <velocity>10.0</velocity>
      <steeringAngle>0.0</steeringAngle>
      <time>31</time>
    </ksState>
    <ksState>
      <x>121.98724841323316</x>
      <y>61.16658688739448</y>
      <orientation>-3.221778169790873</orientation>
      <velocity>9.0</velocity>
      <steeringAngle>0.0</steeringAngle>
      <time>32</time>
    </ksState>
    <ksState>
      <x>121.11505990751388</x>
      <y>61.236674050920854</y>
      <orientation>-3.221778169790873</orientation>
      <velocity>8.0</velocity>
      <steeringAngle>0.0</steeringAngle>
      <time>33</time>
    </ksState>
    <ksState>
      <x>120.34255008816253</x>
      <y>61.298751252901354</y>
      <orientation>-3.221778169790873</orientation>
      <velocity>7.0</velocity>
      <steeringAngle>0.0</steeringAngle>
      <time>34</time>
    </ksState>
    <ksState>
      <x>119.66971895517908</x>
      <y>61.35281849333599</y>
      <orientation>-3.221778169790873</orientation>
      <velocity>6.0</velocity>
      <steeringAngle>0.0</steeringAngle>
      <time>35</time>
    </ksState>
    <ksState>
      <x>119.06666290265318</x>
      <y>61.40127876068851</y>
      <orientation>-3.221778169790873</orientation>
      <velocity>6.199999999999999</velocity>
      <steeringAngle>0.0</steeringAngle>
      <time>36</time>
    </ksState>
    <ksState>
      <x>118.44367111285369</x>
      <y>61.451341020350206</y>
      <orientation>-3.221778169790873</orientation>
      <velocity>6.399999999999999</velocity>
      <steeringAngle>0.0</steeringAngle>
      <time>37</time>
    </ksState>
    <ksState>
      <x>117.80074358578062</x>
      <y>61.503005272321076</y>
      <orientation>-3.221778169790873</orientation>
      <velocity>6.599999999999998</velocity>
      <steeringAngle>0.0</steeringAngle>
      <time>38</time>
    </ksState>
    <ksState>
      <x>117.13788032143397</x>
      <y>61.556271516601115</y>
      <orientation>-3.221778169790873</orientation>
      <velocity>6.799999999999997</velocity>
      <steeringAngle>0.0</steeringAngle>
      <time>39</time>
    </ksState>
    <ksState>
      <x>116.45508131981374</x>
      <y>61.611139753190336</y>
      <orientation>-3.221778169790873</orientation>
      <velocity>6.9999999999999964</velocity>
      <steeringAngle>0.0</steeringAngle>
      <time>40</time>
    </ksState>
    <ksState>
      <x>115.75234658091992</x>
      <y>61.66760998208873</y>
      <orientation>-3.221778169790873</orientation>
      <velocity>7.199999999999999</velocity>
      <steeringAngle>0.0</steeringAngle>
      <time>41</time>
    </ksState>
    <ksState>
      <x>115.02967610475253</x>
      <y>61.725682203296294</y>
      <orientation>-3.221778169790873</orientation>
      <velocity>7.399999999999999</velocity>
      <steeringAngle>0.0</steeringAngle>
      <time>42</time>
    </ksState>
    <ksState>
      <x>114.28706989131153</x>
      <y>61.78535641681304</y>
      <orientation>-3.221778169790873</orientation>
      <velocity>7.599999999999998</velocity>
      <steeringAngle>0.0</steeringAngle>
      <time>43</time>
    </ksState>
    <ksState>
      <x>113.52452794059697</x>
      <y>61.84663262263895</y>
      <orientation>-3.221778169790873</orientation>
      <velocity>7.799999999999997</velocity>
      <steeringAngle>0.0</steeringAngle>
      <time>44</time>
    </ksState>
    <ksState>
      <x>112.74205025260882</x>
      <y>61.90951082077404</y>
      <orientation>-3.221778169790873</orientation>
      <velocity>7.9999999999999964</velocity>
      <steeringAngle>0.0</steeringAngle>
      <time>45</time>
    </ksState>
    <ksState>
      <x>111.94960469598388</x>
      <y>61.973190015063714</y>
      <orientation>-3.221778169790873</orientation>
      <velocity>7.800000000000001</velocity>
      <steeringAngle>0.0</steeringAngle>
      <time>46</time>
    </ksState>
    <ksState>
      <x>111.17709487663251</x>
      <y>62.035267217044215</y>
      <orientation>-3.221778169790873</orientation>
      <velocity>7.600000000000001</velocity>
      <steeringAngle>0.0</steeringAngle>
      <time>47</time>
    </ksState>
    <ksState>
      <x>110.42452079455474</x>
      <y>62.095742426715546</y>
      <orientation>-3.221778169790873</orientation>
      <velocity>7.400000000000002</velocity>
      <steeringAngle>0.0</steeringAngle>
      <time>48</time>
    </ksState>
    <ksState>
      <x>109.69188244975054</x>
      <y>62.1546156440777</y>
      <orientation>-3.221778169790873</orientation>
      <velocity>7.200000000000003</velocity>
      <steeringAngle>0.0</steeringAngle>
      <time>49</time>
    </ksState>
    <ksState>
      <x>108.97917984221993</x>
      <y>62.21188686913068</y>
      <orientation>-3.221778169790873</orientation>
      <velocity>7.0000000000000036</velocity>
      <steeringAngle>0.0</steeringAngle>
      <time>50</time>
    </ksState>
    <ksState>
      <x>108.27644510332611</x>
      <y>62.26835709802907</y>
      <orientation>-3.221778169790873</orientation>
      <velocity>7.199999999999999</velocity>
      <steeringAngle>0.0</steeringAngle>
      <time>51</time>
    </ksState>
    <ksState>
      <x>107.55377462715872</x>
      <y>62.32642931923664</y>
      <orientation>-3.221778169790873</orientation>
      <velocity>7.399999999999999</velocity>
      <steeringAngle>0.0</steeringAngle>
      <time>52</time>
    </ksState>
    <ksState>
      <x>106.81116841371772</x>
      <y>62.38610353275338</y>
      <orientation>-3.221778169790873</orientation>
      <velocity>7.599999999999998</velocity>
      <steeringAngle>0.0</steeringAngle>
      <time>53</time>
    </ksState>
    <ksState>
      <x>106.04862646300316</x>
      <y>62.44737973857929</y>
      <orientation>-3.221778169790873</orientation>
      <velocity>7.799999999999997</velocity>
      <steeringAngle>0.0</steeringAngle>
      <time>54</time>
    </ksState>
    <ksState>
      <x>105.26614877501501</x>
      <y>62.51025793671438</y>
      <orientation>-3.221778169790873</orientation>
      <velocity>7.9999999999999964</velocity>
      <steeringAngle>0.0</steeringAngle>
      <time>55</time>
    </ksState>
    <ksState>
      <x>104.46871928407167</x>
      <y>62.57433762908135</y>
      <orientation>-3.221778169790873</orientation>
      <velocity>8.0</velocity>
      <steeringAngle>0.0</steeringAngle>
      <time>56</time>
    </ksState>
    <ksState>
      <x>103.67128979312834</x>
      <y>62.63841732144832</y>
      <orientation>-3.221778169790873</orientation>
      <velocity>8.0</velocity>
      <steeringAngle>0.0</steeringAngle>
      <time>57</time>
    </ksState>
    <ksState>
      <x>102.873860302185</x>
      <y>62.70249701381529</y>
      <orientation>-3.221778169790873</orientation>
      <velocity>8.0</velocity>
      <steeringAngle>0.0</steeringAngle>
      <time>58</time>
    </ksState>
    <ksState>
      <x>102.07643081124165</x>
      <y>62.76657670618226</y>
      <orientation>-3.221778169790873</orientation>
      <velocity>8.0</velocity>
      <steeringAngle>0.0</steeringAngle>
      <time>59</time>
    </ksState>
    <ksState>
      <x>101.2790013202983</x>
      <y>62.83065639854923</y>
      <orientation>-3.221778169790873</orientation>
      <velocity>8.0</velocity>
      <steeringAngle>0.0</steeringAngle>
      <time>60</time>
    </ksState>
    <ksState>
      <x>100.48157182935496</x>
      <y>62.8947360909162</y>
      <orientation>-3.221778169790873</orientation>
      <velocity>8.0</velocity>
      <steeringAngle>0.0</steeringAngle>
      <time>61</time>
    </ksState>
    <ksState>
      <x>99.68414233841163</x>
      <y>62.95881578328317</y>
      <orientation>-3.221778169790873</orientation>
      <velocity>8.0</velocity>
      <steeringAngle>0.0</steeringAngle>
      <time>62</time>
    </ksState>
    <ksState>
      <x>98.88671284746829</x>
      <y>63.02289547565014</y>
      <orientation>-3.221778169790873</orientation>
      <velocity>8.0</velocity>
      <steeringAngle>0.0</steeringAngle>
      <time>63</time>
    </ksState>
    <ksState>
      <x>98.08928335652494</x>
      <y>63.08697516801711</y>
      <orientation>-3.221778169790873</orientation>
      <velocity>8.0</velocity>
      <steeringAngle>0.0</steeringAngle>
      <time>64</time>
    </ksState>
    <ksState>
      <x>97.2918538655816</x>
      <y>63.15105486038408</y>
      <orientation>-3.221778169790873</orientation>
      <velocity>8.0</velocity>
      <steeringAngle>0.0</steeringAngle>
      <time>65</time>
    </ksState>
    <ksState>
      <x>96.49940830895666</x>
      <y>63.214734054673755</y>
      <orientation>-3.221778169790873</orientation>
      <velocity>7.800000000000001</velocity>
      <steeringAngle>0.0</steeringAngle>
      <time>66</time>
    </ksState>
    <ksState>
      <x>95.72689848960529</x>
      <y>63.276811256654256</y>
      <orientation>-3.221778169790873</orientation>
      <velocity>7.600000000000001</velocity>
      <steeringAngle>0.0</steeringAngle>
      <time>67</time>
    </ksState>
    <ksState>
      <x>94.97432440752752</x>
      <y>63.33728646632559</y>
      <orientation>-3.221778169790873</orientation>
      <velocity>7.400000000000002</velocity>
      <steeringAngle>0.0</steeringAngle>
      <time>68</time>
    </ksState>
    <ksState>
      <x>94.24168606272332</x>
      <y>63.39615968368774</y>
      <orientation>-3.221778169790873</orientation>
      <velocity>7.200000000000003</velocity>
      <steeringAngle>0.0</steeringAngle>
      <time>69</time>
    </ksState>
    <ksState>
      <x>93.52898345519272</x>
      <y>63.45343090874072</y>
      <orientation>-3.221778169790873</orientation>
      <velocity>7.0000000000000036</velocity>
      <steeringAngle>0.0</steeringAngle>
      <time>70</time>
    </ksState>
    <ksState>
      <x>92.82624871629889</x>
      <y>63.50990113763911</y>
      <orientation>-3.221778169790873</orientation>
      <velocity>7.199999999999999</velocity>
      <steeringAngle>0.0</steeringAngle>
      <time>71</time>
    </ksState>
    <ksState>
      <x>92.1035782401315</x>
      <y>63.56797335884668</y>
      <orientation>-3.221778169790873</orientation>
      <velocity>7.399999999999999</velocity>
      <steeringAngle>0.0</steeringAngle>
      <time>72</time>
    </ksState>
    <ksState>
      <x>91.3609720266905</x>
      <y>63.62764757236342</y>
      <orientation>-3.221778169790873</orientation>
      <velocity>7.599999999999998</velocity>
      <steeringAngle>0.0</steeringAngle>
      <time>73</time>
    </ksState>
    <ksState>
      <x>90.59843007597594</x>
      <y>63.688923778189334</y>
      <orientation>-3.221778169790873</orientation>
      <velocity>7.799999999999997</velocity>
      <steeringAngle>0.0</steeringAngle>
      <time>74</time>
    </ksState>
    <ksState>
      <x>89.81595238798779</x>
      <y>63.75180197632442</y>
      <orientation>-3.221778169790873</orientation>
      <velocity>7.9999999999999964</velocity>
      <steeringAngle>0.0</steeringAngle>
      <time>75</time>
    </ksState>
    <ksState>
      <x>89.01852289704445</x>
      <y>63.81588166869139</y>
      <orientation>-3.221778169790873</orientation>
      <velocity>8.0</velocity>
      <steeringAngle>0.0</steeringAngle>
      <time>76</time>
    </ksState>
    <ksState>
      <x>88.22109340610112</x>
      <y>63.87996136105836</y>
      <orientation>-3.221778169790873</orientation>
      <velocity>8.0</velocity>
      <steeringAngle>0.0</steeringAngle>
      <time>77</time>
    </ksState>
    <ksState>
      <x>87.42366391515777</x>
      <y>63.94404105342533</y>
      <orientation>-3.221778169790873</orientation>
      <velocity>8.0</velocity>
      <steeringAngle>0.0</steeringAngle>
      <time>78</time>
    </ksState>
    <ksState>
      <x>86.62623442421443</x>
      <y>64.0081207457923</y>
      <orientation>-3.221778169790873</orientation>
      <velocity>8.0</velocity>
      <steeringAngle>0.0</steeringAngle>
      <time>79</time>
    </ksState>
    <ksState>
      <x>85.82880493327109</x>
      <y>64.07220043815927</y>
      <orientation>-3.221778169790873</orientation>
      <velocity>8.0</velocity>
      <steeringAngle>0.0</steeringAngle>
      <time>80</time>
    </ksState>
    <ksState>
      <x>85.03137544232774</x>
      <y>64.13628013052625</y>
      <orientation>-3.221778169790873</orientation>
      <velocity>8.0</velocity>
      <steeringAngle>0.0</steeringAngle>
      <time>81</time>
    </ksState>
    <ksState>
      <x>84.23394595138441</x>
      <y>64.2003598228932</y>
      <orientation>-3.221778169790873</orientation>
      <velocity>8.0</velocity>
      <steeringAngle>0.0</steeringAngle>
      <time>82</time>
    </ksState>
    <ksState>
      <x>83.43651646044107</x>
      <y>64.26443951526018</y>
      <orientation>-3.221778169790873</orientation>
      <velocity>8.0</velocity>
      <steeringAngle>0.0</steeringAngle>
      <time>83</time>
    </ksState>
    <ksState>
      <x>82.63908696949773</x>
      <y>64.32851920762715</y>
      <orientation>-3.221778169790873</orientation>
      <velocity>8.0</velocity>
      <steeringAngle>0.0</steeringAngle>
      <time>84</time>
    </ksState>
    <ksState>
      <x>81.84165747855438</x>
      <y>64.39259889999413</y>
      <orientation>-3.221778169790873</orientation>
      <velocity>8.0</velocity>
      <steeringAngle>0.0</steeringAngle>
      <time>85</time>
    </ksState>
    <ksState>
      <x>81.04921192192944</x>
      <y>64.4562780942838</y>
      <orientation>-3.221778169790873</orientation>
      <velocity>7.800000000000001</velocity>
      <steeringAngle>0.0</steeringAngle>
      <time>86</time>
    </ksState>
    <ksState>
      <x>80.27670210257807</x>
      <y>64.5183552962643</y>
      <orientation>-3.221778169790873</orientation>
      <velocity>7.600000000000001</velocity>
      <steeringAngle>0.0</steeringAngle>
      <time>87</time>
    </ksState>
    <ksState>
      <x>79.5241280205003</x>
      <y>64.57883050593563</y>
      <orientation>-3.221778169790873</orientation>
      <velocity>7.400000000000002</velocity>
      <steeringAngle>0.0</steeringAngle>
      <time>88</time>
    </ksState>
    <ksState>
      <x>78.7914896756961</x>
      <y>64.63770372329779</y>
      <orientation>-3.221778169790873</orientation>
      <velocity>7.200000000000003</velocity>
      <steeringAngle>0.0</steeringAngle>
      <time>89</time>
    </ksState>
    <ksState>
      <x>78.0787870681655</x>
      <y>64.69497494835076</y>
      <orientation>-3.221778169790873</orientation>
      <velocity>7.0000000000000036</velocity>
      <steeringAngle>0.0</steeringAngle>
      <time>90</time>
    </ksState>
    <ksState>
      <x>77.37106839495328</x>
      <y>64.75184567532645</y>
      <orientation>-3.221778169790873</orientation>
      <velocity>7.4</velocity>
      <steeringAngle>0.0</steeringAngle>
      <time>91</time>
    </ksState>
    <ksState>
      <x>76.6234782471939</x>
      <y>64.81192038692048</y>
      <orientation>-3.221778169790873</orientation>
      <velocity>7.800000000000001</velocity>
      <steeringAngle>0.0</steeringAngle>
      <time>92</time>
    </ksState>
    <ksState>
      <x>75.83601662488735</x>
      <y>64.87519908313287</y>
      <orientation>-3.221778169790873</orientation>
      <velocity>8.2</velocity>
      <steeringAngle>0.0</steeringAngle>
      <time>93</time>
    </ksState>
    <ksState>
      <x>75.00868352803364</x>
      <y>64.9416817639636</y>
      <orientation>-3.221778169790873</orientation>
      <velocity>8.599999999999998</velocity>
      <steeringAngle>0.0</steeringAngle>
      <time>94</time>
    </ksState>
    <ksState>
      <x>74.14147895663275</x>
      <y>65.01136842941267</y>
      <orientation>-3.221778169790873</orientation>
      <velocity>8.999999999999996</velocity>
      <steeringAngle>0.0</steeringAngle>
      <time>95</time>
    </ksState>
    <ksState>
      <x>73.25433864795829</x>
      <y>65.08265708717093</y>
      <orientation>-3.2240517429909916</orientation>
      <velocity>8.600000000000001</velocity>
      <steeringAngle>-0.026650000000000004</steeringAngle>
      <time>96</time>
    </ksState>
    <ksState>
      <x>72.40738468716552</x>
      <y>65.1545279481645</y>
      <orientation>-3.2350101060008676</orientation>
      <velocity>8.200000000000003</velocity>
      <steeringAngle>-0.05330000000000001</steeringAngle>
      <time>97</time>
    </ksState>
    <ksState>
      <x>71.60124727826299</x>
      <y>65.23346260366675</y>
      <orientation>-3.25384099466744</orientation>
      <velocity>7.800000000000003</velocity>
      <steeringAngle>-0.07995000000000001</steeringAngle>
      <time>98</time>
    </ksState>
    <ksState>
      <x>70.83663650482782</x>
      <y>65.32428445478301</y>
      <orientation>-3.279741349376891</orientation>
      <velocity>7.400000000000003</velocity>
      <steeringAngle>-0.10660000000000001</steeringAngle>
      <time>99</time>
    </ksState>
    <ksState>
      <x>70.11439456477068</x>
      <y>65.43028061778084</y>
      <orientation>-3.31191508236172</orientation>
      <velocity>7.000000000000003</velocity>
      <steeringAngle>-0.13325</steeringAngle>
      <time>100</time>
    </ksState>
    <ksState>
      <x>69.42074828566913</x>
      <y>65.55613259579516</y>
      <orientation>-3.3466949137858273</orientation>
      <velocity>7.199999999999999</velocity>
      <steeringAngle>-0.1066</steeringAngle>
      <time>101</time>
    </ksState>
    <ksState>
      <x>68.71209441053003</x>
      <y>65.70912072407037</y>
      <orientation>-3.3748720900027216</orientation>
      <velocity>7.399999999999999</velocity>
      <steeringAngle>-0.07995</steeringAngle>
      <time>102</time>
    </ksState>
    <ksState>
      <x>67.98829440560245</x>
      <y>65.88552996199755</y>
      <orientation>-3.396069432658837</orientation>
      <velocity>7.599999999999998</velocity>
      <steeringAngle>-0.053299999999999986</steeringAngle>
      <time>103</time>
    </ksState>
    <ksState>
      <x>67.24870452434816</x>
      <y>66.08103639823189</y>
      <orientation>-3.409901532682535</orientation>
      <velocity>7.799999999999997</velocity>
      <steeringAngle>-0.02664999999999998</steeringAngle>
      <time>104</time>
    </ksState>
    <ksState>
      <x>66.49221657300026</x>
      <y>66.29067531671136</y>
      <orientation>-3.415973722405717</orientation>
      <velocity>7.9999999999999964</velocity>
      <steeringAngle>2.42861286636753e-17</steeringAngle>
      <time>105</time>
    </ksState>
    <ksState>
      <x>65.70770321105304</x>
      <y>66.51150055287395</y>
      <orientation>-3.4138293295010596</orientation>
      <velocity>8.600000000000001</velocity>
      <steeringAngle>0.026650000000000004</steeringAngle>
      <time>106</time>
    </ksState>
    <ksState>
      <x>64.86440022356848</x>
      <y>66.74486998382574</y>
      <orientation>-3.4024832419917566</orientation>
      <velocity>9.200000000000003</velocity>
      <steeringAngle>0.05330000000000001</steeringAngle>
      <time>107</time>
    </ksState>
    <ksState>
      <x>63.959894885851995</x>
      <y>66.98167223801079</y>
      <orientation>-3.3806775306763504</orientation>
      <velocity>9.800000000000004</velocity>
      <steeringAngle>0.07995000000000001</steeringAngle>
      <time>108</time>
    </ksState>
    <ksState>
      <x>62.99143393599015</x>
      <y>67.20981921816191</y>
      <orientation>-3.3471362101666235</orientation>
      <velocity>10.400000000000006</velocity>
      <steeringAngle>0.10660000000000001</steeringAngle>
      <time>109</time>
    </ksState>
    <ksState>
      <x>61.95640760783615</x>
      <y>67.41381920571133</y>
      <orientation>-3.3005614812829753</orientation>
      <velocity>11.000000000000007</velocity>
      <steeringAngle>0.13325</steeringAngle>
      <time>110</time>
    </ksState>
    <ksState>
      <x>60.887840976628716</x>
      <y>67.56979082477778</y>
      <orientation>-3.2472091237865355</orientation>
      <velocity>10.2</velocity>
      <steeringAngle>0.1066</steeringAngle>
      <time>111</time>
    </ksState>
    <ksState>
      <x>59.89242928889905</x>
      <y>67.66488904698576</y>
      <orientation>-3.2082738674570033</orientation>
      <velocity>9.399999999999999</velocity>
      <steeringAngle>0.07995</steeringAngle>
      <time>112</time>
    </ksState>
    <ksState>
      <x>58.974083923883605</x>
      <y>67.71963114139511</y>
      <orientation>-3.1820292971348754</orientation>
      <velocity>8.599999999999998</velocity>
      <steeringAngle>0.053299999999999986</steeringAngle>
      <time>113</time>
    </ksState>
    <ksState>
      <x>58.134639353256205</x>
      <y>67.74994388326844</y>
      <orientation>-3.166775111725893</orientation>
      <velocity>7.799999999999997</velocity>
      <steeringAngle>0.02664999999999998</steeringAngle>
      <time>114</time>
    </ksState>
    <ksState>
      <x>57.37484576906399</x>
      <y>67.76758940775339</y>
      <orientation>-3.1608321022981714</orientation>
      <velocity>6.9999999999999964</velocity>
      <steeringAngle>-2.42861286636753e-17</steeringAngle>
      <time>115</time>
    </ksState>
    <ksState>
      <x>56.659978095890324</x>
      <y>67.78134476493769</y>
      <orientation>-3.1627181346119064</orientation>
      <velocity>7.6</velocity>
      <steeringAngle>-0.026650000000000004</steeringAngle>
      <time>116</time>
    </ksState>
    <ksState>
      <x>55.88518684458081</x>
      <y>67.79926685292774</y>
      <orientation>-3.172771960166599</orientation>
      <velocity>8.2</velocity>
      <steeringAngle>-0.05330000000000001</steeringAngle>
      <time>117</time>
    </ksState>
    <ksState>
      <x>55.050720337730404</x>
      <y>67.82889983173806</y>
      <orientation>-3.19224966942083</orientation>
      <velocity>8.8</velocity>
      <steeringAngle>-0.07995000000000001</steeringAngle>
      <time>118</time>
    </ksState>
    <ksState>
      <x>54.15722582205829</x>
      <y>67.88042789352617</y>
      <orientation>-3.2224239270201434</orientation>
      <velocity>9.400000000000002</velocity>
      <steeringAngle>-0.10660000000000001</steeringAngle>
      <time>119</time>
    </ksState>
    <ksState>
      <x>53.206199523278485</x>
      <y>67.96695702463529</y>
      <orientation>-3.2645877103986334</orientation>
      <velocity>10.000000000000004</velocity>
      <steeringAngle>-0.13325</steeringAngle>
      <time>120</time>
    </ksState>
    <ksState>
      <x>52.24023853611826</x>
      <y>68.09880531618879</y>
      <orientation>-3.3127712646544847</orientation>
      <velocity>9.0</velocity>
      <steeringAngle>-0.1066</steeringAngle>
      <time>121</time>
    </ksState>
    <ksState>
      <x>51.37945161432408</x>
      <y>68.25566258151694</y>
      <orientation>-3.3468591849512928</orientation>
      <velocity>8.0</velocity>
      <steeringAngle>-0.07995</steeringAngle>
      <time>122</time>
    </ksState>
    <ksState>
      <x>50.6216996200618</x>
      <y>68.41818565896487</y>
      <orientation>-3.368988557378319</orientation>
      <velocity>7.0</velocity>
      <steeringAngle>-0.053299999999999986</steeringAngle>
      <time>123</time>
    </ksState>
    <ksState>
      <x>49.96461509830254</x>
      <y>68.57264914306943</y>
      <orientation>-3.381269502071877</orientation>
      <velocity>6.0</velocity>
      <steeringAngle>-0.02664999999999998</steeringAngle>
      <time>124</time>
    </ksState>
    <ksState>
      <x>49.40625533908866</x>
      <y>68.70997571011759</y>
      <orientation>-3.385791363056485</orientation>
      <velocity>5.0</velocity>
      <steeringAngle>2.42861286636753e-17</steeringAngle>
      <time>125</time>
    </ksState>
    <ksState>
      <x>48.901683025860635</x>
      <y>68.83570073039486</y>
      <orientation>-3.384396215865503</orientation>
      <velocity>5.800000000000001</velocity>
      <steeringAngle>0.026650000000000004</steeringAngle>
      <time>126</time>
    </ksState>
    <ksState>
      <x>48.31906032151854</x>
      <y>68.9790533607352</y>
      <orientation>-3.376590916929223</orientation>
      <velocity>6.600000000000001</velocity>
      <steeringAngle>0.05330000000000001</steeringAngle>
      <time>127</time>
    </ksState>
    <ksState>
      <x>47.657201885575276</x>
      <y>69.13505986034295</y>
      <orientation>-3.36070864685534</orientation>
      <velocity>7.400000000000002</velocity>
      <steeringAngle>0.07995000000000001</steeringAngle>
      <time>128</time>
    </ksState>
    <ksState>
      <x>46.914424199712506</x>
      <y>69.29587727979101</y>
      <orientation>-3.3350669093347176</orientation>
      <velocity>8.200000000000003</velocity>
      <steeringAngle>0.10660000000000001</steeringAngle>
      <time>129</time>
    </ksState>
    <ksState>
      <x>46.08875143124101</x>
      <y>69.4501933785743</y>
      <orientation>-3.297962628685747</orientation>
      <velocity>9.000000000000004</velocity>
      <steeringAngle>0.13325</steeringAngle>
      <time>130</time>
    </ksState>
    <ksState>
      <x>45.222994097920484</x>
      <y>69.57662366027017</y>
      <orientation>-3.254714245793816</orientation>
      <velocity>8.0</velocity>
      <steeringAngle>0.1066</steeringAngle>
      <time>131</time>
    </ksState>
    <ksState>
      <x>44.45229624932448</x>
      <y>69.65791639049478</y>
      <orientation>-3.2245146321943694</orientation>
      <velocity>7.0</velocity>
      <steeringAngle>0.07995</steeringAngle>
      <time>132</time>
    </ksState>
    <ksState>
      <x>43.77934203524424</x>
      <y>69.71030127794572</y>
      <orientation>-3.2052322838941785</orientation>
      <velocity>6.0</velocity>
      <steeringAngle>0.053299999999999986</steeringAngle>
      <time>133</time>
    </ksState>
    <ksState>
      <x>43.205402763859134</x>
      <y>69.74516580378331</y>
      <orientation>-3.1947611490853327</orientation>
      <velocity>5.0</velocity>
      <steeringAngle>0.02664999999999998</steeringAngle>
      <time>134</time>
    </ksState>
    <ksState>
      <x>42.73104384363296</x>
      <y>69.76982830971504</y>
      <orientation>-3.191014461647403</orientation>
      <velocity>4.0</velocity>
      <steeringAngle>-2.42861286636753e-17</steeringAngle>
      <time>135</time>
    </ksState>
    <ksState>
      <x>42.306562772457</x>
      <y>69.7908240286432</y>
      <orientation>-3.191014461647403</orientation>
      <velocity>5.0</velocity>
      <steeringAngle>0.0</steeringAngle>
      <time>136</time>
    </ksState>
    <ksState>
      <x>41.78220380218082</x>
      <y>69.81675991673092</y>
      <orientation>-3.191014461647403</orientation>
      <velocity>6.0</velocity>
      <steeringAngle>0.0</steeringAngle>
      <time>137</time>
    </ksState>
    <ksState>
      <x>41.157966932804406</x>
      <y>69.84763597397821</y>
      <orientation>-3.191014461647403</orientation>
      <velocity>7.0</velocity>
      <steeringAngle>0.0</steeringAngle>
      <time>138</time>
    </ksState>
    <ksState>
      <x>40.43385216432777</x>
      <y>69.88345220038508</y>
      <orientation>-3.191014461647403</orientation>
      <velocity>8.0</velocity>
      <steeringAngle>0.0</steeringAngle>
      <time>139</time>
    </ksState>
    <ksState>
      <x>39.60985949675091</x>
      <y>69.9242085959515</y>
      <orientation>-3.191014461647403</orientation>
      <velocity>8.995108823529412</velocity>
      <steeringAngle>0.0</steeringAngle>
      <time>140</time>
    </ksState>
    <ksState>
      <x>38.720946194758895</x>
      <y>69.96817610147164</y>
      <orientation>-3.191014461647403</orientation>
      <velocity>8.600000000000001</velocity>
      <steeringAngle>0.0</steeringAngle>
      <time>141</time>
    </ksState>
    <ksState>
      <x>37.87198405240698</x>
      <y>70.01016753932795</y>
      <orientation>-3.191014461647403</orientation>
      <velocity>8.200000000000003</velocity>
      <steeringAngle>0.0</steeringAngle>
      <time>142</time>
    </ksState>
    <ksState>
      <x>37.062973069695154</x>
      <y>70.05018290952044</y>
      <orientation>-3.191014461647403</orientation>
      <velocity>7.800000000000003</velocity>
      <steeringAngle>0.0</steeringAngle>
      <time>143</time>
    </ksState>
    <ksState>
      <x>36.29391324662341</x>
      <y>70.08822221204912</y>
      <orientation>-3.191014461647403</orientation>
      <velocity>7.400000000000003</velocity>
      <steeringAngle>0.0</steeringAngle>
      <time>144</time>
    </ksState>
    <ksState>
      <x>35.564804583191766</x>
      <y>70.12428544691394</y>
      <orientation>-3.191014461647403</orientation>
      <velocity>7.000000000000003</velocity>
      <steeringAngle>0.0</steeringAngle>
      <time>145</time>
    </ksState>
    <ksState>
      <x>34.85567149958016</x>
      <y>70.15936064794687</y>
      <orientation>-3.1928746579020455</orientation>
      <velocity>7.4</velocity>
      <steeringAngle>-0.026650000000000004</steeringAngle>
      <time>146</time>
    </ksState>
    <ksState>
      <x>34.10673474443931</x>
      <y>70.19925651695551</y>
      <orientation>-3.202592486165931</orientation>
      <velocity>7.800000000000001</velocity>
      <steeringAngle>-0.05330000000000001</steeringAngle>
      <time>147</time>
    </ksState>
    <ksState>
      <x>33.318413804789884</x>
      <y>70.25063687972629</y>
      <orientation>-3.2210096304781604</orientation>
      <velocity>8.2</velocity>
      <steeringAngle>-0.07995000000000001</steeringAngle>
      <time>148</time>
    </ksState>
    <ksState>
      <x>32.491488233410394</x>
      <y>70.32181384455399</y>
      <orientation>-3.2489822823353354</orientation>
      <velocity>8.599999999999998</velocity>
      <steeringAngle>-0.10660000000000001</steeringAngle>
      <time>149</time>
    </ksState>
    <ksState>
      <x>31.627411078897268</x>
      <y>70.42286058973016</y>
      <orientation>-3.2873836774330303</orientation>
      <velocity>8.999999999999996</velocity>
      <steeringAngle>-0.13325</steeringAngle>
      <time>150</time>
    </ksState>
    <ksState>
      <x>30.7484668532132</x>
      <y>70.56231929997948</y>
      <orientation>-3.331332955954969</orientation>
      <velocity>8.600000000000001</velocity>
      <steeringAngle>-0.1066</steeringAngle>
      <time>151</time>
    </ksState>
    <ksState>
      <x>29.91520047779735</x>
      <y>70.72997865350426</y>
      <orientation>-3.3644096575605014</orientation>
      <velocity>8.200000000000003</velocity>
      <steeringAngle>-0.07995</steeringAngle>
      <time>152</time>
    </ksState>
    <ksState>
      <x>29.126382150467336</x>
      <y>70.91393255485967</y>
      <orientation>-3.38749652716549</orientation>
      <velocity>7.800000000000003</velocity>
      <steeringAngle>-0.053299999999999986</steeringAngle>
      <time>153</time>
    </ksState>
    <ksState>
      <x>28.3803038461284</x>
      <y>71.10434662231408</y>
      <orientation>-3.401457954466474</orientation>
      <velocity>7.400000000000003</velocity>
      <steeringAngle>-0.02664999999999998</steeringAngle>
      <time>154</time>
    </ksState>
    <ksState>
      <x>27.675170199752515</x>
      <y>71.29325028174647</y>
      <orientation>-3.4071425665937087</orientation>
      <velocity>7.000000000000003</velocity>
      <steeringAngle>2.42861286636753e-17</steeringAngle>
      <time>155</time>
    </ksState>
    <ksState>
      <x>26.994881628757767</x>
      <y>71.47827044328008</y>
      <orientation>-3.4053082063981583</orientation>
      <velocity>7.199999999999999</velocity>
      <steeringAngle>0.026650000000000004</steeringAngle>
      <time>156</time>
    </ksState>
    <ksState>
      <x>26.294594649820297</x>
      <y>71.66594390367638</y>
      <orientation>-3.39592637542508</orientation>
      <velocity>7.399999999999999</velocity>
      <steeringAngle>0.05330000000000001</steeringAngle>
      <time>157</time>
    </ksState>
    <ksState>
      <x>25.572848902314398</x>
      <y>71.8506056131117</y>
      <orientation>-3.378569796054853</orientation>
      <velocity>7.599999999999998</velocity>
      <steeringAngle>0.07995000000000001</steeringAngle>
      <time>158</time>
    </ksState>
    <ksState>
      <x>24.828188112644057</x>
      <y>72.02577672383293</y>
      <orientation>-3.352798749939816</orientation>
      <velocity>7.799999999999997</velocity>
      <steeringAngle>0.10660000000000001</steeringAngle>
      <time>159</time>
    </ksState>
    <ksState>
      <x>24.059342396311475</x>
      <y>72.18408315397973</y>
      <orientation>-3.3181597431229166</orientation>
      <velocity>7.9999999999999964</velocity>
      <steeringAngle>0.13325</steeringAngle>
      <time>160</time>
    </ksState>
    <ksState>
      <x>23.27534430147462</x>
      <y>72.31562665610804</y>
      <orientation>-3.278912004088228</orientation>
      <velocity>7.800000000000001</velocity>
      <steeringAngle>0.1066</steeringAngle>
      <time>161</time>
    </ksState>
    <ksState>
      <x>22.506836902712138</x>
      <y>72.4155369189832</y>
      <orientation>-3.248764579844696</orientation>
      <velocity>7.600000000000001</velocity>
      <steeringAngle>0.07995</steeringAngle>
      <time>162</time>
    </ksState>
    <ksState>
      <x>21.755721087924105</x>
      <y>72.49189248261254</y>
      <orientation>-3.227256560598277</orientation>
      <velocity>7.400000000000002</velocity>
      <steeringAngle>0.053299999999999986</steeringAngle>
      <time>163</time>
    </ksState>
    <ksState>
      <x>21.02318788561234</x>
      <y>72.55199402385165</y>
      <orientation>-3.213941512351292</orientation>
      <velocity>7.200000000000003</velocity>
      <steeringAngle>0.02664999999999998</steeringAngle>
      <time>164</time>
    </ksState>
    <ksState>
      <x>20.30996531615916</x>
      <y>72.60236064847042</y>
      <orientation>-3.208386098874301</orientation>
      <velocity>7.0000000000000036</velocity>
      <steeringAngle>-2.42861286636753e-17</steeringAngle>
      <time>165</time>
    </ksState>
    <ksState>
      <x>19.60653736250018</x>
      <y>72.64941502139304</y>
      <orientation>-3.208386098874301</orientation>
      <velocity>7.199999999999999</velocity>
      <steeringAngle>0.0</steeringAngle>
      <time>166</time>
    </ksState>
    <ksState>
      <x>18.883154005900522</x>
      <y>72.69780427014325</y>
      <orientation>-3.208386098874301</orientation>
      <velocity>7.399999999999999</velocity>
      <steeringAngle>0.0</steeringAngle>
      <time>167</time>
    </ksState>
    <ksState>
      <x>18.139815246360182</x>
      <y>72.74752839472104</y>
      <orientation>-3.208386098874301</orientation>
      <velocity>7.599999999999998</velocity>
      <steeringAngle>0.0</steeringAngle>
      <time>168</time>
    </ksState>
    <ksState>
      <x>17.37652108387916</x>
      <y>72.79858739512645</y>
      <orientation>-3.208386098874301</orientation>
      <velocity>7.799999999999997</velocity>
      <steeringAngle>0.0</steeringAngle>
      <time>169</time>
    </ksState>
    <ksState>
      <x>16.593271518457463</x>
      <y>72.85098127135943</y>
      <orientation>-3.208386098874301</orientation>
      <velocity>7.9999999999999964</velocity>
      <steeringAngle>0.0</steeringAngle>
      <time>170</time>
    </ksState>
    <ksState>
      <x>15.795055400830252</x>
      <y>72.90437630446311</y>
      <orientation>-3.208386098874301</orientation>
      <velocity>8.0</velocity>
      <steeringAngle>0.0</steeringAngle>
      <time>171</time>
    </ksState>
    <ksState>
      <x>14.996839283203041</x>
      <y>72.95777133756678</y>
      <orientation>-3.208386098874301</orientation>
      <velocity>8.0</velocity>
      <steeringAngle>0.0</steeringAngle>
      <time>172</time>
    </ksState>
    <ksState>
      <x>14.198623165575832</x>
      <y>73.01116637067047</y>
      <orientation>-3.208386098874301</orientation>
      <velocity>8.0</velocity>
      <steeringAngle>0.0</steeringAngle>
      <time>173</time>
    </ksState>
    <ksState>
      <x>13.40040704794862</x>
      <y>73.06456140377415</y>
      <orientation>-3.208386098874301</orientation>
      <velocity>8.0</velocity>
      <steeringAngle>0.0</steeringAngle>
      <time>174</time>
    </ksState>
    <ksState>
      <x>12.60219093032141</x>
      <y>73.11795643687782</y>
      <orientation>-3.208386098874301</orientation>
      <velocity>8.0</velocity>
      <steeringAngle>0.0</steeringAngle>
      <time>175</time>
    </ksState>
    <ksState>
      <x>11.803974812694198</x>
      <y>73.1713514699815</y>
      <orientation>-3.210452983601682</orientation>
      <velocity>8.0</velocity>
      <steeringAngle>-0.026650000000000004</steeringAngle>
      <time>176</time>
    </ksState>
    <ksState>
      <x>11.00598796308966</x>
      <y>73.22804585068062</y>
      <orientation>-3.2207910792385626</orientation>
      <velocity>8.0</velocity>
      <steeringAngle>-0.05330000000000001</steeringAngle>
      <time>177</time>
    </ksState>
    <ksState>
      <x>10.20877112619603</x>
      <y>73.29463683531685</y>
      <orientation>-3.2394150957279635</orientation>
      <velocity>8.0</velocity>
      <steeringAngle>-0.07995000000000001</steeringAngle>
      <time>178</time>
    </ksState>
    <ksState>
      <x>9.41311197587</x>
      <y>73.37771395439812</y>
      <orientation>-3.2663515990112764</orientation>
      <velocity>8.0</velocity>
      <steeringAngle>-0.10660000000000001</steeringAngle>
      <time>179</time>
    </ksState>
    <ksState>
      <x>8.620210550677314</x>
      <y>73.48384244821486</y>
      <orientation>-3.3016391630525384</orientation>
      <velocity>8.0</velocity>
      <steeringAngle>-0.13325</steeringAngle>
      <time>180</time>
    </ksState>
    <ksState>
      <x>7.836763692467932</x>
      <y>73.61863015545052</y>
      <orientation>-3.340886902087227</orientation>
      <velocity>7.800000000000001</velocity>
      <steeringAngle>-0.1066</steeringAngle>
      <time>181</time>
    </ksState>
    <ksState>
      <x>7.078386396581351</x>
      <y>73.77815933668147</y>
      <orientation>-3.371034326330759</orientation>
      <velocity>7.600000000000001</velocity>
      <steeringAngle>-0.07995</steeringAngle>
      <time>182</time>
    </ksState>
    <ksState>
      <x>6.344204588074829</x>
      <y>73.95417698176269</y>
      <orientation>-3.392542345577178</orientation>
      <velocity>7.400000000000002</velocity>
      <steeringAngle>-0.053299999999999986</steeringAngle>
      <time>183</time>
    </ksState>
    <ksState>
      <x>5.632931093400201</x>
      <y>74.13939875025059</y>
      <orientation>-3.4058573938241627</orientation>
      <velocity>7.200000000000003</velocity>
      <steeringAngle>-0.02664999999999998</steeringAngle>
      <time>184</time>
    </ksState>
    <ksState>
      <x>4.943099862741293</x>
      <y>74.32743093808156</y>
      <orientation>-3.411412807301154</orientation>
      <velocity>7.0000000000000036</velocity>
      <steeringAngle>2.42861286636753e-17</steeringAngle>
      <time>185</time>
    </ksState>
    <ksState>
      <x>4.249150289705825</x>
      <y>74.5193527713468</y>
      <orientation>-3.4095009389283266</orientation>
      <velocity>7.800000000000001</velocity>
      <steeringAngle>0.026650000000000004</steeringAngle>
      <time>186</time>
    </ksState>
    <ksState>
      <x>3.4772546201030403</x>
      <y>74.7295300224024</y>
      <orientation>-3.3991111160828265</orientation>
      <velocity>8.600000000000001</velocity>
      <steeringAngle>0.05330000000000001</steeringAngle>
      <time>187</time>
    </ksState>
    <ksState>
      <x>2.62527040382718</x>
      <y>74.94977439501099</y>
      <orientation>-3.3785728418865935</orientation>
      <velocity>9.400000000000002</velocity>
      <steeringAngle>0.07995000000000001</steeringAngle>
      <time>188</time>
    </ksState>
    <ksState>
      <x>1.6904721928433277</x>
      <y>75.16818502378678</y>
      <orientation>-3.346196978545142</orientation>
      <velocity>10.200000000000003</velocity>
      <steeringAngle>0.10660000000000001</steeringAngle>
      <time>189</time>
    </ksState>
    <ksState>
      <x>0.6700026880944163</x>
      <y>75.36848718332166</y>
      <orientation>-3.3002708068858566</orientation>
      <velocity>10.997021226415097</velocity>
      <steeringAngle>0.13325</steeringAngle>
      <time>190</time>
    </ksState>
    <ksState>
      <x>-0.39860923492626155</x>
      <y>75.52414819084203</y>
      <orientation>-3.2469184493894168</orientation>
      <velocity>10.2</velocity>
      <steeringAngle>0.1066</steeringAngle>
      <time>191</time>
    </ksState>
    <ksState>
      <x>-1.3940485232219793</x>
      <y>75.61895706834436</y>
      <orientation>-3.2079831930598846</orientation>
      <velocity>9.399999999999999</velocity>
      <steeringAngle>0.07995</steeringAngle>
      <time>192</time>
    </ksState>
    <ksState>
      <x>-2.3124097615662533</x>
      <y>75.67343222095954</y>
      <orientation>-3.1817386227377566</orientation>
      <velocity>8.599999999999998</velocity>
      <steeringAngle>0.053299999999999986</steeringAngle>
      <time>193</time>
    </ksState>
    <ksState>
      <x>-3.151863107868491</x>
      <y>75.70350095651123</y>
      <orientation>-3.1664844373287737</orientation>
      <velocity>7.799999999999997</velocity>
      <steeringAngle>0.02664999999999998</steeringAngle>
      <time>194</time>
    </ksState>
    <ksState>
      <x>-3.9116617890647376</x>
      <y>75.72092562771182</y>
      <orientation>-3.1605414279010526</orientation>
      <velocity>6.9999999999999964</velocity>
      <steeringAngle>-2.42861286636753e-17</steeringAngle>
      <time>195</time>
    </ksState>
    <ksState>
      <x>-4.5865406112744385</x>
      <y>75.73371528497256</y>
      <orientation>-3.1622207717420494</orientation>
      <velocity>6.0</velocity>
      <steeringAngle>-0.026650000000000004</steeringAngle>
      <time>196</time>
    </ksState>
    <ksState>
      <x>-5.161399367810377</x>
      <y>75.74642814305268</y>
      <orientation>-3.169586618970283</orientation>
      <velocity>5.0</velocity>
      <steeringAngle>-0.05330000000000001</steeringAngle>
      <time>197</time>
    </ksState>
    <ksState>
      <x>-5.6361776813555275</x>
      <y>75.7608866505921</y>
      <orientation>-3.1805798086884995</orientation>
      <velocity>4.0</velocity>
      <steeringAngle>-0.07995000000000001</steeringAngle>
      <time>198</time>
    </ksState>
    <ksState>
      <x>-6.0108469597833984</x>
      <y>75.77658953336797</y>
      <orientation>-3.193141220350708</orientation>
      <velocity>3.0</velocity>
      <steeringAngle>-0.10660000000000001</steeringAngle>
      <time>199</time>
    </ksState>
  </ksTrajectory>
</CommonRoadSolution>
