<?xml version="1.0" ?>
<CommonRoadSolution benchmark_id="KS2:SM1:USA_US101-13_1_T-1:2018b" date="2019-11-17">
  <ksTrajectory planningProblem="141">
    <ksState>
      <x>0.0</x>
      <y>0.0</y>
      <orientation>-0.76903</orientation>
      <velocity>12.0</velocity>
      <steeringAngle>0.0</steeringAngle>
      <time>0</time>
    </ksState>
    <ksState>
      <x>0.8658956274492953</x>
      <y>-0.8380034381577389</y>
      <orientation>-0.7659038368498368</orientation>
      <velocity>12.2</velocity>
      <steeringAngle>0.026650000000000004</steeringAngle>
      <time>1</time>
    </ksState>
    <ksState>
      <x>1.75150099033486</x>
      <y>-1.684356335814444</y>
      <orientation>-0.7500606961037083</orientation>
      <velocity>12.399999999999999</velocity>
      <steeringAngle>0.05330000000000001</steeringAngle>
      <time>2</time>
    </ksState>
    <ksState>
      <x>2.6678289334623377</x>
      <y>-2.5271518950044283</y>
      <orientation>-0.7210641064276053</orientation>
      <velocity>12.599999999999998</velocity>
      <steeringAngle>0.07995000000000001</steeringAngle>
      <time>3</time>
    </ksState>
    <ksState>
      <x>3.626088348253658</x>
      <y>-3.352870154848011</y>
      <orientation>-0.6784577457604978</orientation>
      <velocity>12.799999999999997</velocity>
      <steeringAngle>0.10660000000000001</steeringAngle>
      <time>4</time>
    </ksState>
    <ksState>
      <x>4.637085421991326</x>
      <y>-4.145851135557191</y>
      <orientation>-0.6217640114178095</orientation>
      <velocity>12.999999999999996</velocity>
      <steeringAngle>0.13325</steeringAngle>
      <time>5</time>
    </ksState>
    <ksState>
      <x>5.706280604486416</x>
      <y>-4.884998923640147</y>
      <orientation>-0.5576067836868533</orientation>
      <velocity>13.0</velocity>
      <steeringAngle>0.1066</steeringAngle>
      <time>6</time>
    </ksState>
    <ksState>
      <x>6.8184364427040345</x>
      <y>-5.557904629034699</y>
      <orientation>-0.5070587966211499</orientation>
      <velocity>13.0</velocity>
      <steeringAngle>0.07995</steeringAngle>
      <time>7</time>
    </ksState>
    <ksState>
      <x>7.961123817582809</x>
      <y>-6.177657220812695</y>
      <orientation>-0.4700474829722868</orientation>
      <velocity>13.0</velocity>
      <steeringAngle>0.053299999999999986</steeringAngle>
      <time>8</time>
    </ksState>
    <ksState>
      <x>9.124040879937553</x>
      <y>-6.75864561443701</y>
      <orientation>-0.4465199544710288</orientation>
      <velocity>13.0</velocity>
      <steeringAngle>0.02664999999999998</steeringAngle>
      <time>9</time>
    </ksState>
    <ksState>
      <x>10.29845541313249</x>
      <y>-7.316078509946818</y>
      <orientation>-0.43644269836421173</orientation>
      <velocity>13.0</velocity>
      <steeringAngle>-2.42861286636753e-17</steeringAngle>
      <time>10</time>
    </ksState>
    <ksState>
      <x>11.47659488296937</x>
      <y>-7.865612302913619</y>
      <orientation>-0.43980138604620533</orientation>
      <velocity>13.0</velocity>
      <steeringAngle>-0.026650000000000004</steeringAngle>
      <time>11</time>
    </ksState>
    <ksState>
      <x>12.651009416164307</x>
      <y>-8.423045198423425</y>
      <orientation>-0.4566007914561364</orientation>
      <velocity>13.0</velocity>
      <steeringAngle>-0.05330000000000001</steeringAngle>
      <time>12</time>
    </ksState>
    <ksState>
      <x>13.81392647851905</x>
      <y>-9.00403359204774</y>
      <orientation>-0.4868648182514127</orientation>
      <velocity>13.0</velocity>
      <steeringAngle>-0.07995000000000001</steeringAngle>
      <time>13</time>
    </ksState>
    <ksState>
      <x>14.956613853397824</x>
      <y>-9.623786183825738</y>
      <orientation>-0.5306366360867963</orientation>
      <velocity>13.0</velocity>
      <steeringAngle>-0.10660000000000001</steeringAngle>
      <time>14</time>
    </ksState>
    <ksState>
      <x>16.068769691615444</x>
      <y>-10.29669188922029</y>
      <orientation>-0.587978927653847</orientation>
      <velocity>13.0</velocity>
      <steeringAngle>-0.13325</steeringAngle>
      <time>15</time>
    </ksState>
    <ksState>
      <x>17.137964874110533</x>
      <y>-11.035839677303246</y>
      <orientation>-0.6521361553848031</orientation>
      <velocity>13.0</velocity>
      <steeringAngle>-0.1066</steeringAngle>
      <time>16</time>
    </ksState>
    <ksState>
      <x>18.16036519435579</x>
      <y>-11.83857891391528</y>
      <orientation>-0.7026841424505064</orientation>
      <velocity>13.0</velocity>
      <steeringAngle>-0.07995</steeringAngle>
      <time>17</time>
    </ksState>
    <ksState>
      <x>19.14382500370781</x>
      <y>-12.688658036769251</y>
      <orientation>-0.7396954560993696</orientation>
      <velocity>13.0</velocity>
      <steeringAngle>-0.053299999999999986</steeringAngle>
      <time>18</time>
    </ksState>
    <ksState>
      <x>20.09816626530419</x>
      <y>-13.571356379271705</y>
      <orientation>-0.7632229846006275</orientation>
      <velocity>13.0</velocity>
      <steeringAngle>-0.02664999999999998</steeringAngle>
      <time>19</time>
    </ksState>
    <ksState>
      <x>21.034532359668443</x>
      <y>-14.473132108652887</y>
      <orientation>-0.7733002407074447</orientation>
      <velocity>13.0</velocity>
      <steeringAngle>2.42861286636753e-17</steeringAngle>
      <time>20</time>
    </ksState>
    <ksState>
      <x>21.96482451510865</x>
      <y>-15.38118304639064</y>
      <orientation>-0.7733002407074447</orientation>
      <velocity>13.0</velocity>
      <steeringAngle>0.0</steeringAngle>
      <time>21</time>
    </ksState>
    <ksState>
      <x>22.89511667054886</x>
      <y>-16.289233984128394</y>
      <orientation>-0.7733002407074447</orientation>
      <velocity>13.0</velocity>
      <steeringAngle>0.0</steeringAngle>
      <time>22</time>
    </ksState>
    <ksState>
      <x>23.825408825989065</x>
      <y>-17.197284921866146</y>
      <orientation>-0.7733002407074447</orientation>
      <velocity>13.0</velocity>
      <steeringAngle>0.0</steeringAngle>
      <time>23</time>
    </ksState>
    <ksState>
      <x>24.75570098142927</x>
      <y>-18.1053358596039</y>
      <orientation>-0.7733002407074447</orientation>
      <velocity>13.0</velocity>
      <steeringAngle>0.0</steeringAngle>
      <time>24</time>
    </ksState>
    <ksState>
      <x>25.68599313686948</x>
      <y>-19.013386797341653</y>
      <orientation>-0.7733002407074447</orientation>
      <velocity>13.0</velocity>
      <steeringAngle>0.0</steeringAngle>
      <time>25</time>
    </ksState>
    <ksState>
      <x>26.616285292309687</x>
      <y>-19.921437735079405</y>
      <orientation>-0.7733002407074447</orientation>
      <velocity>13.0</velocity>
      <steeringAngle>0.0</steeringAngle>
      <time>26</time>
    </ksState>
    <ksState>
      <x>27.546577447749897</x>
      <y>-20.82948867281716</y>
      <orientation>-0.7733002407074447</orientation>
      <velocity>13.0</velocity>
      <steeringAngle>0.0</steeringAngle>
      <time>27</time>
    </ksState>
    <ksState>
      <x>28.476869603190103</x>
      <y>-21.73753961055491</y>
      <orientation>-0.7733002407074447</orientation>
      <velocity>13.0</velocity>
      <steeringAngle>0.0</steeringAngle>
      <time>28</time>
    </ksState>
    <ksState>
      <x>29.40716175863031</x>
      <y>-22.645590548292667</y>
      <orientation>-0.7733002407074447</orientation>
      <velocity>13.0</velocity>
      <steeringAngle>0.0</steeringAngle>
      <time>29</time>
    </ksState>
    <ksState>
      <x>30.33745391407052</x>
      <y>-23.55364148603042</y>
      <orientation>-0.7733002407074447</orientation>
      <velocity>13.0</velocity>
      <steeringAngle>0.0</steeringAngle>
      <time>30</time>
    </ksState>
    <ksState>
      <x>31.267746069510725</x>
      <y>-24.46169242376817</y>
      <orientation>-0.7733002407074447</orientation>
      <velocity>13.0</velocity>
      <steeringAngle>0.0</steeringAngle>
      <time>31</time>
    </ksState>
    <ksState>
      <x>32.198038224950935</x>
      <y>-25.369743361505925</y>
      <orientation>-0.7733002407074447</orientation>
      <velocity>13.0</velocity>
      <steeringAngle>0.0</steeringAngle>
      <time>32</time>
    </ksState>
    <ksState>
      <x>33.12833038039114</x>
      <y>-26.277794299243677</y>
      <orientation>-0.7733002407074447</orientation>
      <velocity>13.0</velocity>
      <steeringAngle>0.0</steeringAngle>
      <time>33</time>
    </ksState>
    <ksState>
      <x>34.05862253583135</x>
      <y>-27.185845236981432</y>
      <orientation>-0.7733002407074447</orientation>
      <velocity>13.0</velocity>
      <steeringAngle>0.0</steeringAngle>
      <time>34</time>
    </ksState>
    <ksState>
      <x>34.98891469127156</x>
      <y>-28.093896174719184</y>
      <orientation>-0.7733002407074447</orientation>
      <velocity>13.0</velocity>
      <steeringAngle>0.0</steeringAngle>
      <time>35</time>
    </ksState>
    <ksState>
      <x>35.919206846711766</x>
      <y>-29.001947112456936</y>
      <orientation>-0.7733002407074447</orientation>
      <velocity>13.0</velocity>
      <steeringAngle>0.0</steeringAngle>
      <time>36</time>
    </ksState>
    <ksState>
      <x>36.84949900215197</x>
      <y>-29.90999805019469</y>
      <orientation>-0.7733002407074447</orientation>
      <velocity>13.0</velocity>
      <steeringAngle>0.0</steeringAngle>
      <time>37</time>
    </ksState>
    <ksState>
      <x>37.779791157592186</x>
      <y>-30.818048987932443</y>
      <orientation>-0.7733002407074447</orientation>
      <velocity>13.0</velocity>
      <steeringAngle>0.0</steeringAngle>
      <time>38</time>
    </ksState>
    <ksState>
      <x>38.71008331303239</x>
      <y>-31.726099925670198</y>
      <orientation>-0.7733002407074447</orientation>
      <velocity>13.0</velocity>
      <steeringAngle>0.0</steeringAngle>
      <time>39</time>
    </ksState>
    <ksState>
      <x>39.6403754684726</x>
      <y>-32.63415086340795</y>
      <orientation>-0.7733002407074447</orientation>
      <velocity>13.0</velocity>
      <steeringAngle>0.0</steeringAngle>
      <time>40</time>
    </ksState>
    <ksState>
      <x>40.570667623912804</x>
      <y>-33.54220180114571</y>
      <orientation>-0.7733002407074447</orientation>
      <velocity>13.0</velocity>
      <steeringAngle>0.0</steeringAngle>
      <time>41</time>
    </ksState>
    <ksState>
      <x>41.50095977935301</x>
      <y>-34.45025273888346</y>
      <orientation>-0.7733002407074447</orientation>
      <velocity>13.0</velocity>
      <steeringAngle>0.0</steeringAngle>
      <time>42</time>
    </ksState>
    <ksState>
      <x>42.431251934793224</x>
      <y>-35.35830367662121</y>
      <orientation>-0.7733002407074447</orientation>
      <velocity>13.0</velocity>
      <steeringAngle>0.0</steeringAngle>
      <time>43</time>
    </ksState>
    <ksState>
      <x>43.36154409023343</x>
      <y>-36.26635461435897</y>
      <orientation>-0.7733002407074447</orientation>
      <velocity>13.0</velocity>
      <steeringAngle>0.0</steeringAngle>
      <time>44</time>
    </ksState>
    <ksState>
      <x>44.291836245673636</x>
      <y>-37.174405552096715</y>
      <orientation>-0.7733002407074447</orientation>
      <velocity>13.0</velocity>
      <steeringAngle>0.0</steeringAngle>
      <time>45</time>
    </ksState>
    <ksState>
      <x>45.22212840111384</x>
      <y>-38.08245648983447</y>
      <orientation>-0.7733002407074447</orientation>
      <velocity>13.0</velocity>
      <steeringAngle>0.0</steeringAngle>
      <time>46</time>
    </ksState>
    <ksState>
      <x>46.15242055655405</x>
      <y>-38.99050742757222</y>
      <orientation>-0.7733002407074447</orientation>
      <velocity>13.0</velocity>
      <steeringAngle>0.0</steeringAngle>
      <time>47</time>
    </ksState>
    <ksState>
      <x>47.08271271199426</x>
      <y>-39.898558365309974</y>
      <orientation>-0.7733002407074447</orientation>
      <velocity>13.0</velocity>
      <steeringAngle>0.0</steeringAngle>
      <time>48</time>
    </ksState>
    <ksState>
      <x>48.01300486743447</x>
      <y>-40.80660930304773</y>
      <orientation>-0.7733002407074447</orientation>
      <velocity>13.0</velocity>
      <steeringAngle>0.0</steeringAngle>
      <time>49</time>
    </ksState>
    <ksState>
      <x>48.943297022874674</x>
      <y>-41.71466024078548</y>
      <orientation>-0.7733002407074447</orientation>
      <velocity>13.0</velocity>
      <steeringAngle>0.0</steeringAngle>
      <time>50</time>
    </ksState>
    <ksState>
      <x>49.87358917831488</x>
      <y>-42.62271117852323</y>
      <orientation>-0.7699415530254512</orientation>
      <velocity>13.0</velocity>
      <steeringAngle>0.026650000000000004</steeringAngle>
      <time>51</time>
    </ksState>
    <ksState>
      <x>50.80995527267913</x>
      <y>-43.52448690790441</y>
      <orientation>-0.7531421476155201</orientation>
      <velocity>13.0</velocity>
      <steeringAngle>0.05330000000000001</steeringAngle>
      <time>52</time>
    </ksState>
    <ksState>
      <x>51.764296534275516</x>
      <y>-44.40718525040687</y>
      <orientation>-0.7228781208202438</orientation>
      <velocity>13.0</velocity>
      <steeringAngle>0.07995000000000001</steeringAngle>
      <time>53</time>
    </ksState>
    <ksState>
      <x>52.747756343627536</x>
      <y>-45.25726437326084</y>
      <orientation>-0.6791063029848601</orientation>
      <velocity>13.0</velocity>
      <steeringAngle>0.10660000000000001</steeringAngle>
      <time>54</time>
    </ksState>
    <ksState>
      <x>53.77015666387279</x>
      <y>-46.06000360987287</y>
      <orientation>-0.6217640114178096</orientation>
      <velocity>13.0</velocity>
      <steeringAngle>0.13325</steeringAngle>
      <time>55</time>
    </ksState>
    <ksState>
      <x>54.839351846367876</x>
      <y>-46.79915139795583</y>
      <orientation>-0.5576067836868535</orientation>
      <velocity>13.0</velocity>
      <steeringAngle>0.1066</steeringAngle>
      <time>56</time>
    </ksState>
    <ksState>
      <x>55.9515076845855</x>
      <y>-47.47205710335038</y>
      <orientation>-0.5070587966211502</orientation>
      <velocity>13.0</velocity>
      <steeringAngle>0.07995</steeringAngle>
      <time>57</time>
    </ksState>
    <ksState>
      <x>57.094195059464276</x>
      <y>-48.091809695128376</y>
      <orientation>-0.47004748297228693</orientation>
      <velocity>13.0</velocity>
      <steeringAngle>0.053299999999999986</steeringAngle>
      <time>58</time>
    </ksState>
    <ksState>
      <x>58.25711212181902</x>
      <y>-48.67279808875269</y>
      <orientation>-0.44651995447102893</orientation>
      <velocity>13.0</velocity>
      <steeringAngle>0.02664999999999998</steeringAngle>
      <time>59</time>
    </ksState>
    <ksState>
      <x>59.431526655013954</x>
      <y>-49.2302309842625</y>
      <orientation>-0.43644269836421185</orientation>
      <velocity>13.0</velocity>
      <steeringAngle>-2.42861286636753e-17</steeringAngle>
      <time>60</time>
    </ksState>
    <ksState>
      <x>60.60966612485083</x>
      <y>-49.779764777229296</y>
      <orientation>-0.43980138604620544</orientation>
      <velocity>13.0</velocity>
      <steeringAngle>-0.026650000000000004</steeringAngle>
      <time>61</time>
    </ksState>
    <ksState>
      <x>61.78408065804577</x>
      <y>-50.33719767273911</y>
      <orientation>-0.4566007914561365</orientation>
      <velocity>13.0</velocity>
      <steeringAngle>-0.05330000000000001</steeringAngle>
      <time>62</time>
    </ksState>
    <ksState>
      <x>62.94699772040051</x>
      <y>-50.91818606636342</y>
      <orientation>-0.4868648182514128</orientation>
      <velocity>13.0</velocity>
      <steeringAngle>-0.07995000000000001</steeringAngle>
      <time>63</time>
    </ksState>
    <ksState>
      <x>64.0896850952793</x>
      <y>-51.53793865814142</y>
      <orientation>-0.5306366360867965</orientation>
      <velocity>13.0</velocity>
      <steeringAngle>-0.10660000000000001</steeringAngle>
      <time>64</time>
    </ksState>
    <ksState>
      <x>65.20184093349691</x>
      <y>-52.21084436353597</y>
      <orientation>-0.5879789276538471</orientation>
      <velocity>13.0</velocity>
      <steeringAngle>-0.13325</steeringAngle>
      <time>65</time>
    </ksState>
    <ksState>
      <x>66.271036115992</x>
      <y>-52.94999215161893</y>
      <orientation>-0.6521361553848032</orientation>
      <velocity>13.0</velocity>
      <steeringAngle>-0.1066</steeringAngle>
      <time>66</time>
    </ksState>
    <ksState>
      <x>67.29343643623726</x>
      <y>-53.75273138823096</y>
      <orientation>-0.7026841424505066</orientation>
      <velocity>13.0</velocity>
      <steeringAngle>-0.07995</steeringAngle>
      <time>67</time>
    </ksState>
    <ksState>
      <x>68.27689624558927</x>
      <y>-54.60281051108493</y>
      <orientation>-0.7396954560993697</orientation>
      <velocity>13.0</velocity>
      <steeringAngle>-0.053299999999999986</steeringAngle>
      <time>68</time>
    </ksState>
    <ksState>
      <x>69.23123750718565</x>
      <y>-55.48550885358738</y>
      <orientation>-0.7632229846006278</orientation>
      <velocity>13.0</velocity>
      <steeringAngle>-0.02664999999999998</steeringAngle>
      <time>69</time>
    </ksState>
    <ksState>
      <x>70.16760360154991</x>
      <y>-56.38728458296857</y>
      <orientation>-0.7733002407074447</orientation>
      <velocity>13.0</velocity>
      <steeringAngle>2.42861286636753e-17</steeringAngle>
      <time>70</time>
    </ksState>
    <ksState>
      <x>71.09789575699013</x>
      <y>-57.295335520706324</y>
      <orientation>-0.7733002407074447</orientation>
      <velocity>13.0</velocity>
      <steeringAngle>0.0</steeringAngle>
      <time>71</time>
    </ksState>
    <ksState>
      <x>72.02818791243033</x>
      <y>-58.20338645844407</y>
      <orientation>-0.7733002407074447</orientation>
      <velocity>13.0</velocity>
      <steeringAngle>0.0</steeringAngle>
      <time>72</time>
    </ksState>
    <ksState>
      <x>72.95848006787054</x>
      <y>-59.11143739618183</y>
      <orientation>-0.7733002407074447</orientation>
      <velocity>13.0</velocity>
      <steeringAngle>0.0</steeringAngle>
      <time>73</time>
    </ksState>
    <ksState>
      <x>73.88877222331074</x>
      <y>-60.01948833391958</y>
      <orientation>-0.7733002407074447</orientation>
      <velocity>13.0</velocity>
      <steeringAngle>0.0</steeringAngle>
      <time>74</time>
    </ksState>
    <ksState>
      <x>74.81906437875095</x>
      <y>-60.92753927165734</y>
      <orientation>-0.7733002407074447</orientation>
      <velocity>13.0</velocity>
      <steeringAngle>0.0</steeringAngle>
      <time>75</time>
    </ksState>
    <ksState>
      <x>75.74935653419116</x>
      <y>-61.83559020939509</y>
      <orientation>-0.7733002407074447</orientation>
      <velocity>13.0</velocity>
      <steeringAngle>0.0</steeringAngle>
      <time>76</time>
    </ksState>
    <ksState>
      <x>76.67964868963136</x>
      <y>-62.74364114713284</y>
      <orientation>-0.7733002407074447</orientation>
      <velocity>13.0</velocity>
      <steeringAngle>0.0</steeringAngle>
      <time>77</time>
    </ksState>
    <ksState>
      <x>77.60994084507158</x>
      <y>-63.6516920848706</y>
      <orientation>-0.7733002407074447</orientation>
      <velocity>13.0</velocity>
      <steeringAngle>0.0</steeringAngle>
      <time>78</time>
    </ksState>
    <ksState>
      <x>78.54023300051178</x>
      <y>-64.55974302260834</y>
      <orientation>-0.7733002407074447</orientation>
      <velocity>13.0</velocity>
      <steeringAngle>0.0</steeringAngle>
      <time>79</time>
    </ksState>
    <ksState>
      <x>79.47052515595199</x>
      <y>-65.4677939603461</y>
      <orientation>-0.7733002407074447</orientation>
      <velocity>13.0</velocity>
      <steeringAngle>0.0</steeringAngle>
      <time>80</time>
    </ksState>
    <ksState>
      <x>80.4008173113922</x>
      <y>-66.37584489808386</y>
      <orientation>-0.7699415530254512</orientation>
      <velocity>13.0</velocity>
      <steeringAngle>0.026650000000000004</steeringAngle>
      <time>81</time>
    </ksState>
    <ksState>
      <x>81.33718340575645</x>
      <y>-67.27762062746504</y>
      <orientation>-0.7531421476155201</orientation>
      <velocity>13.0</velocity>
      <steeringAngle>0.05330000000000001</steeringAngle>
      <time>82</time>
    </ksState>
    <ksState>
      <x>82.29152466735283</x>
      <y>-68.16031896996749</y>
      <orientation>-0.7228781208202438</orientation>
      <velocity>13.0</velocity>
      <steeringAngle>0.07995000000000001</steeringAngle>
      <time>83</time>
    </ksState>
    <ksState>
      <x>83.27498447670484</x>
      <y>-69.01039809282146</y>
      <orientation>-0.6791063029848601</orientation>
      <velocity>13.0</velocity>
      <steeringAngle>0.10660000000000001</steeringAngle>
      <time>84</time>
    </ksState>
    <ksState>
      <x>84.29738479695011</x>
      <y>-69.81313732943349</y>
      <orientation>-0.6217640114178096</orientation>
      <velocity>13.0</velocity>
      <steeringAngle>0.13325</steeringAngle>
      <time>85</time>
    </ksState>
    <ksState>
      <x>85.3665799794452</x>
      <y>-70.55228511751645</y>
      <orientation>-0.5576067836868535</orientation>
      <velocity>13.0</velocity>
      <steeringAngle>0.1066</steeringAngle>
      <time>86</time>
    </ksState>
    <ksState>
      <x>86.47873581766282</x>
      <y>-71.225190822911</y>
      <orientation>-0.5070587966211502</orientation>
      <velocity>13.0</velocity>
      <steeringAngle>0.07995</steeringAngle>
      <time>87</time>
    </ksState>
    <ksState>
      <x>87.6214231925416</x>
      <y>-71.844943414689</y>
      <orientation>-0.47004748297228693</orientation>
      <velocity>13.0</velocity>
      <steeringAngle>0.053299999999999986</steeringAngle>
      <time>88</time>
    </ksState>
    <ksState>
      <x>88.78434025489634</x>
      <y>-72.42593180831331</y>
      <orientation>-0.44651995447102893</orientation>
      <velocity>13.0</velocity>
      <steeringAngle>0.02664999999999998</steeringAngle>
      <time>89</time>
    </ksState>
    <ksState>
      <x>89.95875478809128</x>
      <y>-72.98336470382311</y>
      <orientation>-0.43644269836421185</orientation>
      <velocity>13.0</velocity>
      <steeringAngle>-2.42861286636753e-17</steeringAngle>
      <time>90</time>
    </ksState>
    <ksState>
      <x>91.13689425792816</x>
      <y>-73.53289849678991</y>
      <orientation>-0.43980138604620544</orientation>
      <velocity>13.0</velocity>
      <steeringAngle>-0.026650000000000004</steeringAngle>
      <time>91</time>
    </ksState>
    <ksState>
      <x>92.3113087911231</x>
      <y>-74.09033139229972</y>
      <orientation>-0.4566007914561365</orientation>
      <velocity>13.0</velocity>
      <steeringAngle>-0.05330000000000001</steeringAngle>
      <time>92</time>
    </ksState>
    <ksState>
      <x>93.47422585347785</x>
      <y>-74.67131978592404</y>
      <orientation>-0.4868648182514128</orientation>
      <velocity>13.0</velocity>
      <steeringAngle>-0.07995000000000001</steeringAngle>
      <time>93</time>
    </ksState>
    <ksState>
      <x>94.61691322835662</x>
      <y>-75.29107237770204</y>
      <orientation>-0.5306366360867965</orientation>
      <velocity>13.0</velocity>
      <steeringAngle>-0.10660000000000001</steeringAngle>
      <time>94</time>
    </ksState>
    <ksState>
      <x>95.72906906657424</x>
      <y>-75.96397808309659</y>
      <orientation>-0.5879789276538471</orientation>
      <velocity>13.0</velocity>
      <steeringAngle>-0.13325</steeringAngle>
      <time>95</time>
    </ksState>
    <ksState>
      <x>96.79826424906933</x>
      <y>-76.70312587117955</y>
      <orientation>-0.6521361553848032</orientation>
      <velocity>13.0</velocity>
      <steeringAngle>-0.1066</steeringAngle>
      <time>96</time>
    </ksState>
    <ksState>
      <x>97.82066456931459</x>
      <y>-77.50586510779158</y>
      <orientation>-0.7026841424505066</orientation>
      <velocity>13.0</velocity>
      <steeringAngle>-0.07995</steeringAngle>
      <time>97</time>
    </ksState>
    <ksState>
      <x>98.8041243786666</x>
      <y>-78.35594423064555</y>
      <orientation>-0.7396954560993697</orientation>
      <velocity>13.0</velocity>
      <steeringAngle>-0.053299999999999986</steeringAngle>
      <time>98</time>
    </ksState>
    <ksState>
      <x>99.75846564026298</x>
      <y>-79.23864257314801</y>
      <orientation>-0.7632229846006278</orientation>
      <velocity>13.0</velocity>
      <steeringAngle>-0.02664999999999998</steeringAngle>
      <time>99</time>
    </ksState>
    <ksState>
      <x>100.69483173462724</x>
      <y>-80.14041830252918</y>
      <orientation>-0.7733002407074447</orientation>
      <velocity>13.0</velocity>
      <steeringAngle>2.42861286636753e-17</steeringAngle>
      <time>100</time>
    </ksState>
    <ksState>
      <x>101.62512389006746</x>
      <y>-81.04846924026694</y>
      <orientation>-0.7733002407074447</orientation>
      <velocity>13.0</velocity>
      <steeringAngle>0.0</steeringAngle>
      <time>101</time>
    </ksState>
    <ksState>
      <x>102.55541604550766</x>
      <y>-81.9565201780047</y>
      <orientation>-0.7733002407074447</orientation>
      <velocity>13.0</velocity>
      <steeringAngle>0.0</steeringAngle>
      <time>102</time>
    </ksState>
    <ksState>
      <x>103.48570820094787</x>
      <y>-82.86457111574245</y>
      <orientation>-0.7733002407074447</orientation>
      <velocity>13.0</velocity>
      <steeringAngle>0.0</steeringAngle>
      <time>103</time>
    </ksState>
    <ksState>
      <x>104.41600035638807</x>
      <y>-83.77262205348019</y>
      <orientation>-0.7733002407074447</orientation>
      <velocity>13.0</velocity>
      <steeringAngle>0.0</steeringAngle>
      <time>104</time>
    </ksState>
    <ksState>
      <x>105.34629251182828</x>
      <y>-84.68067299121795</y>
      <orientation>-0.7733002407074447</orientation>
      <velocity>13.0</velocity>
      <steeringAngle>0.0</steeringAngle>
      <time>105</time>
    </ksState>
    <ksState>
      <x>106.2765846672685</x>
      <y>-85.5887239289557</y>
      <orientation>-0.7733002407074447</orientation>
      <velocity>13.0</velocity>
      <steeringAngle>0.0</steeringAngle>
      <time>106</time>
    </ksState>
    <ksState>
      <x>107.2068768227087</x>
      <y>-86.49677486669346</y>
      <orientation>-0.7733002407074447</orientation>
      <velocity>13.0</velocity>
      <steeringAngle>0.0</steeringAngle>
      <time>107</time>
    </ksState>
    <ksState>
      <x>108.1371689781489</x>
      <y>-87.40482580443121</y>
      <orientation>-0.7733002407074447</orientation>
      <velocity>13.0</velocity>
      <steeringAngle>0.0</steeringAngle>
      <time>108</time>
    </ksState>
    <ksState>
      <x>109.0674611335891</x>
      <y>-88.31287674216895</y>
      <orientation>-0.7733002407074447</orientation>
      <velocity>13.0</velocity>
      <steeringAngle>0.0</steeringAngle>
      <time>109</time>
    </ksState>
    <ksState>
      <x>109.99775328902932</x>
      <y>-89.22092767990671</y>
      <orientation>-0.7733002407074447</orientation>
      <velocity>13.0</velocity>
      <steeringAngle>0.0</steeringAngle>
      <time>110</time>
    </ksState>
    <ksState>
      <x>110.92804544446953</x>
      <y>-90.12897861764446</y>
      <orientation>-0.7733002407074447</orientation>
      <velocity>13.0</velocity>
      <steeringAngle>0.0</steeringAngle>
      <time>111</time>
    </ksState>
    <ksState>
      <x>111.85833759990973</x>
      <y>-91.03702955538222</y>
      <orientation>-0.7733002407074447</orientation>
      <velocity>13.0</velocity>
      <steeringAngle>0.0</steeringAngle>
      <time>112</time>
    </ksState>
    <ksState>
      <x>112.78862975534994</x>
      <y>-91.94508049311997</y>
      <orientation>-0.7733002407074447</orientation>
      <velocity>13.0</velocity>
      <steeringAngle>0.0</steeringAngle>
      <time>113</time>
    </ksState>
    <ksState>
      <x>113.71892191079014</x>
      <y>-92.85313143085772</y>
      <orientation>-0.7733002407074447</orientation>
      <velocity>13.0</velocity>
      <steeringAngle>0.0</steeringAngle>
      <time>114</time>
    </ksState>
    <ksState>
      <x>114.64921406623036</x>
      <y>-93.76118236859547</y>
      <orientation>-0.7733002407074447</orientation>
      <velocity>13.0</velocity>
      <steeringAngle>0.0</steeringAngle>
      <time>115</time>
    </ksState>
    <ksState>
      <x>115.57592817491887</x>
      <y>-94.66574080272655</y>
      <orientation>-0.7699673890845434</orientation>
      <velocity>12.8</velocity>
      <steeringAngle>0.026650000000000004</steeringAngle>
      <time>116</time>
    </ksState>
    <ksState>
      <x>116.49420735252109</x>
      <y>-95.55025794082941</y>
      <orientation>-0.7535039809654198</orientation>
      <velocity>12.600000000000001</velocity>
      <steeringAngle>0.05330000000000001</steeringAngle>
      <time>117</time>
    </ksState>
    <ksState>
      <x>117.41500808040288</x>
      <y>-96.40295022941014</y>
      <orientation>-0.7243005191121452</orientation>
      <velocity>12.400000000000002</velocity>
      <steeringAngle>0.07995000000000001</steeringAngle>
      <time>118</time>
    </ksState>
    <ksState>
      <x>118.34774092788409</x>
      <y>-97.21232836641529</y>
      <orientation>-0.6827303070188997</orientation>
      <velocity>12.200000000000003</velocity>
      <steeringAngle>0.10660000000000001</steeringAngle>
      <time>119</time>
    </ksState>
    <ksState>
      <x>119.29991204676585</x>
      <y>-97.96688701401128</y>
      <orientation>-0.6291504037326444</orientation>
      <velocity>12.000000000000004</velocity>
      <steeringAngle>0.13325</steeringAngle>
      <time>120</time>
    </ksState>
  </ksTrajectory>
</CommonRoadSolution>
