<?xml version="1.0" ?>
<CommonRoadSolution benchmark_id="KS2:SM1:CHN_Sha-17_1_T-1:2018b" date="2019-11-18">
  <ksTrajectory planningProblem="0">
    <ksState>
      <x>-40.9189</x>
      <y>-121.841</y>
      <orientation>-2.8326</orientation>
      <velocity>3.0</velocity>
      <steeringAngle>0.0</steeringAngle>
      <time>0</time>
    </ksState>
    <ksState>
      <x>-41.228508125569405</x>
      <y>-121.93983222440784</y>
      <orientation>-2.8326</orientation>
      <velocity>4.0</velocity>
      <steeringAngle>0.0</steeringAngle>
      <time>1</time>
    </ksState>
    <ksState>
      <x>-41.633380289775545</x>
      <y>-122.06907436401809</y>
      <orientation>-2.8326</orientation>
      <velocity>5.0</velocity>
      <steeringAngle>0.0</steeringAngle>
      <time>2</time>
    </ksState>
    <ksState>
      <x>-42.13351649261842</x>
      <y>-122.22872641883075</y>
      <orientation>-2.8326</orientation>
      <velocity>6.0</velocity>
      <steeringAngle>0.0</steeringAngle>
      <time>3</time>
    </ksState>
    <ksState>
      <x>-42.72891673409804</x>
      <y>-122.41878838884583</y>
      <orientation>-2.8326</orientation>
      <velocity>7.0</velocity>
      <steeringAngle>0.0</steeringAngle>
      <time>4</time>
    </ksState>
    <ksState>
      <x>-43.4195810142144</x>
      <y>-122.63926027406332</y>
      <orientation>-2.8326</orientation>
      <velocity>8.0</velocity>
      <steeringAngle>0.0</steeringAngle>
      <time>5</time>
    </ksState>
    <ksState>
      <x>-44.19598292910382</x>
      <y>-122.88710108296299</y>
      <orientation>-2.8326</orientation>
      <velocity>8.600000000000001</velocity>
      <steeringAngle>0.0</steeringAngle>
      <time>6</time>
    </ksState>
    <ksState>
      <x>-45.02954326717529</x>
      <y>-123.15318784098409</y>
      <orientation>-2.8326</orientation>
      <velocity>9.200000000000003</velocity>
      <steeringAngle>0.0</steeringAngle>
      <time>7</time>
    </ksState>
    <ksState>
      <x>-45.9202620284288</x>
      <y>-123.43752054812664</y>
      <orientation>-2.8326</orientation>
      <velocity>9.800000000000004</velocity>
      <steeringAngle>0.0</steeringAngle>
      <time>8</time>
    </ksState>
    <ksState>
      <x>-46.86813921286435</x>
      <y>-123.74009920439065</y>
      <orientation>-2.8326</orientation>
      <velocity>10.400000000000006</velocity>
      <steeringAngle>0.0</steeringAngle>
      <time>9</time>
    </ksState>
    <ksState>
      <x>-47.87317482048195</x>
      <y>-124.0609238097761</y>
      <orientation>-2.8326</orientation>
      <velocity>11.000000000000007</velocity>
      <steeringAngle>0.0</steeringAngle>
      <time>10</time>
    </ksState>
    <ksState>
      <x>-48.93536885128159</x>
      <y>-124.399994364283</y>
      <orientation>-2.8326</orientation>
      <velocity>11.600000000000001</velocity>
      <steeringAngle>0.0</steeringAngle>
      <time>11</time>
    </ksState>
    <ksState>
      <x>-50.05472130526327</x>
      <y>-124.75731086791134</y>
      <orientation>-2.8326</orientation>
      <velocity>12.200000000000003</velocity>
      <steeringAngle>0.0</steeringAngle>
      <time>12</time>
    </ksState>
    <ksState>
      <x>-51.231232182427</x>
      <y>-125.13287332066113</y>
      <orientation>-2.8326</orientation>
      <velocity>12.800000000000004</velocity>
      <steeringAngle>0.0</steeringAngle>
      <time>13</time>
    </ksState>
    <ksState>
      <x>-52.46490148277277</x>
      <y>-125.52668172253237</y>
      <orientation>-2.8326</orientation>
      <velocity>13.400000000000006</velocity>
      <steeringAngle>0.0</steeringAngle>
      <time>14</time>
    </ksState>
    <ksState>
      <x>-53.755729206300586</x>
      <y>-125.93873607352506</y>
      <orientation>-2.8326</orientation>
      <velocity>14.000000000000007</velocity>
      <steeringAngle>0.0</steeringAngle>
      <time>15</time>
    </ksState>
    <ksState>
      <x>-55.098952151078606</x>
      <y>-126.36751587787907</y>
      <orientation>-2.8326</orientation>
      <velocity>14.399999999999999</velocity>
      <steeringAngle>0.0</steeringAngle>
      <time>16</time>
    </ksState>
    <ksState>
      <x>-56.48028071131132</x>
      <y>-126.80845964831406</y>
      <orientation>-2.8326</orientation>
      <velocity>14.799999999999997</velocity>
      <steeringAngle>0.0</steeringAngle>
      <time>17</time>
    </ksState>
    <ksState>
      <x>-57.89971488699873</x>
      <y>-127.26156738483</y>
      <orientation>-2.8326</orientation>
      <velocity>15.199999999999996</velocity>
      <steeringAngle>0.0</steeringAngle>
      <time>18</time>
    </ksState>
    <ksState>
      <x>-59.35725467814083</x>
      <y>-127.72683908742691</y>
      <orientation>-2.8326</orientation>
      <velocity>15.599999999999994</velocity>
      <steeringAngle>0.0</steeringAngle>
      <time>19</time>
    </ksState>
    <ksState>
      <x>-60.852900084737634</x>
      <y>-128.20427475610478</y>
      <orientation>-2.8326</orientation>
      <velocity>15.999999999999993</velocity>
      <steeringAngle>0.0</steeringAngle>
      <time>20</time>
    </ksState>
    <ksState>
      <x>-62.38665110678913</x>
      <y>-128.6938743908636</y>
      <orientation>-2.8326</orientation>
      <velocity>16.4</velocity>
      <steeringAngle>0.0</steeringAngle>
      <time>21</time>
    </ksState>
    <ksState>
      <x>-63.958507744295325</x>
      <y>-129.19563799170342</y>
      <orientation>-2.8326</orientation>
      <velocity>16.799999999999997</velocity>
      <steeringAngle>0.0</steeringAngle>
      <time>22</time>
    </ksState>
    <ksState>
      <x>-65.56846999725622</x>
      <y>-129.70956555862418</y>
      <orientation>-2.8326</orientation>
      <velocity>17.199999999999996</velocity>
      <steeringAngle>0.0</steeringAngle>
      <time>23</time>
    </ksState>
    <ksState>
      <x>-67.2165378656718</x>
      <y>-130.2356570916259</y>
      <orientation>-2.8326</orientation>
      <velocity>17.599999999999994</velocity>
      <steeringAngle>0.0</steeringAngle>
      <time>24</time>
    </ksState>
    <ksState>
      <x>-68.90271134954207</x>
      <y>-130.77391259070862</y>
      <orientation>-2.8326</orientation>
      <velocity>17.999999999999993</velocity>
      <steeringAngle>0.0</steeringAngle>
      <time>25</time>
    </ksState>
    <ksState>
      <x>-70.62699044886705</x>
      <y>-131.32433205587228</y>
      <orientation>-2.8326</orientation>
      <velocity>18.4</velocity>
      <steeringAngle>0.0</steeringAngle>
      <time>26</time>
    </ksState>
    <ksState>
      <x>-72.38937516364672</x>
      <y>-131.8869154871169</y>
      <orientation>-2.8326</orientation>
      <velocity>18.799999999999997</velocity>
      <steeringAngle>0.0</steeringAngle>
      <time>27</time>
    </ksState>
    <ksState>
      <x>-74.18986549388109</x>
      <y>-132.4616628844425</y>
      <orientation>-2.8326</orientation>
      <velocity>19.199999999999996</velocity>
      <steeringAngle>0.0</steeringAngle>
      <time>28</time>
    </ksState>
    <ksState>
      <x>-76.02846143957015</x>
      <y>-133.04857424784905</y>
      <orientation>-2.8326</orientation>
      <velocity>19.599999999999994</velocity>
      <steeringAngle>0.0</steeringAngle>
      <time>29</time>
    </ksState>
    <ksState>
      <x>-77.9051630007139</x>
      <y>-133.64764957733658</y>
      <orientation>-2.8326</orientation>
      <velocity>19.999999999999993</velocity>
      <steeringAngle>0.0</steeringAngle>
      <time>30</time>
    </ksState>
    <ksState>
      <x>-79.81044377344868</x>
      <y>-134.25584788138482</y>
      <orientation>-2.8326</orientation>
      <velocity>20.0</velocity>
      <steeringAngle>0.0</steeringAngle>
      <time>31</time>
    </ksState>
    <ksState>
      <x>-81.71572454618345</x>
      <y>-134.86404618543307</y>
      <orientation>-2.8326</orientation>
      <velocity>20.0</velocity>
      <steeringAngle>0.0</steeringAngle>
      <time>32</time>
    </ksState>
    <ksState>
      <x>-83.62100531891824</x>
      <y>-135.4722444894813</y>
      <orientation>-2.8326</orientation>
      <velocity>20.0</velocity>
      <steeringAngle>0.0</steeringAngle>
      <time>33</time>
    </ksState>
    <ksState>
      <x>-85.52628609165302</x>
      <y>-136.08044279352956</y>
      <orientation>-2.8326</orientation>
      <velocity>20.0</velocity>
      <steeringAngle>0.0</steeringAngle>
      <time>34</time>
    </ksState>
    <ksState>
      <x>-87.43156686438779</x>
      <y>-136.6886410975778</y>
      <orientation>-2.8326</orientation>
      <velocity>20.0</velocity>
      <steeringAngle>0.0</steeringAngle>
      <time>35</time>
    </ksState>
    <ksState>
      <x>-89.33684763712257</x>
      <y>-137.29683940162604</y>
      <orientation>-2.8326</orientation>
      <velocity>20.0</velocity>
      <steeringAngle>0.0</steeringAngle>
      <time>36</time>
    </ksState>
    <ksState>
      <x>-91.24212840985734</x>
      <y>-137.9050377056743</y>
      <orientation>-2.8326</orientation>
      <velocity>20.0</velocity>
      <steeringAngle>0.0</steeringAngle>
      <time>37</time>
    </ksState>
    <ksState>
      <x>-93.14740918259213</x>
      <y>-138.51323600972253</y>
      <orientation>-2.8326</orientation>
      <velocity>20.0</velocity>
      <steeringAngle>0.0</steeringAngle>
      <time>38</time>
    </ksState>
    <ksState>
      <x>-95.05268995532691</x>
      <y>-139.12143431377078</y>
      <orientation>-2.8326</orientation>
      <velocity>20.0</velocity>
      <steeringAngle>0.0</steeringAngle>
      <time>39</time>
    </ksState>
    <ksState>
      <x>-96.95797072806168</x>
      <y>-139.72963261781902</y>
      <orientation>-2.8326</orientation>
      <velocity>20.0</velocity>
      <steeringAngle>0.0</steeringAngle>
      <time>40</time>
    </ksState>
    <ksState>
      <x>-98.86325150079647</x>
      <y>-140.33783092186727</y>
      <orientation>-2.8326</orientation>
      <velocity>20.0</velocity>
      <steeringAngle>0.0</steeringAngle>
      <time>41</time>
    </ksState>
    <ksState>
      <x>-100.76853227353124</x>
      <y>-140.9460292259155</y>
      <orientation>-2.8326</orientation>
      <velocity>20.0</velocity>
      <steeringAngle>0.0</steeringAngle>
      <time>42</time>
    </ksState>
    <ksState>
      <x>-102.67381304626602</x>
      <y>-141.55422752996375</y>
      <orientation>-2.8326</orientation>
      <velocity>20.0</velocity>
      <steeringAngle>0.0</steeringAngle>
      <time>43</time>
    </ksState>
    <ksState>
      <x>-104.5790938190008</x>
      <y>-142.162425834012</y>
      <orientation>-2.8326</orientation>
      <velocity>20.0</velocity>
      <steeringAngle>0.0</steeringAngle>
      <time>44</time>
    </ksState>
    <ksState>
      <x>-106.48437459173557</x>
      <y>-142.77062413806024</y>
      <orientation>-2.8326</orientation>
      <velocity>20.0</velocity>
      <steeringAngle>0.0</steeringAngle>
      <time>45</time>
    </ksState>
    <ksState>
      <x>-108.38489216253852</x>
      <y>-143.37730194634835</y>
      <orientation>-2.8326</orientation>
      <velocity>19.799999999999997</velocity>
      <steeringAngle>0.0</steeringAngle>
      <time>46</time>
    </ksState>
    <ksState>
      <x>-110.2663569256141</x>
      <y>-143.97789777159602</y>
      <orientation>-2.8326</orientation>
      <velocity>19.599999999999994</velocity>
      <steeringAngle>0.0</steeringAngle>
      <time>47</time>
    </ksState>
    <ksState>
      <x>-112.12876888096235</x>
      <y>-144.57241161380318</y>
      <orientation>-2.8326</orientation>
      <velocity>19.39999999999999</velocity>
      <steeringAngle>0.0</steeringAngle>
      <time>48</time>
    </ksState>
    <ksState>
      <x>-113.97212802858326</x>
      <y>-145.16084347296984</y>
      <orientation>-2.8326</orientation>
      <velocity>19.19999999999999</velocity>
      <steeringAngle>0.0</steeringAngle>
      <time>49</time>
    </ksState>
    <ksState>
      <x>-115.79643436847681</x>
      <y>-145.74319334909603</y>
      <orientation>-2.8326</orientation>
      <velocity>18.999999999999986</velocity>
      <steeringAngle>0.0</steeringAngle>
      <time>50</time>
    </ksState>
    <ksState>
      <x>-117.58263509291567</x>
      <y>-146.31337925914127</y>
      <orientation>-2.8326</orientation>
      <velocity>18.0</velocity>
      <steeringAngle>0.0</steeringAngle>
      <time>51</time>
    </ksState>
    <ksState>
      <x>-119.27357177871778</x>
      <y>-146.85315525398408</y>
      <orientation>-2.8326</orientation>
      <velocity>17.0</velocity>
      <steeringAngle>0.0</steeringAngle>
      <time>52</time>
    </ksState>
    <ksState>
      <x>-120.86924442588315</x>
      <y>-147.3625213336245</y>
      <orientation>-2.8326</orientation>
      <velocity>16.0</velocity>
      <steeringAngle>0.0</steeringAngle>
      <time>53</time>
    </ksState>
    <ksState>
      <x>-122.3696530344118</x>
      <y>-147.8414774980625</y>
      <orientation>-2.8326</orientation>
      <velocity>15.0</velocity>
      <steeringAngle>0.0</steeringAngle>
      <time>54</time>
    </ksState>
    <ksState>
      <x>-123.7747976043037</x>
      <y>-148.29002374729805</y>
      <orientation>-2.8326</orientation>
      <velocity>14.0</velocity>
      <steeringAngle>0.0</steeringAngle>
      <time>55</time>
    </ksState>
    <ksState>
      <x>-125.09896774135437</x>
      <y>-148.71272156861158</y>
      <orientation>-2.829034623845268</orientation>
      <velocity>13.600000000000001</velocity>
      <steeringAngle>0.026650000000000004</steeringAngle>
      <time>56</time>
    </ksState>
    <ksState>
      <x>-126.38209659903819</x>
      <y>-149.13231402221012</y>
      <orientation>-2.811614951062342</orientation>
      <velocity>13.200000000000003</velocity>
      <steeringAngle>0.05330000000000001</steeringAngle>
      <time>57</time>
    </ksState>
    <ksState>
      <x>-127.61848867123902</x>
      <y>-149.5651588800362</y>
      <orientation>-2.781144052089894</orientation>
      <velocity>12.800000000000004</velocity>
      <steeringAngle>0.07995000000000001</steeringAngle>
      <time>58</time>
    </ksState>
    <ksState>
      <x>-128.80234256751285</x>
      <y>-150.02475713302107</y>
      <orientation>-2.7384083828283723</orientation>
      <velocity>12.400000000000006</velocity>
      <steeringAngle>0.10660000000000001</steeringAngle>
      <time>59</time>
    </ksState>
    <ksState>
      <x>-129.9273747276194</x>
      <y>-150.52170014963144</y>
      <orientation>-2.684179922317755</orientation>
      <velocity>12.000000000000007</velocity>
      <steeringAngle>0.13325</steeringAngle>
      <time>60</time>
    </ksState>
    <ksState>
      <x>-131.00431832151094</x>
      <y>-151.07300456624188</y>
      <orientation>-2.62449060219738</orientation>
      <velocity>12.399999999999999</velocity>
      <steeringAngle>0.1066</steeringAngle>
      <time>61</time>
    </ksState>
    <ksState>
      <x>-132.08269520314693</x>
      <y>-151.7049419194523</y>
      <orientation>-2.575912863158315</orientation>
      <velocity>12.799999999999997</velocity>
      <steeringAngle>0.07995</steeringAngle>
      <time>62</time>
    </ksState>
    <ksState>
      <x>-133.16470950085278</x>
      <y>-152.40721010267822</y>
      <orientation>-2.5392122260997554</orientation>
      <velocity>13.199999999999996</velocity>
      <steeringAngle>0.053299999999999986</steeringAngle>
      <time>63</time>
    </ksState>
    <ksState>
      <x>-134.2553805795512</x>
      <y>-153.16829759077353</y>
      <orientation>-2.515167645821784</orientation>
      <velocity>13.599999999999994</velocity>
      <steeringAngle>0.02664999999999998</steeringAngle>
      <time>64</time>
    </ksState>
    <ksState>
      <x>-135.36239968864305</x>
      <y>-153.97538216674977</y>
      <orientation>-2.5045736134687755</orientation>
      <velocity>13.999999999999993</velocity>
      <steeringAngle>-2.42861286636753e-17</steeringAngle>
      <time>65</time>
    </ksState>
    <ksState>
      <x>-136.48380169660433</x>
      <y>-154.8051306446275</y>
      <orientation>-2.5081648256825995</orientation>
      <velocity>13.8</velocity>
      <steeringAngle>-0.026650000000000004</steeringAngle>
      <time>66</time>
    </ksState>
    <ksState>
      <x>-137.594933879779</x>
      <y>-155.6150604131544</y>
      <orientation>-2.525920495756333</orientation>
      <velocity>13.600000000000001</velocity>
      <steeringAngle>-0.05330000000000001</steeringAngle>
      <time>67</time>
    </ksState>
    <ksState>
      <x>-138.70656514995625</x>
      <y>-156.38979268274147</y>
      <orientation>-2.5574519596707828</orientation>
      <velocity>13.400000000000002</velocity>
      <steeringAngle>-0.07995000000000001</steeringAngle>
      <time>68</time>
    </ksState>
    <ksState>
      <x>-139.82771685050398</x>
      <y>-157.11439659130392</y>
      <orientation>-2.6023892346744426</orientation>
      <velocity>13.200000000000003</velocity>
      <steeringAngle>-0.10660000000000001</steeringAngle>
      <time>69</time>
    </ksState>
    <ksState>
      <x>-140.96513998481313</x>
      <y>-157.77407032412708</y>
      <orientation>-2.6603800834658555</orientation>
      <velocity>13.000000000000004</velocity>
      <steeringAngle>-0.13325</steeringAngle>
      <time>70</time>
    </ksState>
    <ksState>
      <x>-142.1363539305084</x>
      <y>-158.36047314276456</y>
      <orientation>-2.72500457495015</orientation>
      <velocity>13.399999999999999</velocity>
      <steeringAngle>-0.1066</steeringAngle>
      <time>71</time>
    </ksState>
    <ksState>
      <x>-143.3783031071291</x>
      <y>-158.88934946054263</y>
      <orientation>-2.7774706206865774</orientation>
      <velocity>13.799999999999997</velocity>
      <steeringAngle>-0.07995</steeringAngle>
      <time>72</time>
    </ksState>
    <ksState>
      <x>-144.6823635097611</x>
      <y>-159.37029074707908</y>
      <orientation>-2.8170182818719725</orientation>
      <velocity>14.199999999999996</velocity>
      <steeringAngle>-0.053299999999999986</steeringAngle>
      <time>73</time>
    </ksState>
    <ksState>
      <x>-146.04099706533063</x>
      <y>-159.81627794405395</y>
      <orientation>-2.8428726720346558</orientation>
      <velocity>14.599999999999994</velocity>
      <steeringAngle>-0.02664999999999998</steeringAngle>
      <time>74</time>
    </ksState>
    <ksState>
      <x>-147.44751971561456</x>
      <y>-160.24355218687793</y>
      <orientation>-2.8542418779343426</orientation>
      <velocity>14.999999999999993</velocity>
      <steeringAngle>2.42861286636753e-17</steeringAngle>
      <time>75</time>
    </ksState>
    <ksState>
      <x>-148.88122182063708</x>
      <y>-160.66725405618462</y>
      <orientation>-2.850392305129596</orientation>
      <velocity>14.8</velocity>
      <steeringAngle>0.026650000000000004</steeringAngle>
      <time>76</time>
    </ksState>
    <ksState>
      <x>-150.2924895994156</x>
      <y>-161.09610885220545</y>
      <orientation>-2.831344373101252</orientation>
      <velocity>14.600000000000001</velocity>
      <steeringAngle>0.05330000000000001</steeringAngle>
      <time>77</time>
    </ksState>
    <ksState>
      <x>-151.6746035154144</x>
      <y>-161.55071354259837</y>
      <orientation>-2.797484907125628</orientation>
      <velocity>14.400000000000002</velocity>
      <steeringAngle>0.07995000000000001</steeringAngle>
      <time>78</time>
    </ksState>
    <ksState>
      <x>-153.01991577758452</x>
      <y>-162.04981507834214</y>
      <orientation>-2.749180569211554</orientation>
      <velocity>14.200000000000003</velocity>
      <steeringAngle>0.10660000000000001</steeringAngle>
      <time>79</time>
    </ksState>
    <ksState>
      <x>-154.31913668902686</x>
      <y>-162.61000758133073</y>
      <orientation>-2.686778774914983</orientation>
      <velocity>14.000000000000004</velocity>
      <steeringAngle>0.13325</steeringAngle>
      <time>80</time>
    </ksState>
    <ksState>
      <x>-155.55639692025431</x>
      <y>-163.2429750368814</y>
      <orientation>-2.6181536395734457</orientation>
      <velocity>13.600000000000001</velocity>
      <steeringAngle>0.1066</steeringAngle>
      <time>81</time>
    </ksState>
    <ksState>
      <x>-156.71595994534252</x>
      <y>-163.93402562836363</y>
      <orientation>-2.5656354044811045</orientation>
      <velocity>13.200000000000003</velocity>
      <steeringAngle>0.07995</steeringAngle>
      <time>82</time>
    </ksState>
    <ksState>
      <x>-157.80724635759105</x>
      <y>-164.65860385300593</y>
      <orientation>-2.5283134142419375</orientation>
      <velocity>12.800000000000004</velocity>
      <steeringAngle>0.053299999999999986</steeringAngle>
      <time>83</time>
    </ksState>
    <ksState>
      <x>-158.8409622200604</x>
      <y>-165.39634421292143</y>
      <orientation>-2.505302937517393</orientation>
      <velocity>12.400000000000006</velocity>
      <steeringAngle>0.02664999999999998</steeringAngle>
      <time>84</time>
    </ksState>
    <ksState>
      <x>-159.8279256464062</x>
      <y>-166.13036578137513</y>
      <orientation>-2.4957424576567675</orientation>
      <velocity>12.000000000000007</velocity>
      <steeringAngle>-2.42861286636753e-17</steeringAngle>
      <time>85</time>
    </ksState>
    <ksState>
      <x>-160.79022459818998</x>
      <y>-166.855628304463</y>
      <orientation>-2.4988686208069306</orientation>
      <velocity>12.2</velocity>
      <steeringAngle>-0.026650000000000004</steeringAngle>
      <time>86</time>
    </ksState>
    <ksState>
      <x>-161.7731098297215</x>
      <y>-167.58675531653464</y>
      <orientation>-2.5147117615530594</orientation>
      <velocity>12.399999999999999</velocity>
      <steeringAngle>-0.05330000000000001</steeringAngle>
      <time>87</time>
    </ksState>
    <ksState>
      <x>-162.78604777018882</x>
      <y>-168.31057710586433</y>
      <orientation>-2.5437083512291623</orientation>
      <velocity>12.599999999999998</velocity>
      <steeringAngle>-0.07995000000000001</steeringAngle>
      <time>88</time>
    </ksState>
    <ksState>
      <x>-163.83850120298052</x>
      <y>-169.01229893285867</y>
      <orientation>-2.5863147118962697</orientation>
      <velocity>12.799999999999997</velocity>
      <steeringAngle>-0.10660000000000001</steeringAngle>
      <time>89</time>
    </ksState>
    <ksState>
      <x>-164.93927031766748</x>
      <y>-169.67505173370068</y>
      <orientation>-2.643008446238958</orientation>
      <velocity>12.999999999999996</velocity>
      <steeringAngle>-0.13325</steeringAngle>
      <time>90</time>
    </ksState>
    <ksState>
      <x>-166.09118216603417</x>
      <y>-170.27722852210346</y>
      <orientation>-2.707165673969914</orientation>
      <velocity>13.0</velocity>
      <steeringAngle>-0.1066</steeringAngle>
      <time>91</time>
    </ksState>
    <ksState>
      <x>-167.27759008777235</x>
      <y>-170.8083866342235</y>
      <orientation>-2.757713661035617</orientation>
      <velocity>13.0</velocity>
      <steeringAngle>-0.07995</steeringAngle>
      <time>92</time>
    </ksState>
    <ksState>
      <x>-168.4877673622412</x>
      <y>-171.28304301107113</y>
      <orientation>-2.7947249746844802</orientation>
      <velocity>13.0</velocity>
      <steeringAngle>-0.053299999999999986</steeringAngle>
      <time>93</time>
    </ksState>
    <ksState>
      <x>-169.7132581427652</x>
      <y>-171.71674331576614</y>
      <orientation>-2.8182525031857386</orientation>
      <velocity>13.0</velocity>
      <steeringAngle>-0.02664999999999998</steeringAngle>
      <time>94</time>
    </ksState>
    <ksState>
      <x>-170.94726504777228</x>
      <y>-172.12565392601095</y>
      <orientation>-2.8283297592925556</orientation>
      <velocity>13.0</velocity>
      <steeringAngle>2.42861286636753e-17</steeringAngle>
      <time>95</time>
    </ksState>
    <ksState>
      <x>-172.16497145170376</x>
      <y>-172.52010432064156</y>
      <orientation>-2.825074415846931</orientation>
      <velocity>12.2</velocity>
      <steeringAngle>0.026650000000000004</steeringAngle>
      <time>96</time>
    </ksState>
    <ksState>
      <x>-173.30419231225358</x>
      <y>-172.8971474525059</y>
      <orientation>-2.8096189996002296</orientation>
      <velocity>11.399999999999999</velocity>
      <steeringAngle>0.05330000000000001</steeringAngle>
      <time>97</time>
    </ksState>
    <ksState>
      <x>-174.3608916112296</x>
      <y>-173.26828489549868</y>
      <orientation>-2.7835972325729608</orientation>
      <velocity>10.599999999999998</velocity>
      <steeringAngle>0.07995000000000001</steeringAngle>
      <time>98</time>
    </ksState>
    <ksState>
      <x>-175.3319496471407</x>
      <y>-173.64053885127336</y>
      <orientation>-2.7486318377061294</orientation>
      <velocity>9.799999999999997</velocity>
      <steeringAngle>0.10660000000000001</steeringAngle>
      <time>99</time>
    </ksState>
    <ksState>
      <x>-176.21502920156047</x>
      <y>-174.0169366544525</y>
      <orientation>-2.70633909926226</orientation>
      <velocity>8.999999999999996</velocity>
      <steeringAngle>0.13325</steeringAngle>
      <time>100</time>
    </ksState>
    <ksState>
      <x>-177.0086338486938</x>
      <y>-174.39704954493322</y>
      <orientation>-2.6628570844936594</orientation>
      <velocity>8.2</velocity>
      <steeringAngle>0.1066</steeringAngle>
      <time>101</time>
    </ksState>
    <ksState>
      <x>-177.71559008609714</x>
      <y>-174.77143785068117</y>
      <orientation>-2.631698441558851</orientation>
      <velocity>7.399999999999999</velocity>
      <steeringAngle>0.07995</steeringAngle>
      <time>102</time>
    </ksState>
    <ksState>
      <x>-178.34201947895278</x>
      <y>-175.12635911570828</y>
      <orientation>-2.6111479194903944</orientation>
      <velocity>6.599999999999998</velocity>
      <steeringAngle>0.053299999999999986</steeringAngle>
      <time>103</time>
    </ksState>
    <ksState>
      <x>-178.89299516348953</x>
      <y>-175.45196781857314</y>
      <orientation>-2.5995133538508357</orientation>
      <velocity>5.799999999999997</velocity>
      <steeringAngle>0.02664999999999998</steeringAngle>
      <time>104</time>
    </ksState>
    <ksState>
      <x>-179.3722937370135</x>
      <y>-175.74157474854084</y>
      <orientation>-2.5951206915164713</orientation>
      <velocity>4.9999999999999964</velocity>
      <steeringAngle>-2.42861286636753e-17</steeringAngle>
      <time>105</time>
    </ksState>
    <ksState>
      <x>-179.77811629164034</x>
      <y>-175.98842096414106</y>
      <orientation>-2.596283314175623</orientation>
      <velocity>4.0</velocity>
      <steeringAngle>-0.026650000000000004</steeringAngle>
      <time>106</time>
    </ksState>
    <ksState>
      <x>-180.0989161961438</x>
      <y>-176.18261744118706</y>
      <orientation>-2.6010646374946362</orientation>
      <velocity>3.0</velocity>
      <steeringAngle>-0.05330000000000001</steeringAngle>
      <time>107</time>
    </ksState>
    <ksState>
      <x>-180.33491048092665</x>
      <y>-176.323796465847</y>
      <orientation>-2.6074018230905027</orientation>
      <velocity>2.0</velocity>
      <steeringAngle>-0.07995000000000001</steeringAngle>
      <time>108</time>
    </ksState>
    <ksState>
      <x>-180.48564796043135</x>
      <y>-176.41269607148544</y>
      <orientation>-2.613229108931883</orientation>
      <velocity>1.0</velocity>
      <steeringAngle>-0.10660000000000001</steeringAngle>
      <time>109</time>
    </ksState>
    <ksState>
      <x>-180.5504465503257</x>
      <y>-176.45046030545905</y>
      <orientation>-2.616471895053695</orientation>
      <velocity>0.0</velocity>
      <steeringAngle>-0.13325</steeringAngle>
      <time>110</time>
    </ksState>
    <ksState>
      <x>-180.5504465503257</x>
      <y>-176.45046030545905</y>
      <orientation>-2.616471895053695</orientation>
      <velocity>0.0</velocity>
      <steeringAngle>-0.1066</steeringAngle>
      <time>111</time>
    </ksState>
    <ksState>
      <x>-180.5504465503257</x>
      <y>-176.45046030545905</y>
      <orientation>-2.616471895053695</orientation>
      <velocity>0.0</velocity>
      <steeringAngle>-0.07995</steeringAngle>
      <time>112</time>
    </ksState>
    <ksState>
      <x>-180.5504465503257</x>
      <y>-176.45046030545905</y>
      <orientation>-2.616471895053695</orientation>
      <velocity>0.0</velocity>
      <steeringAngle>-0.053299999999999986</steeringAngle>
      <time>113</time>
    </ksState>
    <ksState>
      <x>-180.5504465503257</x>
      <y>-176.45046030545905</y>
      <orientation>-2.616471895053695</orientation>
      <velocity>0.0</velocity>
      <steeringAngle>-0.02664999999999998</steeringAngle>
      <time>114</time>
    </ksState>
    <ksState>
      <x>-180.5504465503257</x>
      <y>-176.45046030545905</y>
      <orientation>-2.616471895053695</orientation>
      <velocity>0.0</velocity>
      <steeringAngle>2.42861286636753e-17</steeringAngle>
      <time>115</time>
    </ksState>
    <ksState>
      <x>-180.5504465503257</x>
      <y>-176.45046030545905</y>
      <orientation>-2.616471895053695</orientation>
      <velocity>0.0</velocity>
      <steeringAngle>0.0</steeringAngle>
      <time>116</time>
    </ksState>
    <ksState>
      <x>-180.5504465503257</x>
      <y>-176.45046030545905</y>
      <orientation>-2.616471895053695</orientation>
      <velocity>0.0</velocity>
      <steeringAngle>0.0</steeringAngle>
      <time>117</time>
    </ksState>
    <ksState>
      <x>-180.5504465503257</x>
      <y>-176.45046030545905</y>
      <orientation>-2.616471895053695</orientation>
      <velocity>0.0</velocity>
      <steeringAngle>0.0</steeringAngle>
      <time>118</time>
    </ksState>
    <ksState>
      <x>-180.5504465503257</x>
      <y>-176.45046030545905</y>
      <orientation>-2.616471895053695</orientation>
      <velocity>0.0</velocity>
      <steeringAngle>0.0</steeringAngle>
      <time>119</time>
    </ksState>
    <ksState>
      <x>-180.5504465503257</x>
      <y>-176.45046030545905</y>
      <orientation>-2.616471895053695</orientation>
      <velocity>0.0</velocity>
      <steeringAngle>0.0</steeringAngle>
      <time>120</time>
    </ksState>
    <ksState>
      <x>-180.5504465503257</x>
      <y>-176.45046030545905</y>
      <orientation>-2.616471895053695</orientation>
      <velocity>0.0</velocity>
      <steeringAngle>0.0</steeringAngle>
      <time>121</time>
    </ksState>
    <ksState>
      <x>-180.5504465503257</x>
      <y>-176.45046030545905</y>
      <orientation>-2.616471895053695</orientation>
      <velocity>0.0</velocity>
      <steeringAngle>0.0</steeringAngle>
      <time>122</time>
    </ksState>
    <ksState>
      <x>-180.5504465503257</x>
      <y>-176.45046030545905</y>
      <orientation>-2.616471895053695</orientation>
      <velocity>0.0</velocity>
      <steeringAngle>0.0</steeringAngle>
      <time>123</time>
    </ksState>
  </ksTrajectory>
</CommonRoadSolution>
