<?xml version="1.0" ?>
<CommonRoadSolution benchmark_id="KS2:SM1:USA_US101-9_2_T-1:2018b" date="2019-11-18">
  <ksTrajectory planningProblem="423">
    <ksState>
      <x>0.0</x>
      <y>0.0</y>
      <orientation>-0.71</orientation>
      <velocity>15.0</velocity>
      <steeringAngle>0.0</steeringAngle>
      <time>0</time>
    </ksState>
    <ksState>
      <x>1.1185837670859997</x>
      <y>-0.9614548122567665</y>
      <orientation>-0.71</orientation>
      <velocity>14.0</velocity>
      <steeringAngle>0.0</steeringAngle>
      <time>1</time>
    </ksState>
    <ksState>
      <x>2.1613313465729487</x>
      <y>-1.8577262474113796</y>
      <orientation>-0.71</orientation>
      <velocity>13.0</velocity>
      <steeringAngle>0.0</steeringAngle>
      <time>2</time>
    </ksState>
    <ksState>
      <x>3.1282427384608464</x>
      <y>-2.6888143054638385</y>
      <orientation>-0.71</orientation>
      <velocity>12.0</velocity>
      <steeringAngle>0.0</steeringAngle>
      <time>3</time>
    </ksState>
    <ksState>
      <x>4.0193179427496935</x>
      <y>-3.454718986414144</y>
      <orientation>-0.71</orientation>
      <velocity>11.0</velocity>
      <steeringAngle>0.0</steeringAngle>
      <time>4</time>
    </ksState>
    <ksState>
      <x>4.83455695943949</x>
      <y>-4.1554402902622956</y>
      <orientation>-0.71</orientation>
      <velocity>10.0</velocity>
      <steeringAngle>0.0</steeringAngle>
      <time>5</time>
    </ksState>
    <ksState>
      <x>5.589127026050045</x>
      <y>-4.804014892428724</y>
      <orientation>-0.71</orientation>
      <velocity>9.8</velocity>
      <steeringAngle>0.0</steeringAngle>
      <time>6</time>
    </ksState>
    <ksState>
      <x>6.328529855140791</x>
      <y>-5.439552819174723</y>
      <orientation>-0.71</orientation>
      <velocity>9.600000000000001</velocity>
      <steeringAngle>0.0</steeringAngle>
      <time>7</time>
    </ksState>
    <ksState>
      <x>7.052765446711726</x>
      <y>-6.06205407050029</y>
      <orientation>-0.71</orientation>
      <velocity>9.400000000000002</velocity>
      <steeringAngle>0.0</steeringAngle>
      <time>8</time>
    </ksState>
    <ksState>
      <x>7.761833800762852</x>
      <y>-6.671518646405428</y>
      <orientation>-0.71</orientation>
      <velocity>9.200000000000003</velocity>
      <steeringAngle>0.0</steeringAngle>
      <time>9</time>
    </ksState>
    <ksState>
      <x>8.455734917294167</x>
      <y>-7.267946546890133</y>
      <orientation>-0.71</orientation>
      <velocity>9.000000000000004</velocity>
      <steeringAngle>0.0</steeringAngle>
      <time>10</time>
    </ksState>
    <ksState>
      <x>9.138260605685625</x>
      <y>-7.854596940809516</y>
      <orientation>-0.71</orientation>
      <velocity>9.0</velocity>
      <steeringAngle>0.0</steeringAngle>
      <time>11</time>
    </ksState>
    <ksState>
      <x>9.820786294077083</x>
      <y>-8.4412473347289</y>
      <orientation>-0.71</orientation>
      <velocity>9.0</velocity>
      <steeringAngle>0.0</steeringAngle>
      <time>12</time>
    </ksState>
    <ksState>
      <x>10.503311982468539</x>
      <y>-9.027897728648282</y>
      <orientation>-0.71</orientation>
      <velocity>9.0</velocity>
      <steeringAngle>0.0</steeringAngle>
      <time>13</time>
    </ksState>
    <ksState>
      <x>11.185837670859996</x>
      <y>-9.614548122567665</y>
      <orientation>-0.71</orientation>
      <velocity>9.0</velocity>
      <steeringAngle>0.0</steeringAngle>
      <time>14</time>
    </ksState>
    <ksState>
      <x>11.868363359251454</x>
      <y>-10.201198516487048</y>
      <orientation>-0.71</orientation>
      <velocity>9.0</velocity>
      <steeringAngle>0.0</steeringAngle>
      <time>15</time>
    </ksState>
    <ksState>
      <x>12.550889047642912</x>
      <y>-10.787848910406431</y>
      <orientation>-0.71</orientation>
      <velocity>9.0</velocity>
      <steeringAngle>0.0</steeringAngle>
      <time>16</time>
    </ksState>
    <ksState>
      <x>13.23341473603437</x>
      <y>-11.374499304325814</y>
      <orientation>-0.71</orientation>
      <velocity>9.0</velocity>
      <steeringAngle>0.0</steeringAngle>
      <time>17</time>
    </ksState>
    <ksState>
      <x>13.915940424425827</x>
      <y>-11.961149698245197</y>
      <orientation>-0.71</orientation>
      <velocity>9.0</velocity>
      <steeringAngle>0.0</steeringAngle>
      <time>18</time>
    </ksState>
    <ksState>
      <x>14.598466112817285</x>
      <y>-12.54780009216458</y>
      <orientation>-0.71</orientation>
      <velocity>9.0</velocity>
      <steeringAngle>0.0</steeringAngle>
      <time>19</time>
    </ksState>
    <ksState>
      <x>15.280991801208742</x>
      <y>-13.134450486083963</y>
      <orientation>-0.71</orientation>
      <velocity>9.0</velocity>
      <steeringAngle>0.0</steeringAngle>
      <time>20</time>
    </ksState>
    <ksState>
      <x>15.959725680220247</x>
      <y>-13.717841711148239</y>
      <orientation>-0.712299409259211</orientation>
      <velocity>8.8</velocity>
      <steeringAngle>-0.026650000000000004</steeringAngle>
      <time>21</time>
    </ksState>
    <ksState>
      <x>16.62068268136528</x>
      <y>-14.29121496108973</y>
      <orientation>-0.7235937695598943</orientation>
      <velocity>8.600000000000001</velocity>
      <steeringAngle>-0.05330000000000001</steeringAngle>
      <time>22</time>
    </ksState>
    <ksState>
      <x>17.258930730302755</x>
      <y>-14.860117384285639</y>
      <orientation>-0.7434852231684683</orientation>
      <velocity>8.400000000000002</velocity>
      <steeringAngle>-0.07995000000000001</steeringAngle>
      <time>23</time>
    </ksState>
    <ksState>
      <x>17.86989480078048</x>
      <y>-15.429255529626943</y>
      <orientation>-0.7715871836200574</orientation>
      <velocity>8.200000000000003</velocity>
      <steeringAngle>-0.10660000000000001</steeringAngle>
      <time>24</time>
    </ksState>
    <ksState>
      <x>18.44924489368883</x>
      <y>-16.002431257590818</y>
      <orientation>-0.8075233048856818</orientation>
      <velocity>8.000000000000004</velocity>
      <steeringAngle>-0.13325</steeringAngle>
      <time>25</time>
    </ksState>
    <ksState>
      <x>18.97930552815444</x>
      <y>-16.56775938124219</y>
      <orientation>-0.8458365164136935</orientation>
      <velocity>7.0</velocity>
      <steeringAngle>-0.1066</steeringAngle>
      <time>26</time>
    </ksState>
    <ksState>
      <x>19.423346170196748</x>
      <y>-17.076118426398356</y>
      <orientation>-0.8721478233157781</orientation>
      <velocity>6.0</velocity>
      <steeringAngle>-0.07995</steeringAngle>
      <time>27</time>
    </ksState>
    <ksState>
      <x>19.791206398492584</x>
      <y>-17.518042272648124</y>
      <orientation>-0.8885831474891333</orientation>
      <velocity>5.0</velocity>
      <steeringAngle>-0.053299999999999986</steeringAngle>
      <time>28</time>
    </ksState>
    <ksState>
      <x>20.08979468517325</x>
      <y>-17.887458745629704</y>
      <orientation>-0.8972444724132668</orientation>
      <velocity>4.0</velocity>
      <steeringAngle>-0.02664999999999998</steeringAngle>
      <time>29</time>
    </ksState>
    <ksState>
      <x>20.323423971114817</x>
      <y>-18.18078826541408</y>
      <orientation>-0.9002159863045185</orientation>
      <velocity>3.0</velocity>
      <steeringAngle>2.42861286636753e-17</steeringAngle>
      <time>30</time>
    </ksState>
  </ksTrajectory>
</CommonRoadSolution>
