<?xml version="1.0" ?>
<CommonRoadSolution benchmark_id="KS2:SM1:USA_US101-15_1_T-1:2018b" date="2019-11-18">
  <ksTrajectory planningProblem="445">
    <ksState>
      <x>0.0</x>
      <y>0.0</y>
      <orientation>-0.75435</orientation>
      <velocity>10.0</velocity>
      <steeringAngle>0.0</steeringAngle>
      <time>0</time>
    </ksState>
    <ksState>
      <x>0.7396475793426694</x>
      <y>-0.695087374631801</y>
      <orientation>-0.7516888859134974</orientation>
      <velocity>10.600000000000001</velocity>
      <steeringAngle>0.026650000000000004</steeringAngle>
      <time>1</time>
    </ksState>
    <ksState>
      <x>1.5270072634810548</x>
      <y>-1.426989730944985</y>
      <orientation>-0.7377582744949741</orientation>
      <velocity>11.200000000000003</velocity>
      <steeringAngle>0.05330000000000001</steeringAngle>
      <time>2</time>
    </ksState>
    <ksState>
      <x>2.371334533080672</x>
      <y>-2.185470612138899</y>
      <orientation>-0.7112965590572178</orientation>
      <velocity>11.800000000000004</velocity>
      <steeringAngle>0.07995000000000001</steeringAngle>
      <time>3</time>
    </ksState>
    <ksState>
      <x>3.283728350294004</x>
      <y>-2.9571198818807276</y>
      <orientation>-0.6710211127266623</orientation>
      <velocity>12.400000000000006</velocity>
      <steeringAngle>0.10660000000000001</steeringAngle>
      <time>4</time>
    </ksState>
    <ksState>
      <x>4.276619817277429</x>
      <y>-3.724538281823355</y>
      <orientation>-0.6156244928326988</orientation>
      <velocity>13.000000000000007</velocity>
      <steeringAngle>0.13325</steeringAngle>
      <time>5</time>
    </ksState>
    <ksState>
      <x>5.35868736390613</x>
      <y>-4.4626034529498755</y>
      <orientation>-0.5510000013484044</orientation>
      <velocity>13.399999999999999</velocity>
      <steeringAngle>0.1066</steeringAngle>
      <time>6</time>
    </ksState>
    <ksState>
      <x>6.518561117644461</x>
      <y>-5.153140050245293</y>
      <orientation>-0.4985339556119771</orientation>
      <velocity>13.799999999999997</velocity>
      <steeringAngle>0.07995</steeringAngle>
      <time>7</time>
    </ksState>
    <ksState>
      <x>7.746409529982847</x>
      <y>-5.804497349372351</y>
      <orientation>-0.458986294426582</orientation>
      <velocity>14.199999999999996</velocity>
      <steeringAngle>0.053299999999999986</steeringAngle>
      <time>8</time>
    </ksState>
    <ksState>
      <x>9.033022974598126</x>
      <y>-6.428529049144252</y>
      <orientation>-0.43313190426389847</orientation>
      <velocity>14.599999999999994</velocity>
      <steeringAngle>0.02664999999999998</steeringAngle>
      <time>9</time>
    </ksState>
    <ksState>
      <x>10.369601246457062</x>
      <y>-7.04043408061328</y>
      <orientation>-0.4217626983642117</orientation>
      <velocity>14.999999999999993</velocity>
      <steeringAngle>-2.42861286636753e-17</steeringAngle>
      <time>10</time>
    </ksState>
    <ksState>
      <x>11.729030704026531</x>
      <y>-7.650394366117492</y>
      <orientation>-0.42558643510986593</orientation>
      <velocity>14.600000000000001</velocity>
      <steeringAngle>-0.026650000000000004</steeringAngle>
      <time>11</time>
    </ksState>
    <ksState>
      <x>13.04742445117191</x>
      <y>-8.253973692357617</y>
      <orientation>-0.4442983698474023</orientation>
      <velocity>14.200000000000003</velocity>
      <steeringAngle>-0.05330000000000001</steeringAngle>
      <time>12</time>
    </ksState>
    <ksState>
      <x>14.316043750435625</x>
      <y>-8.869276751918019</y>
      <orientation>-0.4770972708810252</orientation>
      <velocity>13.800000000000004</velocity>
      <steeringAngle>-0.07995000000000001</steeringAngle>
      <time>13</time>
    </ksState>
    <ksState>
      <x>15.526226001958083</x>
      <y>-9.511260641279138</y>
      <orientation>-0.523200003052961</orientation>
      <velocity>13.400000000000006</velocity>
      <steeringAngle>-0.10660000000000001</steeringAngle>
      <time>14</time>
    </ksState>
    <ksState>
      <x>16.668917494404976</x>
      <y>-10.191565297512401</y>
      <orientation>-0.5818394090687364</orientation>
      <velocity>13.000000000000007</velocity>
      <steeringAngle>-0.13325</steeringAngle>
      <time>15</time>
    </ksState>
    <ksState>
      <x>17.750794638893325</x>
      <y>-10.929909537369943</y>
      <orientation>-0.6464639005530308</orientation>
      <velocity>13.399999999999999</velocity>
      <steeringAngle>-0.1066</steeringAngle>
      <time>16</time>
    </ksState>
    <ksState>
      <x>18.81679462031569</x>
      <y>-11.758035105398667</y>
      <orientation>-0.6989299462894581</orientation>
      <velocity>13.799999999999997</velocity>
      <steeringAngle>-0.07995</steeringAngle>
      <time>17</time>
    </ksState>
    <ksState>
      <x>19.87110582652896</x>
      <y>-12.663742527948086</y>
      <orientation>-0.7384776074748532</orientation>
      <velocity>14.199999999999996</velocity>
      <steeringAngle>-0.053299999999999986</steeringAngle>
      <time>18</time>
    </ksState>
    <ksState>
      <x>20.921406501427473</x>
      <y>-13.634133279394495</y>
      <orientation>-0.7643319976375368</orientation>
      <velocity>14.599999999999994</velocity>
      <steeringAngle>-0.02664999999999998</steeringAngle>
      <time>19</time>
    </ksState>
    <ksState>
      <x>21.978639016164003</x>
      <y>-14.65546997908094</y>
      <orientation>-0.7757012035372235</orientation>
      <velocity>14.999999999999993</velocity>
      <steeringAngle>2.42861286636753e-17</steeringAngle>
      <time>20</time>
    </ksState>
    <ksState>
      <x>23.05310398984963</x>
      <y>-15.709296350132046</y>
      <orientation>-0.7757012035372235</orientation>
      <velocity>15.2</velocity>
      <steeringAngle>0.0</steeringAngle>
      <time>21</time>
    </ksState>
    <ksState>
      <x>24.141847567836727</x>
      <y>-16.77712705833998</y>
      <orientation>-0.7757012035372235</orientation>
      <velocity>15.399999999999999</velocity>
      <steeringAngle>0.0</steeringAngle>
      <time>22</time>
    </ksState>
    <ksState>
      <x>25.244869750125297</x>
      <y>-17.858962103704734</y>
      <orientation>-0.7757012035372235</orientation>
      <velocity>15.599999999999998</velocity>
      <steeringAngle>0.0</steeringAngle>
      <time>23</time>
    </ksState>
    <ksState>
      <x>26.362170536715336</x>
      <y>-18.954801486226316</y>
      <orientation>-0.7757012035372235</orientation>
      <velocity>15.799999999999997</velocity>
      <steeringAngle>0.0</steeringAngle>
      <time>24</time>
    </ksState>
    <ksState>
      <x>27.493749927606846</x>
      <y>-20.06464520590472</y>
      <orientation>-0.7757012035372235</orientation>
      <velocity>15.999999999999996</velocity>
      <steeringAngle>0.0</steeringAngle>
      <time>25</time>
    </ksState>
    <ksState>
      <x>28.621759667422985</x>
      <y>-21.170987841293922</y>
      <orientation>-0.7757012035372235</orientation>
      <velocity>15.2</velocity>
      <steeringAngle>0.0</steeringAngle>
      <time>26</time>
    </ksState>
    <ksState>
      <x>29.692654990033247</x>
      <y>-22.221313128055822</y>
      <orientation>-0.7757012035372235</orientation>
      <velocity>14.399999999999999</velocity>
      <steeringAngle>0.0</steeringAngle>
      <time>27</time>
    </ksState>
    <ksState>
      <x>30.70643589543763</x>
      <y>-23.21562106619042</y>
      <orientation>-0.7757012035372235</orientation>
      <velocity>13.599999999999998</velocity>
      <steeringAngle>0.0</steeringAngle>
      <time>28</time>
    </ksState>
    <ksState>
      <x>31.663102383636126</x>
      <y>-24.153911655697716</y>
      <orientation>-0.7757012035372235</orientation>
      <velocity>12.799999999999997</velocity>
      <steeringAngle>0.0</steeringAngle>
      <time>29</time>
    </ksState>
    <ksState>
      <x>32.56265445462874</x>
      <y>-25.03618489657771</y>
      <orientation>-0.7757012035372235</orientation>
      <velocity>11.999999999999996</velocity>
      <steeringAngle>0.0</steeringAngle>
      <time>30</time>
    </ksState>
    <ksState>
      <x>33.42294036379232</x>
      <y>-25.879946210276433</y>
      <orientation>-0.7788273666873867</orientation>
      <velocity>12.2</velocity>
      <steeringAngle>-0.026650000000000004</steeringAngle>
      <time>31</time>
    </ksState>
    <ksState>
      <x>34.29208657485726</x>
      <y>-26.743192959436275</y>
      <orientation>-0.7946705074335152</orientation>
      <velocity>12.399999999999999</velocity>
      <steeringAngle>-0.05330000000000001</steeringAngle>
      <time>32</time>
    </ksState>
    <ksState>
      <x>35.15847735296756</x>
      <y>-27.637244565078824</y>
      <orientation>-0.8236670971096182</orientation>
      <velocity>12.599999999999998</velocity>
      <steeringAngle>-0.07995000000000001</steeringAngle>
      <time>33</time>
    </ksState>
    <ksState>
      <x>36.008889457706736</x>
      <y>-28.573658470778863</y>
      <orientation>-0.8662734577767257</orientation>
      <velocity>12.799999999999997</velocity>
      <steeringAngle>-0.10660000000000001</steeringAngle>
      <time>34</time>
    </ksState>
    <ksState>
      <x>36.8279498613187</x>
      <y>-29.56364532630151</y>
      <orientation>-0.922967192119414</orientation>
      <velocity>12.999999999999996</velocity>
      <steeringAngle>-0.13325</steeringAngle>
      <time>35</time>
    </ksState>
    <ksState>
      <x>37.60047390192056</x>
      <y>-30.621386778164513</y>
      <orientation>-0.9875916836037084</orientation>
      <velocity>13.399999999999999</velocity>
      <steeringAngle>-0.1066</steeringAngle>
      <time>36</time>
    </ksState>
    <ksState>
      <x>38.32799930135435</x>
      <y>-31.758424468830082</y>
      <orientation>-1.0400577293401356</orientation>
      <velocity>13.799999999999997</velocity>
      <steeringAngle>-0.07995</steeringAngle>
      <time>37</time>
    </ksState>
    <ksState>
      <x>39.01855443920623</x>
      <y>-32.9646631087328</y>
      <orientation>-1.079605390525531</orientation>
      <velocity>14.199999999999996</velocity>
      <steeringAngle>-0.053299999999999986</steeringAngle>
      <time>38</time>
    </ksState>
    <ksState>
      <x>39.6836903264023</x>
      <y>-34.230516168826625</y>
      <orientation>-1.1054597806882143</orientation>
      <velocity>14.599999999999994</velocity>
      <steeringAngle>-0.02664999999999998</steeringAngle>
      <time>39</time>
    </ksState>
    <ksState>
      <x>40.33831465450934</x>
      <y>-35.54669861567544</y>
      <orientation>-1.116828986587901</orientation>
      <velocity>14.999999999999993</velocity>
      <steeringAngle>2.42861286636753e-17</steeringAngle>
      <time>40</time>
    </ksState>
    <ksState>
      <x>40.98734568728479</x>
      <y>-36.8767958747112</y>
      <orientation>-1.1130569219604314</orientation>
      <velocity>14.2</velocity>
      <steeringAngle>0.026650000000000004</steeringAngle>
      <time>41</time>
    </ksState>
    <ksState>
      <x>41.61056978388905</x>
      <y>-38.13041676673</y>
      <orientation>-1.09501698180451</orientation>
      <velocity>13.399999999999999</velocity>
      <steeringAngle>0.05330000000000001</steeringAngle>
      <time>42</time>
    </ksState>
    <ksState>
      <x>42.22315102040096</x>
      <y>-39.29963041930818</y>
      <orientation>-1.0643392106548906</orientation>
      <velocity>12.599999999999998</velocity>
      <steeringAngle>0.07995000000000001</steeringAngle>
      <time>43</time>
    </ksState>
    <ksState>
      <x>42.83503609653562</x>
      <y>-40.37807811749154</y>
      <orientation>-1.022639689967231</orientation>
      <velocity>11.799999999999997</velocity>
      <steeringAngle>0.10660000000000001</steeringAngle>
      <time>44</time>
    </ksState>
    <ksState>
      <x>43.451348607024855</x>
      <y>-41.360705898006</y>
      <orientation>-0.9715250605130463</orientation>
      <velocity>10.999999999999996</velocity>
      <steeringAngle>0.13325</steeringAngle>
      <time>45</time>
    </ksState>
    <ksState>
      <x>44.09345950860801</x>
      <y>-42.27211395732303</y>
      <orientation>-0.9165372798799221</orientation>
      <velocity>11.600000000000001</velocity>
      <steeringAngle>0.1066</steeringAngle>
      <time>46</time>
    </ksState>
    <ksState>
      <x>44.81978720355949</x>
      <y>-43.19562531203992</y>
      <orientation>-0.8708888182028565</orientation>
      <velocity>12.200000000000003</velocity>
      <steeringAngle>0.07995</steeringAngle>
      <time>47</time>
    </ksState>
    <ksState>
      <x>45.62429575606301</x>
      <y>-44.13256397963682</y>
      <orientation>-0.8357670315028666</orientation>
      <velocity>12.800000000000004</velocity>
      <steeringAngle>0.053299999999999986</steeringAngle>
      <time>48</time>
    </ksState>
    <ksState>
      <x>46.49912862592236</x>
      <y>-45.08735137384485</y>
      <orientation>-0.8123688302788947</orientation>
      <velocity>13.400000000000006</velocity>
      <steeringAngle>0.02664999999999998</steeringAngle>
      <time>49</time>
    </ksState>
    <ksState>
      <x>47.43450389762449</x>
      <y>-46.06769625707509</y>
      <orientation>-0.8019039965761294</orientation>
      <velocity>14.000000000000007</velocity>
      <steeringAngle>-2.42861286636753e-17</steeringAngle>
      <time>50</time>
    </ksState>
    <ksState>
      <x>48.414932738954626</x>
      <y>-47.08103691405479</y>
      <orientation>-0.8019039965761294</orientation>
      <velocity>14.399999999999999</velocity>
      <steeringAngle>0.0</steeringAngle>
      <time>51</time>
    </ksState>
    <ksState>
      <x>49.42317516443597</x>
      <y>-48.12312482371476</y>
      <orientation>-0.8019039965761294</orientation>
      <velocity>14.799999999999997</velocity>
      <steeringAngle>0.0</steeringAngle>
      <time>52</time>
    </ksState>
    <ksState>
      <x>50.45923117406853</x>
      <y>-49.19395998605501</y>
      <orientation>-0.8019039965761294</orientation>
      <velocity>15.199999999999996</velocity>
      <steeringAngle>0.0</steeringAngle>
      <time>53</time>
    </ksState>
    <ksState>
      <x>51.52310076785229</x>
      <y>-50.293542401075534</y>
      <orientation>-0.8019039965761294</orientation>
      <velocity>15.599999999999994</velocity>
      <steeringAngle>0.0</steeringAngle>
      <time>54</time>
    </ksState>
    <ksState>
      <x>52.614783945787266</x>
      <y>-51.42187206877633</y>
      <orientation>-0.8019039965761294</orientation>
      <velocity>15.999999999999993</velocity>
      <steeringAngle>0.0</steeringAngle>
      <time>55</time>
    </ksState>
    <ksState>
      <x>53.72037391579784</x>
      <y>-52.564575362817266</y>
      <orientation>-0.8019039965761294</orientation>
      <velocity>15.600000000000001</velocity>
      <steeringAngle>0.0</steeringAngle>
      <time>56</time>
    </ksState>
    <ksState>
      <x>54.798150301657216</x>
      <y>-53.67853140417793</y>
      <orientation>-0.8019039965761294</orientation>
      <velocity>15.200000000000003</velocity>
      <steeringAngle>0.0</steeringAngle>
      <time>57</time>
    </ksState>
    <ksState>
      <x>55.84811310336538</x>
      <y>-54.763740192858315</y>
      <orientation>-0.8019039965761294</orientation>
      <velocity>14.800000000000004</velocity>
      <steeringAngle>0.0</steeringAngle>
      <time>58</time>
    </ksState>
    <ksState>
      <x>56.87026232092233</x>
      <y>-55.82020172885842</y>
      <orientation>-0.8019039965761294</orientation>
      <velocity>14.400000000000006</velocity>
      <steeringAngle>0.0</steeringAngle>
      <time>59</time>
    </ksState>
    <ksState>
      <x>57.86459795432807</x>
      <y>-56.84791601217826</y>
      <orientation>-0.8019039965761294</orientation>
      <velocity>14.000000000000007</velocity>
      <steeringAngle>0.0</steeringAngle>
      <time>60</time>
    </ksState>
    <ksState>
      <x>58.84502679565821</x>
      <y>-57.86125666915796</y>
      <orientation>-0.8019039965761294</orientation>
      <velocity>14.399999999999999</velocity>
      <steeringAngle>0.0</steeringAngle>
      <time>61</time>
    </ksState>
    <ksState>
      <x>59.85326922113955</x>
      <y>-58.90334457881793</y>
      <orientation>-0.8019039965761294</orientation>
      <velocity>14.799999999999997</velocity>
      <steeringAngle>0.0</steeringAngle>
      <time>62</time>
    </ksState>
    <ksState>
      <x>60.88932523077211</x>
      <y>-59.97417974115818</y>
      <orientation>-0.8019039965761294</orientation>
      <velocity>15.199999999999996</velocity>
      <steeringAngle>0.0</steeringAngle>
      <time>63</time>
    </ksState>
    <ksState>
      <x>61.95319482455587</x>
      <y>-61.0737621561787</y>
      <orientation>-0.8019039965761294</orientation>
      <velocity>15.599999999999994</velocity>
      <steeringAngle>0.0</steeringAngle>
      <time>64</time>
    </ksState>
    <ksState>
      <x>63.04487800249085</x>
      <y>-62.2020918238795</y>
      <orientation>-0.8019039965761294</orientation>
      <velocity>15.999999999999993</velocity>
      <steeringAngle>0.0</steeringAngle>
      <time>65</time>
    </ksState>
    <ksState>
      <x>64.14699127448253</x>
      <y>-63.3412017113354</y>
      <orientation>-0.7978477352986448</orientation>
      <velocity>15.399999999999999</velocity>
      <steeringAngle>0.026650000000000004</steeringAngle>
      <time>66</time>
    </ksState>
    <ksState>
      <x>65.21610587118361</x>
      <y>-64.4286676436975</y>
      <orientation>-0.7781795358973059</orientation>
      <velocity>14.799999999999997</velocity>
      <steeringAngle>0.05330000000000001</steeringAngle>
      <time>67</time>
    </ksState>
    <ksState>
      <x>66.26719840913768</x>
      <y>-65.44911056202756</y>
      <orientation>-0.7441131977445097</orientation>
      <velocity>14.199999999999996</velocity>
      <steeringAngle>0.07995000000000001</steeringAngle>
      <time>68</time>
    </ksState>
    <ksState>
      <x>67.31109954172128</x>
      <y>-66.38935273485099</y>
      <orientation>-0.6968450084042979</orientation>
      <velocity>13.599999999999994</velocity>
      <steeringAngle>0.10660000000000001</steeringAngle>
      <time>69</time>
    </ksState>
    <ksState>
      <x>68.35437837205083</x>
      <y>-67.23801893414536</y>
      <orientation>-0.6375570451641601</orientation>
      <velocity>12.999999999999993</velocity>
      <steeringAngle>0.13325</steeringAngle>
      <time>70</time>
    </ksState>
  </ksTrajectory>
</CommonRoadSolution>
