<?xml version="1.0" ?>
<CommonRoadSolution benchmark_id="KS2:SM1:USA_US101-19_1_T-1:2018b" date="2019-11-18">
  <ksTrajectory planningProblem="465">
    <ksState>
      <x>0.0</x>
      <y>0.0</y>
      <orientation>-0.74842</orientation>
      <velocity>12.0</velocity>
      <steeringAngle>0.0</steeringAngle>
      <time>0</time>
    </ksState>
    <ksState>
      <x>0.8866455826909698</x>
      <y>-0.823383027936932</y>
      <orientation>-0.74842</orientation>
      <velocity>12.399999999999999</velocity>
      <steeringAngle>0.0</steeringAngle>
      <time>1</time>
    </ksState>
    <ksState>
      <x>1.8026017631568478</x>
      <y>-1.6739853295246716</y>
      <orientation>-0.74842</orientation>
      <velocity>12.799999999999997</velocity>
      <steeringAngle>0.0</steeringAngle>
      <time>2</time>
    </ksState>
    <ksState>
      <x>2.7478685413976334</x>
      <y>-2.5518069047632186</y>
      <orientation>-0.74842</orientation>
      <velocity>13.199999999999996</velocity>
      <steeringAngle>0.0</steeringAngle>
      <time>3</time>
    </ksState>
    <ksState>
      <x>3.722445917413327</x>
      <y>-3.4568477536525735</y>
      <orientation>-0.74842</orientation>
      <velocity>13.599999999999994</velocity>
      <steeringAngle>0.0</steeringAngle>
      <time>4</time>
    </ksState>
    <ksState>
      <x>4.726333891203929</x>
      <y>-4.389107876192735</y>
      <orientation>-0.74842</orientation>
      <velocity>13.999999999999993</velocity>
      <steeringAngle>0.0</steeringAngle>
      <time>5</time>
    </ksState>
    <ksState>
      <x>5.759532462769439</x>
      <y>-5.348587272383706</y>
      <orientation>-0.74842</orientation>
      <velocity>14.399999999999999</velocity>
      <steeringAngle>0.0</steeringAngle>
      <time>6</time>
    </ksState>
    <ksState>
      <x>6.822041632109857</x>
      <y>-6.335285942225484</y>
      <orientation>-0.74842</orientation>
      <velocity>14.799999999999997</velocity>
      <steeringAngle>0.0</steeringAngle>
      <time>7</time>
    </ksState>
    <ksState>
      <x>7.913861399225183</x>
      <y>-7.349203885718069</y>
      <orientation>-0.74842</orientation>
      <velocity>15.199999999999996</velocity>
      <steeringAngle>0.0</steeringAngle>
      <time>8</time>
    </ksState>
    <ksState>
      <x>9.034991764115418</x>
      <y>-8.390341102861463</y>
      <orientation>-0.74842</orientation>
      <velocity>15.599999999999994</velocity>
      <steeringAngle>0.0</steeringAngle>
      <time>9</time>
    </ksState>
    <ksState>
      <x>10.18543272678056</x>
      <y>-9.458697593655662</y>
      <orientation>-0.74842</orientation>
      <velocity>15.999999999999993</velocity>
      <steeringAngle>0.0</steeringAngle>
      <time>10</time>
    </ksState>
    <ksState>
      <x>11.361520462498747</x>
      <y>-10.550870948894321</y>
      <orientation>-0.74842</orientation>
      <velocity>16.200000000000003</velocity>
      <steeringAngle>0.0</steeringAngle>
      <time>11</time>
    </ksState>
    <ksState>
      <x>12.55226349710439</x>
      <y>-11.656653940958382</y>
      <orientation>-0.74842</orientation>
      <velocity>16.400000000000006</velocity>
      <steeringAngle>0.0</steeringAngle>
      <time>12</time>
    </ksState>
    <ksState>
      <x>13.757661830597485</x>
      <y>-12.776046569847848</y>
      <orientation>-0.74842</orientation>
      <velocity>16.60000000000001</velocity>
      <steeringAngle>0.0</steeringAngle>
      <time>13</time>
    </ksState>
    <ksState>
      <x>14.977715462978036</x>
      <y>-13.909048835562718</y>
      <orientation>-0.74842</orientation>
      <velocity>16.80000000000001</velocity>
      <steeringAngle>0.0</steeringAngle>
      <time>14</time>
    </ksState>
    <ksState>
      <x>16.21242439424604</x>
      <y>-15.055660738102993</y>
      <orientation>-0.74842</orientation>
      <velocity>17.000000000000014</velocity>
      <steeringAngle>0.0</steeringAngle>
      <time>15</time>
    </ksState>
    <ksState>
      <x>17.46545244912336</x>
      <y>-16.21928468667502</y>
      <orientation>-0.74842</orientation>
      <velocity>17.4</velocity>
      <steeringAngle>0.0</steeringAngle>
      <time>16</time>
    </ksState>
    <ksState>
      <x>18.74779110177559</x>
      <y>-17.410127908897856</y>
      <orientation>-0.74842</orientation>
      <velocity>17.799999999999997</velocity>
      <steeringAngle>0.0</steeringAngle>
      <time>17</time>
    </ksState>
    <ksState>
      <x>20.059440352202728</x>
      <y>-18.6281904047715</y>
      <orientation>-0.74842</orientation>
      <velocity>18.199999999999996</velocity>
      <steeringAngle>0.0</steeringAngle>
      <time>18</time>
    </ksState>
    <ksState>
      <x>21.40040020040477</x>
      <y>-19.87347217429595</y>
      <orientation>-0.74842</orientation>
      <velocity>18.599999999999994</velocity>
      <steeringAngle>0.0</steeringAngle>
      <time>19</time>
    </ksState>
    <ksState>
      <x>22.770670646381724</x>
      <y>-21.14597321747121</y>
      <orientation>-0.74842</orientation>
      <velocity>18.999999999999993</velocity>
      <steeringAngle>0.0</steeringAngle>
      <time>20</time>
    </ksState>
    <ksState>
      <x>24.15559639124613</x>
      <y>-22.43208389747187</y>
      <orientation>-0.74842</orientation>
      <velocity>18.6</velocity>
      <steeringAngle>0.0</steeringAngle>
      <time>21</time>
    </ksState>
    <ksState>
      <x>25.51121153833563</x>
      <y>-23.690975303821727</y>
      <orientation>-0.74842</orientation>
      <velocity>18.200000000000003</velocity>
      <steeringAngle>0.0</steeringAngle>
      <time>22</time>
    </ksState>
    <ksState>
      <x>26.837516087650222</x>
      <y>-24.922647436520773</y>
      <orientation>-0.74842</orientation>
      <velocity>17.800000000000004</velocity>
      <steeringAngle>0.0</steeringAngle>
      <time>23</time>
    </ksState>
    <ksState>
      <x>28.134510039189905</x>
      <y>-26.127100295569015</y>
      <orientation>-0.74842</orientation>
      <velocity>17.400000000000006</velocity>
      <steeringAngle>0.0</steeringAngle>
      <time>24</time>
    </ksState>
    <ksState>
      <x>29.402193392954683</x>
      <y>-27.304333880966446</y>
      <orientation>-0.74842</orientation>
      <velocity>17.000000000000007</velocity>
      <steeringAngle>0.0</steeringAngle>
      <time>25</time>
    </ksState>
    <ksState>
      <x>30.655221447832005</x>
      <y>-28.467957829538474</y>
      <orientation>-0.74842</orientation>
      <velocity>17.4</velocity>
      <steeringAngle>0.0</steeringAngle>
      <time>26</time>
    </ksState>
    <ksState>
      <x>31.937560100484234</x>
      <y>-29.65880105176131</y>
      <orientation>-0.74842</orientation>
      <velocity>17.799999999999997</velocity>
      <steeringAngle>0.0</steeringAngle>
      <time>27</time>
    </ksState>
    <ksState>
      <x>33.24920935091137</x>
      <y>-30.876863547634954</y>
      <orientation>-0.74842</orientation>
      <velocity>18.199999999999996</velocity>
      <steeringAngle>0.0</steeringAngle>
      <time>28</time>
    </ksState>
    <ksState>
      <x>34.59016919911342</x>
      <y>-32.1221453171594</y>
      <orientation>-0.74842</orientation>
      <velocity>18.599999999999994</velocity>
      <steeringAngle>0.0</steeringAngle>
      <time>29</time>
    </ksState>
    <ksState>
      <x>35.96043964509037</x>
      <y>-33.39464636033466</y>
      <orientation>-0.74842</orientation>
      <velocity>18.999999999999993</velocity>
      <steeringAngle>0.0</steeringAngle>
      <time>30</time>
    </ksState>
    <ksState>
      <x>37.34536538995478</x>
      <y>-34.68075704033532</y>
      <orientation>-0.74842</orientation>
      <velocity>18.6</velocity>
      <steeringAngle>0.0</steeringAngle>
      <time>31</time>
    </ksState>
    <ksState>
      <x>38.70098053704427</x>
      <y>-35.939648446685176</y>
      <orientation>-0.74842</orientation>
      <velocity>18.200000000000003</velocity>
      <steeringAngle>0.0</steeringAngle>
      <time>32</time>
    </ksState>
    <ksState>
      <x>40.027285086358866</x>
      <y>-37.17132057938423</y>
      <orientation>-0.74842</orientation>
      <velocity>17.800000000000004</velocity>
      <steeringAngle>0.0</steeringAngle>
      <time>33</time>
    </ksState>
    <ksState>
      <x>41.32427903789855</x>
      <y>-38.37577343843247</y>
      <orientation>-0.74842</orientation>
      <velocity>17.400000000000006</velocity>
      <steeringAngle>0.0</steeringAngle>
      <time>34</time>
    </ksState>
    <ksState>
      <x>42.59196239166333</x>
      <y>-39.5530070238299</y>
      <orientation>-0.74842</orientation>
      <velocity>17.000000000000007</velocity>
      <steeringAngle>0.0</steeringAngle>
      <time>35</time>
    </ksState>
    <ksState>
      <x>43.837662797096925</x>
      <y>-40.709826153989226</y>
      <orientation>-0.74842</orientation>
      <velocity>17.0</velocity>
      <steeringAngle>0.0</steeringAngle>
      <time>36</time>
    </ksState>
    <ksState>
      <x>45.08336320253052</x>
      <y>-41.866645284148554</y>
      <orientation>-0.74842</orientation>
      <velocity>17.0</velocity>
      <steeringAngle>0.0</steeringAngle>
      <time>37</time>
    </ksState>
    <ksState>
      <x>46.32906360796411</x>
      <y>-43.023464414307874</y>
      <orientation>-0.74842</orientation>
      <velocity>17.0</velocity>
      <steeringAngle>0.0</steeringAngle>
      <time>38</time>
    </ksState>
    <ksState>
      <x>47.574764013397704</x>
      <y>-44.1802835444672</y>
      <orientation>-0.74842</orientation>
      <velocity>17.0</velocity>
      <steeringAngle>0.0</steeringAngle>
      <time>39</time>
    </ksState>
    <ksState>
      <x>48.8204644188313</x>
      <y>-45.33710267462653</y>
      <orientation>-0.74842</orientation>
      <velocity>17.0</velocity>
      <steeringAngle>0.0</steeringAngle>
      <time>40</time>
    </ksState>
    <ksState>
      <x>50.066164824264895</x>
      <y>-46.493921804785856</y>
      <orientation>-0.74842</orientation>
      <velocity>17.0</velocity>
      <steeringAngle>0.0</steeringAngle>
      <time>41</time>
    </ksState>
    <ksState>
      <x>51.31186522969849</x>
      <y>-47.65074093494518</y>
      <orientation>-0.74842</orientation>
      <velocity>17.0</velocity>
      <steeringAngle>0.0</steeringAngle>
      <time>42</time>
    </ksState>
    <ksState>
      <x>52.55756563513208</x>
      <y>-48.807560065104504</y>
      <orientation>-0.74842</orientation>
      <velocity>17.0</velocity>
      <steeringAngle>0.0</steeringAngle>
      <time>43</time>
    </ksState>
    <ksState>
      <x>53.803266040565674</x>
      <y>-49.96437919526383</y>
      <orientation>-0.74842</orientation>
      <velocity>17.0</velocity>
      <steeringAngle>0.0</steeringAngle>
      <time>44</time>
    </ksState>
    <ksState>
      <x>55.04896644599927</x>
      <y>-51.12119832542316</y>
      <orientation>-0.74842</orientation>
      <velocity>17.0</velocity>
      <steeringAngle>0.0</steeringAngle>
      <time>45</time>
    </ksState>
    <ksState>
      <x>56.294666851432865</x>
      <y>-52.278017455582486</y>
      <orientation>-0.74842</orientation>
      <velocity>17.0</velocity>
      <steeringAngle>0.0</steeringAngle>
      <time>46</time>
    </ksState>
    <ksState>
      <x>57.54036725686646</x>
      <y>-53.43483658574181</y>
      <orientation>-0.74842</orientation>
      <velocity>17.0</velocity>
      <steeringAngle>0.0</steeringAngle>
      <time>47</time>
    </ksState>
    <ksState>
      <x>58.78606766230005</x>
      <y>-54.59165571590113</y>
      <orientation>-0.74842</orientation>
      <velocity>17.0</velocity>
      <steeringAngle>0.0</steeringAngle>
      <time>48</time>
    </ksState>
    <ksState>
      <x>60.031768067733644</x>
      <y>-55.74847484606046</y>
      <orientation>-0.74842</orientation>
      <velocity>17.0</velocity>
      <steeringAngle>0.0</steeringAngle>
      <time>49</time>
    </ksState>
    <ksState>
      <x>61.27746847316724</x>
      <y>-56.90529397621979</y>
      <orientation>-0.74842</orientation>
      <velocity>17.0</velocity>
      <steeringAngle>0.0</steeringAngle>
      <time>50</time>
    </ksState>
    <ksState>
      <x>62.523168878600835</x>
      <y>-58.062113106379115</y>
      <orientation>-0.74842</orientation>
      <velocity>17.0</velocity>
      <steeringAngle>0.0</steeringAngle>
      <time>51</time>
    </ksState>
    <ksState>
      <x>63.76886928403443</x>
      <y>-59.21893223653844</y>
      <orientation>-0.74842</orientation>
      <velocity>17.0</velocity>
      <steeringAngle>0.0</steeringAngle>
      <time>52</time>
    </ksState>
    <ksState>
      <x>65.01456968946802</x>
      <y>-60.37575136669776</y>
      <orientation>-0.74842</orientation>
      <velocity>17.0</velocity>
      <steeringAngle>0.0</steeringAngle>
      <time>53</time>
    </ksState>
    <ksState>
      <x>66.26027009490161</x>
      <y>-61.53257049685709</y>
      <orientation>-0.74842</orientation>
      <velocity>17.0</velocity>
      <steeringAngle>0.0</steeringAngle>
      <time>54</time>
    </ksState>
    <ksState>
      <x>67.50597050033521</x>
      <y>-62.68938962701642</y>
      <orientation>-0.74842</orientation>
      <velocity>17.0</velocity>
      <steeringAngle>0.0</steeringAngle>
      <time>55</time>
    </ksState>
    <ksState>
      <x>68.73701560688134</x>
      <y>-63.83259912035034</y>
      <orientation>-0.74842</orientation>
      <velocity>16.200000000000003</velocity>
      <steeringAngle>0.0</steeringAngle>
      <time>56</time>
    </ksState>
    <ksState>
      <x>69.90943951787767</x>
      <y>-64.92137006638265</y>
      <orientation>-0.74842</orientation>
      <velocity>15.400000000000002</velocity>
      <steeringAngle>0.0</steeringAngle>
      <time>57</time>
    </ksState>
    <ksState>
      <x>71.02324223332418</x>
      <y>-65.95570246511333</y>
      <orientation>-0.74842</orientation>
      <velocity>14.600000000000001</velocity>
      <steeringAngle>0.0</steeringAngle>
      <time>58</time>
    </ksState>
    <ksState>
      <x>72.07842375322087</x>
      <y>-66.93559631654242</y>
      <orientation>-0.74842</orientation>
      <velocity>13.8</velocity>
      <steeringAngle>0.0</steeringAngle>
      <time>59</time>
    </ksState>
    <ksState>
      <x>73.07498407756775</x>
      <y>-67.86105162066988</y>
      <orientation>-0.74842</orientation>
      <velocity>13.0</velocity>
      <steeringAngle>0.0</steeringAngle>
      <time>60</time>
    </ksState>
    <ksState>
      <x>74.02025085580854</x>
      <y>-68.73887319590843</y>
      <orientation>-0.74842</orientation>
      <velocity>12.600000000000001</velocity>
      <steeringAngle>0.0</steeringAngle>
      <time>61</time>
    </ksState>
    <ksState>
      <x>74.93620703627441</x>
      <y>-69.58947549749617</y>
      <orientation>-0.74842</orientation>
      <velocity>12.200000000000003</velocity>
      <steeringAngle>0.0</steeringAngle>
      <time>62</time>
    </ksState>
    <ksState>
      <x>75.82285261896538</x>
      <y>-70.41285852543311</y>
      <orientation>-0.74842</orientation>
      <velocity>11.800000000000004</velocity>
      <steeringAngle>0.0</steeringAngle>
      <time>63</time>
    </ksState>
    <ksState>
      <x>76.68018760388145</x>
      <y>-71.20902227971922</y>
      <orientation>-0.74842</orientation>
      <velocity>11.400000000000006</velocity>
      <steeringAngle>0.0</steeringAngle>
      <time>64</time>
    </ksState>
    <ksState>
      <x>77.50821199102259</x>
      <y>-71.97796676035455</y>
      <orientation>-0.74842</orientation>
      <velocity>11.000000000000007</velocity>
      <steeringAngle>0.0</steeringAngle>
      <time>65</time>
    </ksState>
    <ksState>
      <x>78.32524490399815</x>
      <y>-72.73670401337081</y>
      <orientation>-0.74842</orientation>
      <velocity>11.600000000000001</velocity>
      <steeringAngle>0.0</steeringAngle>
      <time>66</time>
    </ksState>
    <ksState>
      <x>79.18624371363607</x>
      <y>-73.53627017686328</y>
      <orientation>-0.74842</orientation>
      <velocity>12.200000000000003</velocity>
      <steeringAngle>0.0</steeringAngle>
      <time>67</time>
    </ksState>
    <ksState>
      <x>80.09120841993636</x>
      <y>-74.37666525083198</y>
      <orientation>-0.74842</orientation>
      <velocity>12.800000000000004</velocity>
      <steeringAngle>0.0</steeringAngle>
      <time>68</time>
    </ksState>
    <ksState>
      <x>81.04013902289901</x>
      <y>-75.25788923527688</y>
      <orientation>-0.74842</orientation>
      <velocity>13.400000000000006</velocity>
      <steeringAngle>0.0</steeringAngle>
      <time>69</time>
    </ksState>
    <ksState>
      <x>82.03303552252403</x>
      <y>-76.17994213019799</y>
      <orientation>-0.74842</orientation>
      <velocity>14.000000000000007</velocity>
      <steeringAngle>0.0</steeringAngle>
      <time>70</time>
    </ksState>
  </ksTrajectory>
</CommonRoadSolution>
