<?xml version="1.0" ?>
<CommonRoadSolution benchmark_id="KS2:SM1:USA_Lanker-1_13_T-1:2018b" date="2019-11-18">
  <ksTrajectory planningProblem="11004">
    <ksState>
      <x>0.0</x>
      <y>0.0</y>
      <orientation>-2.1964</orientation>
      <velocity>6.0</velocity>
      <steeringAngle>0.0</steeringAngle>
      <time>0</time>
    </ksState>
    <ksState>
      <x>-0.34549616657314947</x>
      <y>-0.4782597608865486</y>
      <orientation>-2.197898491427351</orientation>
      <velocity>5.6</velocity>
      <steeringAngle>-0.026650000000000004</steeringAngle>
      <time>1</time>
    </ksState>
    <ksState>
      <x>-0.6688686596705365</x>
      <y>-0.9231525541231058</y>
      <orientation>-2.2049800685733967</orientation>
      <velocity>5.199999999999999</velocity>
      <steeringAngle>-0.05330000000000001</steeringAngle>
      <time>2</time>
    </ksState>
    <ksState>
      <x>-0.9721350044420314</x>
      <y>-1.333186264533528</y>
      <orientation>-2.2168269510564436</orientation>
      <velocity>4.799999999999999</velocity>
      <steeringAngle>-0.07995000000000001</steeringAngle>
      <time>3</time>
    </ksState>
    <ksState>
      <x>-1.2564506780424305</x>
      <y>-1.707434215614697</y>
      <orientation>-2.2326261170346524</orientation>
      <velocity>4.399999999999999</velocity>
      <steeringAngle>-0.10660000000000001</steeringAngle>
      <time>4</time>
    </ksState>
    <ksState>
      <x>-1.522218884887292</x>
      <y>-2.0454629282321326</y>
      <orientation>-2.2515670135040082</orientation>
      <velocity>3.9999999999999982</velocity>
      <steeringAngle>-0.13325</steeringAngle>
      <time>5</time>
    </ksState>
    <ksState>
      <x>-1.775584524719821</x>
      <y>-2.354981150650286</y>
      <orientation>-2.271307698959687</orientation>
      <velocity>4.0</velocity>
      <steeringAngle>-0.1066</steeringAngle>
      <time>6</time>
    </ksState>
    <ksState>
      <x>-2.0346924225797176</x>
      <y>-2.6597111010551107</y>
      <orientation>-2.286860925749134</orientation>
      <velocity>4.0</velocity>
      <steeringAngle>-0.07995</steeringAngle>
      <time>7</time>
    </ksState>
    <ksState>
      <x>-2.2981957401149007</x>
      <y>-2.960650392829749</y>
      <orientation>-2.298249022256477</orientation>
      <velocity>4.0</velocity>
      <steeringAngle>-0.053299999999999986</steeringAngle>
      <time>8</time>
    </ksState>
    <ksState>
      <x>-2.564800342039959</x>
      <y>-3.258847142469638</y>
      <orientation>-2.3054882617953254</orientation>
      <velocity>4.0</velocity>
      <steeringAngle>-0.02664999999999998</steeringAngle>
      <time>9</time>
    </ksState>
    <ksState>
      <x>-2.833250287627134</x>
      <y>-3.5553845866029206</y>
      <orientation>-2.3085889559820383</orientation>
      <velocity>4.0</velocity>
      <steeringAngle>2.42861286636753e-17</steeringAngle>
      <time>10</time>
    </ksState>
    <ksState>
      <x>-3.098949485157986</x>
      <y>-3.847666875548832</y>
      <orientation>-2.30758134967744</orientation>
      <velocity>3.8</velocity>
      <steeringAngle>0.026650000000000004</steeringAngle>
      <time>11</time>
    </ksState>
    <ksState>
      <x>-3.350646511160014</x>
      <y>-4.125647938812352</y>
      <orientation>-2.3027482991498074</orientation>
      <velocity>3.5999999999999996</velocity>
      <steeringAngle>0.05330000000000001</steeringAngle>
      <time>12</time>
    </ksState>
    <ksState>
      <x>-3.5874155975047755</x>
      <y>-4.39015684787781</y>
      <orientation>-2.294496855847109</orientation>
      <velocity>3.3999999999999995</velocity>
      <steeringAngle>0.07995000000000001</steeringAngle>
      <time>13</time>
    </ksState>
    <ksState>
      <x>-3.808585395106485</x>
      <y>-4.641767933079832</y>
      <orientation>-2.28323020994759</orientation>
      <velocity>3.1999999999999993</velocity>
      <steeringAngle>0.10660000000000001</steeringAngle>
      <time>14</time>
    </ksState>
    <ksState>
      <x>-4.013712882106413</x>
      <y>-4.880821527598664</y>
      <orientation>-2.2693488162077546</orientation>
      <velocity>2.999999999999999</velocity>
      <steeringAngle>0.13325</steeringAngle>
      <time>15</time>
    </ksState>
    <ksState>
      <x>-4.208932967918888</x>
      <y>-5.11515612773433</y>
      <orientation>-2.2526790477974945</orientation>
      <velocity>3.2</velocity>
      <steeringAngle>0.15990000000000001</steeringAngle>
      <time>16</time>
    </ksState>
    <ksState>
      <x>-4.412479145630027</x>
      <y>-5.368516168890394</y>
      <orientation>-2.2314779498359334</orientation>
      <velocity>3.4000000000000004</velocity>
      <steeringAngle>0.18655000000000002</steeringAngle>
      <time>17</time>
    </ksState>
    <ksState>
      <x>-4.62246275169028</x>
      <y>-5.642244647346299</y>
      <orientation>-2.2052893701623533</orientation>
      <velocity>3.6000000000000005</velocity>
      <steeringAngle>0.21320000000000003</steeringAngle>
      <time>18</time>
    </ksState>
    <ksState>
      <x>-4.836559767079877</x>
      <y>-5.937845501577202</y>
      <orientation>-2.1736453487941945</orientation>
      <velocity>3.8000000000000007</velocity>
      <steeringAngle>0.23985000000000004</steeringAngle>
      <time>19</time>
    </ksState>
    <ksState>
      <x>-5.0519396291719785</x>
      <y>-6.256944996354746</y>
      <orientation>-2.136064523474093</orientation>
      <velocity>4.000000000000001</velocity>
      <steeringAngle>0.2665</steeringAngle>
      <time>20</time>
    </ksState>
    <ksState>
      <x>-5.265185455512534</x>
      <y>-6.601230983852772</y>
      <orientation>-2.094326893848958</orientation>
      <velocity>4.199999999999999</velocity>
      <steeringAngle>0.23985000000000004</steeringAngle>
      <time>21</time>
    </ksState>
    <ksState>
      <x>-5.473931192821363</x>
      <y>-6.971409741041719</y>
      <orientation>-2.055197808871875</orientation>
      <velocity>4.399999999999999</velocity>
      <steeringAngle>0.21320000000000003</steeringAngle>
      <time>22</time>
    </ksState>
    <ksState>
      <x>-5.677463307548836</x>
      <y>-7.367115181499791</y>
      <orientation>-2.0190553293160605</orientation>
      <velocity>4.599999999999998</velocity>
      <steeringAngle>0.18655000000000002</steeringAngle>
      <time>23</time>
    </ksState>
    <ksState>
      <x>-5.875413771870461</x>
      <y>-7.787858926172215</y>
      <orientation>-1.986277466285721</orientation>
      <velocity>4.799999999999997</velocity>
      <steeringAngle>0.15990000000000001</steeringAngle>
      <time>24</time>
    </ksState>
    <ksState>
      <x>-6.0677990817387935</x>
      <y>-8.233055115763987</y>
      <orientation>-1.9572432457841582</orientation>
      <velocity>4.9999999999999964</velocity>
      <steeringAngle>0.13325</steeringAngle>
      <time>25</time>
    </ksState>
  </ksTrajectory>
</CommonRoadSolution>
