<?xml version="1.0" ?>
<CommonRoadSolution benchmark_id="KS2:SM1:USA_Peach-4_8_T-1:2018b" date="2019-11-18">
  <ksTrajectory planningProblem="603">
    <ksState>
      <x>0.0</x>
      <y>0.0</y>
      <orientation>1.5217</orientation>
      <velocity>0.0</velocity>
      <steeringAngle>0.0</steeringAngle>
      <time>0</time>
    </ksState>
    <ksState>
      <x>0.0012269151284371158</x>
      <y>0.024969875435564597</y>
      <orientation>1.5218291802954613</orientation>
      <velocity>1.0</velocity>
      <steeringAngle>0.026650000000000004</steeringAngle>
      <time>1</time>
    </ksState>
    <ksState>
      <x>0.007306647640713092</x>
      <y>0.14982193128956559</y>
      <orientation>1.5235091667494987</orientation>
      <velocity>2.0</velocity>
      <steeringAngle>0.05330000000000001</steeringAngle>
      <time>2</time>
    </ksState>
    <ksState>
      <x>0.0176839803110534</x>
      <y>0.3745823759223926</y>
      <orientation>1.5288119914595075</orientation>
      <velocity>3.0</velocity>
      <steeringAngle>0.07995000000000001</steeringAngle>
      <time>3</time>
    </ksState>
    <ksState>
      <x>0.030509996831954884</x>
      <y>0.6993283123562754</y>
      <orientation>1.539820020170198</orientation>
      <velocity>4.0</velocity>
      <steeringAngle>0.10660000000000001</steeringAngle>
      <time>4</time>
    </ksState>
    <ksState>
      <x>0.041806335028556046</x>
      <y>1.1241745125585805</y>
      <orientation>1.5586319615741746</orientation>
      <velocity>5.0</velocity>
      <steeringAngle>0.13325</steeringAngle>
      <time>5</time>
    </ksState>
    <ksState>
      <x>0.04463987691746985</x>
      <y>1.6241559302227235</y>
      <orientation>1.583307818393773</orientation>
      <velocity>5.0</velocity>
      <steeringAngle>0.1066</steeringAngle>
      <time>6</time>
    </ksState>
    <ksState>
      <x>0.03579142865348137</x>
      <y>2.1240709028977873</y>
      <orientation>1.602749351880582</orientation>
      <velocity>5.0</velocity>
      <steeringAngle>0.07995</steeringAngle>
      <time>7</time>
    </ksState>
    <ksState>
      <x>0.017877157521142925</x>
      <y>2.623746106003212</y>
      <orientation>1.6169844725147602</orientation>
      <velocity>5.0</velocity>
      <steeringAngle>0.053299999999999986</steeringAngle>
      <time>8</time>
    </ksState>
    <ksState>
      <x>-0.006500117011771098</x>
      <y>3.1231498272223353</y>
      <orientation>1.626033521938321</orientation>
      <velocity>5.0</velocity>
      <steeringAngle>0.02664999999999998</steeringAngle>
      <time>9</time>
    </ksState>
    <ksState>
      <x>-0.03474965608949303</x>
      <y>3.622350734878967</y>
      <orientation>1.6299093896717123</orientation>
      <velocity>5.0</velocity>
      <steeringAngle>-2.42861286636753e-17</steeringAngle>
      <time>10</time>
    </ksState>
    <ksState>
      <x>-0.06369819061789854</x>
      <y>4.111494867368213</y>
      <orientation>1.6311495205081408</orientation>
      <velocity>4.6</velocity>
      <steeringAngle>0.026650000000000004</steeringAngle>
      <time>11</time>
    </ksState>
    <ksState>
      <x>-0.09136266748480046</x>
      <y>4.560643384833863</y>
      <orientation>1.6369388356995762</orientation>
      <velocity>4.199999999999999</velocity>
      <steeringAngle>0.05330000000000001</steeringAngle>
      <time>12</time>
    </ksState>
    <ksState>
      <x>-0.11932816317275013</x>
      <y>4.9696875614002245</y>
      <orientation>1.6464577161214482</orientation>
      <velocity>3.799999999999999</velocity>
      <steeringAngle>0.07995000000000001</steeringAngle>
      <time>13</time>
    </ksState>
    <ksState>
      <x>-0.14835540583396759</x>
      <y>5.338545565966233</y>
      <orientation>1.6588898191892427</orientation>
      <velocity>3.3999999999999986</velocity>
      <steeringAngle>0.10660000000000001</steeringAngle>
      <time>14</time>
    </ksState>
    <ksState>
      <x>-0.1785125334069247</x>
      <y>5.6671626597439335</y>
      <orientation>1.6734197701534406</orientation>
      <velocity>2.9999999999999982</velocity>
      <steeringAngle>0.13325</steeringAngle>
      <time>15</time>
    </ksState>
    <ksState>
      <x>-0.213163301405977</x>
      <y>5.990307717952212</y>
      <orientation>1.6912344689660979</orientation>
      <velocity>4.0</velocity>
      <steeringAngle>0.15990000000000001</steeringAngle>
      <time>16</time>
    </ksState>
    <ksState>
      <x>-0.26701743751501705</x>
      <y>6.411873481020863</y>
      <orientation>1.719008025044575</orientation>
      <velocity>5.0</velocity>
      <steeringAngle>0.18655000000000002</steeringAngle>
      <time>17</time>
    </ksState>
    <ksState>
      <x>-0.349513429314417</x>
      <y>6.930329261251165</y>
      <orientation>1.7589068618053276</orientation>
      <velocity>6.0</velocity>
      <steeringAngle>0.21320000000000003</steeringAngle>
      <time>18</time>
    </ksState>
    <ksState>
      <x>-0.47441061949788527</x>
      <y>7.542672186362275</y>
      <orientation>1.813136419265176</orientation>
      <velocity>7.0</velocity>
      <steeringAngle>0.23985000000000004</steeringAngle>
      <time>19</time>
    </ksState>
    <ksState>
      <x>-0.6604234221491554</x>
      <y>8.243300236745029</y>
      <orientation>1.883948317542993</orientation>
      <velocity>8.0</velocity>
      <steeringAngle>0.2665</steeringAngle>
      <time>20</time>
    </ksState>
    <ksState>
      <x>-0.9246088083811126</x>
      <y>9.003524334036754</y>
      <orientation>1.9691624883358538</orientation>
      <velocity>8.2</velocity>
      <steeringAngle>0.2665</steeringAngle>
      <time>21</time>
    </ksState>
    <ksState>
      <x>-1.2610812448664321</x>
      <y>9.756578679483733</y>
      <orientation>2.056493781384438</orientation>
      <velocity>8.399999999999999</velocity>
      <steeringAngle>0.2665</steeringAngle>
      <time>22</time>
    </ksState>
    <ksState>
      <x>-1.6720571030601552</x>
      <y>10.494664764919053</y>
      <orientation>2.1459421966887455</orientation>
      <velocity>8.599999999999998</velocity>
      <steeringAngle>0.2665</steeringAngle>
      <time>23</time>
    </ksState>
    <ksState>
      <x>-2.158944017292127</x>
      <y>11.209352564422785</y>
      <orientation>2.237507734248776</orientation>
      <velocity>8.799999999999997</velocity>
      <steeringAngle>0.2665</steeringAngle>
      <time>24</time>
    </ksState>
    <ksState>
      <x>-2.722216296899175</x>
      <y>11.891646232601902</y>
      <orientation>2.3311903940645298</orientation>
      <velocity>8.999999999999996</velocity>
      <steeringAngle>0.2665</steeringAngle>
      <time>25</time>
    </ksState>
    <ksState>
      <x>-3.3540619675722154</x>
      <y>12.525161618101912</y>
      <orientation>2.425931615008145</orientation>
      <velocity>8.8</velocity>
      <steeringAngle>0.2665</steeringAngle>
      <time>26</time>
    </ksState>
    <ksState>
      <x>-4.027321855732653</x>
      <y>13.083669431106355</y>
      <orientation>2.5185557136960375</orientation>
      <velocity>8.600000000000001</velocity>
      <steeringAngle>0.2665</steeringAngle>
      <time>27</time>
    </ksState>
    <ksState>
      <x>-4.732602640196575</x>
      <y>13.566603630255402</y>
      <orientation>2.609062690128207</orientation>
      <velocity>8.400000000000002</velocity>
      <steeringAngle>0.2665</steeringAngle>
      <time>28</time>
    </ksState>
    <ksState>
      <x>-5.460987603517991</x>
      <y>13.974446579580624</y>
      <orientation>2.697452544304652</orientation>
      <velocity>8.200000000000003</velocity>
      <steeringAngle>0.2665</steeringAngle>
      <time>29</time>
    </ksState>
    <ksState>
      <x>-6.204122633135176</x>
      <y>14.308606118137757</y>
      <orientation>2.783725276225375</orientation>
      <velocity>8.000000000000004</velocity>
      <steeringAngle>0.2665</steeringAngle>
      <time>30</time>
    </ksState>
    <ksState>
      <x>-6.940021792075048</x>
      <y>14.566637027955148</y>
      <orientation>2.8684106220715173</orientation>
      <velocity>7.199999999999999</velocity>
      <steeringAngle>0.29315</steeringAngle>
      <time>31</time>
    </ksState>
    <ksState>
      <x>-7.617637312779586</x>
      <y>14.741622528380736</y>
      <orientation>2.9522661565229456</orientation>
      <velocity>6.399999999999999</velocity>
      <steeringAngle>0.3198000000000001</steeringAngle>
      <time>32</time>
    </ksState>
    <ksState>
      <x>-8.228629326350681</x>
      <y>14.846153281596925</y>
      <orientation>3.0336103813633075</orientation>
      <velocity>5.599999999999998</velocity>
      <steeringAngle>0.34645000000000015</steeringAngle>
      <time>33</time>
    </ksState>
    <ksState>
      <x>-8.76638362824535</x>
      <y>14.894199933174672</y>
      <orientation>3.1107285158644324</orientation>
      <velocity>4.799999999999997</velocity>
      <steeringAngle>0.3731000000000002</steeringAngle>
      <time>34</time>
    </ksState>
    <ksState>
      <x>-9.226265920952303</x>
      <y>14.900382151030408</y>
      <orientation>3.181866303972741</orientation>
      <velocity>3.999999999999997</velocity>
      <steeringAngle>0.39975000000000027</steeringAngle>
      <time>35</time>
    </ksState>
    <ksState>
      <x>-9.615597171428924</x>
      <y>14.87846446968955</y>
      <orientation>3.2469228620150954</orientation>
      <velocity>3.5999999999999996</velocity>
      <steeringAngle>0.4264</steeringAngle>
      <time>36</time>
    </ksState>
    <ksState>
      <x>-9.9630058655157</x>
      <y>14.836316643600234</y>
      <orientation>3.309640904788756</orientation>
      <velocity>3.1999999999999993</velocity>
      <steeringAngle>0.45304999999999995</steeringAngle>
      <time>37</time>
    </ksState>
    <ksState>
      <x>-10.267813827688142</x>
      <y>14.780011988588571</y>
      <orientation>3.3691247527221604</orientation>
      <velocity>2.799999999999999</velocity>
      <steeringAngle>0.4796999999999999</steeringAngle>
      <time>38</time>
    </ksState>
    <ksState>
      <x>-10.529976301282787</x>
      <y>14.715542441560066</y>
      <orientation>3.424449830308835</orientation>
      <velocity>2.3999999999999986</velocity>
      <steeringAngle>0.5063499999999999</steeringAngle>
      <time>39</time>
    </ksState>
    <ksState>
      <x>-10.750009218927643</x>
      <y>14.64863410351514</y>
      <orientation>3.474658396077961</orientation>
      <velocity>1.9999999999999984</velocity>
      <steeringAngle>0.5329999999999999</steeringAngle>
      <time>40</time>
    </ksState>
    <ksState>
      <x>-10.938245536251712</x>
      <y>14.581092590942687</y>
      <orientation>3.5211126286442354</orientation>
      <velocity>2.0</velocity>
      <steeringAngle>0.5596500000000001</steeringAngle>
      <time>41</time>
    </ksState>
    <ksState>
      <x>-11.123086790791138</x>
      <y>14.504752496380547</y>
      <orientation>3.5704216205234935</orientation>
      <velocity>2.0</velocity>
      <steeringAngle>0.5863000000000002</steeringAngle>
      <time>42</time>
    </ksState>
    <ksState>
      <x>-11.303876479526634</x>
      <y>14.419262991815671</y>
      <orientation>3.6226838206922873</orientation>
      <velocity>2.0</velocity>
      <steeringAngle>0.6129500000000002</steeringAngle>
      <time>43</time>
    </ksState>
    <ksState>
      <x>-11.479879775446593</x>
      <y>14.324313517298252</y>
      <orientation>3.6780072849414696</orientation>
      <velocity>2.0</velocity>
      <steeringAngle>0.6396000000000003</steeringAngle>
      <time>44</time>
    </ksState>
    <ksState>
      <x>-11.650279312302837</x>
      <y>14.219644145962505</y>
      <orientation>3.7365107115005864</orientation>
      <velocity>2.0</velocity>
      <steeringAngle>0.6662500000000003</steeringAngle>
      <time>45</time>
    </ksState>
    <ksState>
      <x>-11.83038605756055</x>
      <y>14.093349215245034</y>
      <orientation>3.8025836931359724</orientation>
      <velocity>2.8</velocity>
      <steeringAngle>0.6396</steeringAngle>
      <time>46</time>
    </ksState>
    <ksState>
      <x>-12.063132658594824</x>
      <y>13.904160178498172</y>
      <orientation>3.887851060114656</orientation>
      <velocity>3.5999999999999996</velocity>
      <steeringAngle>0.6129499999999999</steeringAngle>
      <time>47</time>
    </ksState>
    <ksState>
      <x>-12.33530208670535</x>
      <y>13.639137409768528</y>
      <orientation>3.989954048659001</orientation>
      <velocity>4.3999999999999995</velocity>
      <steeringAngle>0.5862999999999998</steeringAngle>
      <time>48</time>
    </ksState>
    <ksState>
      <x>-12.629009147952035</x>
      <y>13.285348363759963</y>
      <orientation>4.10665747120062</orientation>
      <velocity>5.2</velocity>
      <steeringAngle>0.5596499999999998</steeringAngle>
      <time>49</time>
    </ksState>
    <ksState>
      <x>-12.921619223867635</x>
      <y>12.831818826105614</y>
      <orientation>4.235834764485872</orientation>
      <velocity>6.000000000000001</velocity>
      <steeringAngle>0.5329999999999997</steeringAngle>
      <time>50</time>
    </ksState>
    <ksState>
      <x>-13.170313017716781</x>
      <y>12.308219813336933</y>
      <orientation>4.366580832279961</orientation>
      <velocity>5.199999999999999</velocity>
      <steeringAngle>0.50635</steeringAngle>
      <time>51</time>
    </ksState>
    <ksState>
      <x>-13.327046717364778</x>
      <y>11.833625741992694</y>
      <orientation>4.472492551438869</orientation>
      <velocity>4.399999999999999</velocity>
      <steeringAngle>0.4797</steeringAngle>
      <time>52</time>
    </ksState>
  </ksTrajectory>
</CommonRoadSolution>
