<?xml version="1.0" ?>
<CommonRoadSolution benchmark_id="KS2:SM1:USA_US101-15_2_T-1:2018b" date="2019-11-18">
  <ksTrajectory planningProblem="445">
    <ksState>
      <x>0.0</x>
      <y>0.0</y>
      <orientation>-0.75435</orientation>
      <velocity>10.0</velocity>
      <steeringAngle>0.0</steeringAngle>
      <time>0</time>
    </ksState>
    <ksState>
      <x>0.7104989062651258</x>
      <y>-0.6676947687349812</y>
      <orientation>-0.7518955743862354</orientation>
      <velocity>9.0</velocity>
      <steeringAngle>0.026650000000000004</steeringAngle>
      <time>1</time>
    </ksState>
    <ksState>
      <x>1.350941778719021</x>
      <y>-1.2638942231839652</y>
      <orientation>-0.7406529412941719</orientation>
      <velocity>8.0</velocity>
      <steeringAngle>0.05330000000000001</steeringAngle>
      <time>2</time>
    </ksState>
    <ksState>
      <x>1.9249979478377988</x>
      <y>-1.7845421307874016</y>
      <orientation>-0.7226757453924297</orientation>
      <velocity>7.0</velocity>
      <steeringAngle>0.07995000000000001</steeringAngle>
      <time>3</time>
    </ksState>
    <ksState>
      <x>2.433596940436996</x>
      <y>-2.2283197951742957</y>
      <orientation>-0.7000131449989788</orientation>
      <velocity>6.0</velocity>
      <steeringAngle>0.10660000000000001</steeringAngle>
      <time>4</time>
    </ksState>
    <ksState>
      <x>2.875565255152687</x>
      <y>-2.5961189602717725</y>
      <orientation>-0.6747156313513782</orientation>
      <velocity>5.0</velocity>
      <steeringAngle>0.13325</steeringAngle>
      <time>5</time>
    </ksState>
    <ksState>
      <x>3.248296934216088</x>
      <y>-2.890544838371426</y>
      <orientation>-0.6512079339151257</orientation>
      <velocity>4.0</velocity>
      <steeringAngle>0.1066</steeringAngle>
      <time>6</time>
    </ksState>
    <ksState>
      <x>3.5474294748502633</x>
      <y>-3.116691500661536</y>
      <orientation>-0.6365615471051264</orientation>
      <velocity>3.0</velocity>
      <steeringAngle>0.07995</steeringAngle>
      <time>7</time>
    </ksState>
    <ksState>
      <x>3.768914372142236</x>
      <y>-3.2796916021301805</y>
      <orientation>-0.6286672953122782</orientation>
      <velocity>2.0</velocity>
      <steeringAngle>0.053299999999999986</steeringAngle>
      <time>8</time>
    </ksState>
    <ksState>
      <x>3.9105475739939726</x>
      <y>-3.3824778076062243</y>
      <orientation>-0.625435400042281</orientation>
      <velocity>1.0</velocity>
      <steeringAngle>0.02664999999999998</steeringAngle>
      <time>9</time>
    </ksState>
    <ksState>
      <x>3.971358257339627</x>
      <y>-3.4263761043518275</y>
      <orientation>-0.6247894067910642</orientation>
      <velocity>0.0</velocity>
      <steeringAngle>-2.42861286636753e-17</steeringAngle>
      <time>10</time>
    </ksState>
    <ksState>
      <x>3.971358257339627</x>
      <y>-3.4263761043518275</y>
      <orientation>-0.6247894067910642</orientation>
      <velocity>0.0</velocity>
      <steeringAngle>0.0</steeringAngle>
      <time>11</time>
    </ksState>
    <ksState>
      <x>3.971358257339627</x>
      <y>-3.4263761043518275</y>
      <orientation>-0.6247894067910642</orientation>
      <velocity>0.0</velocity>
      <steeringAngle>0.0</steeringAngle>
      <time>12</time>
    </ksState>
    <ksState>
      <x>3.971358257339627</x>
      <y>-3.4263761043518275</y>
      <orientation>-0.6247894067910642</orientation>
      <velocity>0.0</velocity>
      <steeringAngle>0.0</steeringAngle>
      <time>13</time>
    </ksState>
    <ksState>
      <x>3.971358257339627</x>
      <y>-3.4263761043518275</y>
      <orientation>-0.6247894067910642</orientation>
      <velocity>0.0</velocity>
      <steeringAngle>0.0</steeringAngle>
      <time>14</time>
    </ksState>
    <ksState>
      <x>3.971358257339627</x>
      <y>-3.4263761043518275</y>
      <orientation>-0.6247894067910642</orientation>
      <velocity>0.0</velocity>
      <steeringAngle>0.0</steeringAngle>
      <time>15</time>
    </ksState>
    <ksState>
      <x>3.971358257339627</x>
      <y>-3.4263761043518275</y>
      <orientation>-0.6247894067910642</orientation>
      <velocity>0.0</velocity>
      <steeringAngle>0.0</steeringAngle>
      <time>16</time>
    </ksState>
    <ksState>
      <x>3.971358257339627</x>
      <y>-3.4263761043518275</y>
      <orientation>-0.6247894067910642</orientation>
      <velocity>0.0</velocity>
      <steeringAngle>0.0</steeringAngle>
      <time>17</time>
    </ksState>
    <ksState>
      <x>3.971358257339627</x>
      <y>-3.4263761043518275</y>
      <orientation>-0.6247894067910642</orientation>
      <velocity>0.0</velocity>
      <steeringAngle>0.0</steeringAngle>
      <time>18</time>
    </ksState>
    <ksState>
      <x>3.971358257339627</x>
      <y>-3.4263761043518275</y>
      <orientation>-0.6247894067910642</orientation>
      <velocity>0.0</velocity>
      <steeringAngle>0.0</steeringAngle>
      <time>19</time>
    </ksState>
    <ksState>
      <x>3.971358257339627</x>
      <y>-3.4263761043518275</y>
      <orientation>-0.6247894067910642</orientation>
      <velocity>0.0</velocity>
      <steeringAngle>0.0</steeringAngle>
      <time>20</time>
    </ksState>
    <ksState>
      <x>3.971358257339627</x>
      <y>-3.4263761043518275</y>
      <orientation>-0.6247894067910642</orientation>
      <velocity>0.0</velocity>
      <steeringAngle>0.0</steeringAngle>
      <time>21</time>
    </ksState>
    <ksState>
      <x>3.971358257339627</x>
      <y>-3.4263761043518275</y>
      <orientation>-0.6247894067910642</orientation>
      <velocity>0.0</velocity>
      <steeringAngle>0.0</steeringAngle>
      <time>22</time>
    </ksState>
    <ksState>
      <x>3.971358257339627</x>
      <y>-3.4263761043518275</y>
      <orientation>-0.6247894067910642</orientation>
      <velocity>0.0</velocity>
      <steeringAngle>0.0</steeringAngle>
      <time>23</time>
    </ksState>
    <ksState>
      <x>3.971358257339627</x>
      <y>-3.4263761043518275</y>
      <orientation>-0.6247894067910642</orientation>
      <velocity>0.0</velocity>
      <steeringAngle>0.0</steeringAngle>
      <time>24</time>
    </ksState>
    <ksState>
      <x>3.971358257339627</x>
      <y>-3.4263761043518275</y>
      <orientation>-0.6247894067910642</orientation>
      <velocity>0.0</velocity>
      <steeringAngle>0.0</steeringAngle>
      <time>25</time>
    </ksState>
    <ksState>
      <x>3.971358257339627</x>
      <y>-3.4263761043518275</y>
      <orientation>-0.6247894067910642</orientation>
      <velocity>0.0</velocity>
      <steeringAngle>0.0</steeringAngle>
      <time>26</time>
    </ksState>
    <ksState>
      <x>3.971358257339627</x>
      <y>-3.4263761043518275</y>
      <orientation>-0.6247894067910642</orientation>
      <velocity>0.0</velocity>
      <steeringAngle>0.0</steeringAngle>
      <time>27</time>
    </ksState>
    <ksState>
      <x>3.971358257339627</x>
      <y>-3.4263761043518275</y>
      <orientation>-0.6247894067910642</orientation>
      <velocity>0.0</velocity>
      <steeringAngle>0.0</steeringAngle>
      <time>28</time>
    </ksState>
    <ksState>
      <x>3.971358257339627</x>
      <y>-3.4263761043518275</y>
      <orientation>-0.6247894067910642</orientation>
      <velocity>0.0</velocity>
      <steeringAngle>0.0</steeringAngle>
      <time>29</time>
    </ksState>
    <ksState>
      <x>3.971358257339627</x>
      <y>-3.4263761043518275</y>
      <orientation>-0.6247894067910642</orientation>
      <velocity>0.0</velocity>
      <steeringAngle>0.0</steeringAngle>
      <time>30</time>
    </ksState>
    <ksState>
      <x>3.9835245521251315</x>
      <y>-3.4351500015014524</y>
      <orientation>-0.6247894067910642</orientation>
      <velocity>0.6000000000000001</velocity>
      <steeringAngle>0.0</steeringAngle>
      <time>31</time>
    </ksState>
    <ksState>
      <x>4.044356026052656</x>
      <y>-3.479019487249578</y>
      <orientation>-0.6247894067910642</orientation>
      <velocity>1.2000000000000002</velocity>
      <steeringAngle>0.0</steeringAngle>
      <time>32</time>
    </ksState>
    <ksState>
      <x>4.153852679122198</x>
      <y>-3.557984561596204</y>
      <orientation>-0.6247894067910642</orientation>
      <velocity>1.8000000000000003</velocity>
      <steeringAngle>0.0</steeringAngle>
      <time>33</time>
    </ksState>
    <ksState>
      <x>4.312014511333761</x>
      <y>-3.6720452245413306</y>
      <orientation>-0.6247894067910642</orientation>
      <velocity>2.4000000000000004</velocity>
      <steeringAngle>0.0</steeringAngle>
      <time>34</time>
    </ksState>
    <ksState>
      <x>4.5188415226873415</x>
      <y>-3.8212014760849575</y>
      <orientation>-0.6247894067910642</orientation>
      <velocity>3.0</velocity>
      <steeringAngle>0.0</steeringAngle>
      <time>35</time>
    </ksState>
    <ksState>
      <x>4.782444576373278</x>
      <y>-4.011302580993502</y>
      <orientation>-0.6247894067910642</orientation>
      <velocity>4.0</velocity>
      <steeringAngle>0.0</steeringAngle>
      <time>36</time>
    </ksState>
    <ksState>
      <x>5.12715626196258</x>
      <y>-4.259896333566213</y>
      <orientation>-0.6247894067910642</orientation>
      <velocity>5.0</velocity>
      <steeringAngle>0.0</steeringAngle>
      <time>37</time>
    </ksState>
    <ksState>
      <x>5.552976579455247</x>
      <y>-4.5669827338030915</y>
      <orientation>-0.6247894067910642</orientation>
      <velocity>6.0</velocity>
      <steeringAngle>0.0</steeringAngle>
      <time>38</time>
    </ksState>
    <ksState>
      <x>6.059905528851278</x>
      <y>-4.932561781704138</y>
      <orientation>-0.6247894067910642</orientation>
      <velocity>7.0</velocity>
      <steeringAngle>0.0</steeringAngle>
      <time>39</time>
    </ksState>
    <ksState>
      <x>6.647943110150676</x>
      <y>-5.356633477269352</y>
      <orientation>-0.6247894067910642</orientation>
      <velocity>8.0</velocity>
      <steeringAngle>0.0</steeringAngle>
      <time>40</time>
    </ksState>
    <ksState>
      <x>7.296812165377597</x>
      <y>-5.824574658582691</y>
      <orientation>-0.6247894067910642</orientation>
      <velocity>8.0</velocity>
      <steeringAngle>0.0</steeringAngle>
      <time>41</time>
    </ksState>
    <ksState>
      <x>7.945681220604517</x>
      <y>-6.29251583989603</y>
      <orientation>-0.6247894067910642</orientation>
      <velocity>8.0</velocity>
      <steeringAngle>0.0</steeringAngle>
      <time>42</time>
    </ksState>
    <ksState>
      <x>8.594550275831438</x>
      <y>-6.760457021209368</y>
      <orientation>-0.6247894067910642</orientation>
      <velocity>8.0</velocity>
      <steeringAngle>0.0</steeringAngle>
      <time>43</time>
    </ksState>
    <ksState>
      <x>9.243419331058359</x>
      <y>-7.228398202522707</y>
      <orientation>-0.6247894067910642</orientation>
      <velocity>8.0</velocity>
      <steeringAngle>0.0</steeringAngle>
      <time>44</time>
    </ksState>
    <ksState>
      <x>9.89228838628528</x>
      <y>-7.696339383836046</y>
      <orientation>-0.6247894067910642</orientation>
      <velocity>8.0</velocity>
      <steeringAngle>0.0</steeringAngle>
      <time>45</time>
    </ksState>
    <ksState>
      <x>10.541157441512201</x>
      <y>-8.164280565149385</y>
      <orientation>-0.6247894067910642</orientation>
      <velocity>8.0</velocity>
      <steeringAngle>0.0</steeringAngle>
      <time>46</time>
    </ksState>
    <ksState>
      <x>11.190026496739122</x>
      <y>-8.632221746462724</y>
      <orientation>-0.6247894067910642</orientation>
      <velocity>8.0</velocity>
      <steeringAngle>0.0</steeringAngle>
      <time>47</time>
    </ksState>
    <ksState>
      <x>11.838895551966042</x>
      <y>-9.100162927776063</y>
      <orientation>-0.6247894067910642</orientation>
      <velocity>8.0</velocity>
      <steeringAngle>0.0</steeringAngle>
      <time>48</time>
    </ksState>
    <ksState>
      <x>12.487764607192963</x>
      <y>-9.5681041090894</y>
      <orientation>-0.6247894067910642</orientation>
      <velocity>8.0</velocity>
      <steeringAngle>0.0</steeringAngle>
      <time>49</time>
    </ksState>
    <ksState>
      <x>13.136633662419884</x>
      <y>-10.03604529040274</y>
      <orientation>-0.6247894067910642</orientation>
      <velocity>8.0</velocity>
      <steeringAngle>0.0</steeringAngle>
      <time>50</time>
    </ksState>
    <ksState>
      <x>13.79766901243231</x>
      <y>-10.512760368865704</y>
      <orientation>-0.6247894067910642</orientation>
      <velocity>8.600000000000001</velocity>
      <steeringAngle>0.0</steeringAngle>
      <time>51</time>
    </ksState>
    <ksState>
      <x>14.507369541586755</x>
      <y>-11.024571035927169</y>
      <orientation>-0.6247894067910642</orientation>
      <velocity>9.200000000000003</velocity>
      <steeringAngle>0.0</steeringAngle>
      <time>52</time>
    </ksState>
    <ksState>
      <x>15.265735249883218</x>
      <y>-11.571477291587133</y>
      <orientation>-0.6247894067910642</orientation>
      <velocity>9.800000000000004</velocity>
      <steeringAngle>0.0</steeringAngle>
      <time>53</time>
    </ksState>
    <ksState>
      <x>16.0727661373217</x>
      <y>-12.153479135845599</y>
      <orientation>-0.6247894067910642</orientation>
      <velocity>10.400000000000006</velocity>
      <steeringAngle>0.0</steeringAngle>
      <time>54</time>
    </ksState>
    <ksState>
      <x>16.928462203902203</x>
      <y>-12.770576568702566</y>
      <orientation>-0.6247894067910642</orientation>
      <velocity>11.000000000000007</velocity>
      <steeringAngle>0.0</steeringAngle>
      <time>55</time>
    </ksState>
    <ksState>
      <x>17.800379996863377</x>
      <y>-13.399372531092366</y>
      <orientation>-0.6247894067910642</orientation>
      <velocity>10.0</velocity>
      <steeringAngle>0.0</steeringAngle>
      <time>56</time>
    </ksState>
    <ksState>
      <x>18.59118915792119</x>
      <y>-13.969675845817997</y>
      <orientation>-0.6247894067910642</orientation>
      <velocity>9.0</velocity>
      <steeringAngle>0.0</steeringAngle>
      <time>57</time>
    </ksState>
    <ksState>
      <x>19.30088968707563</x>
      <y>-14.481486512879462</y>
      <orientation>-0.6247894067910642</orientation>
      <velocity>8.0</velocity>
      <steeringAngle>0.0</steeringAngle>
      <time>58</time>
    </ksState>
    <ksState>
      <x>19.929481584326712</x>
      <y>-14.93480453227676</y>
      <orientation>-0.6247894067910642</orientation>
      <velocity>7.0</velocity>
      <steeringAngle>0.0</steeringAngle>
      <time>59</time>
    </ksState>
    <ksState>
      <x>20.476964849674427</x>
      <y>-15.32962990400989</y>
      <orientation>-0.6247894067910642</orientation>
      <velocity>6.0</velocity>
      <steeringAngle>0.0</steeringAngle>
      <time>60</time>
    </ksState>
    <ksState>
      <x>20.943339483118777</x>
      <y>-15.665962628078852</y>
      <orientation>-0.6247894067910642</orientation>
      <velocity>5.0</velocity>
      <steeringAngle>0.0</steeringAngle>
      <time>61</time>
    </ksState>
    <ksState>
      <x>21.32860548465976</x>
      <y>-15.943802704483648</y>
      <orientation>-0.6247894067910642</orientation>
      <velocity>4.0</velocity>
      <steeringAngle>0.0</steeringAngle>
      <time>62</time>
    </ksState>
    <ksState>
      <x>21.63276285429738</x>
      <y>-16.163150133224274</y>
      <orientation>-0.6247894067910642</orientation>
      <velocity>3.0</velocity>
      <steeringAngle>0.0</steeringAngle>
      <time>63</time>
    </ksState>
    <ksState>
      <x>21.855811592031635</x>
      <y>-16.324004914300737</y>
      <orientation>-0.6247894067910642</orientation>
      <velocity>2.0</velocity>
      <steeringAngle>0.0</steeringAngle>
      <time>64</time>
    </ksState>
    <ksState>
      <x>21.997751697862522</x>
      <y>-16.42636704771303</y>
      <orientation>-0.6247894067910642</orientation>
      <velocity>1.0</velocity>
      <steeringAngle>0.0</steeringAngle>
      <time>65</time>
    </ksState>
    <ksState>
      <x>22.07480489817072</x>
      <y>-16.481935062993987</y>
      <orientation>-0.6247894067910642</orientation>
      <velocity>0.8</velocity>
      <steeringAngle>0.0</steeringAngle>
      <time>66</time>
    </ksState>
    <ksState>
      <x>22.135636372098244</x>
      <y>-16.525804548742112</y>
      <orientation>-0.6247894067910642</orientation>
      <velocity>0.6000000000000001</velocity>
      <steeringAngle>0.0</steeringAngle>
      <time>67</time>
    </ksState>
    <ksState>
      <x>22.180246119645094</x>
      <y>-16.557975504957405</y>
      <orientation>-0.6247894067910642</orientation>
      <velocity>0.40000000000000013</velocity>
      <steeringAngle>0.0</steeringAngle>
      <time>68</time>
    </ksState>
    <ksState>
      <x>22.20863414081127</x>
      <y>-16.578447931639865</y>
      <orientation>-0.6247894067910642</orientation>
      <velocity>0.20000000000000015</velocity>
      <steeringAngle>0.0</steeringAngle>
      <time>69</time>
    </ksState>
    <ksState>
      <x>22.220800435596775</x>
      <y>-16.587221828789488</y>
      <orientation>-0.6247894067910642</orientation>
      <velocity>1.3877787807814457e-16</velocity>
      <steeringAngle>0.0</steeringAngle>
      <time>70</time>
    </ksState>
    <ksState>
      <x>22.220800435596775</x>
      <y>-16.587221828789488</y>
      <orientation>-0.6247894067910642</orientation>
      <velocity>0.0</velocity>
      <steeringAngle>0.0</steeringAngle>
      <time>71</time>
    </ksState>
    <ksState>
      <x>22.220800435596775</x>
      <y>-16.587221828789488</y>
      <orientation>-0.6247894067910642</orientation>
      <velocity>0.0</velocity>
      <steeringAngle>0.0</steeringAngle>
      <time>72</time>
    </ksState>
    <ksState>
      <x>22.220800435596775</x>
      <y>-16.587221828789488</y>
      <orientation>-0.6247894067910642</orientation>
      <velocity>0.0</velocity>
      <steeringAngle>0.0</steeringAngle>
      <time>73</time>
    </ksState>
    <ksState>
      <x>22.220800435596775</x>
      <y>-16.587221828789488</y>
      <orientation>-0.6247894067910642</orientation>
      <velocity>0.0</velocity>
      <steeringAngle>0.0</steeringAngle>
      <time>74</time>
    </ksState>
    <ksState>
      <x>22.220800435596775</x>
      <y>-16.587221828789488</y>
      <orientation>-0.6247894067910642</orientation>
      <velocity>0.0</velocity>
      <steeringAngle>0.0</steeringAngle>
      <time>75</time>
    </ksState>
    <ksState>
      <x>22.220800435596775</x>
      <y>-16.587221828789488</y>
      <orientation>-0.6247894067910642</orientation>
      <velocity>0.0</velocity>
      <steeringAngle>0.0</steeringAngle>
      <time>76</time>
    </ksState>
    <ksState>
      <x>22.220800435596775</x>
      <y>-16.587221828789488</y>
      <orientation>-0.6247894067910642</orientation>
      <velocity>0.0</velocity>
      <steeringAngle>0.0</steeringAngle>
      <time>77</time>
    </ksState>
    <ksState>
      <x>22.220800435596775</x>
      <y>-16.587221828789488</y>
      <orientation>-0.6247894067910642</orientation>
      <velocity>0.0</velocity>
      <steeringAngle>0.0</steeringAngle>
      <time>78</time>
    </ksState>
    <ksState>
      <x>22.220800435596775</x>
      <y>-16.587221828789488</y>
      <orientation>-0.6247894067910642</orientation>
      <velocity>0.0</velocity>
      <steeringAngle>0.0</steeringAngle>
      <time>79</time>
    </ksState>
    <ksState>
      <x>22.220800435596775</x>
      <y>-16.587221828789488</y>
      <orientation>-0.6247894067910642</orientation>
      <velocity>0.0</velocity>
      <steeringAngle>0.0</steeringAngle>
      <time>80</time>
    </ksState>
  </ksTrajectory>
</CommonRoadSolution>
