<?xml version="1.0" ?>
<CommonRoadSolution benchmark_id="KS2:SM1:RUS_Bicycle-3_1_T-1:2018b" date="2019-11-18">
  <ksTrajectory planningProblem="9">
    <ksState>
      <x>2.5</x>
      <y>20.0</y>
      <orientation>0.0</orientation>
      <velocity>10.0</velocity>
      <steeringAngle>0.0</steeringAngle>
      <time>0</time>
    </ksState>
    <ksState>
      <x>3.49</x>
      <y>20.0</y>
      <orientation>0.0</orientation>
      <velocity>9.600000000000001</velocity>
      <steeringAngle>0.0</steeringAngle>
      <time>1</time>
    </ksState>
    <ksState>
      <x>4.44</x>
      <y>20.0</y>
      <orientation>0.0</orientation>
      <velocity>9.200000000000003</velocity>
      <steeringAngle>0.0</steeringAngle>
      <time>2</time>
    </ksState>
    <ksState>
      <x>5.3500000000000005</x>
      <y>20.0</y>
      <orientation>0.0</orientation>
      <velocity>8.800000000000004</velocity>
      <steeringAngle>0.0</steeringAngle>
      <time>3</time>
    </ksState>
    <ksState>
      <x>6.220000000000001</x>
      <y>20.0</y>
      <orientation>0.0</orientation>
      <velocity>8.400000000000006</velocity>
      <steeringAngle>0.0</steeringAngle>
      <time>4</time>
    </ksState>
    <ksState>
      <x>7.050000000000002</x>
      <y>20.0</y>
      <orientation>0.0</orientation>
      <velocity>8.000000000000007</velocity>
      <steeringAngle>0.0</steeringAngle>
      <time>5</time>
    </ksState>
    <ksState>
      <x>7.850000000000001</x>
      <y>20.0</y>
      <orientation>0.0</orientation>
      <velocity>8.0</velocity>
      <steeringAngle>0.0</steeringAngle>
      <time>6</time>
    </ksState>
    <ksState>
      <x>8.650000000000002</x>
      <y>20.0</y>
      <orientation>0.0</orientation>
      <velocity>8.0</velocity>
      <steeringAngle>0.0</steeringAngle>
      <time>7</time>
    </ksState>
    <ksState>
      <x>9.450000000000001</x>
      <y>20.0</y>
      <orientation>0.0</orientation>
      <velocity>8.0</velocity>
      <steeringAngle>0.0</steeringAngle>
      <time>8</time>
    </ksState>
    <ksState>
      <x>10.250000000000002</x>
      <y>20.0</y>
      <orientation>0.0</orientation>
      <velocity>8.0</velocity>
      <steeringAngle>0.0</steeringAngle>
      <time>9</time>
    </ksState>
    <ksState>
      <x>11.05</x>
      <y>20.0</y>
      <orientation>0.0</orientation>
      <velocity>8.0</velocity>
      <steeringAngle>0.0</steeringAngle>
      <time>10</time>
    </ksState>
    <ksState>
      <x>11.845</x>
      <y>20.0</y>
      <orientation>0.0</orientation>
      <velocity>7.800000000000001</velocity>
      <steeringAngle>0.0</steeringAngle>
      <time>11</time>
    </ksState>
    <ksState>
      <x>12.620000000000001</x>
      <y>20.0</y>
      <orientation>0.0</orientation>
      <velocity>7.600000000000001</velocity>
      <steeringAngle>0.0</steeringAngle>
      <time>12</time>
    </ksState>
    <ksState>
      <x>13.375</x>
      <y>20.0</y>
      <orientation>0.0</orientation>
      <velocity>7.400000000000002</velocity>
      <steeringAngle>0.0</steeringAngle>
      <time>13</time>
    </ksState>
    <ksState>
      <x>14.110000000000001</x>
      <y>20.0</y>
      <orientation>0.0</orientation>
      <velocity>7.200000000000003</velocity>
      <steeringAngle>0.0</steeringAngle>
      <time>14</time>
    </ksState>
    <ksState>
      <x>14.825000000000003</x>
      <y>20.0</y>
      <orientation>0.0</orientation>
      <velocity>7.0000000000000036</velocity>
      <steeringAngle>0.0</steeringAngle>
      <time>15</time>
    </ksState>
    <ksState>
      <x>15.525000000000002</x>
      <y>20.0</y>
      <orientation>0.0018085241364580809</orientation>
      <velocity>7.0</velocity>
      <steeringAngle>0.026650000000000004</steeringAngle>
      <time>16</time>
    </ksState>
    <ksState>
      <x>16.224994274963596</x>
      <y>20.002532148972254</y>
      <orientation>0.010854357818728667</orientation>
      <velocity>7.0</velocity>
      <steeringAngle>0.05330000000000001</steeringAngle>
      <time>17</time>
    </ksState>
    <ksState>
      <x>16.924916359394956</x>
      <y>20.012663963415136</y>
      <orientation>0.02715037224695436</orientation>
      <velocity>7.0</velocity>
      <steeringAngle>0.07995000000000001</steeringAngle>
      <time>18</time>
    </ksState>
    <ksState>
      <x>17.624534377823156</x>
      <y>20.035470638079616</y>
      <orientation>0.05071981261985324</orientation>
      <velocity>7.0</velocity>
      <steeringAngle>0.10660000000000001</steeringAngle>
      <time>19</time>
    </ksState>
    <ksState>
      <x>18.32333965580517</x>
      <y>20.076033536172716</y>
      <orientation>0.08159643115595742</orientation>
      <velocity>7.0</velocity>
      <steeringAngle>0.13325</steeringAngle>
      <time>20</time>
    </ksState>
    <ksState>
      <x>19.0204339997822</x>
      <y>20.139428611843353</y>
      <orientation>0.11614263070339531</orientation>
      <velocity>7.0</velocity>
      <steeringAngle>0.1066</steeringAngle>
      <time>21</time>
    </ksState>
    <ksState>
      <x>19.715092470653556</x>
      <y>20.225589937761118</y>
      <orientation>0.14336077758492788</orientation>
      <velocity>7.0</velocity>
      <steeringAngle>0.07995</steeringAngle>
      <time>22</time>
    </ksState>
    <ksState>
      <x>20.407347270684355</x>
      <y>20.329362804893954</y>
      <orientation>0.16328994647277728</orientation>
      <velocity>7.0</velocity>
      <steeringAngle>0.053299999999999986</steeringAngle>
      <time>23</time>
    </ksState>
    <ksState>
      <x>21.097614706875845</x>
      <y>20.44565744996531</y>
      <orientation>0.17595861566576237</orientation>
      <velocity>7.0</velocity>
      <steeringAngle>0.02664999999999998</steeringAngle>
      <time>24</time>
    </ksState>
    <ksState>
      <x>21.786582231526225</x>
      <y>20.569440109240954</y>
      <orientation>0.18138483049251003</orientation>
      <velocity>7.0</velocity>
      <steeringAngle>-2.42861286636753e-17</steeringAngle>
      <time>25</time>
    </ksState>
    <ksState>
      <x>22.470180634115426</x>
      <y>20.694812450598587</y>
      <orientation>0.18138483049251003</orientation>
      <velocity>6.800000000000001</velocity>
      <steeringAngle>0.0</steeringAngle>
      <time>26</time>
    </ksState>
    <ksState>
      <x>23.134107140227236</x>
      <y>20.81657695479485</y>
      <orientation>0.18138483049251003</orientation>
      <velocity>6.600000000000001</velocity>
      <steeringAngle>0.0</steeringAngle>
      <time>27</time>
    </ksState>
    <ksState>
      <x>23.778361749861663</x>
      <y>20.934733621829743</y>
      <orientation>0.18138483049251003</orientation>
      <velocity>6.400000000000002</velocity>
      <steeringAngle>0.0</steeringAngle>
      <time>28</time>
    </ksState>
    <ksState>
      <x>24.402944463018702</x>
      <y>21.049282451703267</y>
      <orientation>0.18138483049251003</orientation>
      <velocity>6.200000000000003</velocity>
      <steeringAngle>0.0</steeringAngle>
      <time>29</time>
    </ksState>
    <ksState>
      <x>25.00785527969835</x>
      <y>21.160223444415415</y>
      <orientation>0.18138483049251003</orientation>
      <velocity>6.0000000000000036</velocity>
      <steeringAngle>0.0</steeringAngle>
      <time>30</time>
    </ksState>
  </ksTrajectory>
</CommonRoadSolution>
