<?xml version="1.0" ?>
<CommonRoadSolution benchmark_id="KS2:SM1:RUS_Bicycle-6_1_T-1:2018b" date="2019-11-17">
  <ksTrajectory planningProblem="11">
    <ksState>
      <x>2.5</x>
      <y>20.0</y>
      <orientation>0.0</orientation>
      <velocity>10.0</velocity>
      <steeringAngle>0.0</steeringAngle>
      <time>0</time>
    </ksState>
    <ksState>
      <x>3.5</x>
      <y>20.0</y>
      <orientation>-0.00258360590922583</orientation>
      <velocity>10.0</velocity>
      <steeringAngle>-0.026650000000000004</steeringAngle>
      <time>1</time>
    </ksState>
    <ksState>
      <x>4.499983308970592</x>
      <y>19.994832369565444</y>
      <orientation>-0.015506225455326665</orientation>
      <velocity>10.0</velocity>
      <steeringAngle>-0.05330000000000001</steeringAngle>
      <time>2</time>
    </ksState>
    <ksState>
      <x>5.499756155236616</x>
      <y>19.974156089760942</y>
      <orientation>-0.03878624606707765</orientation>
      <velocity>10.0</velocity>
      <steeringAngle>-0.07995000000000001</steeringAngle>
      <time>3</time>
    </ksState>
    <ksState>
      <x>6.498642622875829</x>
      <y>19.92762114573574</y>
      <orientation>-0.07245687517121892</orientation>
      <velocity>10.0</velocity>
      <steeringAngle>-0.10660000000000001</steeringAngle>
      <time>4</time>
    </ksState>
    <ksState>
      <x>7.495160562506174</x>
      <y>19.84489026908363</y>
      <orientation>-0.11656633022279633</orientation>
      <velocity>10.0</velocity>
      <steeringAngle>-0.13325</steeringAngle>
      <time>5</time>
    </ksState>
    <ksState>
      <x>8.486695605949723</x>
      <y>19.71570274547485</y>
      <orientation>-0.16591804386199333</orientation>
      <velocity>10.0</velocity>
      <steeringAngle>-0.1066</steeringAngle>
      <time>6</time>
    </ksState>
    <ksState>
      <x>9.471143552948943</x>
      <y>19.540332732058193</y>
      <orientation>-0.20480111083561128</orientation>
      <velocity>10.0</velocity>
      <steeringAngle>-0.07995</steeringAngle>
      <time>7</time>
    </ksState>
    <ksState>
      <x>10.448606429520032</x>
      <y>19.329368277294968</y>
      <orientation>-0.23327135210396754</orientation>
      <velocity>10.0</velocity>
      <steeringAngle>-0.053299999999999986</steeringAngle>
      <time>8</time>
    </ksState>
    <ksState>
      <x>11.420300297492595</x>
      <y>19.09318131825205</y>
      <orientation>-0.2513694509510891</orientation>
      <velocity>10.0</velocity>
      <steeringAngle>-0.02664999999999998</steeringAngle>
      <time>9</time>
    </ksState>
    <ksState>
      <x>12.388223802516425</x>
      <y>18.84194953075997</y>
      <orientation>-0.2591211864178715</orientation>
      <velocity>10.0</velocity>
      <steeringAngle>2.42861286636753e-17</steeringAngle>
      <time>10</time>
    </ksState>
    <ksState>
      <x>13.354839333324662</x>
      <y>18.585718354670274</y>
      <orientation>-0.25653758050864567</orientation>
      <velocity>10.0</velocity>
      <steeringAngle>0.026650000000000004</steeringAngle>
      <time>11</time>
    </ksState>
    <ksState>
      <x>14.322762838348492</x>
      <y>18.334486567178192</y>
      <orientation>-0.24361496096254484</orientation>
      <velocity>10.0</velocity>
      <steeringAngle>0.05330000000000001</steeringAngle>
      <time>12</time>
    </ksState>
    <ksState>
      <x>15.294456706321055</x>
      <y>18.098299608135274</y>
      <orientation>-0.22033494035079387</orientation>
      <velocity>10.0</velocity>
      <steeringAngle>0.07995000000000001</steeringAngle>
      <time>13</time>
    </ksState>
    <ksState>
      <x>16.271919582892146</x>
      <y>17.88733515337205</y>
      <orientation>-0.18666431124665261</orientation>
      <velocity>10.0</velocity>
      <steeringAngle>0.10660000000000001</steeringAngle>
      <time>14</time>
    </ksState>
    <ksState>
      <x>17.256367529891364</x>
      <y>17.711965139955396</y>
      <orientation>-0.14255485619507519</orientation>
      <velocity>10.0</velocity>
      <steeringAngle>0.13325</steeringAngle>
      <time>15</time>
    </ksState>
    <ksState>
      <x>18.247902573334912</x>
      <y>17.582777616346615</y>
      <orientation>-0.09057780425051742</orientation>
      <velocity>10.0</velocity>
      <steeringAngle>0.13325</steeringAngle>
      <time>16</time>
    </ksState>
    <ksState>
      <x>19.244810309421503</x>
      <y>17.50527842690901</y>
      <orientation>-0.038600752305959676</orientation>
      <velocity>10.0</velocity>
      <steeringAngle>0.13325</steeringAngle>
      <time>17</time>
    </ksState>
    <ksState>
      <x>20.244398084616627</x>
      <y>17.479676897399422</y>
      <orientation>0.013376299638598071</orientation>
      <velocity>10.0</velocity>
      <steeringAngle>0.13325</steeringAngle>
      <time>18</time>
    </ksState>
    <ksState>
      <x>21.243966006584728</x>
      <y>17.50604217769645</y>
      <orientation>0.06535335158315583</orientation>
      <velocity>10.0</velocity>
      <steeringAngle>0.13325</steeringAngle>
      <time>19</time>
    </ksState>
    <ksState>
      <x>22.24081423661393</x>
      <y>17.58430305502623</y>
      <orientation>0.11733040352771357</orientation>
      <velocity>10.0</velocity>
      <steeringAngle>0.13325</steeringAngle>
      <time>20</time>
    </ksState>
    <ksState>
      <x>23.2174040707527</x>
      <y>17.712105714351452</y>
      <orientation>0.16852779969310294</orientation>
      <velocity>9.399999999999999</velocity>
      <steeringAngle>0.13325</steeringAngle>
      <time>21</time>
    </ksState>
    <ksState>
      <x>24.127301347535084</x>
      <y>17.87819102151076</y>
      <orientation>0.21660657274181888</orientation>
      <velocity>8.799999999999997</velocity>
      <steeringAngle>0.13325</steeringAngle>
      <time>22</time>
    </ksState>
    <ksState>
      <x>24.9698910637622</x>
      <y>18.073561867088767</y>
      <orientation>0.2615667226738613</orientation>
      <velocity>8.199999999999996</velocity>
      <steeringAngle>0.13325</steeringAngle>
      <time>23</time>
    </ksState>
    <ksState>
      <x>25.745246569446905</x>
      <y>18.289837835249912</y>
      <orientation>0.3034082494892303</orientation>
      <velocity>7.599999999999996</velocity>
      <steeringAngle>0.13325</steeringAngle>
      <time>24</time>
    </ksState>
    <ksState>
      <x>26.45399602089838</x>
      <y>18.51928305343071</y>
      <orientation>0.34213115318792575</orientation>
      <velocity>6.9999999999999964</velocity>
      <steeringAngle>0.13325</steeringAngle>
      <time>25</time>
    </ksState>
  </ksTrajectory>
</CommonRoadSolution>
