<?xml version="1.0" ?>
<CommonRoadSolution benchmark_id="KS2:SM1:DEU_Muc-15_1_T-1:2018b" date="2019-11-17">
  <ksTrajectory planningProblem="1">
    <ksState>
      <x>-23.493</x>
      <y>73.0678</y>
      <orientation>-0.143</orientation>
      <velocity>7.0</velocity>
      <steeringAngle>0.0</steeringAngle>
      <time>0</time>
    </ksState>
    <ksState>
      <x>-22.814991855603314</x>
      <y>72.97017850579016</y>
      <orientation>-0.1447310159591813</orientation>
      <velocity>6.4</velocity>
      <steeringAngle>-0.026650000000000004</steeringAngle>
      <time>1</time>
    </ksState>
    <ksState>
      <x>-22.19667354431233</x>
      <y>72.87903906231972</y>
      <orientation>-0.15276885776902951</orientation>
      <velocity>5.800000000000001</velocity>
      <steeringAngle>-0.05330000000000001</steeringAngle>
      <time>2</time>
    </ksState>
    <ksState>
      <x>-21.638509757551397</x>
      <y>72.79143017673309</y>
      <orientation>-0.16588317737124986</orientation>
      <velocity>5.200000000000001</velocity>
      <steeringAngle>-0.07995000000000001</steeringAngle>
      <time>3</time>
    </ksState>
    <ksState>
      <x>-21.140776600097627</x>
      <y>72.70609233208548</y>
      <orientation>-0.18284780051773458</orientation>
      <velocity>4.600000000000001</velocity>
      <steeringAngle>-0.10660000000000001</steeringAngle>
      <time>4</time>
    </ksState>
    <ksState>
      <x>-20.70357751353637</x>
      <y>72.62316190870236</y>
      <orientation>-0.20243725421145264</orientation>
      <velocity>4.000000000000002</velocity>
      <steeringAngle>-0.13325</steeringAngle>
      <time>5</time>
    </ksState>
    <ksState>
      <x>-20.326835870068166</x>
      <y>72.543872970481</y>
      <orientation>-0.2214770440371239</orientation>
      <velocity>3.4000000000000004</velocity>
      <steeringAngle>-0.1066</steeringAngle>
      <time>6</time>
    </ksState>
    <ksState>
      <x>-20.01001823592905</x>
      <y>72.4714141845643</y>
      <orientation>-0.23415318282048525</orientation>
      <velocity>2.8000000000000007</velocity>
      <steeringAngle>-0.07995</steeringAngle>
      <time>7</time>
    </ksState>
    <ksState>
      <x>-19.752377071320385</x>
      <y>72.40940048256059</y>
      <orientation>-0.2417367580230298</orientation>
      <velocity>2.200000000000001</velocity>
      <steeringAngle>-0.053299999999999986</steeringAngle>
      <time>8</time>
    </ksState>
    <ksState>
      <x>-19.553389707575917</x>
      <y>72.36011585050834</y>
      <orientation>-0.2454857050697402</orientation>
      <velocity>1.600000000000001</velocity>
      <steeringAngle>-0.02664999999999998</steeringAngle>
      <time>9</time>
    </ksState>
    <ksState>
      <x>-19.41274997854776</x>
      <y>72.32482473174866</y>
      <orientation>-0.2466484745671486</orientation>
      <velocity>1.0000000000000009</velocity>
      <steeringAngle>2.42861286636753e-17</steeringAngle>
      <time>10</time>
    </ksState>
    <ksState>
      <x>-19.310927681846174</x>
      <y>72.2991884314225</y>
      <orientation>-0.24636427791713378</orientation>
      <velocity>1.2000000000000002</velocity>
      <steeringAngle>0.026650000000000004</steeringAngle>
      <time>11</time>
    </ksState>
    <ksState>
      <x>-19.18969217433711</x>
      <y>72.26874257424929</y>
      <orientation>-0.24473601867171624</orientation>
      <velocity>1.4000000000000004</velocity>
      <steeringAngle>0.05330000000000001</steeringAngle>
      <time>12</time>
    </ksState>
    <ksState>
      <x>-19.048986743305676</x>
      <y>72.23371443314868</y>
      <orientation>-0.24134745166853935</orientation>
      <velocity>1.6000000000000005</velocity>
      <steeringAngle>0.07995000000000001</steeringAngle>
      <time>13</time>
    </ksState>
    <ksState>
      <x>-18.888718732689803</x>
      <y>72.19448277797365</y>
      <orientation>-0.23577878301598715</orientation>
      <velocity>1.8000000000000007</velocity>
      <steeringAngle>0.10660000000000001</steeringAngle>
      <time>14</time>
    </ksState>
    <ksState>
      <x>-18.708754952868308</x>
      <y>72.15161182369243</y>
      <orientation>-0.22760544923003403</orientation>
      <velocity>2.000000000000001</velocity>
      <steeringAngle>0.13325</steeringAngle>
      <time>15</time>
    </ksState>
    <ksState>
      <x>-18.523550775987026</x>
      <y>72.10919520288147</y>
      <orientation>-0.218202370255533</orientation>
      <velocity>1.6</velocity>
      <steeringAngle>0.1066</steeringAngle>
      <time>16</time>
    </ksState>
    <ksState>
      <x>-18.377057627588634</x>
      <y>72.0769508891324</y>
      <orientation>-0.2123438155315333</orientation>
      <velocity>1.2000000000000002</velocity>
      <steeringAngle>0.07995</steeringAngle>
      <time>17</time>
    </ksState>
    <ksState>
      <x>-18.26950870974048</x>
      <y>72.05385933557834</y>
      <orientation>-0.20918611481439403</orientation>
      <velocity>0.8000000000000003</velocity>
      <steeringAngle>0.053299999999999986</steeringAngle>
      <time>18</time>
    </ksState>
    <ksState>
      <x>-18.20102954687999</x>
      <y>72.03934715337712</y>
      <orientation>-0.20789335670639517</orientation>
      <velocity>0.4000000000000003</velocity>
      <steeringAngle>0.02664999999999998</steeringAngle>
      <time>19</time>
    </ksState>
    <ksState>
      <x>-18.17167508356542</x>
      <y>72.03315720386468</y>
      <orientation>-0.2076349594059084</orientation>
      <velocity>2.7755575615628914e-16</velocity>
      <steeringAngle>-2.42861286636753e-17</steeringAngle>
      <time>20</time>
    </ksState>
    <ksState>
      <x>-18.17167508356542</x>
      <y>72.03315720386468</y>
      <orientation>-0.2076349594059084</orientation>
      <velocity>0.0</velocity>
      <steeringAngle>0.0</steeringAngle>
      <time>21</time>
    </ksState>
    <ksState>
      <x>-18.17167508356542</x>
      <y>72.03315720386468</y>
      <orientation>-0.2076349594059084</orientation>
      <velocity>0.0</velocity>
      <steeringAngle>0.0</steeringAngle>
      <time>22</time>
    </ksState>
    <ksState>
      <x>-18.17167508356542</x>
      <y>72.03315720386468</y>
      <orientation>-0.2076349594059084</orientation>
      <velocity>0.0</velocity>
      <steeringAngle>0.0</steeringAngle>
      <time>23</time>
    </ksState>
    <ksState>
      <x>-18.17167508356542</x>
      <y>72.03315720386468</y>
      <orientation>-0.2076349594059084</orientation>
      <velocity>0.0</velocity>
      <steeringAngle>0.0</steeringAngle>
      <time>24</time>
    </ksState>
    <ksState>
      <x>-18.17167508356542</x>
      <y>72.03315720386468</y>
      <orientation>-0.2076349594059084</orientation>
      <velocity>0.0</velocity>
      <steeringAngle>0.0</steeringAngle>
      <time>25</time>
    </ksState>
    <ksState>
      <x>-18.152104659662946</x>
      <y>72.02903427914096</y>
      <orientation>-0.20753161516953936</orientation>
      <velocity>0.8</velocity>
      <steeringAngle>0.026650000000000004</steeringAngle>
      <time>26</time>
    </ksState>
    <ksState>
      <x>-18.05424530392334</x>
      <y>72.00845404386605</y>
      <orientation>-0.20618762600630952</orientation>
      <velocity>1.6</velocity>
      <steeringAngle>0.05330000000000001</steeringAngle>
      <time>27</time>
    </ksState>
    <ksState>
      <x>-17.878024219827005</x>
      <y>71.97176470470173</y>
      <orientation>-0.20194536623830242</orientation>
      <velocity>2.4</velocity>
      <steeringAngle>0.07995000000000001</steeringAngle>
      <time>28</time>
    </ksState>
    <ksState>
      <x>-17.623204143354773</x>
      <y>71.92012658771526</y>
      <orientation>-0.19313894326975017</orientation>
      <velocity>3.1999999999999997</velocity>
      <steeringAngle>0.10660000000000001</steeringAngle>
      <time>29</time>
    </ksState>
    <ksState>
      <x>-17.289300434481646</x>
      <y>71.85604036546945</y>
      <orientation>-0.1780893901465687</orientation>
      <velocity>3.9999999999999996</velocity>
      <steeringAngle>0.13325</steeringAngle>
      <time>30</time>
    </ksState>
    <ksState>
      <x>-16.870619880088626</x>
      <y>71.78305591156402</y>
      <orientation>-0.157180545307544</orientation>
      <velocity>5.0</velocity>
      <steeringAngle>0.1066</steeringAngle>
      <time>31</time>
    </ksState>
    <ksState>
      <x>-16.35165988131514</x>
      <y>71.70369520271795</y>
      <orientation>-0.13683217184128707</orientation>
      <velocity>6.0</velocity>
      <steeringAngle>0.07995</steeringAngle>
      <time>32</time>
    </ksState>
    <ksState>
      <x>-15.732102513323351</x>
      <y>71.6214443777778</y>
      <orientation>-0.1191032064926146</orientation>
      <velocity>7.0</velocity>
      <steeringAngle>0.053299999999999986</steeringAngle>
      <time>33</time>
    </ksState>
    <ksState>
      <x>-15.011925846053323</x>
      <y>71.5379956681424</y>
      <orientation>-0.10604681280020231</orientation>
      <velocity>8.0</velocity>
      <steeringAngle>0.02664999999999998</steeringAngle>
      <time>34</time>
    </ksState>
    <ksState>
      <x>-14.191378064969895</x>
      <y>71.4524186095184</y>
      <orientation>-0.09971624413131512</orientation>
      <velocity>8.995108823529412</velocity>
      <steeringAngle>-2.42861286636753e-17</steeringAngle>
      <time>35</time>
    </ksState>
    <ksState>
      <x>-13.300824019053438</x>
      <y>71.36332039796604</y>
      <orientation>-0.09971624413131512</orientation>
      <velocity>8.8</velocity>
      <steeringAngle>0.0</steeringAngle>
      <time>36</time>
    </ksState>
    <ksState>
      <x>-12.430170622207742</x>
      <y>71.27621320790087</y>
      <orientation>-0.09971624413131512</orientation>
      <velocity>8.600000000000001</velocity>
      <steeringAngle>0.0</steeringAngle>
      <time>37</time>
    </ksState>
    <ksState>
      <x>-11.579417874432803</x>
      <y>71.1910970393229</y>
      <orientation>-0.09971624413131512</orientation>
      <velocity>8.400000000000002</velocity>
      <steeringAngle>0.0</steeringAngle>
      <time>38</time>
    </ksState>
    <ksState>
      <x>-10.748565775728622</x>
      <y>71.10797189223214</y>
      <orientation>-0.09971624413131512</orientation>
      <velocity>8.200000000000003</velocity>
      <steeringAngle>0.0</steeringAngle>
      <time>39</time>
    </ksState>
    <ksState>
      <x>-9.9376143260952</x>
      <y>71.02683776662859</y>
      <orientation>-0.09971624413131512</orientation>
      <velocity>8.000000000000004</velocity>
      <steeringAngle>0.0</steeringAngle>
      <time>40</time>
    </ksState>
    <ksState>
      <x>-9.136613200997159</x>
      <y>70.94669915176864</y>
      <orientation>-0.09971624413131512</orientation>
      <velocity>8.2</velocity>
      <steeringAngle>0.0</steeringAngle>
      <time>41</time>
    </ksState>
    <ksState>
      <x>-8.31571142682836</x>
      <y>70.86456951542148</y>
      <orientation>-0.09971624413131512</orientation>
      <velocity>8.399999999999999</velocity>
      <steeringAngle>0.0</steeringAngle>
      <time>42</time>
    </ksState>
    <ksState>
      <x>-7.474909003588801</x>
      <y>70.78044885758712</y>
      <orientation>-0.09971624413131512</orientation>
      <velocity>8.599999999999998</velocity>
      <steeringAngle>0.0</steeringAngle>
      <time>43</time>
    </ksState>
    <ksState>
      <x>-6.614205931278483</x>
      <y>70.69433717826556</y>
      <orientation>-0.09971624413131512</orientation>
      <velocity>8.799999999999997</velocity>
      <steeringAngle>0.0</steeringAngle>
      <time>44</time>
    </ksState>
    <ksState>
      <x>-5.733602209897406</x>
      <y>70.60623447745678</y>
      <orientation>-0.09971624413131512</orientation>
      <velocity>8.999999999999996</velocity>
      <steeringAngle>0.0</steeringAngle>
      <time>45</time>
    </ksState>
    <ksState>
      <x>-4.84304816398095</x>
      <y>70.51713626590441</y>
      <orientation>-0.09971624413131512</orientation>
      <velocity>8.8</velocity>
      <steeringAngle>0.0</steeringAngle>
      <time>46</time>
    </ksState>
    <ksState>
      <x>-3.9723947671352535</x>
      <y>70.43002907583924</y>
      <orientation>-0.09971624413131512</orientation>
      <velocity>8.600000000000001</velocity>
      <steeringAngle>0.0</steeringAngle>
      <time>47</time>
    </ksState>
    <ksState>
      <x>-3.1216420193603147</x>
      <y>70.34491290726127</y>
      <orientation>-0.09971624413131512</orientation>
      <velocity>8.400000000000002</velocity>
      <steeringAngle>0.0</steeringAngle>
      <time>48</time>
    </ksState>
    <ksState>
      <x>-2.2907899206561346</x>
      <y>70.26178776017052</y>
      <orientation>-0.09971624413131512</orientation>
      <velocity>8.200000000000003</velocity>
      <steeringAngle>0.0</steeringAngle>
      <time>49</time>
    </ksState>
    <ksState>
      <x>-1.4798384710227133</x>
      <y>70.18065363456697</y>
      <orientation>-0.09971624413131512</orientation>
      <velocity>8.000000000000004</velocity>
      <steeringAngle>0.0</steeringAngle>
      <time>50</time>
    </ksState>
    <ksState>
      <x>-0.6688870213892925</x>
      <y>70.09951950896341</y>
      <orientation>-0.09971624413131512</orientation>
      <velocity>8.600000000000001</velocity>
      <steeringAngle>0.0</steeringAngle>
      <time>51</time>
    </ksState>
    <ksState>
      <x>0.20176637545640475</x>
      <y>70.01241231889824</y>
      <orientation>-0.09971624413131512</orientation>
      <velocity>9.200000000000003</velocity>
      <steeringAngle>0.0</steeringAngle>
      <time>52</time>
    </ksState>
    <ksState>
      <x>1.1321217195143785</x>
      <y>69.91933206437146</y>
      <orientation>-0.09971624413131512</orientation>
      <velocity>9.800000000000004</velocity>
      <steeringAngle>0.0</steeringAngle>
      <time>53</time>
    </ksState>
    <ksState>
      <x>2.122179010784629</x>
      <y>69.82027874538308</y>
      <orientation>-0.09971624413131512</orientation>
      <velocity>10.400000000000006</velocity>
      <steeringAngle>0.0</steeringAngle>
      <time>54</time>
    </ksState>
    <ksState>
      <x>3.171938249267156</x>
      <y>69.71525236193308</y>
      <orientation>-0.09971624413131512</orientation>
      <velocity>11.000000000000007</velocity>
      <steeringAngle>0.0</steeringAngle>
      <time>55</time>
    </ksState>
    <ksState>
      <x>4.241598136820441</x>
      <y>69.60823495699587</y>
      <orientation>-0.10242903033600224</orientation>
      <velocity>10.0</velocity>
      <steeringAngle>-0.026650000000000004</steeringAngle>
      <time>56</time>
    </ksState>
    <ksState>
      <x>5.211230581519567</x>
      <y>69.50609985686044</y>
      <orientation>-0.11496392538267587</orientation>
      <velocity>9.0</velocity>
      <steeringAngle>-0.05330000000000001</steeringAngle>
      <time>57</time>
    </ksState>
    <ksState>
      <x>6.079982506295691</x>
      <y>69.40179971692157</y>
      <orientation>-0.13526912334559307</orientation>
      <velocity>8.0</velocity>
      <steeringAngle>-0.07995000000000001</steeringAngle>
      <time>58</time>
    </ksState>
    <ksState>
      <x>6.84724581005599</x>
      <y>69.2926720017689</y>
      <orientation>-0.16129878664945815</orientation>
      <velocity>7.0</velocity>
      <steeringAngle>-0.10660000000000001</steeringAngle>
      <time>59</time>
    </ksState>
    <ksState>
      <x>7.512692196709793</x>
      <y>69.1796139765481</y>
      <orientation>-0.19100724580221645</orientation>
      <velocity>6.0</velocity>
      <steeringAngle>-0.13325</steeringAngle>
      <time>60</time>
    </ksState>
    <ksState>
      <x>8.115537443822735</x>
      <y>69.05804246972008</y>
      <orientation>-0.2213191696157422</orientation>
      <velocity>6.6</velocity>
      <steeringAngle>-0.1066</steeringAngle>
      <time>61</time>
    </ksState>
    <ksState>
      <x>8.773004828269533</x>
      <y>68.90526716578738</y>
      <orientation>-0.2475260978059988</orientation>
      <velocity>7.199999999999999</velocity>
      <steeringAngle>-0.07995</steeringAngle>
      <time>62</time>
    </ksState>
    <ksState>
      <x>9.484552830918926</x>
      <y>68.72112712947715</y>
      <orientation>-0.2684127638718105</orientation>
      <velocity>7.799999999999999</velocity>
      <steeringAngle>-0.053299999999999986</steeringAngle>
      <time>63</time>
    </ksState>
    <ksState>
      <x>10.250207046493351</x>
      <y>68.50714502552702</y>
      <orientation>-0.28276191567222164</orientation>
      <velocity>8.4</velocity>
      <steeringAngle>-0.02664999999999998</steeringAngle>
      <time>64</time>
    </ksState>
    <ksState>
      <x>11.070722891580903</x>
      <y>68.26678008475456</y>
      <orientation>-0.2893508816415956</orientation>
      <velocity>9.000000000000002</velocity>
      <steeringAngle>2.42861286636753e-17</steeringAngle>
      <time>65</time>
    </ksState>
    <ksState>
      <x>11.914140667184258</x>
      <y>68.01568955168672</y>
      <orientation>-0.2871289805596614</orientation>
      <velocity>8.2</velocity>
      <steeringAngle>0.026650000000000004</steeringAngle>
      <time>66</time>
    </ksState>
    <ksState>
      <x>12.681854090365075</x>
      <y>67.79071571288185</y>
      <orientation>-0.2768426121314005</orientation>
      <velocity>7.399999999999999</velocity>
      <steeringAngle>0.05330000000000001</steeringAngle>
      <time>67</time>
    </ksState>
    <ksState>
      <x>13.37516115327099</x>
      <y>67.59650518424286</y>
      <orientation>-0.2601328533488317</orientation>
      <velocity>6.599999999999998</velocity>
      <steeringAngle>0.07995000000000001</steeringAngle>
      <time>68</time>
    </ksState>
    <ksState>
      <x>13.994430584099238</x>
      <y>67.43496689354846</y>
      <orientation>-0.23863571012365684</orientation>
      <velocity>5.799999999999997</velocity>
      <steeringAngle>0.10660000000000001</steeringAngle>
      <time>69</time>
    </ksState>
    <ksState>
      <x>14.539309895971462</x>
      <y>67.30575699206126</y>
      <orientation>-0.21398675370041867</orientation>
      <velocity>4.9999999999999964</velocity>
      <steeringAngle>0.13325</steeringAngle>
      <time>70</time>
    </ksState>
    <ksState>
      <x>15.048172520288897</x>
      <y>67.19876431801588</y>
      <orientation>-0.18837636937414345</orientation>
      <velocity>5.800000000000001</velocity>
      <steeringAngle>0.1066</steeringAngle>
      <time>71</time>
    </ksState>
    <ksState>
      <x>15.638234734111181</x>
      <y>67.09007408186608</y>
      <orientation>-0.16509871854588667</orientation>
      <velocity>6.600000000000001</velocity>
      <steeringAngle>0.07995</steeringAngle>
      <time>72</time>
    </ksState>
    <ksState>
      <x>16.309559770569503</x>
      <y>66.98185876270884</y>
      <orientation>-0.1457909028386446</orientation>
      <velocity>7.400000000000002</velocity>
      <steeringAngle>0.053299999999999986</steeringAngle>
      <time>73</time>
    </ksState>
    <ksState>
      <x>17.061919533707943</x>
      <y>66.87440489994125</y>
      <orientation>-0.13208813009223286</orientation>
      <velocity>8.200000000000003</velocity>
      <steeringAngle>0.02664999999999998</steeringAngle>
      <time>74</time>
    </ksState>
    <ksState>
      <x>17.894838500837125</x>
      <y>66.76558014200656</y>
      <orientation>-0.12562836277310227</orientation>
      <velocity>9.000000000000004</velocity>
      <steeringAngle>-2.42861286636753e-17</steeringAngle>
      <time>75</time>
    </ksState>
    <ksState>
      <x>18.76790333558361</x>
      <y>66.65531775345501</y>
      <orientation>-0.12562836277310227</orientation>
      <velocity>8.2</velocity>
      <steeringAngle>0.0</steeringAngle>
      <time>76</time>
    </ksState>
    <ksState>
      <x>19.561598639898598</x>
      <y>66.55507921840815</y>
      <orientation>-0.12562836277310227</orientation>
      <velocity>7.399999999999999</velocity>
      <steeringAngle>0.0</steeringAngle>
      <time>77</time>
    </ksState>
    <ksState>
      <x>20.275924413782086</x>
      <y>66.46486453686597</y>
      <orientation>-0.12562836277310227</orientation>
      <velocity>6.599999999999998</velocity>
      <steeringAngle>0.0</steeringAngle>
      <time>78</time>
    </ksState>
    <ksState>
      <x>20.910880657234074</x>
      <y>66.38467370882849</y>
      <orientation>-0.12562836277310227</orientation>
      <velocity>5.799999999999997</velocity>
      <steeringAngle>0.0</steeringAngle>
      <time>79</time>
    </ksState>
    <ksState>
      <x>21.466467370254566</x>
      <y>66.31450673429569</y>
      <orientation>-0.12562836277310227</orientation>
      <velocity>4.9999999999999964</velocity>
      <steeringAngle>0.0</steeringAngle>
      <time>80</time>
    </ksState>
    <ksState>
      <x>21.98236931805931</x>
      <y>66.24935168651523</y>
      <orientation>-0.12562836277310227</orientation>
      <velocity>5.800000000000001</velocity>
      <steeringAngle>0.0</steeringAngle>
      <time>81</time>
    </ksState>
    <ksState>
      <x>22.577640796295547</x>
      <y>66.17417278523008</y>
      <orientation>-0.12562836277310227</orientation>
      <velocity>6.600000000000001</velocity>
      <steeringAngle>0.0</steeringAngle>
      <time>82</time>
    </ksState>
    <ksState>
      <x>23.252281804963285</x>
      <y>66.08897003044025</y>
      <orientation>-0.12562836277310227</orientation>
      <velocity>7.400000000000002</velocity>
      <steeringAngle>0.0</steeringAngle>
      <time>83</time>
    </ksState>
    <ksState>
      <x>24.006292344062523</x>
      <y>65.99374342214574</y>
      <orientation>-0.12562836277310227</orientation>
      <velocity>8.200000000000003</velocity>
      <steeringAngle>0.0</steeringAngle>
      <time>84</time>
    </ksState>
    <ksState>
      <x>24.83967241359326</x>
      <y>65.88849296034654</y>
      <orientation>-0.12562836277310227</orientation>
      <velocity>9.000000000000004</velocity>
      <steeringAngle>0.0</steeringAngle>
      <time>85</time>
    </ksState>
    <ksState>
      <x>25.707776652687777</x>
      <y>65.77885706263903</y>
      <orientation>-0.12562836277310227</orientation>
      <velocity>8.0</velocity>
      <steeringAngle>0.0</steeringAngle>
      <time>86</time>
    </ksState>
    <ksState>
      <x>26.476668978742918</x>
      <y>65.68175098181239</y>
      <orientation>-0.12562836277310227</orientation>
      <velocity>7.0</velocity>
      <steeringAngle>0.0</steeringAngle>
      <time>87</time>
    </ksState>
    <ksState>
      <x>27.14634939175869</x>
      <y>65.59717471786661</y>
      <orientation>-0.12562836277310227</orientation>
      <velocity>6.0</velocity>
      <steeringAngle>0.0</steeringAngle>
      <time>88</time>
    </ksState>
    <ksState>
      <x>27.716817891735086</x>
      <y>65.52512827080167</y>
      <orientation>-0.12562836277310227</orientation>
      <velocity>5.0</velocity>
      <steeringAngle>0.0</steeringAngle>
      <time>89</time>
    </ksState>
    <ksState>
      <x>28.18807447867211</x>
      <y>65.4656116406176</y>
      <orientation>-0.12562836277310227</orientation>
      <velocity>4.0</velocity>
      <steeringAngle>0.0</steeringAngle>
      <time>90</time>
    </ksState>
    <ksState>
      <x>28.609725109089446</x>
      <y>65.41235991887395</y>
      <orientation>-0.1267909854322539</orientation>
      <velocity>5.0</velocity>
      <steeringAngle>-0.026650000000000004</steeringAngle>
      <time>91</time>
    </ksState>
    <ksState>
      <x>29.13042005204291</x>
      <y>65.34526806160103</y>
      <orientation>-0.13364001970473152</orientation>
      <velocity>6.0</velocity>
      <steeringAngle>-0.05330000000000001</steeringAngle>
      <time>92</time>
    </ksState>
    <ksState>
      <x>29.74957225923502</x>
      <y>65.25999327644375</y>
      <orientation>-0.1482548526594408</orientation>
      <velocity>7.0</velocity>
      <steeringAngle>-0.07995000000000001</steeringAngle>
      <time>93</time>
    </ksState>
    <ksState>
      <x>30.465995042398692</x>
      <y>65.14887227338981</y>
      <orientation>-0.1727311330117876</orientation>
      <velocity>8.0</velocity>
      <steeringAngle>-0.10660000000000001</steeringAngle>
      <time>94</time>
    </ksState>
    <ksState>
      <x>31.277448287316368</x>
      <y>65.00013826907505</y>
      <orientation>-0.20918685643639545</orientation>
      <velocity>8.995108823529412</velocity>
      <steeringAngle>-0.13325</steeringAngle>
      <time>95</time>
    </ksState>
    <ksState>
      <x>32.14579167204083</x>
      <y>64.80527562531532</y>
      <orientation>-0.2577649986641802</orientation>
      <velocity>8.600000000000001</velocity>
      <steeringAngle>-0.15990000000000001</steeringAngle>
      <time>96</time>
    </ksState>
    <ksState>
      <x>32.96468390666582</x>
      <y>64.5777126202573</y>
      <orientation>-0.31315271990271776</orientation>
      <velocity>8.200000000000003</velocity>
      <steeringAngle>-0.18655000000000002</steeringAngle>
      <time>97</time>
    </ksState>
    <ksState>
      <x>33.731422909235796</x>
      <y>64.3168225194133</y>
      <orientation>-0.3745806375644925</orientation>
      <velocity>7.800000000000003</velocity>
      <steeringAngle>-0.21320000000000003</steeringAngle>
      <time>98</time>
    </ksState>
    <ksState>
      <x>34.44329140625718</x>
      <y>64.02359153590602</y>
      <orientation>-0.4412807815543574</orientation>
      <velocity>7.400000000000003</velocity>
      <steeringAngle>-0.23985000000000004</steeringAngle>
      <time>99</time>
    </ksState>
    <ksState>
      <x>35.09776728246196</x>
      <y>63.700485729816144</y>
      <orientation>-0.5124844163175165</orientation>
      <velocity>7.000000000000003</velocity>
      <steeringAngle>-0.2665</steeringAngle>
      <time>100</time>
    </ksState>
    <ksState>
      <x>35.70127121585085</x>
      <y>63.3460638500817</y>
      <orientation>-0.5865836952678303</orientation>
      <velocity>7.0</velocity>
      <steeringAngle>-0.2665</steeringAngle>
      <time>101</time>
    </ksState>
    <ksState>
      <x>36.276880697576026</x>
      <y>62.94793624365577</y>
      <orientation>-0.6606829742181441</orientation>
      <velocity>7.0</velocity>
      <steeringAngle>-0.2665</steeringAngle>
      <time>102</time>
    </ksState>
    <ksState>
      <x>36.821436672697864</x>
      <y>62.50828791099718</y>
      <orientation>-0.734782253168458</orientation>
      <velocity>7.0</velocity>
      <steeringAngle>-0.2665</steeringAngle>
      <time>103</time>
    </ksState>
    <ksState>
      <x>37.331950513860974</x>
      <y>62.02953172625253</y>
      <orientation>-0.8088815321187718</orientation>
      <velocity>7.0</velocity>
      <steeringAngle>-0.2665</steeringAngle>
      <time>104</time>
    </ksState>
    <ksState>
      <x>37.80562042345278</x>
      <y>61.514295194941276</y>
      <orientation>-0.8829808110690857</orientation>
      <velocity>7.0</velocity>
      <steeringAngle>-0.2665</steeringAngle>
      <time>105</time>
    </ksState>
    <ksState>
      <x>38.23984681040477</x>
      <y>60.965406033702884</y>
      <orientation>-0.9590304906918401</orientation>
      <velocity>7.0</velocity>
      <steeringAngle>-0.29315</steeringAngle>
      <time>106</time>
    </ksState>
    <ksState>
      <x>38.629963692748255</x>
      <y>60.384369656692876</y>
      <orientation>-1.0429426328725724</orientation>
      <velocity>7.0</velocity>
      <steeringAngle>-0.3198000000000001</steeringAngle>
      <time>107</time>
    </ksState>
    <ksState>
      <x>38.968776908888294</x>
      <y>59.772031357711526</y>
      <orientation>-1.1348479113726215</orientation>
      <velocity>7.0</velocity>
      <steeringAngle>-0.34645000000000015</steeringAngle>
      <time>108</time>
    </ksState>
    <ksState>
      <x>39.24865062150986</x>
      <y>59.13064481139527</y>
      <orientation>-1.2348919415977384</orientation>
      <velocity>7.0</velocity>
      <steeringAngle>-0.3731000000000002</steeringAngle>
      <time>109</time>
    </ksState>
    <ksState>
      <x>39.46167810344576</x>
      <y>58.46410624510299</y>
      <orientation>-1.3432362523284136</orientation>
      <velocity>7.0</velocity>
      <steeringAngle>-0.39975000000000027</steeringAngle>
      <time>110</time>
    </ksState>
    <ksState>
      <x>39.5973873085549</x>
      <y>57.79297092660081</y>
      <orientation>-1.4575101094853682</orientation>
      <velocity>6.4</velocity>
      <steeringAngle>-0.4264</steeringAngle>
      <time>111</time>
    </ksState>
    <ksState>
      <x>39.65091226150456</x>
      <y>57.170516062246165</y>
      <orientation>-1.5695155737144166</orientation>
      <velocity>5.800000000000001</velocity>
      <steeringAngle>-0.45304999999999995</steeringAngle>
      <time>112</time>
    </ksState>
    <ksState>
      <x>39.63658845273769</x>
      <y>56.60590921660592</y>
      <orientation>-1.6779400603616952</orientation>
      <velocity>5.200000000000001</velocity>
      <steeringAngle>-0.4796999999999999</steeringAngle>
      <time>113</time>
    </ksState>
    <ksState>
      <x>39.56985005901869</x>
      <y>56.1055135739345</y>
      <orientation>-1.7814306897255823</orientation>
      <velocity>4.600000000000001</velocity>
      <steeringAngle>-0.5063499999999999</steeringAngle>
      <time>114</time>
    </ksState>
    <ksState>
      <x>39.46646970499787</x>
      <y>55.67282828554636</y>
      <orientation>-1.8785881467931622</orientation>
      <velocity>4.000000000000002</velocity>
      <steeringAngle>-0.5329999999999999</steeringAngle>
      <time>115</time>
    </ksState>
    <ksState>
      <x>39.343558254973594</x>
      <y>55.31336002371045</y>
      <orientation>-1.9642731957064132</orientation>
      <velocity>3.2</velocity>
      <steeringAngle>-0.50635</steeringAngle>
      <time>116</time>
    </ksState>
    <ksState>
      <x>39.22412147895686</x>
      <y>55.038208535707355</y>
      <orientation>-2.0278470545979133</orientation>
      <velocity>2.4000000000000004</velocity>
      <steeringAngle>-0.4797</steeringAngle>
      <time>117</time>
    </ksState>
    <ksState>
      <x>39.12487562742654</x>
      <y>54.84188423870309</y>
      <orientation>-2.071574373116523</orientation>
      <velocity>1.6000000000000005</velocity>
      <steeringAngle>-0.45305000000000006</steeringAngle>
      <time>118</time>
    </ksState>
    <ksState>
      <x>39.056868957930035</x>
      <y>54.71951594934442</y>
      <orientation>-2.097621187490557</orientation>
      <velocity>0.8000000000000006</velocity>
      <steeringAngle>-0.4264000000000001</steeringAngle>
      <time>119</time>
    </ksState>
    <ksState>
      <x>39.026579921506446</x>
      <y>54.66772275909136</y>
      <orientation>-2.1080661623154824</orientation>
      <velocity>5.551115123125783e-16</velocity>
      <steeringAngle>-0.39975000000000016</steeringAngle>
      <time>120</time>
    </ksState>
    <ksState>
      <x>39.026579921506446</x>
      <y>54.66772275909136</y>
      <orientation>-2.1080661623154824</orientation>
      <velocity>0.0</velocity>
      <steeringAngle>-0.3731</steeringAngle>
      <time>121</time>
    </ksState>
    <ksState>
      <x>39.026579921506446</x>
      <y>54.66772275909136</y>
      <orientation>-2.1080661623154824</orientation>
      <velocity>0.0</velocity>
      <steeringAngle>-0.3464499999999999</steeringAngle>
      <time>122</time>
    </ksState>
    <ksState>
      <x>39.026579921506446</x>
      <y>54.66772275909136</y>
      <orientation>-2.1080661623154824</orientation>
      <velocity>0.0</velocity>
      <steeringAngle>-0.31979999999999986</steeringAngle>
      <time>123</time>
    </ksState>
    <ksState>
      <x>39.026579921506446</x>
      <y>54.66772275909136</y>
      <orientation>-2.1080661623154824</orientation>
      <velocity>0.0</velocity>
      <steeringAngle>-0.2931499999999998</steeringAngle>
      <time>124</time>
    </ksState>
    <ksState>
      <x>39.026579921506446</x>
      <y>54.66772275909136</y>
      <orientation>-2.1080661623154824</orientation>
      <velocity>0.0</velocity>
      <steeringAngle>-0.26649999999999974</steeringAngle>
      <time>125</time>
    </ksState>
    <ksState>
      <x>39.026579921506446</x>
      <y>54.66772275909136</y>
      <orientation>-2.1080661623154824</orientation>
      <velocity>0.0</velocity>
      <steeringAngle>-0.23985000000000004</steeringAngle>
      <time>126</time>
    </ksState>
    <ksState>
      <x>39.026579921506446</x>
      <y>54.66772275909136</y>
      <orientation>-2.1080661623154824</orientation>
      <velocity>0.0</velocity>
      <steeringAngle>-0.21320000000000003</steeringAngle>
      <time>127</time>
    </ksState>
    <ksState>
      <x>39.026579921506446</x>
      <y>54.66772275909136</y>
      <orientation>-2.1080661623154824</orientation>
      <velocity>0.0</velocity>
      <steeringAngle>-0.18655000000000002</steeringAngle>
      <time>128</time>
    </ksState>
    <ksState>
      <x>39.026579921506446</x>
      <y>54.66772275909136</y>
      <orientation>-2.1080661623154824</orientation>
      <velocity>0.0</velocity>
      <steeringAngle>-0.15990000000000001</steeringAngle>
      <time>129</time>
    </ksState>
    <ksState>
      <x>39.026579921506446</x>
      <y>54.66772275909136</y>
      <orientation>-2.1080661623154824</orientation>
      <velocity>0.0</velocity>
      <steeringAngle>-0.13325</steeringAngle>
      <time>130</time>
    </ksState>
    <ksState>
      <x>39.026579921506446</x>
      <y>54.66772275909136</y>
      <orientation>-2.1080661623154824</orientation>
      <velocity>0.0</velocity>
      <steeringAngle>-0.1066</steeringAngle>
      <time>131</time>
    </ksState>
    <ksState>
      <x>39.026579921506446</x>
      <y>54.66772275909136</y>
      <orientation>-2.1080661623154824</orientation>
      <velocity>0.0</velocity>
      <steeringAngle>-0.07995</steeringAngle>
      <time>132</time>
    </ksState>
    <ksState>
      <x>39.026579921506446</x>
      <y>54.66772275909136</y>
      <orientation>-2.1080661623154824</orientation>
      <velocity>0.0</velocity>
      <steeringAngle>-0.053299999999999986</steeringAngle>
      <time>133</time>
    </ksState>
    <ksState>
      <x>39.026579921506446</x>
      <y>54.66772275909136</y>
      <orientation>-2.1080661623154824</orientation>
      <velocity>0.0</velocity>
      <steeringAngle>-0.02664999999999998</steeringAngle>
      <time>134</time>
    </ksState>
    <ksState>
      <x>39.026579921506446</x>
      <y>54.66772275909136</y>
      <orientation>-2.1080661623154824</orientation>
      <velocity>0.0</velocity>
      <steeringAngle>2.42861286636753e-17</steeringAngle>
      <time>135</time>
    </ksState>
    <ksState>
      <x>39.013785111690076</x>
      <y>54.646245030120106</y>
      <orientation>-2.107936982020021</orientation>
      <velocity>1.0</velocity>
      <steeringAngle>0.026650000000000004</steeringAngle>
      <time>136</time>
    </ksState>
    <ksState>
      <x>38.949858243230516</x>
      <y>54.53882829731117</y>
      <orientation>-2.106256995565984</orientation>
      <velocity>2.0</velocity>
      <steeringAngle>0.05330000000000001</steeringAngle>
      <time>137</time>
    </ksState>
    <ksState>
      <x>38.83527738689812</x>
      <y>54.34518900928565</y>
      <orientation>-2.100954170855975</orientation>
      <velocity>3.0</velocity>
      <steeringAngle>0.07995000000000001</steeringAngle>
      <time>138</time>
    </ksState>
    <ksState>
      <x>38.671639326538596</x>
      <y>54.06439190258423</y>
      <orientation>-2.0899461421452847</orientation>
      <velocity>4.0</velocity>
      <steeringAngle>0.10660000000000001</steeringAngle>
      <time>139</time>
    </ksState>
    <ksState>
      <x>38.46240388613608</x>
      <y>53.69446970595018</y>
      <orientation>-2.071134200741308</orientation>
      <velocity>5.0</velocity>
      <steeringAngle>0.13325</steeringAngle>
      <time>140</time>
    </ksState>
    <ksState>
      <x>38.223061875418566</x>
      <y>53.24980169741554</y>
      <orientation>-2.043542075124607</orientation>
      <velocity>5.199999999999999</velocity>
      <steeringAngle>0.15990000000000001</steeringAngle>
      <time>141</time>
    </ksState>
    <ksState>
      <x>37.98786424427868</x>
      <y>52.780452297297195</y>
      <orientation>-2.009302321541491</orientation>
      <velocity>5.399999999999999</velocity>
      <steeringAngle>0.18655000000000002</steeringAngle>
      <time>142</time>
    </ksState>
    <ksState>
      <x>37.76140668827772</x>
      <y>52.284757852264065</y>
      <orientation>-1.967939731600053</orientation>
      <velocity>5.599999999999998</velocity>
      <steeringAngle>0.21320000000000003</steeringAngle>
      <time>143</time>
    </ksState>
    <ksState>
      <x>37.54908020584978</x>
      <y>51.7612137960954</y>
      <orientation>-1.9189639520017365</orientation>
      <velocity>5.799999999999997</velocity>
      <steeringAngle>0.23985000000000004</steeringAngle>
      <time>144</time>
    </ksState>
    <ksState>
      <x>37.35715529218167</x>
      <y>51.208651463490135</y>
      <orientation>-1.8618677552945204</orientation>
      <velocity>5.9999999999999964</velocity>
      <steeringAngle>0.2665</steeringAngle>
      <time>145</time>
    </ksState>
    <ksState>
      <x>37.20054668326365</x>
      <y>50.65546474126699</y>
      <orientation>-1.8025218388066073</orientation>
      <velocity>5.0</velocity>
      <steeringAngle>0.23985000000000004</steeringAngle>
      <time>146</time>
    </ksState>
    <ksState>
      <x>37.09666512151185</x>
      <y>50.19199736626104</y>
      <orientation>-1.758705849643592</orientation>
      <velocity>4.0</velocity>
      <steeringAngle>0.21320000000000003</steeringAngle>
      <time>147</time>
    </ksState>
    <ksState>
      <x>37.02950388283389</x>
      <y>49.82307392910384</y>
      <orientation>-1.7281699177005243</orientation>
      <velocity>3.0</velocity>
      <steeringAngle>0.18655000000000002</steeringAngle>
      <time>148</time>
    </ksState>
    <ksState>
      <x>36.987761027384096</x>
      <y>49.551264668231</y>
      <orientation>-1.7087105446685449</orientation>
      <velocity>2.0</velocity>
      <steeringAngle>0.15990000000000001</steeringAngle>
      <time>149</time>
    </ksState>
    <ksState>
      <x>36.96416724663877</x>
      <y>49.37786328358372</y>
      <orientation>-1.698163379379473</orientation>
      <velocity>1.0</velocity>
      <steeringAngle>0.13325</steeringAngle>
      <time>150</time>
    </ksState>
    <ksState>
      <x>36.95221608510288</x>
      <y>49.28361810046345</y>
      <orientation>-1.6934618398922225</orientation>
      <velocity>0.8</velocity>
      <steeringAngle>0.1066</steeringAngle>
      <time>151</time>
    </ksState>
    <ksState>
      <x>36.943096884791764</x>
      <y>49.20917458946864</y>
      <orientation>-1.6905325625302228</orientation>
      <velocity>0.6000000000000001</velocity>
      <steeringAngle>0.07995</steeringAngle>
      <time>152</time>
    </ksState>
    <ksState>
      <x>36.9365502515377</x>
      <y>49.15456560722646</y>
      <orientation>-1.6889537121716531</orientation>
      <velocity>0.40000000000000013</velocity>
      <steeringAngle>0.053299999999999986</steeringAngle>
      <time>153</time>
    </ksState>
    <ksState>
      <x>36.932430522133316</x>
      <y>49.1198089132197</y>
      <orientation>-1.6883073331176537</orientation>
      <velocity>0.20000000000000015</velocity>
      <steeringAngle>0.02664999999999998</steeringAngle>
      <time>154</time>
    </ksState>
    <ksState>
      <x>36.93067242421608</x>
      <y>49.10491229980661</y>
      <orientation>-1.6881781344674103</orientation>
      <velocity>1.3877787807814457e-16</velocity>
      <steeringAngle>-2.42861286636753e-17</steeringAngle>
      <time>155</time>
    </ksState>
    <ksState>
      <x>36.927744613316165</x>
      <y>49.080084333250035</y>
      <orientation>-1.6883073147628715</orientation>
      <velocity>1.0</velocity>
      <steeringAngle>-0.026650000000000004</steeringAngle>
      <time>156</time>
    </ksState>
    <ksState>
      <x>36.91305103003692</x>
      <y>48.95595094689162</y>
      <orientation>-1.6899873012169089</orientation>
      <velocity>2.0</velocity>
      <steeringAngle>-0.05330000000000001</steeringAngle>
      <time>157</time>
    </ksState>
    <ksState>
      <x>36.88603979032051</x>
      <y>48.73257829987798</y>
      <orientation>-1.6952901259269177</orientation>
      <velocity>3.0</velocity>
      <steeringAngle>-0.07995000000000001</steeringAngle>
      <time>158</time>
    </ksState>
    <ksState>
      <x>36.844874763310855</x>
      <y>48.41019673948501</y>
      <orientation>-1.7062981546376081</orientation>
      <velocity>4.0</velocity>
      <steeringAngle>-0.10660000000000001</steeringAngle>
      <time>159</time>
    </ksState>
    <ksState>
      <x>36.78561357082913</x>
      <y>47.98935233575765</y>
      <orientation>-1.7251100960415848</orientation>
      <velocity>5.0</velocity>
      <steeringAngle>-0.13325</steeringAngle>
      <time>160</time>
    </ksState>
    <ksState>
      <x>36.70472326896018</x>
      <y>47.490883685818645</y>
      <orientation>-1.7513585072735864</orientation>
      <velocity>5.199999999999999</velocity>
      <steeringAngle>-0.13325</steeringAngle>
      <time>161</time>
    </ksState>
    <ksState>
      <x>36.60692383563773</x>
      <y>46.97508557813676</y>
      <orientation>-1.7786464595444793</orientation>
      <velocity>5.399999999999999</velocity>
      <steeringAngle>-0.13325</steeringAngle>
      <time>162</time>
    </ksState>
    <ksState>
      <x>36.490688869154766</x>
      <y>46.442638576602064</y>
      <orientation>-1.8069739528542632</orientation>
      <velocity>5.599999999999998</velocity>
      <steeringAngle>-0.13325</steeringAngle>
      <time>163</time>
    </ksState>
    <ksState>
      <x>36.35446018290322</x>
      <y>45.89432311705414</y>
      <orientation>-1.8363409872029384</orientation>
      <velocity>5.799999999999997</velocity>
      <steeringAngle>-0.13325</steeringAngle>
      <time>164</time>
    </ksState>
    <ksState>
      <x>36.19665395627242</x>
      <y>45.33102678495686</y>
      <orientation>-1.8667475625905046</orientation>
      <velocity>5.9999999999999964</velocity>
      <steeringAngle>-0.13325</steeringAngle>
      <time>165</time>
    </ksState>
    <ksState>
      <x>36.02486351972659</x>
      <y>44.78230737867127</y>
      <orientation>-1.8951904313906769</orientation>
      <velocity>5.0</velocity>
      <steeringAngle>-0.1066</steeringAngle>
      <time>166</time>
    </ksState>
    <ksState>
      <x>35.87125628106906</x>
      <y>44.332836841617656</y>
      <orientation>-1.9137251248980378</orientation>
      <velocity>4.0</velocity>
      <steeringAngle>-0.07995</steeringAngle>
      <time>167</time>
    </ksState>
    <ksState>
      <x>35.74414082020301</x>
      <y>43.980040429598</y>
      <orientation>-1.9244664008177217</orientation>
      <velocity>3.0</velocity>
      <steeringAngle>-0.053299999999999986</steeringAngle>
      <time>168</time>
    </ksState>
    <ksState>
      <x>35.64853281002556</x>
      <y>43.72219565489039</y>
      <orientation>-1.929508105972431</orientation>
      <velocity>2.0</velocity>
      <steeringAngle>-0.02664999999999998</steeringAngle>
      <time>169</time>
    </ksState>
    <ksState>
      <x>35.587023284025555</x>
      <y>43.55836168344861</y>
      <orientation>-1.9309292727703262</orientation>
      <velocity>1.0</velocity>
      <steeringAngle>2.42861286636753e-17</steeringAngle>
      <time>170</time>
    </ksState>
    <ksState>
      <x>35.542973452290845</x>
      <y>43.4413804357029</y>
      <orientation>-1.9305417318839424</orientation>
      <velocity>2.0</velocity>
      <steeringAngle>0.026650000000000004</steeringAngle>
      <time>171</time>
    </ksState>
    <ksState>
      <x>35.46388632012027</x>
      <y>43.23073805589709</y>
      <orientation>-1.927569483475295</orientation>
      <velocity>3.0</velocity>
      <steeringAngle>0.05330000000000001</steeringAngle>
      <time>172</time>
    </ksState>
    <ksState>
      <x>35.35088842319627</x>
      <y>42.92601486589261</y>
      <orientation>-1.919938656704111</orientation>
      <velocity>4.0</velocity>
      <steeringAngle>0.07995000000000001</steeringAngle>
      <time>173</time>
    </ksState>
    <ksState>
      <x>35.206814492192095</x>
      <y>42.52618244468142</y>
      <orientation>-1.9055635650830065</orientation>
      <velocity>5.0</velocity>
      <steeringAngle>0.10660000000000001</steeringAngle>
      <time>174</time>
    </ksState>
    <ksState>
      <x>35.03702515632279</x>
      <y>42.02940363690014</y>
      <orientation>-1.8823406781738719</orientation>
      <velocity>6.0</velocity>
      <steeringAngle>0.13325</steeringAngle>
      <time>175</time>
    </ksState>
    <ksState>
      <x>34.864862741105966</x>
      <y>41.480800826380786</y>
      <orientation>-1.8538978093736995</orientation>
      <velocity>5.0</velocity>
      <steeringAngle>0.1066</steeringAngle>
      <time>176</time>
    </ksState>
    <ksState>
      <x>34.73442300089245</x>
      <y>41.02406849599429</y>
      <orientation>-1.8353631158663386</orientation>
      <velocity>4.0</velocity>
      <steeringAngle>0.07995</steeringAngle>
      <time>177</time>
    </ksState>
    <ksState>
      <x>34.637414228434935</x>
      <y>40.661835219235485</y>
      <orientation>-1.8246218399466547</orientation>
      <velocity>3.0</velocity>
      <steeringAngle>0.053299999999999986</steeringAngle>
      <time>178</time>
    </ksState>
    <ksState>
      <x>34.56873493605509</x>
      <y>40.39554970657603</y>
      <orientation>-1.8195801347919454</orientation>
      <velocity>2.0</velocity>
      <steeringAngle>0.02664999999999998</steeringAngle>
      <time>179</time>
    </ksState>
    <ksState>
      <x>34.52572063736926</x>
      <y>40.225918453277295</y>
      <orientation>-1.8181589679940502</orientation>
      <velocity>1.0</velocity>
      <steeringAngle>-2.42861286636753e-17</steeringAngle>
      <time>180</time>
    </ksState>
    <ksState>
      <x>34.49633890951898</x>
      <y>40.109571067967046</y>
      <orientation>-1.8185206728213419</orientation>
      <velocity>1.7999999999999998</velocity>
      <steeringAngle>-0.026650000000000004</steeringAngle>
      <time>181</time>
    </ksState>
    <ksState>
      <x>34.44720003381288</x>
      <y>39.91570162136191</y>
      <orientation>-1.8211569239391818</orientation>
      <velocity>2.5999999999999996</velocity>
      <steeringAngle>-0.05330000000000001</steeringAngle>
      <time>182</time>
    </ksState>
    <ksState>
      <x>34.377438412236195</x>
      <y>39.6445316098921</y>
      <orientation>-1.827727185768364</orientation>
      <velocity>3.3999999999999995</velocity>
      <steeringAngle>-0.07995000000000001</steeringAngle>
      <time>183</time>
    </ksState>
    <ksState>
      <x>34.28498773561425</x>
      <y>39.296606371644685</y>
      <orientation>-1.8399006716473303</orientation>
      <velocity>4.199999999999999</velocity>
      <steeringAngle>-0.10660000000000001</steeringAngle>
      <time>184</time>
    </ksState>
    <ksState>
      <x>34.166076146020714</x>
      <y>38.87298346532463</y>
      <orientation>-1.8593611702756696</orientation>
      <velocity>5.0</velocity>
      <steeringAngle>-0.13325</steeringAngle>
      <time>185</time>
    </ksState>
    <ksState>
      <x>34.02810487414347</x>
      <y>38.41847336597726</y>
      <orientation>-1.8828688677119223</orientation>
      <velocity>4.0</velocity>
      <steeringAngle>-0.1066</steeringAngle>
      <time>186</time>
    </ksState>
    <ksState>
      <x>33.911587746736394</x>
      <y>38.062037749417954</y>
      <orientation>-1.8975152545219214</orientation>
      <velocity>3.0</velocity>
      <steeringAngle>-0.07995</steeringAngle>
      <time>187</time>
    </ksState>
    <ksState>
      <x>33.82277873518652</x>
      <y>37.801773360238876</y>
      <orientation>-1.9054095063147696</orientation>
      <velocity>2.0</velocity>
      <steeringAngle>-0.053299999999999986</steeringAngle>
      <time>188</time>
    </ksState>
    <ksState>
      <x>33.765161569205226</x>
      <y>37.636530417614324</y>
      <orientation>-1.9086414015847668</orientation>
      <velocity>1.0</velocity>
      <steeringAngle>-0.02664999999999998</steeringAngle>
      <time>189</time>
    </ksState>
    <ksState>
      <x>33.74029027383922</x>
      <y>37.565774369583444</y>
      <orientation>-1.9092873948359836</orientation>
      <velocity>0.0</velocity>
      <steeringAngle>2.42861286636753e-17</steeringAngle>
      <time>190</time>
    </ksState>
    <ksState>
      <x>33.74029027383922</x>
      <y>37.565774369583444</y>
      <orientation>-1.9092873948359836</orientation>
      <velocity>0.0</velocity>
      <steeringAngle>0.0</steeringAngle>
      <time>191</time>
    </ksState>
    <ksState>
      <x>33.74029027383922</x>
      <y>37.565774369583444</y>
      <orientation>-1.9092873948359836</orientation>
      <velocity>0.0</velocity>
      <steeringAngle>0.0</steeringAngle>
      <time>192</time>
    </ksState>
    <ksState>
      <x>33.74029027383922</x>
      <y>37.565774369583444</y>
      <orientation>-1.9092873948359836</orientation>
      <velocity>0.0</velocity>
      <steeringAngle>0.0</steeringAngle>
      <time>193</time>
    </ksState>
    <ksState>
      <x>33.74029027383922</x>
      <y>37.565774369583444</y>
      <orientation>-1.9092873948359836</orientation>
      <velocity>0.0</velocity>
      <steeringAngle>0.0</steeringAngle>
      <time>194</time>
    </ksState>
  </ksTrajectory>
</CommonRoadSolution>
