<?xml version="1.0" ?>
<CommonRoadSolution benchmark_id="KS2:SM1:CHN_Sha-4_1_T-1:2018b" date="2019-11-18">
  <ksTrajectory planningProblem="2">
    <ksState>
      <x>-54.9653</x>
      <y>-1.8032</y>
      <orientation>0.0048</orientation>
      <velocity>2.0</velocity>
      <steeringAngle>0.0</steeringAngle>
      <time>0</time>
    </ksState>
    <ksState>
      <x>-54.740302591995025</x>
      <y>-1.8021200041471952</y>
      <orientation>0.0048</orientation>
      <velocity>3.0</velocity>
      <steeringAngle>0.0</steeringAngle>
      <time>1</time>
    </ksState>
    <ksState>
      <x>-54.415306335987836</x>
      <y>-1.8005600101375883</y>
      <orientation>0.0048</orientation>
      <velocity>4.0</velocity>
      <steeringAngle>0.0</steeringAngle>
      <time>2</time>
    </ksState>
    <ksState>
      <x>-53.99031123197843</x>
      <y>-1.798520017971179</y>
      <orientation>0.0048</orientation>
      <velocity>5.0</velocity>
      <steeringAngle>0.0</steeringAngle>
      <time>3</time>
    </ksState>
    <ksState>
      <x>-53.46531727996682</x>
      <y>-1.796000027647968</y>
      <orientation>0.0048</orientation>
      <velocity>6.0</velocity>
      <steeringAngle>0.0</steeringAngle>
      <time>4</time>
    </ksState>
    <ksState>
      <x>-52.840324479953</x>
      <y>-1.7930000391679548</y>
      <orientation>0.0048</orientation>
      <velocity>7.0</velocity>
      <steeringAngle>0.0</steeringAngle>
      <time>5</time>
    </ksState>
    <ksState>
      <x>-52.13533260153741</x>
      <y>-1.7896160521624997</y>
      <orientation>0.0048</orientation>
      <velocity>7.199999999999999</velocity>
      <steeringAngle>0.0</steeringAngle>
      <time>6</time>
    </ksState>
    <ksState>
      <x>-51.41034095352137</x>
      <y>-1.7861360655256844</y>
      <orientation>0.0048</orientation>
      <velocity>7.399999999999999</velocity>
      <steeringAngle>0.0</steeringAngle>
      <time>7</time>
    </ksState>
    <ksState>
      <x>-50.66534953590489</x>
      <y>-1.7825600792575087</y>
      <orientation>0.0048</orientation>
      <velocity>7.599999999999998</velocity>
      <steeringAngle>0.0</steeringAngle>
      <time>8</time>
    </ksState>
    <ksState>
      <x>-49.90035834868797</x>
      <y>-1.7788880933579725</y>
      <orientation>0.0048</orientation>
      <velocity>7.799999999999997</velocity>
      <steeringAngle>0.0</steeringAngle>
      <time>9</time>
    </ksState>
    <ksState>
      <x>-49.115367391870606</x>
      <y>-1.7751201078270757</y>
      <orientation>0.0048</orientation>
      <velocity>7.9999999999999964</velocity>
      <steeringAngle>0.0</steeringAngle>
      <time>10</time>
    </ksState>
    <ksState>
      <x>-48.33537637745335</x>
      <y>-1.7713761222040192</y>
      <orientation>0.0048</orientation>
      <velocity>7.199999999999999</velocity>
      <steeringAngle>0.0</steeringAngle>
      <time>11</time>
    </ksState>
    <ksState>
      <x>-47.63538444143787</x>
      <y>-1.7680161351064043</y>
      <orientation>0.0048</orientation>
      <velocity>6.399999999999999</velocity>
      <steeringAngle>0.0</steeringAngle>
      <time>12</time>
    </ksState>
    <ksState>
      <x>-47.015391583824155</x>
      <y>-1.7650401465342311</y>
      <orientation>0.0048</orientation>
      <velocity>5.599999999999998</velocity>
      <steeringAngle>0.0</steeringAngle>
      <time>13</time>
    </ksState>
    <ksState>
      <x>-46.475397804612214</x>
      <y>-1.7624481564874996</y>
      <orientation>0.0048</orientation>
      <velocity>4.799999999999997</velocity>
      <steeringAngle>0.0</steeringAngle>
      <time>14</time>
    </ksState>
    <ksState>
      <x>-46.01540310380204</x>
      <y>-1.7602401649662098</y>
      <orientation>0.0048</orientation>
      <velocity>3.999999999999997</velocity>
      <steeringAngle>0.0</steeringAngle>
      <time>15</time>
    </ksState>
    <ksState>
      <x>-45.635407481393635</x>
      <y>-1.7584161719703617</y>
      <orientation>0.003869901872678701</orientation>
      <velocity>3.2</velocity>
      <steeringAngle>-0.026650000000000004</steeringAngle>
      <time>16</time>
    </ksState>
    <ksState>
      <x>-45.33540902326032</x>
      <y>-1.7574867354121821</y>
      <orientation>4.484321746820331e-05</orientation>
      <velocity>2.4000000000000004</velocity>
      <steeringAngle>-0.05330000000000001</steeringAngle>
      <time>17</time>
    </ksState>
    <ksState>
      <x>-45.1154093204811</x>
      <y>-1.7577251162755407</y>
      <orientation>-0.005024905259225086</orientation>
      <velocity>1.6000000000000005</velocity>
      <steeringAngle>-0.07995000000000001</steeringAngle>
      <time>18</time>
    </ksState>
    <ksState>
      <x>-44.97541202260422</x>
      <y>-1.7585777218473104</y>
      <orientation>-0.009686733932329345</orientation>
      <velocity>0.8000000000000006</velocity>
      <steeringAngle>-0.10660000000000001</steeringAngle>
      <time>19</time>
    </ksState>
    <ksState>
      <x>-44.91541518664796</x>
      <y>-1.7591921089823748</y>
      <orientation>-0.012280962829778815</orientation>
      <velocity>5.551115123125783e-16</velocity>
      <steeringAngle>-0.13325</steeringAngle>
      <time>20</time>
    </ksState>
    <ksState>
      <x>-44.89541669484949</x>
      <y>-1.7594377220648836</y>
      <orientation>-0.013215490336455539</orientation>
      <velocity>0.8</velocity>
      <steeringAngle>-0.1066</steeringAngle>
      <time>21</time>
    </ksState>
    <ksState>
      <x>-44.795426825799815</x>
      <y>-1.7608588048807756</y>
      <orientation>-0.017051607677903324</orientation>
      <velocity>1.6</velocity>
      <steeringAngle>-0.07995</steeringAngle>
      <time>22</time>
    </ksState>
    <ksState>
      <x>-44.61545753996226</x>
      <y>-1.7641764451468722</y>
      <orientation>-0.022124302750967276</orientation>
      <velocity>2.4</velocity>
      <steeringAngle>-0.053299999999999986</steeringAngle>
      <time>23</time>
    </ksState>
    <ksState>
      <x>-44.35552929022727</x>
      <y>-1.7702757448967552</y>
      <orientation>-0.02677802607381822</orientation>
      <velocity>3.1999999999999997</velocity>
      <steeringAngle>-0.02664999999999998</steeringAngle>
      <time>24</time>
    </ksState>
    <ksState>
      <x>-44.01565940010662</x>
      <y>-1.7796767565278937</y>
      <orientation>-0.029361925659557614</orientation>
      <velocity>3.9999999999999996</velocity>
      <steeringAngle>2.42861286636753e-17</steeringAngle>
      <time>25</time>
    </ksState>
    <ksState>
      <x>-43.62582750195136</x>
      <y>-1.7911262622232162</y>
      <orientation>-0.028380155414051797</orientation>
      <velocity>3.5999999999999996</velocity>
      <steeringAngle>0.026650000000000004</steeringAngle>
      <time>26</time>
    </ksState>
    <ksState>
      <x>-43.2759597622829</x>
      <y>-1.8007418129405675</y>
      <orientation>-0.023883102177226383</orientation>
      <velocity>3.1999999999999993</velocity>
      <steeringAngle>0.05330000000000001</steeringAngle>
      <time>27</time>
    </ksState>
    <ksState>
      <x>-42.96603713527919</x>
      <y>-1.8076485004338467</y>
      <orientation>-0.016692223816529544</orientation>
      <velocity>2.799999999999999</velocity>
      <steeringAngle>0.07995000000000001</steeringAngle>
      <time>28</time>
    </ksState>
    <ksState>
      <x>-42.69606654115265</x>
      <y>-1.8115898202087206</y>
      <orientation>-0.0076271836591491685</orientation>
      <velocity>2.3999999999999986</velocity>
      <steeringAngle>0.10660000000000001</steeringAngle>
      <time>29</time>
    </ksState>
    <ksState>
      <x>-42.46607041724922</x>
      <y>-1.8127963617768956</y>
      <orientation>0.0024918217998910405</orientation>
      <velocity>1.9999999999999984</velocity>
      <steeringAngle>0.13325</steeringAngle>
      <time>30</time>
    </ksState>
    <ksState>
      <x>-42.26107383195589</x>
      <y>-1.8117397874771182</y>
      <orientation>0.012595796404399617</orientation>
      <velocity>2.2</velocity>
      <steeringAngle>0.1066</steeringAngle>
      <time>31</time>
    </ksState>
    <ksState>
      <x>-42.036099489122954</x>
      <y>-1.8083809862057634</y>
      <orientation>0.02133143913448516</orientation>
      <velocity>2.4000000000000004</velocity>
      <steeringAngle>0.07995</steeringAngle>
      <time>32</time>
    </ksState>
    <ksState>
      <x>-41.79116603669265</x>
      <y>-1.8026892906995424</y>
      <orientation>0.028293661156422404</orientation>
      <velocity>2.6000000000000005</velocity>
      <steeringAngle>0.053299999999999986</steeringAngle>
      <time>33</time>
    </ksState>
    <ksState>
      <x>-41.526282858942466</x>
      <y>-1.7948295697148542</y>
      <orientation>0.03307671175655945</orientation>
      <velocity>2.8000000000000007</velocity>
      <steeringAngle>0.02664999999999998</steeringAngle>
      <time>34</time>
    </ksState>
    <ksState>
      <x>-41.24144584036371</x>
      <y>-1.7851947195151856</y>
      <orientation>0.035273033746350775</orientation>
      <velocity>3.000000000000001</velocity>
      <steeringAngle>-2.42861286636753e-17</steeringAngle>
      <time>35</time>
    </ksState>
    <ksState>
      <x>-40.94662933890616</x>
      <y>-1.7747913321662547</y>
      <orientation>0.034523788032675286</orientation>
      <velocity>2.8</velocity>
      <steeringAngle>-0.026650000000000004</steeringAngle>
      <time>36</time>
    </ksState>
    <ksState>
      <x>-40.671786605970716</x>
      <y>-1.7654944200218712</y>
      <orientation>0.030982999459652494</orientation>
      <velocity>2.5999999999999996</velocity>
      <steeringAngle>-0.05330000000000001</steeringAngle>
      <time>37</time>
    </ksState>
    <ksState>
      <x>-40.41689902735222</x>
      <y>-1.7579310386822296</y>
      <orientation>0.025059558218128976</orientation>
      <velocity>2.3999999999999995</velocity>
      <steeringAngle>-0.07995000000000001</steeringAngle>
      <time>38</time>
    </ksState>
    <ksState>
      <x>-40.18196286751783</x>
      <y>-1.7524712769605433</y>
      <orientation>0.01715997522902466</orientation>
      <velocity>2.1999999999999993</velocity>
      <steeringAngle>-0.10660000000000001</steeringAngle>
      <time>39</time>
    </ksState>
    <ksState>
      <x>-39.966987391911104</x>
      <y>-1.7492612486712789</y>
      <orientation>0.007689526994346815</orientation>
      <velocity>1.9999999999999991</velocity>
      <steeringAngle>-0.13325</steeringAngle>
      <time>40</time>
    </ksState>
    <ksState>
      <x>-39.76199067431937</x>
      <y>-1.7482306625314743</y>
      <orientation>-0.0024144476101617615</orientation>
      <velocity>2.2</velocity>
      <steeringAngle>-0.1066</steeringAngle>
      <time>41</time>
    </ksState>
    <ksState>
      <x>-39.53699379525405</x>
      <y>-1.7492987870364336</y>
      <orientation>-0.011150090340247304</orientation>
      <velocity>2.4000000000000004</velocity>
      <steeringAngle>-0.07995</steeringAngle>
      <time>42</time>
    </ksState>
    <ksState>
      <x>-39.29201508946216</x>
      <y>-1.7524964777179017</y>
      <orientation>-0.018112312362184548</orientation>
      <velocity>2.6000000000000005</velocity>
      <steeringAngle>-0.053299999999999986</steeringAngle>
      <time>43</time>
    </ksState>
    <ksState>
      <x>-39.027065619292124</x>
      <y>-1.757658969907494</y>
      <orientation>-0.022895362962321596</orientation>
      <velocity>2.8000000000000007</velocity>
      <steeringAngle>-0.02664999999999998</steeringAngle>
      <time>44</time>
    </ksState>
    <ksState>
      <x>-38.74214526959334</x>
      <y>-1.7643933458046281</y>
      <orientation>-0.02509168495211292</orientation>
      <velocity>3.000000000000001</velocity>
      <steeringAngle>2.42861286636753e-17</steeringAngle>
      <time>45</time>
    </ksState>
    <ksState>
      <x>-38.44723812963761</x>
      <y>-1.771794616177543</y>
      <orientation>-0.02434243923843743</orientation>
      <velocity>2.8</velocity>
      <steeringAngle>0.026650000000000004</steeringAngle>
      <time>46</time>
    </ksState>
    <ksState>
      <x>-38.172314988189235</x>
      <y>-1.7782928250846497</y>
      <orientation>-0.020801650665414638</orientation>
      <velocity>2.5999999999999996</velocity>
      <steeringAngle>0.05330000000000001</steeringAngle>
      <time>47</time>
    </ksState>
    <ksState>
      <x>-37.9173636161693</x>
      <y>-1.783260759911281</y>
      <orientation>-0.014878209423891118</orientation>
      <velocity>2.3999999999999995</velocity>
      <steeringAngle>0.07995000000000001</steeringAngle>
      <time>48</time>
    </ksState>
    <ksState>
      <x>-37.682384046176765</x>
      <y>-1.7863283129936298</y>
      <orientation>-0.0069786264347868054</orientation>
      <velocity>2.1999999999999993</velocity>
      <steeringAngle>0.10660000000000001</steeringAngle>
      <time>49</time>
    </ksState>
    <ksState>
      <x>-37.467387030784984</x>
      <y>-1.787349472423316</y>
      <orientation>0.0024918217998910405</orientation>
      <velocity>1.9999999999999991</velocity>
      <steeringAngle>0.13325</steeringAngle>
      <time>50</time>
    </ksState>
    <ksState>
      <x>-37.26739029767032</x>
      <y>-1.7863313453796175</y>
      <orientation>0.012362164527730438</orientation>
      <velocity>2.0</velocity>
      <steeringAngle>0.1066</steeringAngle>
      <time>51</time>
    </ksState>
    <ksState>
      <x>-37.06741156976514</x>
      <y>-1.7834440936364744</y>
      <orientation>0.020138777922454033</orientation>
      <velocity>2.0</velocity>
      <steeringAngle>0.07995</steeringAngle>
      <time>52</time>
    </ksState>
    <ksState>
      <x>-36.8674588641474</x>
      <y>-1.7791060069290088</y>
      <orientation>0.02583282617612529</orientation>
      <velocity>2.0</velocity>
      <steeringAngle>0.053299999999999986</steeringAngle>
      <time>53</time>
    </ksState>
    <ksState>
      <x>-36.66753115133101</x>
      <y>-1.7737332188329458</y>
      <orientation>0.0294524459455496</orientation>
      <velocity>2.0</velocity>
      <steeringAngle>0.02664999999999998</steeringAngle>
      <time>54</time>
    </ksState>
    <ksState>
      <x>-36.467620986954316</x>
      <y>-1.7677402650488738</y>
      <orientation>0.031002793038906077</orientation>
      <velocity>2.0</velocity>
      <steeringAngle>-2.42861286636753e-17</steeringAngle>
      <time>55</time>
    </ksState>
    <ksState>
      <x>-36.26271949931388</x>
      <y>-1.7613857105612818</y>
      <orientation>0.03046023579796865</orientation>
      <velocity>2.2</velocity>
      <steeringAngle>-0.026650000000000004</steeringAngle>
      <time>56</time>
    </ksState>
    <ksState>
      <x>-36.03781996379169</x>
      <y>-1.7546639125348367</y>
      <orientation>0.027539714597941026</orientation>
      <velocity>2.4000000000000004</velocity>
      <steeringAngle>-0.05330000000000001</steeringAngle>
      <time>57</time>
    </ksState>
    <ksState>
      <x>-35.79290470662159</x>
      <y>-1.748227736202348</y>
      <orientation>0.02182314553358905</orientation>
      <velocity>2.6000000000000005</velocity>
      <steeringAngle>-0.07995000000000001</steeringAngle>
      <time>58</time>
    </ksState>
    <ksState>
      <x>-35.527957010168855</x>
      <y>-1.7429901917920076</y>
      <orientation>0.012887413970622732</orientation>
      <velocity>2.8000000000000007</velocity>
      <steeringAngle>-0.10660000000000001</steeringAngle>
      <time>59</time>
    </ksState>
    <ksState>
      <x>-35.24297226855579</x>
      <y>-1.7401596357797315</y>
      <orientation>0.0003031346795118739</orientation>
      <velocity>3.000000000000001</velocity>
      <steeringAngle>-0.13325</steeringAngle>
      <time>60</time>
    </ksState>
    <ksState>
      <x>-34.94797634640431</x>
      <y>-1.74120070176128</y>
      <orientation>-0.014268747535578039</orientation>
      <velocity>2.8</velocity>
      <steeringAngle>-0.1066</steeringAngle>
      <time>61</time>
    </ksState>
    <ksState>
      <x>-34.673017807253416</x>
      <y>-1.7459085663538216</y>
      <orientation>-0.024974638292301485</orientation>
      <velocity>2.5999999999999996</velocity>
      <steeringAngle>-0.07995</steeringAngle>
      <time>62</time>
    </ksState>
    <ksState>
      <x>-34.418110955281335</x>
      <y>-1.7527811022865338</y>
      <orientation>-0.03224753690454238</orientation>
      <velocity>2.3999999999999995</velocity>
      <steeringAngle>-0.053299999999999986</steeringAngle>
      <time>63</time>
    </ksState>
    <ksState>
      <x>-34.183242692075666</x>
      <y>-1.7606432835610197</y>
      <orientation>-0.03651353572796611</orientation>
      <velocity>2.1999999999999993</velocity>
      <steeringAngle>-0.02664999999999998</steeringAngle>
      <time>64</time>
    </ksState>
    <ksState>
      <x>-33.968390425247684</x>
      <y>-1.7686112511623797</y>
      <orientation>-0.03819308147156598</orientation>
      <velocity>1.9999999999999991</velocity>
      <steeringAngle>2.42861286636753e-17</steeringAngle>
      <time>65</time>
    </ksState>
    <ksState>
      <x>-33.763539924999186</x>
      <y>-1.7764389294861047</y>
      <orientation>-0.037650524230628556</orientation>
      <velocity>2.2</velocity>
      <steeringAngle>0.026650000000000004</steeringAngle>
      <time>66</time>
    </ksState>
    <ksState>
      <x>-33.53869453438294</x>
      <y>-1.7847776323487847</y>
      <orientation>-0.03473000303060093</orientation>
      <velocity>2.4000000000000004</velocity>
      <steeringAngle>0.05330000000000001</steeringAngle>
      <time>67</time>
    </ksState>
    <ksState>
      <x>-33.293831885840774</x>
      <y>-1.7929746384725656</y>
      <orientation>-0.02901343396624895</orientation>
      <velocity>2.6000000000000005</velocity>
      <steeringAngle>0.07995000000000001</steeringAngle>
      <time>68</time>
    </ksState>
    <ksState>
      <x>-33.02892869741979</x>
      <y>-1.8001170814341614</y>
      <orientation>-0.020077702403282632</orientation>
      <velocity>2.8000000000000007</velocity>
      <steeringAngle>0.10660000000000001</steeringAngle>
      <time>69</time>
    </ksState>
    <ksState>
      <x>-32.74397167500464</x>
      <y>-1.8049966691109895</y>
      <orientation>-0.007493423112171774</orientation>
      <velocity>3.000000000000001</velocity>
      <steeringAngle>0.13325</steeringAngle>
      <time>70</time>
    </ksState>
    <ksState>
      <x>-32.44897589300125</x>
      <y>-1.8060767175308357</y>
      <orientation>0.007078459102918138</orientation>
      <velocity>2.8</velocity>
      <steeringAngle>0.1066</steeringAngle>
      <time>71</time>
    </ksState>
    <ksState>
      <x>-32.1739906109194</x>
      <y>-1.8033459888047136</y>
      <orientation>0.017784349859641585</orientation>
      <velocity>2.5999999999999996</velocity>
      <steeringAngle>0.07995</steeringAngle>
      <time>72</time>
    </ksState>
    <ksState>
      <x>-31.919040933202798</x>
      <y>-1.7983064685231571</y>
      <orientation>0.025057248471882478</orientation>
      <velocity>2.3999999999999995</velocity>
      <steeringAngle>0.053299999999999986</steeringAngle>
      <time>73</time>
    </ksState>
    <ksState>
      <x>-31.684122210480712</x>
      <y>-1.792133246490677</y>
      <orientation>0.02932324729530621</orientation>
      <velocity>2.1999999999999993</velocity>
      <steeringAngle>0.02664999999999998</steeringAngle>
      <time>74</time>
    </ksState>
    <ksState>
      <x>-31.469218206094897</x>
      <y>-1.7857103213187984</y>
      <orientation>0.031002793038906077</orientation>
      <velocity>1.9999999999999991</velocity>
      <steeringAngle>-2.42861286636753e-17</steeringAngle>
      <time>75</time>
    </ksState>
    <ksState>
      <x>-31.269314315713984</x>
      <y>-1.77951075596505</y>
      <orientation>0.030486071857060912</orientation>
      <velocity>2.0</velocity>
      <steeringAngle>-0.026650000000000004</steeringAngle>
      <time>76</time>
    </ksState>
    <ksState>
      <x>-31.069404151337288</x>
      <y>-1.773517802180978</y>
      <orientation>0.027901547947840742</orientation>
      <velocity>2.0</velocity>
      <steeringAngle>-0.05330000000000001</steeringAngle>
      <time>77</time>
    </ksState>
    <ksState>
      <x>-30.8694764385209</x>
      <y>-1.768145014084915</y>
      <orientation>0.023245543825490544</orientation>
      <velocity>2.0</velocity>
      <steeringAngle>-0.07995000000000001</steeringAngle>
      <time>78</time>
    </ksState>
    <ksState>
      <x>-30.669523732903162</x>
      <y>-1.7638069273774495</y>
      <orientation>0.01651141800466229</orientation>
      <velocity>2.0</velocity>
      <steeringAngle>-0.10660000000000001</steeringAngle>
      <time>79</time>
    </ksState>
    <ksState>
      <x>-30.469545004997983</x>
      <y>-1.7609196756343064</y>
      <orientation>0.007689526994346808</orientation>
      <velocity>2.0</velocity>
      <steeringAngle>-0.13325</steeringAngle>
      <time>80</time>
    </ksState>
    <ksState>
      <x>-30.26454828740625</x>
      <y>-1.7598890894945018</y>
      <orientation>-0.0024144476101617685</orientation>
      <velocity>2.2</velocity>
      <steeringAngle>-0.1066</steeringAngle>
      <time>81</time>
    </ksState>
    <ksState>
      <x>-30.039551408340927</x>
      <y>-1.7609572139994611</y>
      <orientation>-0.011150090340247311</orientation>
      <velocity>2.4000000000000004</velocity>
      <steeringAngle>-0.07995</steeringAngle>
      <time>82</time>
    </ksState>
    <ksState>
      <x>-29.79457270254904</x>
      <y>-1.7641549046809293</y>
      <orientation>-0.018112312362184555</orientation>
      <velocity>2.6000000000000005</velocity>
      <steeringAngle>-0.053299999999999986</steeringAngle>
      <time>83</time>
    </ksState>
    <ksState>
      <x>-29.529623232379002</x>
      <y>-1.7693173968705216</y>
      <orientation>-0.022895362962321603</orientation>
      <velocity>2.8000000000000007</velocity>
      <steeringAngle>-0.02664999999999998</steeringAngle>
      <time>84</time>
    </ksState>
    <ksState>
      <x>-29.244702882680215</x>
      <y>-1.7760517727676557</y>
      <orientation>-0.025091684952112926</orientation>
      <velocity>3.000000000000001</velocity>
      <steeringAngle>2.42861286636753e-17</steeringAngle>
      <time>85</time>
    </ksState>
    <ksState>
      <x>-28.949795742724486</x>
      <y>-1.7834530431405706</y>
      <orientation>-0.024342439238437437</orientation>
      <velocity>2.8</velocity>
      <steeringAngle>0.026650000000000004</steeringAngle>
      <time>86</time>
    </ksState>
    <ksState>
      <x>-28.67487260127611</x>
      <y>-1.7899512520476772</y>
      <orientation>-0.020801650665414645</orientation>
      <velocity>2.5999999999999996</velocity>
      <steeringAngle>0.05330000000000001</steeringAngle>
      <time>87</time>
    </ksState>
    <ksState>
      <x>-28.41992122925618</x>
      <y>-1.7949191868743086</y>
      <orientation>-0.014878209423891125</orientation>
      <velocity>2.3999999999999995</velocity>
      <steeringAngle>0.07995000000000001</steeringAngle>
      <time>88</time>
    </ksState>
    <ksState>
      <x>-28.184941659263643</x>
      <y>-1.7979867399566574</y>
      <orientation>-0.006978626434786812</orientation>
      <velocity>2.1999999999999993</velocity>
      <steeringAngle>0.10660000000000001</steeringAngle>
      <time>89</time>
    </ksState>
    <ksState>
      <x>-27.96994464387186</x>
      <y>-1.7990078993863436</y>
      <orientation>0.0024918217998910336</orientation>
      <velocity>1.9999999999999991</velocity>
      <steeringAngle>0.13325</steeringAngle>
      <time>90</time>
    </ksState>
    <ksState>
      <x>-27.76494805857853</x>
      <y>-1.7979513250865662</y>
      <orientation>0.01259579640439961</orientation>
      <velocity>2.2</velocity>
      <steeringAngle>0.1066</steeringAngle>
      <time>91</time>
    </ksState>
    <ksState>
      <x>-27.53997371574559</x>
      <y>-1.7945925238152114</y>
      <orientation>0.021331439134485153</orientation>
      <velocity>2.4000000000000004</velocity>
      <steeringAngle>0.07995</steeringAngle>
      <time>92</time>
    </ksState>
    <ksState>
      <x>-27.295040263315286</x>
      <y>-1.7889008283089904</y>
      <orientation>0.028293661156422397</orientation>
      <velocity>2.6000000000000005</velocity>
      <steeringAngle>0.053299999999999986</steeringAngle>
      <time>93</time>
    </ksState>
    <ksState>
      <x>-27.030157085565108</x>
      <y>-1.7810411073243022</y>
      <orientation>0.03307671175655945</orientation>
      <velocity>2.8000000000000007</velocity>
      <steeringAngle>0.02664999999999998</steeringAngle>
      <time>94</time>
    </ksState>
    <ksState>
      <x>-26.745320066986352</x>
      <y>-1.7714062571246336</y>
      <orientation>0.03527303374635077</orientation>
      <velocity>3.000000000000001</velocity>
      <steeringAngle>-2.42861286636753e-17</steeringAngle>
      <time>95</time>
    </ksState>
    <ksState>
      <x>-26.450503565528805</x>
      <y>-1.7610028697757028</y>
      <orientation>0.03452378803267528</orientation>
      <velocity>2.8</velocity>
      <steeringAngle>-0.026650000000000004</steeringAngle>
      <time>96</time>
    </ksState>
    <ksState>
      <x>-26.17566083259336</x>
      <y>-1.7517059576313192</y>
      <orientation>0.030982999459652487</orientation>
      <velocity>2.5999999999999996</velocity>
      <steeringAngle>-0.05330000000000001</steeringAngle>
      <time>97</time>
    </ksState>
    <ksState>
      <x>-25.920773253974865</x>
      <y>-1.7441425762916776</y>
      <orientation>0.02505955821812897</orientation>
      <velocity>2.3999999999999995</velocity>
      <steeringAngle>-0.07995000000000001</steeringAngle>
      <time>98</time>
    </ksState>
    <ksState>
      <x>-25.68583709414047</x>
      <y>-1.7386828145699913</y>
      <orientation>0.017159975229024654</orientation>
      <velocity>2.1999999999999993</velocity>
      <steeringAngle>-0.10660000000000001</steeringAngle>
      <time>99</time>
    </ksState>
    <ksState>
      <x>-25.470861618533746</x>
      <y>-1.7354727862807269</y>
      <orientation>0.007689526994346808</orientation>
      <velocity>1.9999999999999991</velocity>
      <steeringAngle>-0.13325</steeringAngle>
      <time>100</time>
    </ksState>
    <ksState>
      <x>-25.265864900942013</x>
      <y>-1.7344422001409223</y>
      <orientation>-0.0024144476101617685</orientation>
      <velocity>2.2</velocity>
      <steeringAngle>-0.1066</steeringAngle>
      <time>101</time>
    </ksState>
    <ksState>
      <x>-25.04086802187669</x>
      <y>-1.7355103246458816</y>
      <orientation>-0.011150090340247311</orientation>
      <velocity>2.4000000000000004</velocity>
      <steeringAngle>-0.07995</steeringAngle>
      <time>102</time>
    </ksState>
    <ksState>
      <x>-24.795889316084804</x>
      <y>-1.7387080153273498</y>
      <orientation>-0.018112312362184555</orientation>
      <velocity>2.6000000000000005</velocity>
      <steeringAngle>-0.053299999999999986</steeringAngle>
      <time>103</time>
    </ksState>
    <ksState>
      <x>-24.530939845914766</x>
      <y>-1.743870507516942</y>
      <orientation>-0.022895362962321603</orientation>
      <velocity>2.8000000000000007</velocity>
      <steeringAngle>-0.02664999999999998</steeringAngle>
      <time>104</time>
    </ksState>
    <ksState>
      <x>-24.24601949621598</x>
      <y>-1.7506048834140762</y>
      <orientation>-0.025091684952112926</orientation>
      <velocity>3.000000000000001</velocity>
      <steeringAngle>2.42861286636753e-17</steeringAngle>
      <time>105</time>
    </ksState>
    <ksState>
      <x>-23.956110782361197</x>
      <y>-1.7578807085264332</y>
      <orientation>-0.024368275297529694</orientation>
      <velocity>2.5999999999999996</velocity>
      <steeringAngle>0.026650000000000004</steeringAngle>
      <time>106</time>
    </ksState>
    <ksState>
      <x>-23.70618118470699</x>
      <y>-1.7638109740830936</y>
      <orientation>-0.021163484015314364</orientation>
      <velocity>2.1999999999999993</velocity>
      <steeringAngle>0.05330000000000001</steeringAngle>
      <time>107</time>
    </ksState>
    <ksState>
      <x>-23.49622365499487</x>
      <y>-1.7680274602510622</y>
      <orientation>-0.01630060771579262</orientation>
      <velocity>1.7999999999999994</velocity>
      <steeringAngle>0.07995000000000001</steeringAngle>
      <time>108</time>
    </ksState>
    <ksState>
      <x>-23.32624290644148</x>
      <y>-1.7705747786124695</y>
      <orientation>-0.01060263046882637</orientation>
      <velocity>1.3999999999999995</velocity>
      <steeringAngle>0.10660000000000001</steeringAngle>
      <time>109</time>
    </ksState>
    <ksState>
      <x>-23.196248618794698</x>
      <y>-1.771778833459898</y>
      <orientation>-0.004894570514943901</orientation>
      <velocity>0.9999999999999996</velocity>
      <steeringAngle>0.13325</steeringAngle>
      <time>110</time>
    </ksState>
    <ksState>
      <x>-23.08624937582357</x>
      <y>-1.7721613039625648</y>
      <orientation>0.0005078646023141597</orientation>
      <velocity>1.4</velocity>
      <steeringAngle>0.1066</steeringAngle>
      <time>111</time>
    </ksState>
    <ksState>
      <x>-22.93624985061367</x>
      <y>-1.7718527666088184</y>
      <orientation>0.006314229970399848</orientation>
      <velocity>1.7999999999999998</velocity>
      <steeringAngle>0.07995</steeringAngle>
      <time>112</time>
    </ksState>
    <ksState>
      <x>-22.746255794602384</x>
      <y>-1.7703734703615794</y>
      <orientation>0.01169760163376745</orientation>
      <velocity>2.1999999999999997</velocity>
      <steeringAngle>0.053299999999999986</steeringAngle>
      <time>113</time>
    </ksState>
    <ksState>
      <x>-22.51627503520126</x>
      <y>-1.7674100346214476</y>
      <orientation>0.015834273179905076</orientation>
      <velocity>2.6</velocity>
      <steeringAngle>0.02664999999999998</steeringAngle>
      <time>114</time>
    </ksState>
    <ksState>
      <x>-22.246311987252586</x>
      <y>-1.7629468652367635</y>
      <orientation>0.017901396519453015</orientation>
      <velocity>3.0000000000000004</velocity>
      <steeringAngle>-2.42861286636753e-17</steeringAngle>
      <time>115</time>
    </ksState>
    <ksState>
      <x>-21.94636005496852</x>
      <y>-1.7575767331104057</y>
      <orientation>0.017126314746685266</orientation>
      <velocity>3.0</velocity>
      <steeringAngle>-0.026650000000000004</steeringAngle>
      <time>116</time>
    </ksState>
    <ksState>
      <x>-21.646400247955434</x>
      <y>-1.7526716245675353</y>
      <orientation>0.013249528882855015</orientation>
      <velocity>3.0</velocity>
      <steeringAngle>-0.05330000000000001</steeringAngle>
      <time>117</time>
    </ksState>
    <ksState>
      <x>-21.346421135225576</x>
      <y>-1.749162312564055</y>
      <orientation>0.006265522699329718</orientation>
      <velocity>3.0</velocity>
      <steeringAngle>-0.07995000000000001</steeringAngle>
      <time>118</time>
    </ksState>
    <ksState>
      <x>-21.046424272765893</x>
      <y>-1.7479816843349678</y>
      <orientation>-0.003835666031912658</orientation>
      <velocity>3.0</velocity>
      <steeringAngle>-0.10660000000000001</steeringAngle>
      <time>119</time>
    </ksState>
    <ksState>
      <x>-20.746432965710884</x>
      <y>-1.7500659393169298</y>
      <orientation>-0.01706850254738588</orientation>
      <velocity>3.0</velocity>
      <steeringAngle>-0.13325</steeringAngle>
      <time>120</time>
    </ksState>
    <ksState>
      <x>-20.451499637568283</x>
      <y>-1.7562311526230574</y>
      <orientation>-0.03164038476247579</orientation>
      <velocity>2.8</velocity>
      <steeringAngle>-0.1066</steeringAngle>
      <time>121</time>
    </ksState>
    <ksState>
      <x>-20.17666436421546</x>
      <y>-1.7657145466405375</y>
      <orientation>-0.04234627551919924</orientation>
      <velocity>2.5999999999999996</velocity>
      <steeringAngle>-0.07995</steeringAngle>
      <time>122</time>
    </ksState>
    <ksState>
      <x>-19.92191535457476</x>
      <y>-1.7770139722696623</y>
      <orientation>-0.04961917413144013</orientation>
      <velocity>2.3999999999999995</velocity>
      <steeringAngle>-0.053299999999999986</steeringAngle>
      <time>123</time>
    </ksState>
    <ksState>
      <x>-19.68721910111138</x>
      <y>-1.7889548083330191</y>
      <orientation>-0.053885172954863864</orientation>
      <velocity>2.1999999999999993</velocity>
      <steeringAngle>-0.02664999999999998</steeringAngle>
      <time>124</time>
    </ksState>
    <ksState>
      <x>-19.472537661539455</x>
      <y>-1.800653721622135</y>
      <orientation>-0.05556471869846373</orientation>
      <velocity>1.9999999999999991</velocity>
      <steeringAngle>2.42861286636753e-17</steeringAngle>
      <time>125</time>
    </ksState>
    <ksState>
      <x>-19.272846325908425</x>
      <y>-1.811760947823794</y>
      <orientation>-0.05504799751661856</orientation>
      <velocity>2.0</velocity>
      <steeringAngle>0.026650000000000004</steeringAngle>
      <time>126</time>
    </ksState>
    <ksState>
      <x>-19.07314364390626</x>
      <y>-1.8226617788617274</y>
      <orientation>-0.0524634736073984</orientation>
      <velocity>2.0</velocity>
      <steeringAngle>0.05330000000000001</steeringAngle>
      <time>127</time>
    </ksState>
    <ksState>
      <x>-18.87340818782554</x>
      <y>-1.8329430622516996</y>
      <orientation>-0.0478074694850482</orientation>
      <velocity>2.0</velocity>
      <steeringAngle>0.07995000000000001</steeringAngle>
      <time>128</time>
    </ksState>
    <ksState>
      <x>-18.673622334778717</x>
      <y>-1.8421905701585557</y>
      <orientation>-0.04107334366421994</orientation>
      <velocity>2.0</velocity>
      <steeringAngle>0.10660000000000001</steeringAngle>
      <time>129</time>
    </ksState>
    <ksState>
      <x>-18.473774835575934</x>
      <y>-1.849988319808115</y>
      <orientation>-0.03225145265390446</orientation>
      <velocity>2.0</velocity>
      <steeringAngle>0.13325</steeringAngle>
      <time>130</time>
    </ksState>
    <ksState>
      <x>-18.283859772605535</x>
      <y>-1.855647446263965</y>
      <orientation>-0.022848373679403424</orientation>
      <velocity>1.6</velocity>
      <steeringAngle>0.1066</steeringAngle>
      <time>131</time>
    </ksState>
    <ksState>
      <x>-18.13389400152472</x>
      <y>-1.8588420981946023</y>
      <orientation>-0.01698981895540372</orientation>
      <velocity>1.2000000000000002</velocity>
      <steeringAngle>0.07995</steeringAngle>
      <time>132</time>
    </ksState>
    <ksState>
      <x>-18.02390838054076</x>
      <y>-1.8606176974235162</y>
      <orientation>-0.01383211823826444</orientation>
      <velocity>0.8000000000000003</velocity>
      <steeringAngle>0.053299999999999986</steeringAngle>
      <time>133</time>
    </ksState>
    <ksState>
      <x>-17.953914743799736</x>
      <y>-1.8615610923993589</y>
      <orientation>-0.0125393601302656</orientation>
      <velocity>0.4000000000000003</velocity>
      <steeringAngle>0.02664999999999998</steeringAngle>
      <time>134</time>
    </ksState>
    <ksState>
      <x>-17.923917076594442</x>
      <y>-1.8619351962532114</y>
      <orientation>-0.012280962829778821</orientation>
      <velocity>2.7755575615628914e-16</velocity>
      <steeringAngle>-2.42861286636753e-17</steeringAngle>
      <time>135</time>
    </ksState>
    <ksState>
      <x>-17.923917076594442</x>
      <y>-1.8619351962532114</y>
      <orientation>-0.012280962829778821</orientation>
      <velocity>0.0</velocity>
      <steeringAngle>0.0</steeringAngle>
      <time>136</time>
    </ksState>
    <ksState>
      <x>-17.923917076594442</x>
      <y>-1.8619351962532114</y>
      <orientation>-0.012280962829778821</orientation>
      <velocity>0.0</velocity>
      <steeringAngle>0.0</steeringAngle>
      <time>137</time>
    </ksState>
    <ksState>
      <x>-17.923917076594442</x>
      <y>-1.8619351962532114</y>
      <orientation>-0.012280962829778821</orientation>
      <velocity>0.0</velocity>
      <steeringAngle>0.0</steeringAngle>
      <time>138</time>
    </ksState>
    <ksState>
      <x>-17.923917076594442</x>
      <y>-1.8619351962532114</y>
      <orientation>-0.012280962829778821</orientation>
      <velocity>0.0</velocity>
      <steeringAngle>0.0</steeringAngle>
      <time>139</time>
    </ksState>
    <ksState>
      <x>-17.923917076594442</x>
      <y>-1.8619351962532114</y>
      <orientation>-0.012280962829778821</orientation>
      <velocity>0.0</velocity>
      <steeringAngle>0.0</steeringAngle>
      <time>140</time>
    </ksState>
    <ksState>
      <x>-17.923917076594442</x>
      <y>-1.8619351962532114</y>
      <orientation>-0.012280962829778821</orientation>
      <velocity>0.0</velocity>
      <steeringAngle>0.0</steeringAngle>
      <time>141</time>
    </ksState>
    <ksState>
      <x>-17.923917076594442</x>
      <y>-1.8619351962532114</y>
      <orientation>-0.012280962829778821</orientation>
      <velocity>0.0</velocity>
      <steeringAngle>0.0</steeringAngle>
      <time>142</time>
    </ksState>
    <ksState>
      <x>-17.923917076594442</x>
      <y>-1.8619351962532114</y>
      <orientation>-0.012280962829778821</orientation>
      <velocity>0.0</velocity>
      <steeringAngle>0.0</steeringAngle>
      <time>143</time>
    </ksState>
    <ksState>
      <x>-17.923917076594442</x>
      <y>-1.8619351962532114</y>
      <orientation>-0.012280962829778821</orientation>
      <velocity>0.0</velocity>
      <steeringAngle>0.0</steeringAngle>
      <time>144</time>
    </ksState>
    <ksState>
      <x>-17.923917076594442</x>
      <y>-1.8619351962532114</y>
      <orientation>-0.012280962829778821</orientation>
      <velocity>0.0</velocity>
      <steeringAngle>0.0</steeringAngle>
      <time>145</time>
    </ksState>
    <ksState>
      <x>-17.923917076594442</x>
      <y>-1.8619351962532114</y>
      <orientation>-0.012280962829778821</orientation>
      <velocity>0.0</velocity>
      <steeringAngle>0.0</steeringAngle>
      <time>146</time>
    </ksState>
    <ksState>
      <x>-17.923917076594442</x>
      <y>-1.8619351962532114</y>
      <orientation>-0.012280962829778821</orientation>
      <velocity>0.0</velocity>
      <steeringAngle>0.0</steeringAngle>
      <time>147</time>
    </ksState>
    <ksState>
      <x>-17.923917076594442</x>
      <y>-1.8619351962532114</y>
      <orientation>-0.012280962829778821</orientation>
      <velocity>0.0</velocity>
      <steeringAngle>0.0</steeringAngle>
      <time>148</time>
    </ksState>
    <ksState>
      <x>-17.923917076594442</x>
      <y>-1.8619351962532114</y>
      <orientation>-0.012280962829778821</orientation>
      <velocity>0.0</velocity>
      <steeringAngle>0.0</steeringAngle>
      <time>149</time>
    </ksState>
    <ksState>
      <x>-17.923917076594442</x>
      <y>-1.8619351962532114</y>
      <orientation>-0.012280962829778821</orientation>
      <velocity>0.0</velocity>
      <steeringAngle>0.0</steeringAngle>
      <time>150</time>
    </ksState>
    <ksState>
      <x>-17.923917076594442</x>
      <y>-1.8619351962532114</y>
      <orientation>-0.012280962829778821</orientation>
      <velocity>0.0</velocity>
      <steeringAngle>0.0</steeringAngle>
      <time>151</time>
    </ksState>
    <ksState>
      <x>-17.923917076594442</x>
      <y>-1.8619351962532114</y>
      <orientation>-0.012280962829778821</orientation>
      <velocity>0.0</velocity>
      <steeringAngle>0.0</steeringAngle>
      <time>152</time>
    </ksState>
    <ksState>
      <x>-17.923917076594442</x>
      <y>-1.8619351962532114</y>
      <orientation>-0.012280962829778821</orientation>
      <velocity>0.0</velocity>
      <steeringAngle>0.0</steeringAngle>
      <time>153</time>
    </ksState>
    <ksState>
      <x>-17.923917076594442</x>
      <y>-1.8619351962532114</y>
      <orientation>-0.012280962829778821</orientation>
      <velocity>0.0</velocity>
      <steeringAngle>0.0</steeringAngle>
      <time>154</time>
    </ksState>
    <ksState>
      <x>-17.923917076594442</x>
      <y>-1.8619351962532114</y>
      <orientation>-0.012280962829778821</orientation>
      <velocity>0.0</velocity>
      <steeringAngle>0.0</steeringAngle>
      <time>155</time>
    </ksState>
  </ksTrajectory>
</CommonRoadSolution>
