<?xml version="1.0" ?>
<CommonRoadSolution benchmark_id="KS2:SM1:CHN_Sha-4_5_T-1:2018b" date="2019-11-18">
  <ksTrajectory planningProblem="2">
    <ksState>
      <x>-12.2392</x>
      <y>0.5813</y>
      <orientation>-3.1451</orientation>
      <velocity>2.0</velocity>
      <steeringAngle>0.0</steeringAngle>
      <time>0</time>
    </ksState>
    <ksState>
      <x>-12.46419861608505</x>
      <y>0.5820891513243395</y>
      <orientation>-3.1451</orientation>
      <velocity>3.0</velocity>
      <steeringAngle>0.0</steeringAngle>
      <time>1</time>
    </ksState>
    <ksState>
      <x>-12.789196617096787</x>
      <y>0.5832290365706075</y>
      <orientation>-3.1451</orientation>
      <velocity>4.0</velocity>
      <steeringAngle>0.0</steeringAngle>
      <time>2</time>
    </ksState>
    <ksState>
      <x>-13.214194003035212</x>
      <y>0.5847196557388042</y>
      <orientation>-3.1451</orientation>
      <velocity>5.0</velocity>
      <steeringAngle>0.0</steeringAngle>
      <time>3</time>
    </ksState>
    <ksState>
      <x>-13.739190773900328</x>
      <y>0.5865610088289296</y>
      <orientation>-3.1451</orientation>
      <velocity>6.0</velocity>
      <steeringAngle>0.0</steeringAngle>
      <time>4</time>
    </ksState>
    <ksState>
      <x>-14.36418692969213</x>
      <y>0.5887530958409836</y>
      <orientation>-3.1451</orientation>
      <velocity>7.0</velocity>
      <steeringAngle>0.0</steeringAngle>
      <time>5</time>
    </ksState>
    <ksState>
      <x>-15.06418262417895</x>
      <y>0.591208233294484</y>
      <orientation>-3.1451</orientation>
      <velocity>7.0</velocity>
      <steeringAngle>0.0</steeringAngle>
      <time>6</time>
    </ksState>
    <ksState>
      <x>-15.764178318665769</x>
      <y>0.5936633707479845</y>
      <orientation>-3.1451</orientation>
      <velocity>7.0</velocity>
      <steeringAngle>0.0</steeringAngle>
      <time>7</time>
    </ksState>
    <ksState>
      <x>-16.464174013152586</x>
      <y>0.5961185082014849</y>
      <orientation>-3.1451</orientation>
      <velocity>7.0</velocity>
      <steeringAngle>0.0</steeringAngle>
      <time>8</time>
    </ksState>
    <ksState>
      <x>-17.164169707639406</x>
      <y>0.5985736456549854</y>
      <orientation>-3.1451</orientation>
      <velocity>7.0</velocity>
      <steeringAngle>0.0</steeringAngle>
      <time>9</time>
    </ksState>
    <ksState>
      <x>-17.864165402126226</x>
      <y>0.6010287831084858</y>
      <orientation>-3.1451</orientation>
      <velocity>7.0</velocity>
      <steeringAngle>0.0</steeringAngle>
      <time>10</time>
    </ksState>
    <ksState>
      <x>-18.544161219627707</x>
      <y>0.6034137737776005</y>
      <orientation>-3.1451</orientation>
      <velocity>6.199999999999999</velocity>
      <steeringAngle>0.0</steeringAngle>
      <time>11</time>
    </ksState>
    <ksState>
      <x>-19.144157529187837</x>
      <y>0.6055181773091723</y>
      <orientation>-3.1451</orientation>
      <velocity>5.399999999999999</velocity>
      <steeringAngle>0.0</steeringAngle>
      <time>12</time>
    </ksState>
    <ksState>
      <x>-19.664154330806618</x>
      <y>0.6073419937032013</y>
      <orientation>-3.1451</orientation>
      <velocity>4.599999999999998</velocity>
      <steeringAngle>0.0</steeringAngle>
      <time>13</time>
    </ksState>
    <ksState>
      <x>-20.104151624484047</x>
      <y>0.6088852229596873</y>
      <orientation>-3.1451</orientation>
      <velocity>3.7999999999999976</velocity>
      <steeringAngle>0.0</steeringAngle>
      <time>14</time>
    </ksState>
    <ksState>
      <x>-20.464149410220124</x>
      <y>0.6101478650786304</y>
      <orientation>-3.1451</orientation>
      <velocity>2.999999999999998</velocity>
      <steeringAngle>0.0</steeringAngle>
      <time>15</time>
    </ksState>
    <ksState>
      <x>-20.759147595753856</x>
      <y>0.6111825301483199</y>
      <orientation>-3.1451</orientation>
      <velocity>2.8</velocity>
      <steeringAngle>0.0</steeringAngle>
      <time>16</time>
    </ksState>
    <ksState>
      <x>-21.03414590430225</x>
      <y>0.6121470484336237</y>
      <orientation>-3.1451</orientation>
      <velocity>2.5999999999999996</velocity>
      <steeringAngle>0.0</steeringAngle>
      <time>17</time>
    </ksState>
    <ksState>
      <x>-21.289144335865302</x>
      <y>0.6130414199345416</y>
      <orientation>-3.1451</orientation>
      <velocity>2.3999999999999995</velocity>
      <steeringAngle>0.0</steeringAngle>
      <time>18</time>
    </ksState>
    <ksState>
      <x>-21.52414289044302</x>
      <y>0.613865644651074</y>
      <orientation>-3.1451</orientation>
      <velocity>2.1999999999999993</velocity>
      <steeringAngle>0.0</steeringAngle>
      <time>19</time>
    </ksState>
    <ksState>
      <x>-21.7391415680354</x>
      <y>0.6146197225832205</y>
      <orientation>-3.1451</orientation>
      <velocity>1.9999999999999991</velocity>
      <steeringAngle>0.0</steeringAngle>
      <time>20</time>
    </ksState>
    <ksState>
      <x>-21.939140337888777</x>
      <y>0.6153211904270778</y>
      <orientation>-3.1451</orientation>
      <velocity>2.0</velocity>
      <steeringAngle>0.0</steeringAngle>
      <time>21</time>
    </ksState>
    <ksState>
      <x>-22.139139107742153</x>
      <y>0.616022658270935</y>
      <orientation>-3.1451</orientation>
      <velocity>2.0</velocity>
      <steeringAngle>0.0</steeringAngle>
      <time>22</time>
    </ksState>
    <ksState>
      <x>-22.33913787759553</x>
      <y>0.6167241261147923</y>
      <orientation>-3.1451</orientation>
      <velocity>2.0</velocity>
      <steeringAngle>0.0</steeringAngle>
      <time>23</time>
    </ksState>
    <ksState>
      <x>-22.539136647448906</x>
      <y>0.6174255939586496</y>
      <orientation>-3.1451</orientation>
      <velocity>2.0</velocity>
      <steeringAngle>0.0</steeringAngle>
      <time>24</time>
    </ksState>
    <ksState>
      <x>-22.739135417302286</x>
      <y>0.6181270618025069</y>
      <orientation>-3.1451</orientation>
      <velocity>2.0</velocity>
      <steeringAngle>0.0</steeringAngle>
      <time>25</time>
    </ksState>
    <ksState>
      <x>-22.944134156401997</x>
      <y>0.6188460663424605</y>
      <orientation>-3.1451</orientation>
      <velocity>2.2</velocity>
      <steeringAngle>0.0</steeringAngle>
      <time>26</time>
    </ksState>
    <ksState>
      <x>-23.169132772487046</x>
      <y>0.6196352176668</y>
      <orientation>-3.1451</orientation>
      <velocity>2.4000000000000004</velocity>
      <steeringAngle>0.0</steeringAngle>
      <time>27</time>
    </ksState>
    <ksState>
      <x>-23.414131265557433</x>
      <y>0.6204945157755252</y>
      <orientation>-3.1451</orientation>
      <velocity>2.6000000000000005</velocity>
      <steeringAngle>0.0</steeringAngle>
      <time>28</time>
    </ksState>
    <ksState>
      <x>-23.679129635613158</x>
      <y>0.621423960668636</y>
      <orientation>-3.1451</orientation>
      <velocity>2.8000000000000007</velocity>
      <steeringAngle>0.0</steeringAngle>
      <time>29</time>
    </ksState>
    <ksState>
      <x>-23.96412788265422</x>
      <y>0.6224235523461327</y>
      <orientation>-3.1451</orientation>
      <velocity>3.000000000000001</velocity>
      <steeringAngle>0.0</steeringAngle>
      <time>30</time>
    </ksState>
    <ksState>
      <x>-24.259126068187953</x>
      <y>0.6234582174158222</y>
      <orientation>-3.1451</orientation>
      <velocity>2.8</velocity>
      <steeringAngle>0.0</steeringAngle>
      <time>31</time>
    </ksState>
    <ksState>
      <x>-24.534124376736344</x>
      <y>0.6244227357011259</y>
      <orientation>-3.1451</orientation>
      <velocity>2.5999999999999996</velocity>
      <steeringAngle>0.0</steeringAngle>
      <time>32</time>
    </ksState>
    <ksState>
      <x>-24.7891228082994</x>
      <y>0.6253171072020439</y>
      <orientation>-3.1451</orientation>
      <velocity>2.3999999999999995</velocity>
      <steeringAngle>0.0</steeringAngle>
      <time>33</time>
    </ksState>
    <ksState>
      <x>-25.024121362877118</x>
      <y>0.6261413319185762</y>
      <orientation>-3.1451</orientation>
      <velocity>2.1999999999999993</velocity>
      <steeringAngle>0.0</steeringAngle>
      <time>34</time>
    </ksState>
    <ksState>
      <x>-25.239120040469498</x>
      <y>0.6268954098507228</y>
      <orientation>-3.1451</orientation>
      <velocity>1.9999999999999991</velocity>
      <steeringAngle>0.0</steeringAngle>
      <time>35</time>
    </ksState>
    <ksState>
      <x>-25.439118810322874</x>
      <y>0.6275968776945801</y>
      <orientation>-3.1451</orientation>
      <velocity>2.0</velocity>
      <steeringAngle>0.0</steeringAngle>
      <time>36</time>
    </ksState>
    <ksState>
      <x>-25.63911758017625</x>
      <y>0.6282983455384373</y>
      <orientation>-3.1451</orientation>
      <velocity>2.0</velocity>
      <steeringAngle>0.0</steeringAngle>
      <time>37</time>
    </ksState>
    <ksState>
      <x>-25.839116350029627</x>
      <y>0.6289998133822946</y>
      <orientation>-3.1451</orientation>
      <velocity>2.0</velocity>
      <steeringAngle>0.0</steeringAngle>
      <time>38</time>
    </ksState>
    <ksState>
      <x>-26.039115119883004</x>
      <y>0.6297012812261519</y>
      <orientation>-3.1451</orientation>
      <velocity>2.0</velocity>
      <steeringAngle>0.0</steeringAngle>
      <time>39</time>
    </ksState>
    <ksState>
      <x>-26.239113889736384</x>
      <y>0.6304027490700091</y>
      <orientation>-3.1451</orientation>
      <velocity>2.0</velocity>
      <steeringAngle>0.0</steeringAngle>
      <time>40</time>
    </ksState>
    <ksState>
      <x>-26.43911265958976</x>
      <y>0.6311042169138664</y>
      <orientation>-3.1451</orientation>
      <velocity>2.0</velocity>
      <steeringAngle>0.0</steeringAngle>
      <time>41</time>
    </ksState>
    <ksState>
      <x>-26.639111429443137</x>
      <y>0.6318056847577237</y>
      <orientation>-3.1451</orientation>
      <velocity>2.0</velocity>
      <steeringAngle>0.0</steeringAngle>
      <time>42</time>
    </ksState>
    <ksState>
      <x>-26.839110199296513</x>
      <y>0.632507152601581</y>
      <orientation>-3.1451</orientation>
      <velocity>2.0</velocity>
      <steeringAngle>0.0</steeringAngle>
      <time>43</time>
    </ksState>
    <ksState>
      <x>-27.03910896914989</x>
      <y>0.6332086204454382</y>
      <orientation>-3.1451</orientation>
      <velocity>2.0</velocity>
      <steeringAngle>0.0</steeringAngle>
      <time>44</time>
    </ksState>
    <ksState>
      <x>-27.23910773900327</x>
      <y>0.6339100882892955</y>
      <orientation>-3.1451</orientation>
      <velocity>2.0</velocity>
      <steeringAngle>0.0</steeringAngle>
      <time>45</time>
    </ksState>
    <ksState>
      <x>-27.44410647810298</x>
      <y>0.6346290928292492</y>
      <orientation>-3.1451</orientation>
      <velocity>2.2</velocity>
      <steeringAngle>0.0</steeringAngle>
      <time>46</time>
    </ksState>
    <ksState>
      <x>-27.66910509418803</x>
      <y>0.6354182441535886</y>
      <orientation>-3.1451</orientation>
      <velocity>2.4000000000000004</velocity>
      <steeringAngle>0.0</steeringAngle>
      <time>47</time>
    </ksState>
    <ksState>
      <x>-27.914103587258417</x>
      <y>0.6362775422623138</y>
      <orientation>-3.1451</orientation>
      <velocity>2.6000000000000005</velocity>
      <steeringAngle>0.0</steeringAngle>
      <time>48</time>
    </ksState>
    <ksState>
      <x>-28.179101957314142</x>
      <y>0.6372069871554247</y>
      <orientation>-3.1451</orientation>
      <velocity>2.8000000000000007</velocity>
      <steeringAngle>0.0</steeringAngle>
      <time>49</time>
    </ksState>
    <ksState>
      <x>-28.464100204355205</x>
      <y>0.6382065788329213</y>
      <orientation>-3.1451</orientation>
      <velocity>3.000000000000001</velocity>
      <steeringAngle>0.0</steeringAngle>
      <time>50</time>
    </ksState>
    <ksState>
      <x>-28.754098420642602</x>
      <y>0.6392237072065143</y>
      <orientation>-3.1443765903454164</orientation>
      <velocity>2.5999999999999996</velocity>
      <steeringAngle>0.026650000000000004</steeringAngle>
      <time>51</time>
    </ksState>
    <ksState>
      <x>-29.004097792418648</x>
      <y>0.6397584452259895</y>
      <orientation>-3.1411717990632013</orientation>
      <velocity>2.1999999999999993</velocity>
      <steeringAngle>0.05330000000000001</steeringAngle>
      <time>52</time>
    </ksState>
    <ksState>
      <x>-29.21409741913563</x>
      <y>0.6394425067086401</y>
      <orientation>-3.1363089227636793</orientation>
      <velocity>1.7999999999999994</velocity>
      <steeringAngle>0.07995000000000001</steeringAngle>
      <time>53</time>
    </ksState>
    <ksState>
      <x>-29.384093551511505</x>
      <y>0.6383205945688609</y>
      <orientation>-3.1306109455167133</orientation>
      <velocity>1.3999999999999995</velocity>
      <steeringAngle>0.10660000000000001</steeringAngle>
      <time>54</time>
    </ksState>
    <ksState>
      <x>-29.514083545935513</x>
      <y>0.6367187461001704</y>
      <orientation>-3.1249028855628307</orientation>
      <velocity>0.9999999999999996</velocity>
      <steeringAngle>0.13325</steeringAngle>
      <time>55</time>
    </ksState>
    <ksState>
      <x>-29.624065421207717</x>
      <y>0.6347270509638757</y>
      <orientation>-3.119500450445573</orientation>
      <velocity>1.4</velocity>
      <steeringAngle>0.1066</steeringAngle>
      <time>56</time>
    </ksState>
    <ksState>
      <x>-29.774023347551857</x>
      <y>0.6311811963334606</y>
      <orientation>-3.113694085077487</orientation>
      <velocity>1.7999999999999998</velocity>
      <steeringAngle>0.07995</steeringAngle>
      <time>57</time>
    </ksState>
    <ksState>
      <x>-29.96394122056547</x>
      <y>0.6256016670529265</y>
      <orientation>-3.1083107134141192</orientation>
      <velocity>2.1999999999999997</velocity>
      <steeringAngle>0.053299999999999986</steeringAngle>
      <time>58</time>
    </ksState>
    <ksState>
      <x>-30.193804451072516</x>
      <y>0.6176753244558741</y>
      <orientation>-3.1041740418679815</orientation>
      <velocity>2.6</velocity>
      <steeringAngle>0.02664999999999998</steeringAngle>
      <time>59</time>
    </ksState>
    <ksState>
      <x>-30.463608288695767</x>
      <y>0.6073866733070842</y>
      <orientation>-3.102106918528434</orientation>
      <velocity>3.0000000000000004</velocity>
      <steeringAngle>-2.42861286636753e-17</steeringAngle>
      <time>60</time>
    </ksState>
    <ksState>
      <x>-30.758378347890783</x>
      <y>0.5957414080818478</y>
      <orientation>-3.1028561642421093</orientation>
      <velocity>2.8</velocity>
      <steeringAngle>-0.026650000000000004</steeringAngle>
      <time>61</time>
    </ksState>
    <ksState>
      <x>-31.03317947703496</x>
      <y>0.585286751514986</y>
      <orientation>-3.1063969528151323</orientation>
      <velocity>2.5999999999999996</velocity>
      <steeringAngle>-0.05330000000000001</steeringAngle>
      <time>62</time>
    </ksState>
    <ksState>
      <x>-31.28803293175841</x>
      <y>0.5766496752267148</y>
      <orientation>-3.1123203940566557</orientation>
      <velocity>2.3999999999999995</velocity>
      <steeringAngle>-0.07995000000000001</steeringAngle>
      <time>63</time>
    </ksState>
    <ksState>
      <x>-31.52294400662986</x>
      <y>0.5702002490096598</y>
      <orientation>-3.12021997704576</orientation>
      <velocity>2.1999999999999993</velocity>
      <steeringAngle>-0.10660000000000001</steeringAngle>
      <time>64</time>
    </ksState>
    <ksState>
      <x>-31.737904051819996</x>
      <y>0.5660846244141898</y>
      <orientation>-3.1296904252804376</orientation>
      <velocity>1.9999999999999991</velocity>
      <steeringAngle>-0.13325</steeringAngle>
      <time>65</time>
    </ksState>
    <ksState>
      <x>-31.94289460885243</x>
      <y>0.5641904600317621</y>
      <orientation>-3.1397943998849462</orientation>
      <velocity>2.2</velocity>
      <steeringAngle>-0.1066</steeringAngle>
      <time>66</time>
    </ksState>
    <ksState>
      <x>-32.16789399110371</x>
      <y>0.5643107332140408</y>
      <orientation>-3.1485300426150316</orientation>
      <velocity>2.4000000000000004</velocity>
      <steeringAngle>-0.07995</steeringAngle>
      <time>67</time>
    </ksState>
    <ksState>
      <x>-32.41288399397424</x>
      <y>0.5664763764575614</y>
      <orientation>-3.155492264636969</orientation>
      <velocity>2.6000000000000005</velocity>
      <steeringAngle>-0.053299999999999986</steeringAngle>
      <time>68</time>
    </ksState>
    <ksState>
      <x>-32.6778528611115</x>
      <y>0.5705226731581959</y>
      <orientation>-3.160275315237106</orientation>
      <velocity>2.8000000000000007</velocity>
      <steeringAngle>-0.02664999999999998</steeringAngle>
      <time>69</time>
    </ksState>
    <ksState>
      <x>-32.96279905242462</x>
      <y>0.5760567085167905</y>
      <orientation>-3.1624716372268975</orientation>
      <velocity>3.000000000000001</velocity>
      <steeringAngle>2.42861286636753e-17</steeringAngle>
      <time>70</time>
    </ksState>
    <ksState>
      <x>-33.257734754796694</x>
      <y>0.5822155611935265</y>
      <orientation>-3.161722391513222</orientation>
      <velocity>2.8</velocity>
      <steeringAngle>0.026650000000000004</steeringAngle>
      <time>71</time>
    </ksState>
    <ksState>
      <x>-33.53268283167071</x>
      <y>0.5875555467854751</y>
      <orientation>-3.158181602940199</orientation>
      <velocity>2.5999999999999996</velocity>
      <steeringAngle>0.05330000000000001</steeringAngle>
      <time>72</time>
    </ksState>
    <ksState>
      <x>-33.78765286976549</x>
      <y>0.5914494067261814</y>
      <orientation>-3.1522581616986756</orientation>
      <velocity>2.3999999999999995</velocity>
      <steeringAngle>0.07995000000000001</steeringAngle>
      <time>73</time>
    </ksState>
    <ksState>
      <x>-34.02264327733391</x>
      <y>0.5935270367732853</y>
      <orientation>-3.1443585787095714</orientation>
      <velocity>2.1999999999999993</velocity>
      <steeringAngle>0.10660000000000001</steeringAngle>
      <time>74</time>
    </ksState>
    <ksState>
      <x>-34.237642686795326</x>
      <y>0.593642471611277</y>
      <orientation>-3.1348881304748937</orientation>
      <velocity>1.9999999999999991</velocity>
      <steeringAngle>0.13325</steeringAngle>
      <time>75</time>
    </ksState>
    <ksState>
      <x>-34.43763335620392</x>
      <y>0.5917818295932807</y>
      <orientation>-3.1250177877470544</orientation>
      <velocity>2.0</velocity>
      <steeringAngle>0.1066</steeringAngle>
      <time>76</time>
    </ksState>
    <ksState>
      <x>-34.637598146522</x>
      <y>0.5880521553117006</y>
      <orientation>-3.1172411743523307</orientation>
      <velocity>2.0</velocity>
      <steeringAngle>0.07995</steeringAngle>
      <time>77</time>
    </ksState>
    <ksState>
      <x>-34.83753080286726</x>
      <y>0.5828717685634565</y>
      <orientation>-3.1115471260986594</orientation>
      <velocity>2.0</velocity>
      <steeringAngle>0.053299999999999986</steeringAngle>
      <time>78</time>
    </ksState>
    <ksState>
      <x>-35.037434107757946</x>
      <y>0.5766567948948432</y>
      <orientation>-3.107927506329235</orientation>
      <velocity>2.0</velocity>
      <steeringAngle>0.02664999999999998</steeringAngle>
      <time>79</time>
    </ksState>
    <ksState>
      <x>-35.23731725179957</x>
      <y>0.5698217349673238</y>
      <orientation>-3.1063771592358784</orientation>
      <velocity>2.0</velocity>
      <steeringAngle>-2.42861286636753e-17</steeringAngle>
      <time>80</time>
    </ksState>
    <ksState>
      <x>-35.43719325151082</x>
      <y>0.5627800917338698</y>
      <orientation>-3.1068938804177235</orientation>
      <velocity>2.0</velocity>
      <steeringAngle>-0.026650000000000004</steeringAngle>
      <time>81</time>
    </ksState>
    <ksState>
      <x>-35.63707639555244</x>
      <y>0.5559450318063502</y>
      <orientation>-3.1094784043269437</orientation>
      <velocity>2.0</velocity>
      <steeringAngle>-0.05330000000000001</steeringAngle>
      <time>82</time>
    </ksState>
    <ksState>
      <x>-35.836979700443116</x>
      <y>0.549730058137737</y>
      <orientation>-3.114134408449294</orientation>
      <velocity>2.0</velocity>
      <steeringAngle>-0.07995000000000001</steeringAngle>
      <time>83</time>
    </ksState>
    <ksState>
      <x>-36.03691235678838</x>
      <y>0.5445496713894928</y>
      <orientation>-3.120868534270122</orientation>
      <velocity>2.0</velocity>
      <steeringAngle>-0.10660000000000001</steeringAngle>
      <time>84</time>
    </ksState>
    <ksState>
      <x>-36.23687714710647</x>
      <y>0.5408199971079127</y>
      <orientation>-3.1296904252804376</orientation>
      <velocity>2.0</velocity>
      <steeringAngle>-0.13325</steeringAngle>
      <time>85</time>
    </ksState>
    <ksState>
      <x>-36.44186770413891</x>
      <y>0.538925832725485</y>
      <orientation>-3.1397943998849462</orientation>
      <velocity>2.2</velocity>
      <steeringAngle>-0.1066</steeringAngle>
      <time>86</time>
    </ksState>
    <ksState>
      <x>-36.666867086390184</x>
      <y>0.5390461059077637</y>
      <orientation>-3.1485300426150316</orientation>
      <velocity>2.4000000000000004</velocity>
      <steeringAngle>-0.07995</steeringAngle>
      <time>87</time>
    </ksState>
    <ksState>
      <x>-36.911857089260714</x>
      <y>0.5412117491512843</y>
      <orientation>-3.155492264636969</orientation>
      <velocity>2.6000000000000005</velocity>
      <steeringAngle>-0.053299999999999986</steeringAngle>
      <time>88</time>
    </ksState>
    <ksState>
      <x>-37.17682595639797</x>
      <y>0.5452580458519188</y>
      <orientation>-3.160275315237106</orientation>
      <velocity>2.8000000000000007</velocity>
      <steeringAngle>-0.02664999999999998</steeringAngle>
      <time>89</time>
    </ksState>
    <ksState>
      <x>-37.461772147711095</x>
      <y>0.5507920812105134</y>
      <orientation>-3.1624716372268975</orientation>
      <velocity>3.000000000000001</velocity>
      <steeringAngle>2.42861286636753e-17</steeringAngle>
      <time>90</time>
    </ksState>
    <ksState>
      <x>-37.75170893987347</x>
      <y>0.5568465465537453</y>
      <orientation>-3.161748227572314</orientation>
      <velocity>2.5999999999999996</velocity>
      <steeringAngle>0.026650000000000004</steeringAngle>
      <time>91</time>
    </ksState>
    <ksState>
      <x>-38.00166130216274</x>
      <y>0.5617238838582237</y>
      <orientation>-3.158543436290099</orientation>
      <velocity>2.1999999999999993</velocity>
      <steeringAngle>0.05330000000000001</steeringAngle>
      <time>92</time>
    </ksState>
    <ksState>
      <x>-38.21163473157925</x>
      <y>0.5650558468661997</y>
      <orientation>-3.153680559990577</orientation>
      <velocity>1.7999999999999994</velocity>
      <steeringAngle>0.07995000000000001</steeringAngle>
      <time>93</time>
    </ksState>
    <ksState>
      <x>-38.38162470288292</x>
      <y>0.5668870666192622</y>
      <orientation>-3.147982582743611</orientation>
      <velocity>1.3999999999999995</velocity>
      <steeringAngle>0.10660000000000001</steeringAngle>
      <time>94</time>
    </ksState>
    <ksState>
      <x>-38.51162290934513</x>
      <y>0.5675434852958764</y>
      <orientation>-3.1422745227897284</orientation>
      <velocity>0.9999999999999996</velocity>
      <steeringAngle>0.13325</steeringAngle>
      <time>95</time>
    </ksState>
    <ksState>
      <x>-38.62162278747676</x>
      <y>0.5674625598198394</y>
      <orientation>-3.1368720876724705</orientation>
      <velocity>1.4</velocity>
      <steeringAngle>0.1066</steeringAngle>
      <time>96</time>
    </ksState>
    <ksState>
      <x>-38.77161968190704</x>
      <y>0.5665221238758171</y>
      <orientation>-3.1310657223043847</orientation>
      <velocity>1.7999999999999998</velocity>
      <steeringAngle>0.07995</steeringAngle>
      <time>97</time>
    </ksState>
    <ksState>
      <x>-38.96160582020778</x>
      <y>0.5642424549127752</y>
      <orientation>-3.125682350641017</orientation>
      <velocity>2.1999999999999997</velocity>
      <steeringAngle>0.053299999999999986</steeringAngle>
      <time>98</time>
    </ksState>
    <ksState>
      <x>-39.19157205486191</x>
      <y>0.5603102080865188</y>
      <orientation>-3.1215456790948792</orientation>
      <velocity>2.6</velocity>
      <steeringAngle>0.02664999999999998</steeringAngle>
      <time>99</time>
    </ksState>
    <ksState>
      <x>-39.461513905373025</x>
      <y>0.5547098079821181</y>
      <orientation>-3.1194785557553315</orientation>
      <velocity>3.0000000000000004</velocity>
      <steeringAngle>-2.42861286636753e-17</steeringAngle>
      <time>100</time>
    </ksState>
    <ksState>
      <x>-39.75644177589743</x>
      <y>0.5481866808223793</y>
      <orientation>-3.120227801469007</orientation>
      <velocity>2.8</velocity>
      <steeringAngle>-0.026650000000000004</steeringAngle>
      <time>101</time>
    </ksState>
    <ksState>
      <x>-40.031383047563516</x>
      <y>0.5425071071165816</y>
      <orientation>-3.12376859004203</orientation>
      <velocity>2.5999999999999996</velocity>
      <steeringAngle>-0.05330000000000001</steeringAngle>
      <time>102</time>
    </ksState>
    <ksState>
      <x>-40.28634808181854</x>
      <y>0.5382983331120468</y>
      <orientation>-3.1296920312835534</orientation>
      <velocity>2.3999999999999995</velocity>
      <steeringAngle>-0.07995000000000001</steeringAngle>
      <time>103</time>
    </ksState>
    <ksState>
      <x>-40.52133574403751</x>
      <y>0.5359304647348255</y>
      <orientation>-3.1375916142726576</orientation>
      <velocity>2.1999999999999993</velocity>
      <steeringAngle>-0.10660000000000001</steeringAngle>
      <time>104</time>
    </ksState>
    <ksState>
      <x>-40.73633484693221</x>
      <y>0.535549481229349</y>
      <orientation>-3.1470620625073353</orientation>
      <velocity>1.9999999999999991</velocity>
      <steeringAngle>-0.13325</steeringAngle>
      <time>105</time>
    </ksState>
    <ksState>
      <x>-40.94132737743641</x>
      <y>0.537216445134892</y>
      <orientation>-3.157166037111844</orientation>
      <velocity>2.2</velocity>
      <steeringAngle>-0.1066</steeringAngle>
      <time>106</time>
    </ksState>
    <ksState>
      <x>-41.16629072184739</x>
      <y>0.5412451112318082</y>
      <orientation>-3.1659016798419293</orientation>
      <velocity>2.4000000000000004</velocity>
      <steeringAngle>-0.07995</steeringAngle>
      <time>107</time>
    </ksState>
    <ksState>
      <x>-41.411206140991254</x>
      <y>0.5476660911216479</y>
      <orientation>-3.1728639018638667</orientation>
      <velocity>2.6000000000000005</velocity>
      <steeringAngle>-0.053299999999999986</steeringAngle>
      <time>108</time>
    </ksState>
    <ksState>
      <x>-41.67606474154249</x>
      <y>0.5563144888364147</y>
      <orientation>-3.177646952464004</orientation>
      <velocity>2.8000000000000007</velocity>
      <steeringAngle>-0.02664999999999998</steeringAngle>
      <time>109</time>
    </ksState>
    <ksState>
      <x>-41.96087180887266</x>
      <y>0.5667974221086014</y>
      <orientation>-3.179843274453795</orientation>
      <velocity>3.000000000000001</velocity>
      <steeringAngle>2.42861286636753e-17</steeringAngle>
      <time>110</time>
    </ksState>
    <ksState>
      <x>-42.25065968378859</x>
      <y>0.5778873973885268</y>
      <orientation>-3.179843274453795</orientation>
      <velocity>2.5999999999999996</velocity>
      <steeringAngle>0.0</steeringAngle>
      <time>111</time>
    </ksState>
    <ksState>
      <x>-42.5004768173368</x>
      <y>0.5874477209057039</y>
      <orientation>-3.179843274453795</orientation>
      <velocity>2.1999999999999993</velocity>
      <steeringAngle>0.0</steeringAngle>
      <time>112</time>
    </ksState>
    <ksState>
      <x>-42.710323209517306</x>
      <y>0.5954783926601326</y>
      <orientation>-3.179843274453795</orientation>
      <velocity>1.7999999999999994</velocity>
      <steeringAngle>0.0</steeringAngle>
      <time>113</time>
    </ksState>
    <ksState>
      <x>-42.88019886033009</x>
      <y>0.601979412651813</y>
      <orientation>-3.179843274453795</orientation>
      <velocity>1.3999999999999995</velocity>
      <steeringAngle>0.0</steeringAngle>
      <time>114</time>
    </ksState>
    <ksState>
      <x>-43.010103769775164</x>
      <y>0.6069507808807451</y>
      <orientation>-3.179843274453795</orientation>
      <velocity>0.9999999999999996</velocity>
      <steeringAngle>0.0</steeringAngle>
      <time>115</time>
    </ksState>
    <ksState>
      <x>-43.120023308536375</x>
      <y>0.611157323228303</y>
      <orientation>-3.179843274453795</orientation>
      <velocity>1.4</velocity>
      <steeringAngle>0.0</steeringAngle>
      <time>116</time>
    </ksState>
    <ksState>
      <x>-43.26991358866531</x>
      <y>0.6168935173386092</y>
      <orientation>-3.179843274453795</orientation>
      <velocity>1.7999999999999998</velocity>
      <steeringAngle>0.0</steeringAngle>
      <time>117</time>
    </ksState>
    <ksState>
      <x>-43.45977461016195</x>
      <y>0.6241593632116638</y>
      <orientation>-3.179843274453795</orientation>
      <velocity>2.1999999999999997</velocity>
      <steeringAngle>0.0</steeringAngle>
      <time>118</time>
    </ksState>
    <ksState>
      <x>-43.68960637302631</x>
      <y>0.6329548608474667</y>
      <orientation>-3.179843274453795</orientation>
      <velocity>2.6</velocity>
      <steeringAngle>0.0</steeringAngle>
      <time>119</time>
    </ksState>
    <ksState>
      <x>-43.95940887725838</x>
      <y>0.6432800102460179</y>
      <orientation>-3.179843274453795</orientation>
      <velocity>3.0000000000000004</velocity>
      <steeringAngle>0.0</steeringAngle>
      <time>120</time>
    </ksState>
    <ksState>
      <x>-44.24420040950335</x>
      <y>0.6541787790555997</y>
      <orientation>-3.179843274453795</orientation>
      <velocity>2.4000000000000004</velocity>
      <steeringAngle>0.0</steeringAngle>
      <time>121</time>
    </ksState>
    <ksState>
      <x>-44.46903582969674</x>
      <y>0.6627830702210591</y>
      <orientation>-3.179843274453795</orientation>
      <velocity>1.8000000000000005</velocity>
      <steeringAngle>0.0</steeringAngle>
      <time>122</time>
    </ksState>
    <ksState>
      <x>-44.633915137838564</x>
      <y>0.669092883742396</y>
      <orientation>-3.179843274453795</orientation>
      <velocity>1.2000000000000004</velocity>
      <steeringAngle>0.0</steeringAngle>
      <time>123</time>
    </ksState>
    <ksState>
      <x>-44.73883833392882</x>
      <y>0.6731082196196103</y>
      <orientation>-3.179843274453795</orientation>
      <velocity>0.6000000000000003</velocity>
      <steeringAngle>0.0</steeringAngle>
      <time>124</time>
    </ksState>
    <ksState>
      <x>-44.78380541796749</x>
      <y>0.6748290778527022</y>
      <orientation>-3.179843274453795</orientation>
      <velocity>2.220446049250313e-16</velocity>
      <steeringAngle>0.0</steeringAngle>
      <time>125</time>
    </ksState>
    <ksState>
      <x>-44.78380541796749</x>
      <y>0.6748290778527022</y>
      <orientation>-3.179843274453795</orientation>
      <velocity>0.0</velocity>
      <steeringAngle>0.0</steeringAngle>
      <time>126</time>
    </ksState>
    <ksState>
      <x>-44.78380541796749</x>
      <y>0.6748290778527022</y>
      <orientation>-3.179843274453795</orientation>
      <velocity>0.0</velocity>
      <steeringAngle>0.0</steeringAngle>
      <time>127</time>
    </ksState>
    <ksState>
      <x>-44.78380541796749</x>
      <y>0.6748290778527022</y>
      <orientation>-3.179843274453795</orientation>
      <velocity>0.0</velocity>
      <steeringAngle>0.0</steeringAngle>
      <time>128</time>
    </ksState>
    <ksState>
      <x>-44.78380541796749</x>
      <y>0.6748290778527022</y>
      <orientation>-3.179843274453795</orientation>
      <velocity>0.0</velocity>
      <steeringAngle>0.0</steeringAngle>
      <time>129</time>
    </ksState>
    <ksState>
      <x>-44.78380541796749</x>
      <y>0.6748290778527022</y>
      <orientation>-3.179843274453795</orientation>
      <velocity>0.0</velocity>
      <steeringAngle>0.0</steeringAngle>
      <time>130</time>
    </ksState>
    <ksState>
      <x>-44.78380541796749</x>
      <y>0.6748290778527022</y>
      <orientation>-3.179843274453795</orientation>
      <velocity>0.0</velocity>
      <steeringAngle>0.0</steeringAngle>
      <time>131</time>
    </ksState>
    <ksState>
      <x>-44.78380541796749</x>
      <y>0.6748290778527022</y>
      <orientation>-3.179843274453795</orientation>
      <velocity>0.0</velocity>
      <steeringAngle>0.0</steeringAngle>
      <time>132</time>
    </ksState>
    <ksState>
      <x>-44.78380541796749</x>
      <y>0.6748290778527022</y>
      <orientation>-3.179843274453795</orientation>
      <velocity>0.0</velocity>
      <steeringAngle>0.0</steeringAngle>
      <time>133</time>
    </ksState>
    <ksState>
      <x>-44.78380541796749</x>
      <y>0.6748290778527022</y>
      <orientation>-3.179843274453795</orientation>
      <velocity>0.0</velocity>
      <steeringAngle>0.0</steeringAngle>
      <time>134</time>
    </ksState>
    <ksState>
      <x>-44.78380541796749</x>
      <y>0.6748290778527022</y>
      <orientation>-3.179843274453795</orientation>
      <velocity>0.0</velocity>
      <steeringAngle>0.0</steeringAngle>
      <time>135</time>
    </ksState>
    <ksState>
      <x>-44.78380541796749</x>
      <y>0.6748290778527022</y>
      <orientation>-3.179843274453795</orientation>
      <velocity>0.0</velocity>
      <steeringAngle>0.0</steeringAngle>
      <time>136</time>
    </ksState>
    <ksState>
      <x>-44.78380541796749</x>
      <y>0.6748290778527022</y>
      <orientation>-3.179843274453795</orientation>
      <velocity>0.0</velocity>
      <steeringAngle>0.0</steeringAngle>
      <time>137</time>
    </ksState>
    <ksState>
      <x>-44.78380541796749</x>
      <y>0.6748290778527022</y>
      <orientation>-3.179843274453795</orientation>
      <velocity>0.0</velocity>
      <steeringAngle>0.0</steeringAngle>
      <time>138</time>
    </ksState>
    <ksState>
      <x>-44.78380541796749</x>
      <y>0.6748290778527022</y>
      <orientation>-3.179843274453795</orientation>
      <velocity>0.0</velocity>
      <steeringAngle>0.0</steeringAngle>
      <time>139</time>
    </ksState>
    <ksState>
      <x>-44.78380541796749</x>
      <y>0.6748290778527022</y>
      <orientation>-3.179843274453795</orientation>
      <velocity>0.0</velocity>
      <steeringAngle>0.0</steeringAngle>
      <time>140</time>
    </ksState>
    <ksState>
      <x>-44.78380541796749</x>
      <y>0.6748290778527022</y>
      <orientation>-3.179843274453795</orientation>
      <velocity>0.0</velocity>
      <steeringAngle>0.0</steeringAngle>
      <time>141</time>
    </ksState>
    <ksState>
      <x>-44.78380541796749</x>
      <y>0.6748290778527022</y>
      <orientation>-3.179843274453795</orientation>
      <velocity>0.0</velocity>
      <steeringAngle>0.0</steeringAngle>
      <time>142</time>
    </ksState>
    <ksState>
      <x>-44.78380541796749</x>
      <y>0.6748290778527022</y>
      <orientation>-3.179843274453795</orientation>
      <velocity>0.0</velocity>
      <steeringAngle>0.0</steeringAngle>
      <time>143</time>
    </ksState>
    <ksState>
      <x>-44.78380541796749</x>
      <y>0.6748290778527022</y>
      <orientation>-3.179843274453795</orientation>
      <velocity>0.0</velocity>
      <steeringAngle>0.0</steeringAngle>
      <time>144</time>
    </ksState>
    <ksState>
      <x>-44.78380541796749</x>
      <y>0.6748290778527022</y>
      <orientation>-3.179843274453795</orientation>
      <velocity>0.0</velocity>
      <steeringAngle>0.0</steeringAngle>
      <time>145</time>
    </ksState>
    <ksState>
      <x>-44.78380541796749</x>
      <y>0.6748290778527022</y>
      <orientation>-3.179843274453795</orientation>
      <velocity>0.0</velocity>
      <steeringAngle>0.0</steeringAngle>
      <time>146</time>
    </ksState>
    <ksState>
      <x>-44.78380541796749</x>
      <y>0.6748290778527022</y>
      <orientation>-3.179843274453795</orientation>
      <velocity>0.0</velocity>
      <steeringAngle>0.0</steeringAngle>
      <time>147</time>
    </ksState>
    <ksState>
      <x>-44.78380541796749</x>
      <y>0.6748290778527022</y>
      <orientation>-3.179843274453795</orientation>
      <velocity>0.0</velocity>
      <steeringAngle>0.0</steeringAngle>
      <time>148</time>
    </ksState>
    <ksState>
      <x>-44.78380541796749</x>
      <y>0.6748290778527022</y>
      <orientation>-3.179843274453795</orientation>
      <velocity>0.0</velocity>
      <steeringAngle>0.0</steeringAngle>
      <time>149</time>
    </ksState>
    <ksState>
      <x>-44.78380541796749</x>
      <y>0.6748290778527022</y>
      <orientation>-3.179843274453795</orientation>
      <velocity>0.0</velocity>
      <steeringAngle>0.0</steeringAngle>
      <time>150</time>
    </ksState>
    <ksState>
      <x>-44.78380541796749</x>
      <y>0.6748290778527022</y>
      <orientation>-3.179843274453795</orientation>
      <velocity>0.0</velocity>
      <steeringAngle>0.0</steeringAngle>
      <time>151</time>
    </ksState>
    <ksState>
      <x>-44.78380541796749</x>
      <y>0.6748290778527022</y>
      <orientation>-3.179843274453795</orientation>
      <velocity>0.0</velocity>
      <steeringAngle>0.0</steeringAngle>
      <time>152</time>
    </ksState>
    <ksState>
      <x>-44.78380541796749</x>
      <y>0.6748290778527022</y>
      <orientation>-3.179843274453795</orientation>
      <velocity>0.0</velocity>
      <steeringAngle>0.0</steeringAngle>
      <time>153</time>
    </ksState>
    <ksState>
      <x>-44.78380541796749</x>
      <y>0.6748290778527022</y>
      <orientation>-3.179843274453795</orientation>
      <velocity>0.0</velocity>
      <steeringAngle>0.0</steeringAngle>
      <time>154</time>
    </ksState>
    <ksState>
      <x>-44.78380541796749</x>
      <y>0.6748290778527022</y>
      <orientation>-3.179843274453795</orientation>
      <velocity>0.0</velocity>
      <steeringAngle>0.0</steeringAngle>
      <time>155</time>
    </ksState>
    <ksState>
      <x>-44.78380541796749</x>
      <y>0.6748290778527022</y>
      <orientation>-3.179843274453795</orientation>
      <velocity>0.0</velocity>
      <steeringAngle>0.0</steeringAngle>
      <time>156</time>
    </ksState>
    <ksState>
      <x>-44.78380541796749</x>
      <y>0.6748290778527022</y>
      <orientation>-3.179843274453795</orientation>
      <velocity>0.0</velocity>
      <steeringAngle>0.0</steeringAngle>
      <time>157</time>
    </ksState>
    <ksState>
      <x>-44.78380541796749</x>
      <y>0.6748290778527022</y>
      <orientation>-3.179843274453795</orientation>
      <velocity>0.0</velocity>
      <steeringAngle>0.0</steeringAngle>
      <time>158</time>
    </ksState>
    <ksState>
      <x>-44.78380541796749</x>
      <y>0.6748290778527022</y>
      <orientation>-3.179843274453795</orientation>
      <velocity>0.0</velocity>
      <steeringAngle>0.0</steeringAngle>
      <time>159</time>
    </ksState>
    <ksState>
      <x>-44.78380541796749</x>
      <y>0.6748290778527022</y>
      <orientation>-3.179843274453795</orientation>
      <velocity>0.0</velocity>
      <steeringAngle>0.0</steeringAngle>
      <time>160</time>
    </ksState>
    <ksState>
      <x>-44.78380541796749</x>
      <y>0.6748290778527022</y>
      <orientation>-3.179843274453795</orientation>
      <velocity>0.0</velocity>
      <steeringAngle>0.0</steeringAngle>
      <time>161</time>
    </ksState>
    <ksState>
      <x>-44.78380541796749</x>
      <y>0.6748290778527022</y>
      <orientation>-3.179843274453795</orientation>
      <velocity>0.0</velocity>
      <steeringAngle>0.0</steeringAngle>
      <time>162</time>
    </ksState>
    <ksState>
      <x>-44.78380541796749</x>
      <y>0.6748290778527022</y>
      <orientation>-3.179843274453795</orientation>
      <velocity>0.0</velocity>
      <steeringAngle>0.0</steeringAngle>
      <time>163</time>
    </ksState>
    <ksState>
      <x>-44.78380541796749</x>
      <y>0.6748290778527022</y>
      <orientation>-3.179843274453795</orientation>
      <velocity>0.0</velocity>
      <steeringAngle>0.0</steeringAngle>
      <time>164</time>
    </ksState>
    <ksState>
      <x>-44.78380541796749</x>
      <y>0.6748290778527022</y>
      <orientation>-3.179843274453795</orientation>
      <velocity>0.0</velocity>
      <steeringAngle>0.0</steeringAngle>
      <time>165</time>
    </ksState>
  </ksTrajectory>
</CommonRoadSolution>
