<?xml version="1.0" ?>
<CommonRoadSolution benchmark_id="KS2:SM1:USA_US101-26_1_T-1:2018b" date="2019-11-18">
  <ksTrajectory planningProblem="33">
    <ksState>
      <x>0.0</x>
      <y>0.0</y>
      <orientation>-0.69407</orientation>
      <velocity>13.0</velocity>
      <steeringAngle>0.0</steeringAngle>
      <time>0</time>
    </ksState>
    <ksState>
      <x>1.0069300957064402</x>
      <y>-0.8379688433113842</y>
      <orientation>-0.69407</orientation>
      <velocity>13.399999999999999</velocity>
      <steeringAngle>0.0</steeringAngle>
      <time>1</time>
    </ksState>
    <ksState>
      <x>2.044606148533688</x>
      <y>-1.7015245215330397</y>
      <orientation>-0.69407</orientation>
      <velocity>13.799999999999997</velocity>
      <steeringAngle>0.0</steeringAngle>
      <time>2</time>
    </ksState>
    <ksState>
      <x>3.1130281584817423</x>
      <y>-2.5906670346649663</y>
      <orientation>-0.69407</orientation>
      <velocity>14.199999999999996</velocity>
      <steeringAngle>0.0</steeringAngle>
      <time>3</time>
    </ksState>
    <ksState>
      <x>4.212196125550604</x>
      <y>-3.505396382707164</y>
      <orientation>-0.69407</orientation>
      <velocity>14.599999999999994</velocity>
      <steeringAngle>0.0</steeringAngle>
      <time>4</time>
    </ksState>
    <ksState>
      <x>5.342110049740274</x>
      <y>-4.445712565659633</y>
      <orientation>-0.69407</orientation>
      <velocity>14.999999999999993</velocity>
      <steeringAngle>0.0</steeringAngle>
      <time>5</time>
    </ksState>
    <ksState>
      <x>6.479710463210146</x>
      <y>-5.39242545733967</y>
      <orientation>-0.69407</orientation>
      <velocity>14.2</velocity>
      <steeringAngle>0.0</steeringAngle>
      <time>6</time>
    </ksState>
    <ksState>
      <x>7.555818962438402</x>
      <y>-6.287964679199165</y>
      <orientation>-0.69407</orientation>
      <velocity>13.399999999999999</velocity>
      <steeringAngle>0.0</steeringAngle>
      <time>7</time>
    </ksState>
    <ksState>
      <x>8.570435547425044</x>
      <y>-7.132330231238116</y>
      <orientation>-0.69407</orientation>
      <velocity>12.599999999999998</velocity>
      <steeringAngle>0.0</steeringAngle>
      <time>8</time>
    </ksState>
    <ksState>
      <x>9.523560218170072</x>
      <y>-7.925522113456526</y>
      <orientation>-0.69407</orientation>
      <velocity>11.799999999999997</velocity>
      <steeringAngle>0.0</steeringAngle>
      <time>9</time>
    </ksState>
    <ksState>
      <x>10.415192974673484</x>
      <y>-8.667540325854393</y>
      <orientation>-0.69407</orientation>
      <velocity>10.999999999999996</velocity>
      <steeringAngle>0.0</steeringAngle>
      <time>10</time>
    </ksState>
    <ksState>
      <x>11.260706795495686</x>
      <y>-9.371178285886852</y>
      <orientation>-0.69407</orientation>
      <velocity>11.0</velocity>
      <steeringAngle>0.0</steeringAngle>
      <time>11</time>
    </ksState>
    <ksState>
      <x>12.106220616317888</x>
      <y>-10.074816245919314</y>
      <orientation>-0.69407</orientation>
      <velocity>11.0</velocity>
      <steeringAngle>0.0</steeringAngle>
      <time>12</time>
    </ksState>
    <ksState>
      <x>12.95173443714009</x>
      <y>-10.778454205951773</y>
      <orientation>-0.69407</orientation>
      <velocity>11.0</velocity>
      <steeringAngle>0.0</steeringAngle>
      <time>13</time>
    </ksState>
    <ksState>
      <x>13.797248257962291</x>
      <y>-11.482092165984232</y>
      <orientation>-0.69407</orientation>
      <velocity>11.0</velocity>
      <steeringAngle>0.0</steeringAngle>
      <time>14</time>
    </ksState>
    <ksState>
      <x>14.642762078784493</x>
      <y>-12.185730126016693</y>
      <orientation>-0.69407</orientation>
      <velocity>11.0</velocity>
      <steeringAngle>0.0</steeringAngle>
      <time>15</time>
    </ksState>
    <ksState>
      <x>15.488275899606695</x>
      <y>-12.889368086049153</y>
      <orientation>-0.69407</orientation>
      <velocity>11.0</velocity>
      <steeringAngle>0.0</steeringAngle>
      <time>16</time>
    </ksState>
    <ksState>
      <x>16.333789720428896</x>
      <y>-13.593006046081614</y>
      <orientation>-0.69407</orientation>
      <velocity>11.0</velocity>
      <steeringAngle>0.0</steeringAngle>
      <time>17</time>
    </ksState>
    <ksState>
      <x>17.179303541251098</x>
      <y>-14.296644006114073</y>
      <orientation>-0.69407</orientation>
      <velocity>11.0</velocity>
      <steeringAngle>0.0</steeringAngle>
      <time>18</time>
    </ksState>
    <ksState>
      <x>18.0248173620733</x>
      <y>-15.000281966146533</y>
      <orientation>-0.69407</orientation>
      <velocity>11.0</velocity>
      <steeringAngle>0.0</steeringAngle>
      <time>19</time>
    </ksState>
    <ksState>
      <x>18.8703311828955</x>
      <y>-15.703919926178994</y>
      <orientation>-0.69407</orientation>
      <velocity>11.0</velocity>
      <steeringAngle>0.0</steeringAngle>
      <time>20</time>
    </ksState>
    <ksState>
      <x>19.715845003717703</x>
      <y>-16.407557886211453</y>
      <orientation>-0.69407</orientation>
      <velocity>11.0</velocity>
      <steeringAngle>0.0</steeringAngle>
      <time>21</time>
    </ksState>
    <ksState>
      <x>20.561358824539905</x>
      <y>-17.111195846243913</y>
      <orientation>-0.69407</orientation>
      <velocity>11.0</velocity>
      <steeringAngle>0.0</steeringAngle>
      <time>22</time>
    </ksState>
    <ksState>
      <x>21.406872645362107</x>
      <y>-17.814833806276376</y>
      <orientation>-0.69407</orientation>
      <velocity>11.0</velocity>
      <steeringAngle>0.0</steeringAngle>
      <time>23</time>
    </ksState>
    <ksState>
      <x>22.25238646618431</x>
      <y>-18.518471766308835</y>
      <orientation>-0.69407</orientation>
      <velocity>11.0</velocity>
      <steeringAngle>0.0</steeringAngle>
      <time>24</time>
    </ksState>
    <ksState>
      <x>23.09790028700651</x>
      <y>-19.222109726341294</y>
      <orientation>-0.69407</orientation>
      <velocity>11.0</velocity>
      <steeringAngle>0.0</steeringAngle>
      <time>25</time>
    </ksState>
    <ksState>
      <x>23.943414107828712</x>
      <y>-19.925747686373754</y>
      <orientation>-0.69407</orientation>
      <velocity>11.0</velocity>
      <steeringAngle>0.0</steeringAngle>
      <time>26</time>
    </ksState>
    <ksState>
      <x>24.788927928650914</x>
      <y>-20.629385646406213</y>
      <orientation>-0.69407</orientation>
      <velocity>11.0</velocity>
      <steeringAngle>0.0</steeringAngle>
      <time>27</time>
    </ksState>
    <ksState>
      <x>25.634441749473115</x>
      <y>-21.333023606438672</y>
      <orientation>-0.69407</orientation>
      <velocity>11.0</velocity>
      <steeringAngle>0.0</steeringAngle>
      <time>28</time>
    </ksState>
    <ksState>
      <x>26.479955570295317</x>
      <y>-22.036661566471135</y>
      <orientation>-0.69407</orientation>
      <velocity>11.0</velocity>
      <steeringAngle>0.0</steeringAngle>
      <time>29</time>
    </ksState>
    <ksState>
      <x>27.32546939111752</x>
      <y>-22.740299526503595</y>
      <orientation>-0.69407</orientation>
      <velocity>11.0</velocity>
      <steeringAngle>0.0</steeringAngle>
      <time>30</time>
    </ksState>
    <ksState>
      <x>28.17098321193972</x>
      <y>-23.443937486536054</y>
      <orientation>-0.69407</orientation>
      <velocity>11.0</velocity>
      <steeringAngle>0.0</steeringAngle>
      <time>31</time>
    </ksState>
    <ksState>
      <x>29.016497032761922</x>
      <y>-24.147575446568514</y>
      <orientation>-0.69407</orientation>
      <velocity>11.0</velocity>
      <steeringAngle>0.0</steeringAngle>
      <time>32</time>
    </ksState>
    <ksState>
      <x>29.862010853584124</x>
      <y>-24.851213406600976</y>
      <orientation>-0.69407</orientation>
      <velocity>11.0</velocity>
      <steeringAngle>0.0</steeringAngle>
      <time>33</time>
    </ksState>
    <ksState>
      <x>30.707524674406326</x>
      <y>-25.554851366633436</y>
      <orientation>-0.69407</orientation>
      <velocity>11.0</velocity>
      <steeringAngle>0.0</steeringAngle>
      <time>34</time>
    </ksState>
    <ksState>
      <x>31.553038495228527</x>
      <y>-26.258489326665895</y>
      <orientation>-0.69407</orientation>
      <velocity>11.0</velocity>
      <steeringAngle>0.0</steeringAngle>
      <time>35</time>
    </ksState>
    <ksState>
      <x>32.398552316050726</x>
      <y>-26.962127286698355</y>
      <orientation>-0.69407</orientation>
      <velocity>11.0</velocity>
      <steeringAngle>0.0</steeringAngle>
      <time>36</time>
    </ksState>
    <ksState>
      <x>33.24406613687293</x>
      <y>-27.665765246730814</y>
      <orientation>-0.69407</orientation>
      <velocity>11.0</velocity>
      <steeringAngle>0.0</steeringAngle>
      <time>37</time>
    </ksState>
    <ksState>
      <x>34.089579957695136</x>
      <y>-28.369403206763273</y>
      <orientation>-0.69407</orientation>
      <velocity>11.0</velocity>
      <steeringAngle>0.0</steeringAngle>
      <time>38</time>
    </ksState>
    <ksState>
      <x>34.935093778517334</x>
      <y>-29.073041166795736</y>
      <orientation>-0.69407</orientation>
      <velocity>11.0</velocity>
      <steeringAngle>0.0</steeringAngle>
      <time>39</time>
    </ksState>
    <ksState>
      <x>35.78060759933953</x>
      <y>-29.776679126828196</y>
      <orientation>-0.69407</orientation>
      <velocity>11.0</velocity>
      <steeringAngle>0.0</steeringAngle>
      <time>40</time>
    </ksState>
    <ksState>
      <x>36.622278175521636</x>
      <y>-30.477118732496873</y>
      <orientation>-0.6968861304410561</orientation>
      <velocity>10.8</velocity>
      <steeringAngle>-0.026650000000000004</steeringAngle>
      <time>41</time>
    </ksState>
    <ksState>
      <x>37.444713010723426</x>
      <y>-31.16937370103767</y>
      <orientation>-0.7107650146509595</orientation>
      <velocity>10.600000000000001</velocity>
      <steeringAngle>-0.05330000000000001</steeringAngle>
      <time>42</time>
    </ksState>
    <ksState>
      <x>38.24047919126784</x>
      <y>-31.86201194472987</y>
      <orientation>-0.7353124723818839</orientation>
      <velocity>10.400000000000002</velocity>
      <steeringAngle>-0.07995000000000001</steeringAngle>
      <time>43</time>
    </ksState>
    <ksState>
      <x>39.00242635378996</x>
      <y>-32.56243441006197</y>
      <orientation>-0.7701485586543012</orientation>
      <velocity>10.200000000000003</velocity>
      <steeringAngle>-0.10660000000000001</steeringAngle>
      <time>44</time>
    </ksState>
    <ksState>
      <x>39.72347978327012</x>
      <y>-33.27671140553268</y>
      <orientation>-0.814906570930241</orientation>
      <velocity>10.000000000000004</velocity>
      <steeringAngle>-0.13325</steeringAngle>
      <time>45</time>
    </ksState>
    <ksState>
      <x>40.386510068646196</x>
      <y>-33.99825749065932</y>
      <orientation>-0.8633237570627612</orientation>
      <velocity>9.2</velocity>
      <steeringAngle>-0.1066</steeringAngle>
      <time>46</time>
    </ksState>
    <ksState>
      <x>40.96499925027705</x>
      <y>-34.68766051883758</y>
      <orientation>-0.8983707066949315</orientation>
      <velocity>8.399999999999999</velocity>
      <steeringAngle>-0.07995</steeringAngle>
      <time>47</time>
    </ksState>
    <ksState>
      <x>41.4716610147091</x>
      <y>-35.33238158487318</y>
      <orientation>-0.9217682528902238</orientation>
      <velocity>7.599999999999998</velocity>
      <steeringAngle>-0.053299999999999986</steeringAngle>
      <time>48</time>
    </ksState>
    <ksState>
      <x>41.91666489019066</x>
      <y>-35.923620197400325</y>
      <orientation>-0.9352126284144944</orientation>
      <velocity>6.799999999999997</velocity>
      <steeringAngle>-0.02664999999999998</steeringAngle>
      <time>49</time>
    </ksState>
    <ksState>
      <x>42.3075659762745</x>
      <y>-36.455404925617714</y>
      <orientation>-0.9403804642955373</orientation>
      <velocity>5.9999999999999964</velocity>
      <steeringAngle>2.42861286636753e-17</steeringAngle>
      <time>50</time>
    </ksState>
    <ksState>
      <x>42.67304403217781</x>
      <y>-36.95623003546459</y>
      <orientation>-0.9387269565136328</orientation>
      <velocity>6.800000000000001</velocity>
      <steeringAngle>0.026650000000000004</steeringAngle>
      <time>51</time>
    </ksState>
    <ksState>
      <x>43.08763437697649</x>
      <y>-37.52024540254232</y>
      <orientation>-0.9296293956227425</orientation>
      <velocity>7.600000000000001</velocity>
      <steeringAngle>0.05330000000000001</steeringAngle>
      <time>52</time>
    </ksState>
    <ksState>
      <x>43.5566891206677</x>
      <y>-38.14344541396663</y>
      <orientation>-0.9114191234876847</orientation>
      <velocity>8.400000000000002</velocity>
      <steeringAngle>0.07995000000000001</steeringAngle>
      <time>53</time>
    </ksState>
    <ksState>
      <x>44.08806108790941</x>
      <y>-38.8196202202186</y>
      <orientation>-0.8824103230566478</orientation>
      <velocity>9.200000000000003</velocity>
      <steeringAngle>0.10660000000000001</steeringAngle>
      <time>54</time>
    </ksState>
    <ksState>
      <x>44.692254400537685</x>
      <y>-39.539668834299086</y>
      <orientation>-0.8408950969025198</orientation>
      <velocity>10.000000000000004</velocity>
      <steeringAngle>0.13325</steeringAngle>
      <time>55</time>
    </ksState>
    <ksState>
      <x>45.3720502884356</x>
      <y>-40.27975803231253</y>
      <orientation>-0.7913097513866537</orientation>
      <velocity>10.2</velocity>
      <steeringAngle>0.1066</steeringAngle>
      <time>56</time>
    </ksState>
    <ksState>
      <x>46.100207325769794</x>
      <y>-41.0010726098234</y>
      <orientation>-0.7514676550776738</orientation>
      <velocity>10.399999999999999</velocity>
      <steeringAngle>0.07995</steeringAngle>
      <time>57</time>
    </ksState>
    <ksState>
      <x>46.869516032531095</x>
      <y>-41.70826272924006</y>
      <orientation>-0.7217292400410515</orientation>
      <velocity>10.599999999999998</velocity>
      <steeringAngle>0.053299999999999986</steeringAngle>
      <time>58</time>
    </ksState>
    <ksState>
      <x>47.67282484989061</x>
      <y>-42.40746646031322</y>
      <orientation>-0.7024677103632172</orientation>
      <velocity>10.799999999999997</velocity>
      <steeringAngle>0.02664999999999998</steeringAngle>
      <time>59</time>
    </ksState>
    <ksState>
      <x>48.50291015810897</x>
      <y>-43.106161109263326</y>
      <orientation>-0.69407</orientation>
      <velocity>10.999999999999996</velocity>
      <steeringAngle>-2.42861286636753e-17</steeringAngle>
      <time>60</time>
    </ksState>
    <ksState>
      <x>49.348423978931166</x>
      <y>-43.809799069295785</y>
      <orientation>-0.6912280334998515</orientation>
      <velocity>11.0</velocity>
      <steeringAngle>0.026650000000000004</steeringAngle>
      <time>61</time>
    </ksState>
    <ksState>
      <x>50.19792047213762</x>
      <y>-44.508616593180555</y>
      <orientation>-0.6770131519991406</orientation>
      <velocity>11.0</velocity>
      <steeringAngle>0.05330000000000001</steeringAngle>
      <time>62</time>
    </ksState>
    <ksState>
      <x>51.05920509308348</x>
      <y>-45.192831209394264</y>
      <orientation>-0.6514051293262145</orientation>
      <velocity>11.0</velocity>
      <steeringAngle>0.07995000000000001</steeringAngle>
      <time>63</time>
    </ksState>
    <ksState>
      <x>51.93959490741079</x>
      <y>-45.85224417195765</y>
      <orientation>-0.6143674373116592</orientation>
      <velocity>11.0</velocity>
      <steeringAngle>0.10660000000000001</steeringAngle>
      <time>64</time>
    </ksState>
    <ksState>
      <x>52.84556452981102</x>
      <y>-46.475992126005934</y>
      <orientation>-0.565847036754924</orientation>
      <velocity>11.0</velocity>
      <steeringAngle>0.13325</steeringAngle>
      <time>65</time>
    </ksState>
    <ksState>
      <x>53.78664713310722</x>
      <y>-47.05490411309661</y>
      <orientation>-0.5113265198751381</orientation>
      <velocity>11.2</velocity>
      <steeringAngle>0.1066</steeringAngle>
      <time>66</time>
    </ksState>
    <ksState>
      <x>54.774045830310165</x>
      <y>-47.59388277226725</y>
      <orientation>-0.46759611686879643</orientation>
      <velocity>11.399999999999999</velocity>
      <steeringAngle>0.07995</steeringAngle>
      <time>67</time>
    </ksState>
    <ksState>
      <x>55.80064404109762</x>
      <y>-48.10085253082364</y>
      <orientation>-0.4350106777053385</orientation>
      <velocity>11.599999999999998</velocity>
      <steeringAngle>0.053299999999999986</steeringAngle>
      <time>68</time>
    </ksState>
    <ksState>
      <x>56.86006215994361</x>
      <y>-48.58542389023154</y>
      <orientation>-0.41393933814279205</orientation>
      <velocity>11.799999999999997</velocity>
      <steeringAngle>0.02664999999999998</steeringAngle>
      <time>69</time>
    </ksState>
    <ksState>
      <x>57.946430483540915</x>
      <y>-49.05872697477296</y>
      <orientation>-0.4047664542328966</orientation>
      <velocity>11.999999999999996</velocity>
      <steeringAngle>-2.42861286636753e-17</steeringAngle>
      <time>70</time>
    </ksState>
    <ksState>
      <x>59.044867783788945</x>
      <y>-49.52932287087047</y>
      <orientation>-0.40784094526487535</orientation>
      <velocity>11.8</velocity>
      <steeringAngle>-0.026650000000000004</steeringAngle>
      <time>71</time>
    </ksState>
    <ksState>
      <x>60.12206849359746</x>
      <y>-49.99863171860589</y>
      <orientation>-0.4230120914293889</orientation>
      <velocity>11.600000000000001</velocity>
      <steeringAngle>-0.05330000000000001</steeringAngle>
      <time>72</time>
    </ksState>
    <ksState>
      <x>61.172393001789096</x>
      <y>-50.47904343305797</y>
      <orientation>-0.44988755122148827</orientation>
      <velocity>11.400000000000002</velocity>
      <steeringAngle>-0.07995000000000001</steeringAngle>
      <time>73</time>
    </ksState>
    <ksState>
      <x>62.19002546055245</x>
      <y>-50.981585161463734</y>
      <orientation>-0.48809070040431973</orientation>
      <velocity>11.200000000000003</velocity>
      <steeringAngle>-0.10660000000000001</steeringAngle>
      <time>74</time>
    </ksState>
    <ksState>
      <x>63.168647527861424</x>
      <y>-51.5157724460165</y>
      <orientation>-0.5372596581854172</orientation>
      <velocity>11.000000000000004</velocity>
      <steeringAngle>-0.13325</steeringAngle>
      <time>75</time>
    </ksState>
    <ksState>
      <x>64.08855186370782</x>
      <y>-52.081402894432436</y>
      <orientation>-0.5906120156818572</orientation>
      <velocity>10.2</velocity>
      <steeringAngle>-0.1066</steeringAngle>
      <time>76</time>
    </ksState>
    <ksState>
      <x>64.91328702386824</x>
      <y>-52.64682310589564</y>
      <orientation>-0.6295472720113892</orientation>
      <velocity>9.399999999999999</velocity>
      <steeringAngle>-0.07995</steeringAngle>
      <time>77</time>
    </ksState>
    <ksState>
      <x>65.65301024778036</x>
      <y>-53.19378238989285</y>
      <orientation>-0.6557918423335172</orientation>
      <velocity>8.599999999999998</velocity>
      <steeringAngle>-0.053299999999999986</steeringAngle>
      <time>78</time>
    </ksState>
  </ksTrajectory>
</CommonRoadSolution>
