<?xml version="1.0" ?>
<CommonRoadSolution benchmark_id="KS2:SM1:CHN_Sha-3_1_T-1:2018b" date="2019-11-18">
  <ksTrajectory planningProblem="1">
    <ksState>
      <x>65.4311</x>
      <y>175.2638</y>
      <orientation>-1.6987</orientation>
      <velocity>11.0</velocity>
      <steeringAngle>0.0</steeringAngle>
      <time>0</time>
    </ksState>
    <ksState>
      <x>65.28887592799241</x>
      <y>174.15790791062528</y>
      <orientation>-1.6987</orientation>
      <velocity>11.600000000000001</velocity>
      <steeringAngle>0.0</steeringAngle>
      <time>1</time>
    </ksState>
    <ksState>
      <x>65.13899854269293</x>
      <y>172.9925059330331</y>
      <orientation>-1.6987</orientation>
      <velocity>12.200000000000003</velocity>
      <steeringAngle>0.0</steeringAngle>
      <time>2</time>
    </ksState>
    <ksState>
      <x>64.98146784410157</x>
      <y>171.76759406722343</y>
      <orientation>-1.6987</orientation>
      <velocity>12.800000000000004</velocity>
      <steeringAngle>0.0</steeringAngle>
      <time>3</time>
    </ksState>
    <ksState>
      <x>64.81628383221832</x>
      <y>170.4831723131963</y>
      <orientation>-1.6987</orientation>
      <velocity>13.400000000000006</velocity>
      <steeringAngle>0.0</steeringAngle>
      <time>4</time>
    </ksState>
    <ksState>
      <x>64.64344650704318</x>
      <y>169.13924067095166</y>
      <orientation>-1.6987</orientation>
      <velocity>14.000000000000007</velocity>
      <steeringAngle>0.0</steeringAngle>
      <time>5</time>
    </ksState>
    <ksState>
      <x>64.46359364468381</x>
      <y>167.74075829784104</y>
      <orientation>-1.6987</orientation>
      <velocity>14.399999999999999</velocity>
      <steeringAngle>0.0</steeringAngle>
      <time>6</time>
    </ksState>
    <ksState>
      <x>64.27863857346318</x>
      <y>166.30260266591876</y>
      <orientation>-1.6987</orientation>
      <velocity>14.799999999999997</velocity>
      <steeringAngle>0.0</steeringAngle>
      <time>7</time>
    </ksState>
    <ksState>
      <x>64.0885812933813</x>
      <y>164.82477377518484</y>
      <orientation>-1.6987</orientation>
      <velocity>15.199999999999996</velocity>
      <steeringAngle>0.0</steeringAngle>
      <time>8</time>
    </ksState>
    <ksState>
      <x>63.89342180443814</x>
      <y>163.30727162563926</y>
      <orientation>-1.6987</orientation>
      <velocity>15.599999999999994</velocity>
      <steeringAngle>0.0</steeringAngle>
      <time>9</time>
    </ksState>
    <ksState>
      <x>63.69316010663374</x>
      <y>161.75009621728202</y>
      <orientation>-1.6987</orientation>
      <velocity>15.999999999999993</velocity>
      <steeringAngle>0.0</steeringAngle>
      <time>10</time>
    </ksState>
    <ksState>
      <x>63.48779619996807</x>
      <y>160.15324755011315</y>
      <orientation>-1.6987</orientation>
      <velocity>16.4</velocity>
      <steeringAngle>0.0</steeringAngle>
      <time>11</time>
    </ksState>
    <ksState>
      <x>63.277330084441154</x>
      <y>158.51672562413262</y>
      <orientation>-1.6987</orientation>
      <velocity>16.799999999999997</velocity>
      <steeringAngle>0.0</steeringAngle>
      <time>12</time>
    </ksState>
    <ksState>
      <x>63.06176176005297</x>
      <y>156.84053043934045</y>
      <orientation>-1.6987</orientation>
      <velocity>17.199999999999996</velocity>
      <steeringAngle>0.0</steeringAngle>
      <time>13</time>
    </ksState>
    <ksState>
      <x>62.84109122680353</x>
      <y>155.12466199573663</y>
      <orientation>-1.6987</orientation>
      <velocity>17.599999999999994</velocity>
      <steeringAngle>0.0</steeringAngle>
      <time>14</time>
    </ksState>
    <ksState>
      <x>62.61531848469283</x>
      <y>153.36912029332115</y>
      <orientation>-1.6987</orientation>
      <velocity>17.999999999999993</velocity>
      <steeringAngle>0.0</steeringAngle>
      <time>15</time>
    </ksState>
    <ksState>
      <x>62.38444353372087</x>
      <y>151.57390533209403</y>
      <orientation>-1.6987</orientation>
      <velocity>18.4</velocity>
      <steeringAngle>0.0</steeringAngle>
      <time>16</time>
    </ksState>
    <ksState>
      <x>62.14846637388765</x>
      <y>149.73901711205525</y>
      <orientation>-1.6987</orientation>
      <velocity>18.799999999999997</velocity>
      <steeringAngle>0.0</steeringAngle>
      <time>17</time>
    </ksState>
    <ksState>
      <x>61.90738700519318</x>
      <y>147.86445563320484</y>
      <orientation>-1.6987</orientation>
      <velocity>19.199999999999996</velocity>
      <steeringAngle>0.0</steeringAngle>
      <time>18</time>
    </ksState>
    <ksState>
      <x>61.66120542763744</x>
      <y>145.95022089554277</y>
      <orientation>-1.6987</orientation>
      <velocity>19.599999999999994</velocity>
      <steeringAngle>0.0</steeringAngle>
      <time>19</time>
    </ksState>
    <ksState>
      <x>61.40992164122045</x>
      <y>143.99631289906904</y>
      <orientation>-1.6987</orientation>
      <velocity>19.999999999999993</velocity>
      <steeringAngle>0.0</steeringAngle>
      <time>20</time>
    </ksState>
    <ksState>
      <x>61.1580000786958</x>
      <y>142.03744574524387</y>
      <orientation>-1.6987</orientation>
      <velocity>19.0</velocity>
      <steeringAngle>0.0</steeringAngle>
      <time>21</time>
    </ksState>
    <ksState>
      <x>60.91883403832429</x>
      <y>140.17776173844783</y>
      <orientation>-1.6987</orientation>
      <velocity>18.0</velocity>
      <steeringAngle>0.0</steeringAngle>
      <time>22</time>
    </ksState>
    <ksState>
      <x>60.69242352010594</x>
      <y>138.41726087868088</y>
      <orientation>-1.6987</orientation>
      <velocity>17.0</velocity>
      <steeringAngle>0.0</steeringAngle>
      <time>23</time>
    </ksState>
    <ksState>
      <x>60.478768524040724</x>
      <y>136.75594316594308</y>
      <orientation>-1.6987</orientation>
      <velocity>16.0</velocity>
      <steeringAngle>0.0</steeringAngle>
      <time>24</time>
    </ksState>
    <ksState>
      <x>60.277869050128665</x>
      <y>135.1938086002344</y>
      <orientation>-1.6987</orientation>
      <velocity>15.0</velocity>
      <steeringAngle>0.0</steeringAngle>
      <time>25</time>
    </ksState>
    <ksState>
      <x>60.08908732226209</x>
      <y>133.7258980242034</y>
      <orientation>-1.6987</orientation>
      <velocity>14.2</velocity>
      <steeringAngle>0.0</steeringAngle>
      <time>26</time>
    </ksState>
    <ksState>
      <x>59.91051001211803</x>
      <y>132.33733396579566</y>
      <orientation>-1.6987</orientation>
      <velocity>13.399999999999999</velocity>
      <steeringAngle>0.0</steeringAngle>
      <time>27</time>
    </ksState>
    <ksState>
      <x>59.742137119696494</x>
      <y>131.02811642501126</y>
      <orientation>-1.6987</orientation>
      <velocity>12.599999999999998</velocity>
      <steeringAngle>0.0</steeringAngle>
      <time>28</time>
    </ksState>
    <ksState>
      <x>59.583968644997476</x>
      <y>129.79824540185012</y>
      <orientation>-1.6987</orientation>
      <velocity>11.799999999999997</velocity>
      <steeringAngle>0.0</steeringAngle>
      <time>29</time>
    </ksState>
    <ksState>
      <x>59.43600458802097</x>
      <y>128.6477208963123</y>
      <orientation>-1.6987</orientation>
      <velocity>10.999999999999996</velocity>
      <steeringAngle>0.0</steeringAngle>
      <time>30</time>
    </ksState>
    <ksState>
      <x>59.29696939655167</x>
      <y>127.56662459369487</y>
      <orientation>-1.701490294381964</orientation>
      <velocity>10.600000000000001</velocity>
      <steeringAngle>-0.026650000000000004</steeringAngle>
      <time>31</time>
    </ksState>
    <ksState>
      <x>59.15730771458113</x>
      <y>126.5259582957802</y>
      <orientation>-1.71503318130106</orientation>
      <velocity>10.200000000000003</velocity>
      <steeringAngle>-0.05330000000000001</steeringAngle>
      <time>32</time>
    </ksState>
    <ksState>
      <x>59.006916726273765</x>
      <y>125.52723202388512</y>
      <orientation>-1.7385200740899824</orientation>
      <velocity>9.800000000000004</velocity>
      <steeringAngle>-0.07995000000000001</steeringAngle>
      <time>33</time>
    </ksState>
    <ksState>
      <x>58.83779139573363</x>
      <y>124.57211835664809</y>
      <orientation>-1.7711545546202618</orientation>
      <velocity>9.400000000000006</velocity>
      <steeringAngle>-0.10660000000000001</steeringAngle>
      <time>34</time>
    </ksState>
    <ksState>
      <x>58.64392915354447</x>
      <y>123.6625936395381</y>
      <orientation>-1.8121501786154062</orientation>
      <velocity>9.000000000000007</velocity>
      <steeringAngle>-0.13325</steeringAngle>
      <time>35</time>
    </ksState>
    <ksState>
      <x>58.425165059912686</x>
      <y>122.81544391979229</y>
      <orientation>-1.8553985615073376</orientation>
      <velocity>8.0</velocity>
      <steeringAngle>-0.1066</steeringAngle>
      <time>36</time>
    </ksState>
    <ksState>
      <x>58.20160514638276</x>
      <y>122.07341653021669</y>
      <orientation>-1.885598175106784</orientation>
      <velocity>7.0</velocity>
      <steeringAngle>-0.07995</steeringAngle>
      <time>37</time>
    </ksState>
    <ksState>
      <x>57.98925193874532</x>
      <y>121.4327000048424</y>
      <orientation>-1.9048805234069748</orientation>
      <velocity>6.0</velocity>
      <steeringAngle>-0.053299999999999986</steeringAngle>
      <time>38</time>
    </ksState>
    <ksState>
      <x>57.79909647236721</x>
      <y>120.8900558110962</y>
      <orientation>-1.9153516582158203</orientation>
      <velocity>5.0</velocity>
      <steeringAngle>-0.02664999999999998</steeringAngle>
      <time>39</time>
    </ksState>
    <ksState>
      <x>57.63810485020835</x>
      <y>120.44317067821345</y>
      <orientation>-1.9190983456537503</orientation>
      <velocity>4.0</velocity>
      <steeringAngle>2.42861286636753e-17</steeringAngle>
      <time>40</time>
    </ksState>
    <ksState>
      <x>57.501583939504386</x>
      <y>120.06718924125072</y>
      <orientation>-1.9180649032900599</orientation>
      <velocity>4.0</velocity>
      <steeringAngle>0.026650000000000004</steeringAngle>
      <time>41</time>
    </ksState>
    <ksState>
      <x>57.365840571721535</x>
      <y>119.69092661068288</y>
      <orientation>-1.9128958554716196</orientation>
      <velocity>4.0</velocity>
      <steeringAngle>0.05330000000000001</steeringAngle>
      <time>42</time>
    </ksState>
    <ksState>
      <x>57.232434403050824</x>
      <y>119.31382966104789</y>
      <orientation>-1.903583847226919</orientation>
      <velocity>4.0</velocity>
      <steeringAngle>0.07995000000000001</steeringAngle>
      <time>43</time>
    </ksState>
    <ksState>
      <x>57.10293863113814</x>
      <y>118.93537318965045</y>
      <orientation>-1.8901155955852627</orientation>
      <velocity>4.0</velocity>
      <steeringAngle>0.10660000000000001</steeringAngle>
      <time>44</time>
    </ksState>
    <ksState>
      <x>56.97894845179471</x>
      <y>118.55507898665297</y>
      <orientation>-1.8724718135646317</orientation>
      <velocity>4.0</velocity>
      <steeringAngle>0.13325</steeringAngle>
      <time>45</time>
    </ksState>
    <ksState>
      <x>56.85921685351584</x>
      <y>118.16295680454252</y>
      <orientation>-1.8500546339505517</orientation>
      <velocity>4.4</velocity>
      <steeringAngle>0.15990000000000001</steeringAngle>
      <time>46</time>
    </ksState>
    <ksState>
      <x>56.73822528682939</x>
      <y>117.72953845799749</y>
      <orientation>-1.8206910936489846</orientation>
      <velocity>4.800000000000001</velocity>
      <steeringAngle>0.18655000000000002</steeringAngle>
      <time>47</time>
    </ksState>
    <ksState>
      <x>56.621311487414346</x>
      <y>117.25371007281188</y>
      <orientation>-1.783487944569682</orientation>
      <velocity>5.200000000000001</velocity>
      <steeringAngle>0.21320000000000003</steeringAngle>
      <time>48</time>
    </ksState>
    <ksState>
      <x>56.51520627912435</x>
      <y>116.73447193425373</y>
      <orientation>-1.737531660063522</orientation>
      <velocity>5.600000000000001</velocity>
      <steeringAngle>0.23985000000000004</steeringAngle>
      <time>49</time>
    </ksState>
    <ksState>
      <x>56.42821634974718</x>
      <y>116.17119979098013</y>
      <orientation>-1.6818853808104344</orientation>
      <velocity>6.000000000000002</velocity>
      <steeringAngle>0.2665</steeringAngle>
      <time>50</time>
    </ksState>
    <ksState>
      <x>56.37276840852837</x>
      <y>115.59392964691565</y>
      <orientation>-1.6220378446379384</orientation>
      <velocity>5.199999999999999</velocity>
      <steeringAngle>0.23985000000000004</steeringAngle>
      <time>51</time>
    </ksState>
    <ksState>
      <x>56.353071608795396</x>
      <y>115.09435572376556</y>
      <orientation>-1.5759329880437523</orientation>
      <velocity>4.399999999999999</velocity>
      <steeringAngle>0.21320000000000003</steeringAngle>
      <time>52</time>
    </ksState>
    <ksState>
      <x>56.354607773008176</x>
      <y>114.67437639881624</y>
      <orientation>-1.5417543195790455</orientation>
      <velocity>3.5999999999999988</velocity>
      <steeringAngle>0.18655000000000002</steeringAngle>
      <time>53</time>
    </ksState>
    <ksState>
      <x>56.36658711910896</x>
      <y>114.33459485555039</y>
      <orientation>-1.517724574006523</orientation>
      <velocity>2.799999999999999</velocity>
      <steeringAngle>0.15990000000000001</steeringAngle>
      <time>54</time>
    </ksState>
    <ksState>
      <x>56.381428179171486</x>
      <y>114.07502125292322</y>
      <orientation>-1.5020998448000247</orientation>
      <velocity>1.9999999999999991</velocity>
      <steeringAngle>0.13325</steeringAngle>
      <time>55</time>
    </ksState>
    <ksState>
      <x>56.395675121182364</x>
      <y>113.87553001381094</y>
      <orientation>-1.4922295020721852</orientation>
      <velocity>2.0</velocity>
      <steeringAngle>0.1066</steeringAngle>
      <time>56</time>
    </ksState>
    <ksState>
      <x>56.41178590199039</x>
      <y>113.6761803948523</y>
      <orientation>-1.4844528886774617</orientation>
      <velocity>2.0</velocity>
      <steeringAngle>0.07995</steeringAngle>
      <time>57</time>
    </ksState>
    <ksState>
      <x>56.42934261783926</x>
      <y>113.4769527230576</y>
      <orientation>-1.4787588404237904</orientation>
      <velocity>2.0</velocity>
      <steeringAngle>0.053299999999999986</steeringAngle>
      <time>58</time>
    </ksState>
    <ksState>
      <x>56.4479301148958</x>
      <y>113.2778184413352</y>
      <orientation>-1.475139220654366</orientation>
      <velocity>2.0</velocity>
      <steeringAngle>0.02664999999999998</steeringAngle>
      <time>59</time>
    </ksState>
    <ksState>
      <x>56.467135258085925</x>
      <y>113.0787426974807</y>
      <orientation>-1.4735888735610096</orientation>
      <velocity>2.0</velocity>
      <steeringAngle>-2.42861286636753e-17</steeringAngle>
      <time>60</time>
    </ksState>
    <ksState>
      <x>56.48557560079827</x>
      <y>112.88963967328317</y>
      <orientation>-1.4740539226246703</orientation>
      <velocity>1.6</velocity>
      <steeringAngle>-0.026650000000000004</steeringAngle>
      <time>61</time>
    </ksState>
    <ksState>
      <x>56.500006721784615</x>
      <y>112.74033549076307</y>
      <orientation>-1.4759664519522755</orientation>
      <velocity>1.2000000000000002</velocity>
      <steeringAngle>-0.05330000000000001</steeringAngle>
      <time>62</time>
    </ksState>
    <ksState>
      <x>56.51036059435627</x>
      <y>112.63082388087265</y>
      <orientation>-1.4785013261906221</orientation>
      <velocity>0.8000000000000003</velocity>
      <steeringAngle>-0.07995000000000001</steeringAngle>
      <time>63</time>
    </ksState>
    <ksState>
      <x>56.51677495129813</x>
      <y>112.56111839922423</y>
      <orientation>-1.4808322405271743</orientation>
      <velocity>0.4000000000000003</velocity>
      <steeringAngle>-0.10660000000000001</steeringAngle>
      <time>64</time>
    </ksState>
    <ksState>
      <x>56.51946196946508</x>
      <y>112.53123897828539</y>
      <orientation>-1.4821293549758991</orientation>
      <velocity>2.7755575615628914e-16</velocity>
      <steeringAngle>-0.13325</steeringAngle>
      <time>65</time>
    </ksState>
    <ksState>
      <x>56.52123298619859</x>
      <y>112.5113175451108</y>
      <orientation>-1.483274285378296</orientation>
      <velocity>0.8</velocity>
      <steeringAngle>-0.15990000000000001</steeringAngle>
      <time>66</time>
    </ksState>
    <ksState>
      <x>56.5298244908103</x>
      <y>112.41168737382286</y>
      <orientation>-1.4898467434952123</orientation>
      <velocity>1.6</velocity>
      <steeringAngle>-0.18655000000000002</steeringAngle>
      <time>67</time>
    </ksState>
    <ksState>
      <x>56.54379578830027</x>
      <y>112.23223117137269</y>
      <orientation>-1.5035570005823848</orientation>
      <velocity>2.4</velocity>
      <steeringAngle>-0.21320000000000003</steeringAngle>
      <time>68</time>
    </ksState>
    <ksState>
      <x>56.55985727890803</x>
      <y>111.97273102931238</y>
      <orientation>-1.5261425366740744</orientation>
      <velocity>3.1999999999999997</velocity>
      <steeringAngle>-0.23985000000000004</steeringAngle>
      <time>69</time>
    </ksState>
    <ksState>
      <x>56.57230532721243</x>
      <y>111.63296873580025</y>
      <orientation>-1.55937360963179</orientation>
      <velocity>3.9999999999999996</velocity>
      <steeringAngle>-0.2665</steeringAngle>
      <time>70</time>
    </ksState>
    <ksState>
      <x>56.57239644199216</x>
      <y>111.20799247467316</y>
      <orientation>-1.603117717995257</orientation>
      <velocity>5.0</velocity>
      <steeringAngle>-0.23985000000000004</steeringAngle>
      <time>71</time>
    </ksState>
    <ksState>
      <x>56.54891763150048</x>
      <y>110.68355457861927</y>
      <orientation>-1.651402272697023</orientation>
      <velocity>6.0</velocity>
      <steeringAngle>-0.21320000000000003</steeringAngle>
      <time>72</time>
    </ksState>
    <ksState>
      <x>56.49044442596455</x>
      <y>110.06134557009905</y>
      <orientation>-1.702115698339394</orientation>
      <velocity>7.0</velocity>
      <steeringAngle>-0.18655000000000002</steeringAngle>
      <time>73</time>
    </ksState>
    <ksState>
      <x>56.386005258570044</x>
      <y>109.34396746643498</y>
      <orientation>-1.7531750515319053</orientation>
      <velocity>8.0</velocity>
      <steeringAngle>-0.15990000000000001</steeringAngle>
      <time>74</time>
    </ksState>
    <ksState>
      <x>56.22594581278564</x>
      <y>108.53470879065097</y>
      <orientation>-1.8025195277031743</orientation>
      <velocity>8.995108823529412</velocity>
      <steeringAngle>-0.13325</steeringAngle>
      <time>75</time>
    </ksState>
    <ksState>
      <x>56.01282679498963</x>
      <y>107.67581520070623</y>
      <orientation>-1.846235174348444</orientation>
      <velocity>8.399999999999999</velocity>
      <steeringAngle>-0.1066</steeringAngle>
      <time>76</time>
    </ksState>
    <ksState>
      <x>55.7816773773056</x>
      <y>106.88389141056702</y>
      <orientation>-1.8783528466186143</orientation>
      <velocity>7.799999999999998</velocity>
      <steeringAngle>-0.07995</steeringAngle>
      <time>77</time>
    </ksState>
    <ksState>
      <x>55.5457663757865</x>
      <y>106.15618987207381</y>
      <orientation>-1.900171542455337</orientation>
      <velocity>7.199999999999998</velocity>
      <steeringAngle>-0.053299999999999986</steeringAngle>
      <time>78</time>
    </ksState>
    <ksState>
      <x>55.315304672571536</x>
      <y>105.48992752525669</y>
      <orientation>-1.9129695389256083</orientation>
      <velocity>6.599999999999999</velocity>
      <steeringAngle>-0.02664999999999998</steeringAngle>
      <time>79</time>
    </ksState>
    <ksState>
      <x>55.09787297859016</x>
      <y>104.88268190030087</y>
      <orientation>-1.9180081761564078</orientation>
      <velocity>5.999999999999999</velocity>
      <steeringAngle>2.42861286636753e-17</steeringAngle>
      <time>80</time>
    </ksState>
    <ksState>
      <x>54.902213493477184</x>
      <y>104.34199496141171</y>
      <orientation>-1.9165871929063336</orientation>
      <velocity>5.0</velocity>
      <steeringAngle>0.026650000000000004</steeringAngle>
      <time>81</time>
    </ksState>
    <ksState>
      <x>54.74176384964442</x>
      <y>103.89491495046187</y>
      <orientation>-1.9105136076327105</orientation>
      <velocity>4.0</velocity>
      <steeringAngle>0.05330000000000001</steeringAngle>
      <time>82</time>
    </ksState>
    <ksState>
      <x>54.6174893150365</x>
      <y>103.54110675255872</y>
      <orientation>-1.9018484199756687</orientation>
      <velocity>3.0</velocity>
      <steeringAngle>0.07995000000000001</steeringAngle>
      <time>83</time>
    </ksState>
    <ksState>
      <x>54.52865514485741</x>
      <y>103.28085094951906</y>
      <orientation>-1.8926540712238742</orientation>
      <velocity>2.0</velocity>
      <steeringAngle>0.10660000000000001</steeringAngle>
      <time>84</time>
    </ksState>
    <ksState>
      <x>54.473592907867506</x>
      <y>103.11473947810433</y>
      <orientation>-1.8850003395969046</orientation>
      <velocity>1.0</velocity>
      <steeringAngle>0.13325</steeringAngle>
      <time>85</time>
    </ksState>
    <ksState>
      <x>54.444343520213685</x>
      <y>103.02435442333692</y>
      <orientation>-1.8798253935942835</orientation>
      <velocity>0.8</velocity>
      <steeringAngle>0.15990000000000001</steeringAngle>
      <time>86</time>
    </ksState>
    <ksState>
      <x>54.42161691948642</x>
      <y>102.95288070187867</y>
      <orientation>-1.8749491803127352</orientation>
      <velocity>0.6000000000000001</velocity>
      <steeringAngle>0.18655000000000002</steeringAngle>
      <time>87</time>
    </ksState>
    <ksState>
      <x>54.40519763273501</x>
      <y>102.90038876528853</y>
      <orientation>-1.8707897394505995</orientation>
      <velocity>0.40000000000000013</velocity>
      <steeringAngle>0.21320000000000003</steeringAngle>
      <time>88</time>
    </ksState>
    <ksState>
      <x>54.39487871112771</x>
      <y>102.86694449804845</y>
      <orientation>-1.867770244358443</orientation>
      <velocity>0.20000000000000015</velocity>
      <steeringAngle>0.23985000000000004</steeringAngle>
      <time>89</time>
    </ksState>
    <ksState>
      <x>54.39049382675605</x>
      <y>102.85259971697366</y>
      <orientation>-1.8663203269043145</orientation>
      <velocity>1.3877787807814457e-16</velocity>
      <steeringAngle>0.2665</steeringAngle>
      <time>90</time>
    </ksState>
    <ksState>
      <x>54.38758141500992</x>
      <y>102.84303322034108</y>
      <orientation>-1.8652060400429546</orientation>
      <velocity>0.4</velocity>
      <steeringAngle>0.29315</steeringAngle>
      <time>91</time>
    </ksState>
    <ksState>
      <x>54.37313989307526</x>
      <y>102.79516424127975</y>
      <orientation>-1.8591840117368217</orientation>
      <velocity>0.8</velocity>
      <steeringAngle>0.3198000000000001</steeringAngle>
      <time>92</time>
    </ksState>
    <ksState>
      <x>54.34778968307636</x>
      <y>102.70880849980898</y>
      <orientation>-1.8473388221569746</orientation>
      <velocity>1.2</velocity>
      <steeringAngle>0.34645000000000015</steeringAngle>
      <time>93</time>
    </ksState>
    <ksState>
      <x>54.31286190197805</x>
      <y>102.58358967607133</y>
      <orientation>-1.8287298721360417</orientation>
      <velocity>1.5999999999999999</velocity>
      <steeringAngle>0.3731000000000002</steeringAngle>
      <time>94</time>
    </ksState>
    <ksState>
      <x>54.2705561399886</x>
      <y>102.41894107775391</y>
      <orientation>-1.802387731486953</orientation>
      <velocity>1.9999999999999998</velocity>
      <steeringAngle>0.39975000000000027</steeringAngle>
      <time>95</time>
    </ksState>
    <ksState>
      <x>54.228383858029005</x>
      <y>102.23368697356686</y>
      <orientation>-1.7718053737033643</orientation>
      <velocity>1.6</velocity>
      <steeringAngle>0.3731</steeringAngle>
      <time>96</time>
    </ksState>
    <ksState>
      <x>54.199269011604116</x>
      <y>102.08654248658715</y>
      <orientation>-1.7494529600880093</orientation>
      <velocity>1.2000000000000002</velocity>
      <steeringAngle>0.3464499999999999</steeringAngle>
      <time>97</time>
    </ksState>
    <ksState>
      <x>54.180134740202774</x>
      <y>101.97822042963327</y>
      <orientation>-1.7343451780442587</orientation>
      <velocity>0.8000000000000003</velocity>
      <steeringAngle>0.31979999999999986</steeringAngle>
      <time>98</time>
    </ksState>
    <ksState>
      <x>54.168889393655824</x>
      <y>101.90912983316593</y>
      <orientation>-1.7255274881047744</orientation>
      <velocity>0.4000000000000003</velocity>
      <steeringAngle>0.2931499999999998</steeringAngle>
      <time>99</time>
    </ksState>
    <ksState>
      <x>54.164289092672796</x>
      <y>101.87948466264997</y>
      <orientation>-1.7220723191961262</orientation>
      <velocity>2.7755575615628914e-16</velocity>
      <steeringAngle>0.26649999999999974</steeringAngle>
      <time>100</time>
    </ksState>
    <ksState>
      <x>54.164289092672796</x>
      <y>101.87948466264997</y>
      <orientation>-1.7220723191961262</orientation>
      <velocity>0.0</velocity>
      <steeringAngle>0.23985000000000004</steeringAngle>
      <time>101</time>
    </ksState>
    <ksState>
      <x>54.164289092672796</x>
      <y>101.87948466264997</y>
      <orientation>-1.7220723191961262</orientation>
      <velocity>0.0</velocity>
      <steeringAngle>0.21320000000000003</steeringAngle>
      <time>102</time>
    </ksState>
    <ksState>
      <x>54.164289092672796</x>
      <y>101.87948466264997</y>
      <orientation>-1.7220723191961262</orientation>
      <velocity>0.0</velocity>
      <steeringAngle>0.18655000000000002</steeringAngle>
      <time>103</time>
    </ksState>
    <ksState>
      <x>54.164289092672796</x>
      <y>101.87948466264997</y>
      <orientation>-1.7220723191961262</orientation>
      <velocity>0.0</velocity>
      <steeringAngle>0.15990000000000001</steeringAngle>
      <time>104</time>
    </ksState>
    <ksState>
      <x>54.164289092672796</x>
      <y>101.87948466264997</y>
      <orientation>-1.7220723191961262</orientation>
      <velocity>0.0</velocity>
      <steeringAngle>0.13325</steeringAngle>
      <time>105</time>
    </ksState>
    <ksState>
      <x>54.164289092672796</x>
      <y>101.87948466264997</y>
      <orientation>-1.7220723191961262</orientation>
      <velocity>0.0</velocity>
      <steeringAngle>0.1066</steeringAngle>
      <time>106</time>
    </ksState>
    <ksState>
      <x>54.164289092672796</x>
      <y>101.87948466264997</y>
      <orientation>-1.7220723191961262</orientation>
      <velocity>0.0</velocity>
      <steeringAngle>0.07995</steeringAngle>
      <time>107</time>
    </ksState>
    <ksState>
      <x>54.164289092672796</x>
      <y>101.87948466264997</y>
      <orientation>-1.7220723191961262</orientation>
      <velocity>0.0</velocity>
      <steeringAngle>0.053299999999999986</steeringAngle>
      <time>108</time>
    </ksState>
    <ksState>
      <x>54.164289092672796</x>
      <y>101.87948466264997</y>
      <orientation>-1.7220723191961262</orientation>
      <velocity>0.0</velocity>
      <steeringAngle>0.02664999999999998</steeringAngle>
      <time>109</time>
    </ksState>
    <ksState>
      <x>54.164289092672796</x>
      <y>101.87948466264997</y>
      <orientation>-1.7220723191961262</orientation>
      <velocity>0.0</velocity>
      <steeringAngle>-2.42861286636753e-17</steeringAngle>
      <time>110</time>
    </ksState>
    <ksState>
      <x>54.160521600801324</x>
      <y>101.85477017287174</y>
      <orientation>-1.7220723191961262</orientation>
      <velocity>1.0</velocity>
      <steeringAngle>0.0</steeringAngle>
      <time>111</time>
    </ksState>
    <ksState>
      <x>54.14168414144396</x>
      <y>101.73119772398057</y>
      <orientation>-1.7220723191961262</orientation>
      <velocity>2.0</velocity>
      <steeringAngle>0.0</steeringAngle>
      <time>112</time>
    </ksState>
    <ksState>
      <x>54.1077767146007</x>
      <y>101.50876731597647</y>
      <orientation>-1.7220723191961262</orientation>
      <velocity>3.0</velocity>
      <steeringAngle>0.0</steeringAngle>
      <time>113</time>
    </ksState>
    <ksState>
      <x>54.05879932027156</x>
      <y>101.18747894885945</y>
      <orientation>-1.7220723191961262</orientation>
      <velocity>4.0</velocity>
      <steeringAngle>0.0</steeringAngle>
      <time>114</time>
    </ksState>
    <ksState>
      <x>53.99475195845652</x>
      <y>100.76733262262948</y>
      <orientation>-1.7220723191961262</orientation>
      <velocity>5.0</velocity>
      <steeringAngle>0.0</steeringAngle>
      <time>115</time>
    </ksState>
    <ksState>
      <x>53.916388127529885</x>
      <y>100.25327123524224</y>
      <orientation>-1.7220723191961262</orientation>
      <velocity>5.800000000000001</velocity>
      <steeringAngle>0.0</steeringAngle>
      <time>116</time>
    </ksState>
    <ksState>
      <x>53.825968322614536</x>
      <y>99.66012348056464</y>
      <orientation>-1.7220723191961262</orientation>
      <velocity>6.600000000000001</velocity>
      <steeringAngle>0.0</steeringAngle>
      <time>117</time>
    </ksState>
    <ksState>
      <x>53.72349254371048</x>
      <y>98.9878893585967</y>
      <orientation>-1.7220723191961262</orientation>
      <velocity>7.400000000000002</velocity>
      <steeringAngle>0.0</steeringAngle>
      <time>118</time>
    </ksState>
    <ksState>
      <x>53.608960790817704</x>
      <y>98.23656886933841</y>
      <orientation>-1.7220723191961262</orientation>
      <velocity>8.200000000000003</velocity>
      <steeringAngle>0.0</steeringAngle>
      <time>119</time>
    </ksState>
    <ksState>
      <x>53.482373063936215</x>
      <y>97.40616201278978</y>
      <orientation>-1.7220723191961262</orientation>
      <velocity>9.000000000000004</velocity>
      <steeringAngle>0.0</steeringAngle>
      <time>120</time>
    </ksState>
    <ksState>
      <x>53.34448286144031</x>
      <y>96.50161168690644</y>
      <orientation>-1.7220723191961262</orientation>
      <velocity>9.600000000000001</velocity>
      <steeringAngle>0.0</steeringAngle>
      <time>121</time>
    </ksState>
    <ksState>
      <x>53.19755067845287</x>
      <y>95.53774658555535</y>
      <orientation>-1.7220723191961262</orientation>
      <velocity>10.200000000000003</velocity>
      <steeringAngle>0.0</steeringAngle>
      <time>122</time>
    </ksState>
    <ksState>
      <x>53.0415765149739</x>
      <y>94.51456670873651</y>
      <orientation>-1.7220723191961262</orientation>
      <velocity>10.800000000000004</velocity>
      <steeringAngle>0.0</steeringAngle>
      <time>123</time>
    </ksState>
    <ksState>
      <x>52.87656037100339</x>
      <y>93.4320720564499</y>
      <orientation>-1.7220723191961262</orientation>
      <velocity>11.400000000000006</velocity>
      <steeringAngle>0.0</steeringAngle>
      <time>124</time>
    </ksState>
    <ksState>
      <x>52.70250224654135</x>
      <y>92.29026262869553</y>
      <orientation>-1.7220723191961262</orientation>
      <velocity>12.000000000000007</velocity>
      <steeringAngle>0.0</steeringAngle>
      <time>125</time>
    </ksState>
    <ksState>
      <x>52.52015563996207</x>
      <y>91.09408132342905</y>
      <orientation>-1.7220723191961262</orientation>
      <velocity>12.399999999999999</velocity>
      <steeringAngle>0.0</steeringAngle>
      <time>126</time>
    </ksState>
    <ksState>
      <x>52.33178104638843</x>
      <y>89.8583568345174</y>
      <orientation>-1.7220723191961262</orientation>
      <velocity>12.799999999999997</velocity>
      <steeringAngle>0.0</steeringAngle>
      <time>127</time>
    </ksState>
    <ksState>
      <x>52.13737846582043</x>
      <y>88.58308916196057</y>
      <orientation>-1.7220723191961262</orientation>
      <velocity>13.199999999999996</velocity>
      <steeringAngle>0.0</steeringAngle>
      <time>128</time>
    </ksState>
    <ksState>
      <x>51.936947898258076</x>
      <y>87.26827830575857</y>
      <orientation>-1.7220723191961262</orientation>
      <velocity>13.599999999999994</velocity>
      <steeringAngle>0.0</steeringAngle>
      <time>129</time>
    </ksState>
    <ksState>
      <x>51.73048934370137</x>
      <y>85.9139242659114</y>
      <orientation>-1.7220723191961262</orientation>
      <velocity>13.999999999999993</velocity>
      <steeringAngle>0.0</steeringAngle>
      <time>130</time>
    </ksState>
    <ksState>
      <x>51.518002802150306</x>
      <y>84.52002704241906</y>
      <orientation>-1.7220723191961262</orientation>
      <velocity>14.399999999999999</velocity>
      <steeringAngle>0.0</steeringAngle>
      <time>131</time>
    </ksState>
    <ksState>
      <x>51.29948827360489</x>
      <y>83.08658663528155</y>
      <orientation>-1.7220723191961262</orientation>
      <velocity>14.799999999999997</velocity>
      <steeringAngle>0.0</steeringAngle>
      <time>132</time>
    </ksState>
    <ksState>
      <x>51.074945758065105</x>
      <y>81.61360304449886</y>
      <orientation>-1.7220723191961262</orientation>
      <velocity>15.199999999999996</velocity>
      <steeringAngle>0.0</steeringAngle>
      <time>133</time>
    </ksState>
    <ksState>
      <x>50.84437525553097</x>
      <y>80.10107627007099</y>
      <orientation>-1.7220723191961262</orientation>
      <velocity>15.599999999999994</velocity>
      <steeringAngle>0.0</steeringAngle>
      <time>134</time>
    </ksState>
    <ksState>
      <x>50.60777676600248</x>
      <y>78.54900631199796</y>
      <orientation>-1.7220723191961262</orientation>
      <velocity>15.999999999999993</velocity>
      <steeringAngle>0.0</steeringAngle>
      <time>135</time>
    </ksState>
    <ksState>
      <x>50.368164282976814</x>
      <y>76.97716476210233</y>
      <orientation>-1.7220723191961262</orientation>
      <velocity>15.600000000000001</velocity>
      <steeringAngle>0.0</steeringAngle>
      <time>136</time>
    </ksState>
    <ksState>
      <x>50.134579786945494</x>
      <y>75.44486639585189</y>
      <orientation>-1.7220723191961262</orientation>
      <velocity>15.200000000000003</velocity>
      <steeringAngle>0.0</steeringAngle>
      <time>137</time>
    </ksState>
    <ksState>
      <x>49.90702327790854</x>
      <y>73.95211121324661</y>
      <orientation>-1.7220723191961262</orientation>
      <velocity>14.800000000000004</velocity>
      <steeringAngle>0.0</steeringAngle>
      <time>138</time>
    </ksState>
    <ksState>
      <x>49.68549475586594</x>
      <y>72.4988992142865</y>
      <orientation>-1.7220723191961262</orientation>
      <velocity>14.400000000000006</velocity>
      <steeringAngle>0.0</steeringAngle>
      <time>139</time>
    </ksState>
    <ksState>
      <x>49.469994220817696</x>
      <y>71.08523039897158</y>
      <orientation>-1.7220723191961262</orientation>
      <velocity>14.000000000000007</velocity>
      <steeringAngle>0.0</steeringAngle>
      <time>140</time>
    </ksState>
    <ksState>
      <x>49.26278216788669</x>
      <y>69.72593346116875</y>
      <orientation>-1.7220723191961262</orientation>
      <velocity>13.0</velocity>
      <steeringAngle>0.0</steeringAngle>
      <time>141</time>
    </ksState>
    <ksState>
      <x>49.07064008244158</x>
      <y>68.46549448247887</y>
      <orientation>-1.7220723191961262</orientation>
      <velocity>12.0</velocity>
      <steeringAngle>0.0</steeringAngle>
      <time>142</time>
    </ksState>
    <ksState>
      <x>48.89356796448236</x>
      <y>67.30391346290192</y>
      <orientation>-1.7220723191961262</orientation>
      <velocity>11.0</velocity>
      <steeringAngle>0.0</steeringAngle>
      <time>143</time>
    </ksState>
    <ksState>
      <x>48.73156581400903</x>
      <y>66.2411904024379</y>
      <orientation>-1.7220723191961262</orientation>
      <velocity>10.0</velocity>
      <steeringAngle>0.0</steeringAngle>
      <time>144</time>
    </ksState>
    <ksState>
      <x>48.58463363102159</x>
      <y>65.2773253010868</y>
      <orientation>-1.7220723191961262</orientation>
      <velocity>9.0</velocity>
      <steeringAngle>0.0</steeringAngle>
      <time>145</time>
    </ksState>
    <ksState>
      <x>48.452017917145746</x>
      <y>64.407375260893</y>
      <orientation>-1.7220723191961262</orientation>
      <velocity>8.2</velocity>
      <steeringAngle>0.0</steeringAngle>
      <time>146</time>
    </ksState>
    <ksState>
      <x>48.33145817725862</x>
      <y>63.61651158798954</y>
      <orientation>-1.7220723191961262</orientation>
      <velocity>7.399999999999999</velocity>
      <steeringAngle>0.0</steeringAngle>
      <time>147</time>
    </ksState>
    <ksState>
      <x>48.2229544113602</x>
      <y>62.90473428237643</y>
      <orientation>-1.7220723191961262</orientation>
      <velocity>6.599999999999998</velocity>
      <steeringAngle>0.0</steeringAngle>
      <time>148</time>
    </ksState>
    <ksState>
      <x>48.126506619450495</x>
      <y>62.272043344053664</y>
      <orientation>-1.7220723191961262</orientation>
      <velocity>5.799999999999997</velocity>
      <steeringAngle>0.0</steeringAngle>
      <time>149</time>
    </ksState>
    <ksState>
      <x>48.04211480152951</x>
      <y>61.71843877302125</y>
      <orientation>-1.7220723191961262</orientation>
      <velocity>4.9999999999999964</velocity>
      <steeringAngle>0.0</steeringAngle>
      <time>150</time>
    </ksState>
    <ksState>
      <x>47.97053245597152</x>
      <y>61.24886346723482</y>
      <orientation>-1.7220723191961262</orientation>
      <velocity>4.0</velocity>
      <steeringAngle>0.0</steeringAngle>
      <time>151</time>
    </ksState>
    <ksState>
      <x>47.91402007789943</x>
      <y>60.878146120561325</y>
      <orientation>-1.7220723191961262</orientation>
      <velocity>3.0</velocity>
      <steeringAngle>0.0</steeringAngle>
      <time>152</time>
    </ksState>
    <ksState>
      <x>47.87257766731323</x>
      <y>60.60628673300076</y>
      <orientation>-1.7220723191961262</orientation>
      <velocity>2.0</velocity>
      <steeringAngle>0.0</steeringAngle>
      <time>153</time>
    </ksState>
    <ksState>
      <x>47.84620522421292</x>
      <y>60.43328530455313</y>
      <orientation>-1.7220723191961262</orientation>
      <velocity>1.0</velocity>
      <steeringAngle>0.0</steeringAngle>
      <time>154</time>
    </ksState>
    <ksState>
      <x>47.8349027485985</x>
      <y>60.35914183521843</y>
      <orientation>-1.7220723191961262</orientation>
      <velocity>0.0</velocity>
      <steeringAngle>0.0</steeringAngle>
      <time>155</time>
    </ksState>
  </ksTrajectory>
</CommonRoadSolution>
