<?xml version="1.0" ?>
<CommonRoadSolution benchmark_id="KS2:SM1:CHN_Sha-1_3_T-1:2018b" date="2019-11-18">
  <ksTrajectory planningProblem="1">
    <ksState>
      <x>-19.3971</x>
      <y>235.1208</y>
      <orientation>-1.418</orientation>
      <velocity>20.0</velocity>
      <steeringAngle>0.0</steeringAngle>
      <time>0</time>
    </ksState>
    <ksState>
      <x>-19.092695056663302</x>
      <y>233.14410133038135</y>
      <orientation>-1.418</orientation>
      <velocity>20.0</velocity>
      <steeringAngle>0.0</steeringAngle>
      <time>1</time>
    </ksState>
    <ksState>
      <x>-18.788290113326607</x>
      <y>231.1674026607627</y>
      <orientation>-1.418</orientation>
      <velocity>20.0</velocity>
      <steeringAngle>0.0</steeringAngle>
      <time>2</time>
    </ksState>
    <ksState>
      <x>-18.483885169989914</x>
      <y>229.19070399114403</y>
      <orientation>-1.418</orientation>
      <velocity>20.0</velocity>
      <steeringAngle>0.0</steeringAngle>
      <time>3</time>
    </ksState>
    <ksState>
      <x>-18.17948022665322</x>
      <y>227.21400532152535</y>
      <orientation>-1.418</orientation>
      <velocity>20.0</velocity>
      <steeringAngle>0.0</steeringAngle>
      <time>4</time>
    </ksState>
    <ksState>
      <x>-17.875075283316523</x>
      <y>225.2373066519067</y>
      <orientation>-1.418</orientation>
      <velocity>20.0</velocity>
      <steeringAngle>0.0</steeringAngle>
      <time>5</time>
    </ksState>
    <ksState>
      <x>-17.570670339979827</x>
      <y>223.26060798228804</y>
      <orientation>-1.418</orientation>
      <velocity>20.0</velocity>
      <steeringAngle>0.0</steeringAngle>
      <time>6</time>
    </ksState>
    <ksState>
      <x>-17.26626539664313</x>
      <y>221.28390931266938</y>
      <orientation>-1.418</orientation>
      <velocity>20.0</velocity>
      <steeringAngle>0.0</steeringAngle>
      <time>7</time>
    </ksState>
    <ksState>
      <x>-16.96186045330644</x>
      <y>219.30721064305072</y>
      <orientation>-1.418</orientation>
      <velocity>20.0</velocity>
      <steeringAngle>0.0</steeringAngle>
      <time>8</time>
    </ksState>
    <ksState>
      <x>-16.657455509969743</x>
      <y>217.33051197343204</y>
      <orientation>-1.418</orientation>
      <velocity>20.0</velocity>
      <steeringAngle>0.0</steeringAngle>
      <time>9</time>
    </ksState>
    <ksState>
      <x>-16.353050566633048</x>
      <y>215.35381330381338</y>
      <orientation>-1.418</orientation>
      <velocity>20.0</velocity>
      <steeringAngle>0.0</steeringAngle>
      <time>10</time>
    </ksState>
    <ksState>
      <x>-16.050928660371376</x>
      <y>213.39193987421686</y>
      <orientation>-1.418</orientation>
      <velocity>19.4</velocity>
      <steeringAngle>0.0</steeringAngle>
      <time>11</time>
    </ksState>
    <ksState>
      <x>-15.757938902409808</x>
      <y>211.4893674047089</y>
      <orientation>-1.418</orientation>
      <velocity>18.799999999999997</velocity>
      <steeringAngle>0.0</steeringAngle>
      <time>12</time>
    </ksState>
    <ksState>
      <x>-15.474081292748341</x>
      <y>209.6460958952895</y>
      <orientation>-1.418</orientation>
      <velocity>18.199999999999996</velocity>
      <steeringAngle>0.0</steeringAngle>
      <time>13</time>
    </ksState>
    <ksState>
      <x>-15.199355831386974</x>
      <y>207.86212534595865</y>
      <orientation>-1.418</orientation>
      <velocity>17.599999999999994</velocity>
      <steeringAngle>0.0</steeringAngle>
      <time>14</time>
    </ksState>
    <ksState>
      <x>-14.933762518325707</x>
      <y>206.13745575671638</y>
      <orientation>-1.418</orientation>
      <velocity>16.999999999999993</velocity>
      <steeringAngle>0.0</steeringAngle>
      <time>15</time>
    </ksState>
    <ksState>
      <x>-14.677301353564541</x>
      <y>204.47208712756265</y>
      <orientation>-1.4136853781315928</orientation>
      <velocity>16.4</velocity>
      <steeringAngle>0.026650000000000004</steeringAngle>
      <time>16</time>
    </ksState>
    <ksState>
      <x>-14.416310761675202</x>
      <y>202.8681976391819</y>
      <orientation>-1.3927249167756437</orientation>
      <velocity>15.799999999999997</velocity>
      <steeringAngle>0.05330000000000001</steeringAngle>
      <time>17</time>
    </ksState>
    <ksState>
      <x>-14.126652898031978</x>
      <y>201.33029003482332</y>
      <orientation>-1.3563305765616724</orientation>
      <velocity>15.199999999999996</velocity>
      <steeringAngle>0.07995000000000001</steeringAngle>
      <time>18</time>
    </ksState>
    <ksState>
      <x>-13.789208875989065</x>
      <y>199.863715491676</y>
      <orientation>-1.3056953243110465</orientation>
      <velocity>14.599999999999994</velocity>
      <steeringAngle>0.10660000000000001</steeringAngle>
      <time>19</time>
    </ksState>
    <ksState>
      <x>-13.389797793717573</x>
      <y>198.4751849888206</y>
      <orientation>-1.241996415565751</orientation>
      <velocity>13.999999999999993</velocity>
      <steeringAngle>0.13325</steeringAngle>
      <time>20</time>
    </ksState>
    <ksState>
      <x>-12.917349064203693</x>
      <y>197.16818350544574</y>
      <orientation>-1.1733712802242136</orientation>
      <velocity>13.600000000000001</velocity>
      <steeringAngle>0.1066</steeringAngle>
      <time>21</time>
    </ksState>
    <ksState>
      <x>-12.377512713764222</x>
      <y>195.930963216296</y>
      <orientation>-1.1208530451318723</orientation>
      <velocity>13.200000000000003</velocity>
      <steeringAngle>0.07995</steeringAngle>
      <time>22</time>
    </ksState>
    <ksState>
      <x>-11.795833525229387</x>
      <y>194.75726437979256</y>
      <orientation>-1.0835310548927055</orientation>
      <velocity>12.800000000000004</velocity>
      <steeringAngle>0.053299999999999986</steeringAngle>
      <time>23</time>
    </ksState>
    <ksState>
      <x>-11.193861058950302</x>
      <y>193.63902537456565</y>
      <orientation>-1.0605205781681608</orientation>
      <velocity>12.400000000000006</velocity>
      <steeringAngle>0.02664999999999998</steeringAngle>
      <time>24</time>
    </ksState>
    <ksState>
      <x>-10.589702016793094</x>
      <y>192.56763547369894</y>
      <orientation>-1.0509600983075351</orientation>
      <velocity>12.000000000000007</velocity>
      <steeringAngle>-2.42861286636753e-17</steeringAngle>
      <time>25</time>
    </ksState>
    <ksState>
      <x>-9.988649028176464</x>
      <y>191.51747581684907</y>
      <orientation>-1.0509600983075351</orientation>
      <velocity>12.399999999999999</velocity>
      <steeringAngle>0.0</steeringAngle>
      <time>26</time>
    </ksState>
    <ksState>
      <x>-9.367726519274987</x>
      <y>190.43260013828518</y>
      <orientation>-1.0509600983075351</orientation>
      <velocity>12.799999999999997</velocity>
      <steeringAngle>0.0</steeringAngle>
      <time>27</time>
    </ksState>
    <ksState>
      <x>-8.726934490088663</x>
      <y>189.31300843800722</y>
      <orientation>-1.0509600983075351</orientation>
      <velocity>13.199999999999996</velocity>
      <steeringAngle>0.0</steeringAngle>
      <time>28</time>
    </ksState>
    <ksState>
      <x>-8.066272940617491</x>
      <y>188.15870071601523</y>
      <orientation>-1.0509600983075351</orientation>
      <velocity>13.599999999999994</velocity>
      <steeringAngle>0.0</steeringAngle>
      <time>29</time>
    </ksState>
    <ksState>
      <x>-7.385741870861474</x>
      <y>186.9696769723092</y>
      <orientation>-1.0509600983075351</orientation>
      <velocity>13.999999999999993</velocity>
      <steeringAngle>0.0</steeringAngle>
      <time>30</time>
    </ksState>
    <ksState>
      <x>-6.685341280820608</x>
      <y>185.74593720688912</y>
      <orientation>-1.0509600983075351</orientation>
      <velocity>14.399999999999999</velocity>
      <steeringAngle>0.0</steeringAngle>
      <time>31</time>
    </ksState>
    <ksState>
      <x>-5.965071170494895</x>
      <y>184.487481419755</y>
      <orientation>-1.0509600983075351</orientation>
      <velocity>14.799999999999997</velocity>
      <steeringAngle>0.0</steeringAngle>
      <time>32</time>
    </ksState>
    <ksState>
      <x>-5.224931539884334</x>
      <y>183.1943096109068</y>
      <orientation>-1.0509600983075351</orientation>
      <velocity>15.199999999999996</velocity>
      <steeringAngle>0.0</steeringAngle>
      <time>33</time>
    </ksState>
    <ksState>
      <x>-4.464922388988927</x>
      <y>181.86642178034458</y>
      <orientation>-1.0509600983075351</orientation>
      <velocity>15.599999999999994</velocity>
      <steeringAngle>0.0</steeringAngle>
      <time>34</time>
    </ksState>
    <ksState>
      <x>-3.6850437178086723</x>
      <y>180.50381792806832</y>
      <orientation>-1.0509600983075351</orientation>
      <velocity>15.999999999999993</velocity>
      <steeringAngle>0.0</steeringAngle>
      <time>35</time>
    </ksState>
    <ksState>
      <x>-2.8927465964503876</x>
      <y>179.11951656222078</y>
      <orientation>-1.0509600983075351</orientation>
      <velocity>15.8</velocity>
      <steeringAngle>0.0</steeringAngle>
      <time>36</time>
    </ksState>
    <ksState>
      <x>-2.110384235234527</x>
      <y>177.75257320723026</y>
      <orientation>-1.0509600983075351</orientation>
      <velocity>15.600000000000001</velocity>
      <steeringAngle>0.0</steeringAngle>
      <time>37</time>
    </ksState>
    <ksState>
      <x>-1.3379566341610891</x>
      <y>176.40298786309674</y>
      <orientation>-1.0509600983075351</orientation>
      <velocity>15.400000000000002</velocity>
      <steeringAngle>0.0</steeringAngle>
      <time>38</time>
    </ksState>
    <ksState>
      <x>-0.575463793230075</x>
      <y>175.07076052982026</y>
      <orientation>-1.0509600983075351</orientation>
      <velocity>15.200000000000003</velocity>
      <steeringAngle>0.0</steeringAngle>
      <time>39</time>
    </ksState>
    <ksState>
      <x>0.17709428755851464</x>
      <y>173.75589120740082</y>
      <orientation>-1.0509600983075351</orientation>
      <velocity>15.000000000000004</velocity>
      <steeringAngle>0.0</steeringAngle>
      <time>40</time>
    </ksState>
    <ksState>
      <x>0.9147502281334692</x>
      <y>172.4670589012669</y>
      <orientation>-1.0547579989940972</orientation>
      <velocity>14.399999999999999</velocity>
      <steeringAngle>-0.026650000000000004</steeringAngle>
      <time>41</time>
    </ksState>
    <ksState>
      <x>1.613326651917125</x>
      <y>171.22504929306626</y>
      <orientation>-1.0731339364408259</orientation>
      <velocity>13.799999999999997</velocity>
      <steeringAngle>-0.05330000000000001</steeringAngle>
      <time>42</time>
    </ksState>
    <ksState>
      <x>2.256441618600431</x>
      <y>170.02108366081495</y>
      <orientation>-1.1048722725324471</orientation>
      <velocity>13.199999999999996</velocity>
      <steeringAngle>-0.07995000000000001</steeringAngle>
      <time>43</time>
    </ksState>
    <ksState>
      <x>2.83083513715638</x>
      <y>168.8493677778334</y>
      <orientation>-1.1487733989622448</orientation>
      <velocity>12.599999999999994</velocity>
      <steeringAngle>-0.10660000000000001</steeringAngle>
      <time>44</time>
    </ksState>
    <ksState>
      <x>3.326045340412335</x>
      <y>167.70720880500065</y>
      <orientation>-1.2036504166972248</orientation>
      <velocity>11.999999999999993</velocity>
      <steeringAngle>-0.13325</steeringAngle>
      <time>45</time>
    </ksState>
    <ksState>
      <x>3.74251911332407</x>
      <y>166.57129786629338</y>
      <orientation>-1.2633397368175996</orientation>
      <velocity>12.399999999999999</velocity>
      <steeringAngle>-0.1066</steeringAngle>
      <time>46</time>
    </ksState>
    <ksState>
      <x>4.1053050986399215</x>
      <y>165.37520930515421</y>
      <orientation>-1.311917475856665</orientation>
      <velocity>12.799999999999997</velocity>
      <steeringAngle>-0.07995</steeringAngle>
      <time>47</time>
    </ksState>
    <ksState>
      <x>4.423015579102932</x>
      <y>164.12501108398473</y>
      <orientation>-1.3486181129152246</orientation>
      <velocity>13.199999999999996</velocity>
      <steeringAngle>-0.053299999999999986</steeringAngle>
      <time>48</time>
    </ksState>
    <ksState>
      <x>4.707150971328758</x>
      <y>162.8257479677034</y>
      <orientation>-1.3726626931931958</orientation>
      <velocity>13.599999999999994</velocity>
      <steeringAngle>-0.02664999999999998</steeringAngle>
      <time>49</time>
    </ksState>
    <ksState>
      <x>4.972063322283029</x>
      <y>161.4816132025161</y>
      <orientation>-1.3832567255462045</orientation>
      <velocity>13.999999999999993</velocity>
      <steeringAngle>2.42861286636753e-17</steeringAngle>
      <time>50</time>
    </ksState>
    <ksState>
      <x>5.234946829621431</x>
      <y>160.09633624047223</y>
      <orientation>-1.3832567255462045</orientation>
      <velocity>14.399999999999999</velocity>
      <steeringAngle>0.0</steeringAngle>
      <time>51</time>
    </ksState>
    <ksState>
      <x>5.505288025111278</x>
      <y>158.67176064120727</y>
      <orientation>-1.3832567255462045</orientation>
      <velocity>14.799999999999997</velocity>
      <steeringAngle>0.0</steeringAngle>
      <time>52</time>
    </ksState>
    <ksState>
      <x>5.783086908752568</x>
      <y>157.2078864047212</y>
      <orientation>-1.3832567255462045</orientation>
      <velocity>15.199999999999996</velocity>
      <steeringAngle>0.0</steeringAngle>
      <time>53</time>
    </ksState>
    <ksState>
      <x>6.068343480545302</x>
      <y>155.70471353101405</y>
      <orientation>-1.3832567255462045</orientation>
      <velocity>15.599999999999994</velocity>
      <steeringAngle>0.0</steeringAngle>
      <time>54</time>
    </ksState>
    <ksState>
      <x>6.36105774048948</x>
      <y>154.16224202008578</y>
      <orientation>-1.3832567255462045</orientation>
      <velocity>15.999999999999993</velocity>
      <steeringAngle>0.0</steeringAngle>
      <time>55</time>
    </ksState>
    <ksState>
      <x>6.661229688585102</x>
      <y>152.58047187193642</y>
      <orientation>-1.3832567255462045</orientation>
      <velocity>16.4</velocity>
      <steeringAngle>0.0</steeringAngle>
      <time>56</time>
    </ksState>
    <ksState>
      <x>6.968859324832169</x>
      <y>150.95940308656594</y>
      <orientation>-1.3832567255462045</orientation>
      <velocity>16.799999999999997</velocity>
      <steeringAngle>0.0</steeringAngle>
      <time>57</time>
    </ksState>
    <ksState>
      <x>7.283946649230679</x>
      <y>149.29903566397437</y>
      <orientation>-1.3832567255462045</orientation>
      <velocity>17.199999999999996</velocity>
      <steeringAngle>0.0</steeringAngle>
      <time>58</time>
    </ksState>
    <ksState>
      <x>7.606491661780634</x>
      <y>147.5993696041617</y>
      <orientation>-1.3832567255462045</orientation>
      <velocity>17.599999999999994</velocity>
      <steeringAngle>0.0</steeringAngle>
      <time>59</time>
    </ksState>
    <ksState>
      <x>7.9364943624820325</x>
      <y>145.8604049071279</y>
      <orientation>-1.3832567255462045</orientation>
      <velocity>17.999999999999993</velocity>
      <steeringAngle>0.0</steeringAngle>
      <time>60</time>
    </ksState>
    <ksState>
      <x>8.273954751334875</x>
      <y>144.082141572873</y>
      <orientation>-1.3832567255462045</orientation>
      <velocity>18.4</velocity>
      <steeringAngle>0.0</steeringAngle>
      <time>61</time>
    </ksState>
    <ksState>
      <x>8.618872828339162</x>
      <y>142.26457960139703</y>
      <orientation>-1.3832567255462045</orientation>
      <velocity>18.799999999999997</velocity>
      <steeringAngle>0.0</steeringAngle>
      <time>62</time>
    </ksState>
    <ksState>
      <x>8.971248593494892</x>
      <y>140.40771899269996</y>
      <orientation>-1.3832567255462045</orientation>
      <velocity>19.199999999999996</velocity>
      <steeringAngle>0.0</steeringAngle>
      <time>63</time>
    </ksState>
    <ksState>
      <x>9.331082046802067</x>
      <y>138.51155974678176</y>
      <orientation>-1.3832567255462045</orientation>
      <velocity>19.599999999999994</velocity>
      <steeringAngle>0.0</steeringAngle>
      <time>64</time>
    </ksState>
    <ksState>
      <x>9.698373188260685</x>
      <y>136.57610186364246</y>
      <orientation>-1.3832567255462045</orientation>
      <velocity>19.999999999999993</velocity>
      <steeringAngle>0.0</steeringAngle>
      <time>65</time>
    </ksState>
    <ksState>
      <x>10.071257595832888</x>
      <y>134.61117000258736</y>
      <orientation>-1.3832567255462045</orientation>
      <velocity>20.0</velocity>
      <steeringAngle>0.0</steeringAngle>
      <time>66</time>
    </ksState>
    <ksState>
      <x>10.444142003405089</x>
      <y>132.64623814153222</y>
      <orientation>-1.3832567255462045</orientation>
      <velocity>20.0</velocity>
      <steeringAngle>0.0</steeringAngle>
      <time>67</time>
    </ksState>
    <ksState>
      <x>10.817026410977292</x>
      <y>130.68130628047712</y>
      <orientation>-1.3832567255462045</orientation>
      <velocity>20.0</velocity>
      <steeringAngle>0.0</steeringAngle>
      <time>68</time>
    </ksState>
    <ksState>
      <x>11.189910818549492</x>
      <y>128.71637441942198</y>
      <orientation>-1.3832567255462045</orientation>
      <velocity>20.0</velocity>
      <steeringAngle>0.0</steeringAngle>
      <time>69</time>
    </ksState>
    <ksState>
      <x>11.562795226121695</x>
      <y>126.75144255836688</y>
      <orientation>-1.3832567255462045</orientation>
      <velocity>20.0</velocity>
      <steeringAngle>0.0</steeringAngle>
      <time>70</time>
    </ksState>
    <ksState>
      <x>11.935679633693898</x>
      <y>124.78651069731175</y>
      <orientation>-1.3832567255462045</orientation>
      <velocity>20.0</velocity>
      <steeringAngle>0.0</steeringAngle>
      <time>71</time>
    </ksState>
    <ksState>
      <x>12.308564041266099</x>
      <y>122.82157883625663</y>
      <orientation>-1.3832567255462045</orientation>
      <velocity>20.0</velocity>
      <steeringAngle>0.0</steeringAngle>
      <time>72</time>
    </ksState>
    <ksState>
      <x>12.681448448838301</x>
      <y>120.85664697520153</y>
      <orientation>-1.3832567255462045</orientation>
      <velocity>20.0</velocity>
      <steeringAngle>0.0</steeringAngle>
      <time>73</time>
    </ksState>
    <ksState>
      <x>13.054332856410502</x>
      <y>118.89171511414641</y>
      <orientation>-1.3832567255462045</orientation>
      <velocity>20.0</velocity>
      <steeringAngle>0.0</steeringAngle>
      <time>74</time>
    </ksState>
    <ksState>
      <x>13.427217263982705</x>
      <y>116.92678325309129</y>
      <orientation>-1.3832567255462045</orientation>
      <velocity>20.0</velocity>
      <steeringAngle>0.0</steeringAngle>
      <time>75</time>
    </ksState>
    <ksState>
      <x>13.800101671554907</x>
      <y>114.96185139203617</y>
      <orientation>-1.3832567255462045</orientation>
      <velocity>20.0</velocity>
      <steeringAngle>0.0</steeringAngle>
      <time>76</time>
    </ksState>
    <ksState>
      <x>14.172986079127108</x>
      <y>112.99691953098105</y>
      <orientation>-1.3832567255462045</orientation>
      <velocity>20.0</velocity>
      <steeringAngle>0.0</steeringAngle>
      <time>77</time>
    </ksState>
    <ksState>
      <x>14.545870486699311</x>
      <y>111.03198766992594</y>
      <orientation>-1.3832567255462045</orientation>
      <velocity>20.0</velocity>
      <steeringAngle>0.0</steeringAngle>
      <time>78</time>
    </ksState>
    <ksState>
      <x>14.918754894271512</x>
      <y>109.06705580887082</y>
      <orientation>-1.3832567255462045</orientation>
      <velocity>20.0</velocity>
      <steeringAngle>0.0</steeringAngle>
      <time>79</time>
    </ksState>
    <ksState>
      <x>15.291639301843714</x>
      <y>107.1021239478157</y>
      <orientation>-1.3832567255462045</orientation>
      <velocity>20.0</velocity>
      <steeringAngle>0.0</steeringAngle>
      <time>80</time>
    </ksState>
    <ksState>
      <x>15.660794865340193</x>
      <y>105.15684140537113</y>
      <orientation>-1.3832567255462045</orientation>
      <velocity>19.200000000000003</velocity>
      <steeringAngle>0.0</steeringAngle>
      <time>81</time>
    </ksState>
    <ksState>
      <x>16.015035052533786</x>
      <y>103.29015613736877</y>
      <orientation>-1.3832567255462045</orientation>
      <velocity>18.400000000000006</velocity>
      <steeringAngle>0.0</steeringAngle>
      <time>82</time>
    </ksState>
    <ksState>
      <x>16.35435986342449</x>
      <y>101.50206814380861</y>
      <orientation>-1.3832567255462045</orientation>
      <velocity>17.60000000000001</velocity>
      <steeringAngle>0.0</steeringAngle>
      <time>83</time>
    </ksState>
    <ksState>
      <x>16.678769298012305</x>
      <y>99.79257742469066</y>
      <orientation>-1.3832567255462045</orientation>
      <velocity>16.80000000000001</velocity>
      <steeringAngle>0.0</steeringAngle>
      <time>84</time>
    </ksState>
    <ksState>
      <x>16.98826335629723</x>
      <y>98.16168398001491</y>
      <orientation>-1.3832567255462045</orientation>
      <velocity>16.000000000000014</velocity>
      <steeringAngle>0.0</steeringAngle>
      <time>85</time>
    </ksState>
    <ksState>
      <x>17.2837742492982</x>
      <y>96.60447548012873</y>
      <orientation>-1.387312986823689</orientation>
      <velocity>15.399999999999999</velocity>
      <steeringAngle>-0.026650000000000004</steeringAngle>
      <time>86</time>
    </ksState>
    <ksState>
      <x>17.556106532854088</x>
      <y>95.10400112104733</y>
      <orientation>-1.406981186225028</orientation>
      <velocity>14.799999999999997</velocity>
      <steeringAngle>-0.05330000000000001</steeringAngle>
      <time>87</time>
    </ksState>
    <ksState>
      <x>17.78406025298395</x>
      <y>93.65688800370245</y>
      <orientation>-1.4410475243778242</orientation>
      <velocity>14.199999999999996</velocity>
      <steeringAngle>-0.07995000000000001</steeringAngle>
      <time>88</time>
    </ksState>
    <ksState>
      <x>17.95062414437232</x>
      <y>92.26188212978987</y>
      <orientation>-1.488315713718036</orientation>
      <velocity>13.599999999999994</velocity>
      <steeringAngle>-0.10660000000000001</steeringAngle>
      <time>89</time>
    </ksState>
    <ksState>
      <x>18.042716364255284</x>
      <y>90.92017275042502</y>
      <orientation>-1.5476036769581738</orientation>
      <velocity>12.999999999999993</velocity>
      <steeringAngle>-0.13325</steeringAngle>
      <time>90</time>
    </ksState>
    <ksState>
      <x>18.050958243070774</x>
      <y>89.625383743817</y>
      <orientation>-1.6115272728124608</orientation>
      <velocity>12.8</velocity>
      <steeringAngle>-0.1066</steeringAngle>
      <time>91</time>
    </ksState>
    <ksState>
      <x>17.98220316102309</x>
      <y>88.35235146989346</y>
      <orientation>-1.6611162305428022</orientation>
      <velocity>12.600000000000001</velocity>
      <steeringAngle>-0.07995</steeringAngle>
      <time>92</time>
    </ksState>
    <ksState>
      <x>17.85683428007343</x>
      <y>87.10368946288759</y>
      <orientation>-1.6968593704233994</orientation>
      <velocity>12.400000000000002</velocity>
      <steeringAngle>-0.053299999999999986</steeringAngle>
      <time>93</time>
    </ksState>
    <ksState>
      <x>17.693739589547242</x>
      <y>85.87953163163967</y>
      <orientation>-1.7192234680939447</orientation>
      <velocity>12.200000000000003</velocity>
      <steeringAngle>-0.02664999999999998</steeringAngle>
      <time>94</time>
    </ksState>
    <ksState>
      <x>17.5102911958243</x>
      <y>84.67846668107046</y>
      <orientation>-1.728654749304327</orientation>
      <velocity>12.000000000000004</velocity>
      <steeringAngle>2.42861286636753e-17</steeringAngle>
      <time>95</time>
    </ksState>
    <ksState>
      <x>17.325576943314275</x>
      <y>83.51807638254171</y>
      <orientation>-1.7256836025087172</orientation>
      <velocity>11.0</velocity>
      <steeringAngle>0.026650000000000004</steeringAngle>
      <time>96</time>
    </ksState>
    <ksState>
      <x>17.162688222379415</x>
      <y>82.45549324102765</y>
      <orientation>-1.7118564455074334</orientation>
      <velocity>10.0</velocity>
      <steeringAngle>0.05330000000000001</steeringAngle>
      <time>97</time>
    </ksState>
    <ksState>
      <x>17.030478158862106</x>
      <y>81.48951182860385</y>
      <orientation>-1.6892232454833411</orientation>
      <velocity>9.0</velocity>
      <steeringAngle>0.07995000000000001</steeringAngle>
      <time>98</time>
    </ksState>
    <ksState>
      <x>16.933001441651303</x>
      <y>80.61997982238086</y>
      <orientation>-1.659826519269062</orientation>
      <velocity>8.0</velocity>
      <steeringAngle>0.10660000000000001</steeringAngle>
      <time>99</time>
    </ksState>
    <ksState>
      <x>16.870297695195994</x>
      <y>79.8475473515471</y>
      <orientation>-1.625707114611146</orientation>
      <velocity>7.0</velocity>
      <steeringAngle>0.13325</steeringAngle>
      <time>100</time>
    </ksState>
    <ksState>
      <x>16.838606982590925</x>
      <y>79.15830405847589</y>
      <orientation>-1.589842948769401</orientation>
      <velocity>6.6</velocity>
      <steeringAngle>0.13325</steeringAngle>
      <time>101</time>
    </ksState>
    <ksState>
      <x>16.831715835377278</x>
      <y>78.50836448842044</y>
      <orientation>-1.5560578650054386</orientation>
      <velocity>6.199999999999999</velocity>
      <steeringAngle>0.13325</steeringAngle>
      <time>102</time>
    </ksState>
    <ksState>
      <x>16.845538529335006</x>
      <y>77.89854091678684</y>
      <orientation>-1.5243518633192583</orientation>
      <velocity>5.799999999999999</velocity>
      <steeringAngle>0.13325</steeringAngle>
      <time>103</time>
    </ksState>
    <ksState>
      <x>16.876216705956242</x>
      <y>77.32938329299259</y>
      <orientation>-1.4947249437108603</orientation>
      <velocity>5.399999999999999</velocity>
      <steeringAngle>0.13325</steeringAngle>
      <time>104</time>
    </ksState>
    <ksState>
      <x>16.920131836109178</x>
      <y>76.80121889070372</y>
      <orientation>-1.4671771061802448</orientation>
      <velocity>4.999999999999998</velocity>
      <steeringAngle>0.13325</steeringAngle>
      <time>105</time>
    </ksState>
    <ksState>
      <x>16.97740463816371</x>
      <y>76.2843935537944</y>
      <orientation>-1.4415667218539696</orientation>
      <velocity>5.800000000000001</velocity>
      <steeringAngle>0.1066</steeringAngle>
      <time>106</time>
    </ksState>
    <ksState>
      <x>17.058422857357957</x>
      <y>75.6898996246633</y>
      <orientation>-1.4182890710257128</orientation>
      <velocity>6.600000000000001</velocity>
      <steeringAngle>0.07995</steeringAngle>
      <time>107</time>
    </ksState>
    <ksState>
      <x>17.165270065210972</x>
      <y>75.01835548311333</y>
      <orientation>-1.3989812553184706</orientation>
      <velocity>7.400000000000002</velocity>
      <steeringAngle>0.053299999999999986</steeringAngle>
      <time>108</time>
    </ksState>
    <ksState>
      <x>17.29814723726618</x>
      <y>74.27006730135444</y>
      <orientation>-1.385278482572059</orientation>
      <velocity>8.200000000000003</velocity>
      <steeringAngle>0.02664999999999998</steeringAngle>
      <time>109</time>
    </ksState>
    <ksState>
      <x>17.454880167385024</x>
      <y>73.44482090035687</y>
      <orientation>-1.3788187152529283</orientation>
      <velocity>9.000000000000004</velocity>
      <steeringAngle>-2.42861286636753e-17</steeringAngle>
      <time>110</time>
    </ksState>
    <ksState>
      <x>17.62946266817531</x>
      <y>72.54663052498103</y>
      <orientation>-1.3812214687485083</orientation>
      <velocity>9.600000000000001</velocity>
      <steeringAngle>-0.026650000000000004</steeringAngle>
      <time>111</time>
    </ksState>
    <ksState>
      <x>17.810779985653003</x>
      <y>71.58864139052073</y>
      <orientation>-1.3938598182124216</orientation>
      <velocity>10.200000000000003</velocity>
      <steeringAngle>-0.05330000000000001</steeringAngle>
      <time>112</time>
    </ksState>
    <ksState>
      <x>17.987497676027726</x>
      <y>70.56885413122446</y>
      <orientation>-1.4179935315890027</orientation>
      <velocity>10.800000000000004</velocity>
      <steeringAngle>-0.07995000000000001</steeringAngle>
      <time>113</time>
    </ksState>
    <ksState>
      <x>18.14495243771104</x>
      <y>69.48527273197912</y>
      <orientation>-1.454901915009144</orientation>
      <velocity>11.400000000000006</velocity>
      <steeringAngle>-0.10660000000000001</steeringAngle>
      <time>114</time>
    </ksState>
    <ksState>
      <x>18.26475052194515</x>
      <y>68.33658351819123</y>
      <orientation>-1.50588758939795</orientation>
      <velocity>12.000000000000007</velocity>
      <steeringAngle>-0.13325</steeringAngle>
      <time>115</time>
    </ksState>
    <ksState>
      <x>18.324235253314445</x>
      <y>67.12819383314253</y>
      <orientation>-1.5655769095183247</orientation>
      <velocity>12.399999999999999</velocity>
      <steeringAngle>-0.1066</steeringAngle>
      <time>116</time>
    </ksState>
    <ksState>
      <x>18.31455343149396</x>
      <y>65.8783347292609</y>
      <orientation>-1.61415464855739</orientation>
      <velocity>12.799999999999997</velocity>
      <steeringAngle>-0.07995</steeringAngle>
      <time>117</time>
    </ksState>
    <ksState>
      <x>18.24573313979568</x>
      <y>64.59023562241316</y>
      <orientation>-1.6508552856159497</orientation>
      <velocity>13.199999999999996</velocity>
      <steeringAngle>-0.053299999999999986</steeringAngle>
      <time>118</time>
    </ksState>
    <ksState>
      <x>18.13025512326656</x>
      <y>63.26528943703699</y>
      <orientation>-1.674899865893921</orientation>
      <velocity>13.599999999999994</velocity>
      <steeringAngle>-0.02664999999999998</steeringAngle>
      <time>119</time>
    </ksState>
    <ksState>
      <x>17.983069041101583</x>
      <y>61.9032273687412</y>
      <orientation>-1.6854938982469296</orientation>
      <velocity>13.999999999999993</velocity>
      <steeringAngle>2.42861286636753e-17</steeringAngle>
      <time>120</time>
    </ksState>
    <ksState>
      <x>17.821699825487563</x>
      <y>60.50249185614358</y>
      <orientation>-1.6854938982469296</orientation>
      <velocity>14.399999999999999</velocity>
      <steeringAngle>0.0</steeringAngle>
      <time>121</time>
    </ksState>
    <ksState>
      <x>17.655752759785198</x>
      <y>59.06201916588362</y>
      <orientation>-1.6854938982469296</orientation>
      <velocity>14.799999999999997</velocity>
      <steeringAngle>0.0</steeringAngle>
      <time>122</time>
    </ksState>
    <ksState>
      <x>17.485227843994497</x>
      <y>57.58180929796131</y>
      <orientation>-1.6854938982469296</orientation>
      <velocity>15.199999999999996</velocity>
      <steeringAngle>0.0</steeringAngle>
      <time>123</time>
    </ksState>
    <ksState>
      <x>17.31012507811545</x>
      <y>56.061862252376656</y>
      <orientation>-1.6854938982469296</orientation>
      <velocity>15.599999999999994</velocity>
      <steeringAngle>0.0</steeringAngle>
      <time>124</time>
    </ksState>
    <ksState>
      <x>17.130444462148066</x>
      <y>54.50217802912967</y>
      <orientation>-1.6854938982469296</orientation>
      <velocity>15.999999999999993</velocity>
      <steeringAngle>0.0</steeringAngle>
      <time>125</time>
    </ksState>
    <ksState>
      <x>16.947330458614424</x>
      <y>52.91269092263592</y>
      <orientation>-1.6854938982469296</orientation>
      <velocity>16.0</velocity>
      <steeringAngle>0.0</steeringAngle>
      <time>126</time>
    </ksState>
    <ksState>
      <x>16.764216455080785</x>
      <y>51.32320381614216</y>
      <orientation>-1.6854938982469296</orientation>
      <velocity>16.0</velocity>
      <steeringAngle>0.0</steeringAngle>
      <time>127</time>
    </ksState>
    <ksState>
      <x>16.581102451547142</x>
      <y>49.73371670964841</y>
      <orientation>-1.6854938982469296</orientation>
      <velocity>16.0</velocity>
      <steeringAngle>0.0</steeringAngle>
      <time>128</time>
    </ksState>
    <ksState>
      <x>16.3979884480135</x>
      <y>48.144229603154656</y>
      <orientation>-1.6854938982469296</orientation>
      <velocity>16.0</velocity>
      <steeringAngle>0.0</steeringAngle>
      <time>129</time>
    </ksState>
    <ksState>
      <x>16.21487444447986</x>
      <y>46.55474249666091</y>
      <orientation>-1.6854938982469296</orientation>
      <velocity>16.0</velocity>
      <steeringAngle>0.0</steeringAngle>
      <time>130</time>
    </ksState>
    <ksState>
      <x>16.03347713472935</x>
      <y>44.98015683179053</y>
      <orientation>-1.681437636969445</orientation>
      <velocity>15.399999999999999</velocity>
      <steeringAngle>0.026650000000000004</steeringAngle>
      <time>131</time>
    </ksState>
    <ksState>
      <x>15.871067992857759</x>
      <y>43.46384174396609</y>
      <orientation>-1.661769437568106</orientation>
      <velocity>14.799999999999997</velocity>
      <steeringAngle>0.05330000000000001</steeringAngle>
      <time>132</time>
    </ksState>
    <ksState>
      <x>15.749036226245364</x>
      <y>42.00397616082149</y>
      <orientation>-1.6277030994153099</orientation>
      <velocity>14.199999999999996</velocity>
      <steeringAngle>0.07995000000000001</steeringAngle>
      <time>133</time>
    </ksState>
    <ksState>
      <x>15.684439252626927</x>
      <y>40.600547449000196</y>
      <orientation>-1.580434910075098</orientation>
      <velocity>13.599999999999994</velocity>
      <steeringAngle>0.10660000000000001</steeringAngle>
      <time>134</time>
    </ksState>
    <ksState>
      <x>15.690237673355066</x>
      <y>39.25569377147405</y>
      <orientation>-1.5211469468349603</orientation>
      <velocity>12.999999999999993</velocity>
      <steeringAngle>0.13325</steeringAngle>
      <time>135</time>
    </ksState>
    <ksState>
      <x>15.775832638123674</x>
      <y>37.9687210788708</y>
      <orientation>-1.4574569828573427</orientation>
      <velocity>12.600000000000001</velocity>
      <steeringAngle>0.1066</steeringAngle>
      <time>136</time>
    </ksState>
    <ksState>
      <x>15.93328090299851</x>
      <y>36.728784323951814</y>
      <orientation>-1.4088270544623631</orientation>
      <velocity>12.200000000000003</velocity>
      <steeringAngle>0.07995</steeringAngle>
      <time>137</time>
    </ksState>
    <ksState>
      <x>16.139611834156025</x>
      <y>35.536561147855295</y>
      <orientation>-1.374352088350032</orientation>
      <velocity>11.800000000000004</velocity>
      <steeringAngle>0.053299999999999986</steeringAngle>
      <time>138</time>
    </ksState>
    <ksState>
      <x>16.374910583428456</x>
      <y>34.39048806092359</y>
      <orientation>-1.3531514215101994</orientation>
      <velocity>11.400000000000006</velocity>
      <steeringAngle>0.02664999999999998</steeringAngle>
      <time>139</time>
    </ksState>
    <ksState>
      <x>16.622131643075864</x>
      <y>33.28786815011623</y>
      <orientation>-1.344366115196252</orientation>
      <velocity>11.000000000000007</velocity>
      <steeringAngle>-2.42861286636753e-17</steeringAngle>
      <time>140</time>
    </ksState>
    <ksState>
      <x>16.86571446348949</x>
      <y>32.23056383744209</y>
      <orientation>-1.3471305735191237</orientation>
      <velocity>10.399999999999999</velocity>
      <steeringAngle>-0.026650000000000004</steeringAngle>
      <time>141</time>
    </ksState>
    <ksState>
      <x>17.090416854183744</x>
      <y>31.230500714751084</y>
      <orientation>-1.3603374631474123</orientation>
      <velocity>9.799999999999997</velocity>
      <steeringAngle>-0.05330000000000001</steeringAngle>
      <time>142</time>
    </ksState>
    <ksState>
      <x>17.28729998545386</x>
      <y>30.285811285909467</y>
      <orientation>-1.3827637909943329</orientation>
      <velocity>9.199999999999996</velocity>
      <steeringAngle>-0.07995000000000001</steeringAngle>
      <time>143</time>
    </ksState>
    <ksState>
      <x>17.450212705678833</x>
      <y>29.39561881281722</y>
      <orientation>-1.4131966657824742</orientation>
      <velocity>8.599999999999994</velocity>
      <steeringAngle>-0.10660000000000001</steeringAngle>
      <time>144</time>
    </ksState>
    <ksState>
      <x>17.575511266189235</x>
      <y>28.559994216274465</y>
      <orientation>-1.4504299014968232</orientation>
      <velocity>7.999999999999994</velocity>
      <steeringAngle>-0.13325</steeringAngle>
      <time>145</time>
    </ksState>
    <ksState>
      <x>17.662312003602537</x>
      <y>27.774820221461965</y>
      <orientation>-1.4914917725330237</orientation>
      <velocity>7.6</velocity>
      <steeringAngle>-0.13325</steeringAngle>
      <time>146</time>
    </ksState>
    <ksState>
      <x>17.714437845011567</x>
      <y>27.026670471381475</y>
      <orientation>-1.5304745614914421</orientation>
      <velocity>7.199999999999999</velocity>
      <steeringAngle>-0.13325</steeringAngle>
      <time>147</time>
    </ksState>
    <ksState>
      <x>17.736512668065018</x>
      <y>26.31704480442774</y>
      <orientation>-1.567378268372078</orientation>
      <velocity>6.799999999999999</velocity>
      <steeringAngle>-0.13325</steeringAngle>
      <time>148</time>
    </ksState>
    <ksState>
      <x>17.73297109900457</x>
      <y>25.647080314769248</y>
      <orientation>-1.6022028931749317</orientation>
      <velocity>6.399999999999999</velocity>
      <steeringAngle>-0.13325</steeringAngle>
      <time>149</time>
    </ksState>
    <ksState>
      <x>17.708036218019064</x>
      <y>25.017595756473746</y>
      <orientation>-1.634948435900003</orientation>
      <velocity>5.999999999999998</velocity>
      <steeringAngle>-0.13325</steeringAngle>
      <time>150</time>
    </ksState>
    <ksState>
      <x>17.663312349557355</x>
      <y>24.39922981779469</y>
      <orientation>-1.665493991590198</orientation>
      <velocity>6.800000000000001</velocity>
      <steeringAngle>-0.1066</steeringAngle>
      <time>151</time>
    </ksState>
    <ksState>
      <x>17.592070638570174</x>
      <y>23.702882017544706</y>
      <orientation>-1.6926599491158165</orientation>
      <velocity>7.600000000000001</velocity>
      <steeringAngle>-0.07995</steeringAngle>
      <time>152</time>
    </ksState>
    <ksState>
      <x>17.492568342560194</x>
      <y>22.929268348866742</y>
      <orientation>-1.7148147889498944</orientation>
      <velocity>8.400000000000002</velocity>
      <steeringAngle>-0.053299999999999986</steeringAngle>
      <time>153</time>
    </ksState>
    <ksState>
      <x>17.36535918890172</x>
      <y>22.07873682074259</y>
      <orientation>-1.7303273715810181</orientation>
      <velocity>9.200000000000003</velocity>
      <steeringAngle>-0.02664999999999998</steeringAngle>
      <time>154</time>
    </ksState>
    <ksState>
      <x>17.213782883182684</x>
      <y>21.15104094819919</y>
      <orientation>-1.737562312446827</orientation>
      <velocity>10.000000000000004</velocity>
      <steeringAngle>2.42861286636753e-17</steeringAngle>
      <time>155</time>
    </ksState>
    <ksState>
      <x>17.045298897443267</x>
      <y>20.15012229688463</y>
      <orientation>-1.737562312446827</orientation>
      <velocity>10.600000000000001</velocity>
      <steeringAngle>0.0</steeringAngle>
      <time>156</time>
    </ksState>
    <ksState>
      <x>16.86685526722664</x>
      <y>19.09003604056625</y>
      <orientation>-1.737562312446827</orientation>
      <velocity>11.200000000000003</velocity>
      <steeringAngle>0.0</steeringAngle>
      <time>157</time>
    </ksState>
    <ksState>
      <x>16.67845199253281</x>
      <y>17.970782179244054</y>
      <orientation>-1.737562312446827</orientation>
      <velocity>11.800000000000004</velocity>
      <steeringAngle>0.0</steeringAngle>
      <time>158</time>
    </ksState>
    <ksState>
      <x>16.48008907336177</x>
      <y>16.792360712918047</y>
      <orientation>-1.737562312446827</orientation>
      <velocity>12.400000000000006</velocity>
      <steeringAngle>0.0</steeringAngle>
      <time>159</time>
    </ksState>
    <ksState>
      <x>16.271766509713526</x>
      <y>15.554771641588218</y>
      <orientation>-1.737562312446827</orientation>
      <velocity>13.000000000000007</velocity>
      <steeringAngle>0.0</steeringAngle>
      <time>160</time>
    </ksState>
    <ksState>
      <x>16.06012406457288</x>
      <y>14.297460035257119</y>
      <orientation>-1.7343328050602946</orientation>
      <velocity>12.0</velocity>
      <steeringAngle>0.026650000000000004</steeringAngle>
      <time>161</time>
    </ksState>
    <ksState>
      <x>15.872344272582081</x>
      <y>13.137567591773042</y>
      <orientation>-1.7192133861044008</orientation>
      <velocity>11.0</velocity>
      <steeringAngle>0.05330000000000001</steeringAngle>
      <time>162</time>
    </ksState>
    <ksState>
      <x>15.719293696277942</x>
      <y>12.073536041281098</y>
      <orientation>-1.6942521840191334</orientation>
      <velocity>10.0</velocity>
      <steeringAngle>0.07995000000000001</steeringAngle>
      <time>163</time>
    </ksState>
  </ksTrajectory>
</CommonRoadSolution>
