<?xml version="1.0" ?>
<CommonRoadSolution benchmark_id="KS2:SM1:USA_US101-6_3_T-1:2018b" date="2019-11-18">
  <ksTrajectory planningProblem="411">
    <ksState>
      <x>0.0</x>
      <y>0.0</y>
      <orientation>-0.71376</orientation>
      <velocity>17.0</velocity>
      <steeringAngle>0.0</steeringAngle>
      <time>0</time>
    </ksState>
    <ksState>
      <x>1.2661419236912226</x>
      <y>-1.09659000044296</y>
      <orientation>-0.71376</orientation>
      <velocity>16.0</velocity>
      <steeringAngle>0.0</steeringAngle>
      <time>1</time>
    </ksState>
    <ksState>
      <x>2.456693284774014</x>
      <y>-2.127711941157982</y>
      <orientation>-0.71376</orientation>
      <velocity>15.0</velocity>
      <steeringAngle>0.0</steeringAngle>
      <time>2</time>
    </ksState>
    <ksState>
      <x>3.571654083248373</x>
      <y>-3.0933658221450657</y>
      <orientation>-0.71376</orientation>
      <velocity>14.0</velocity>
      <steeringAngle>0.0</steeringAngle>
      <time>3</time>
    </ksState>
    <ksState>
      <x>4.6110243191143025</x>
      <y>-3.9935516434042118</y>
      <orientation>-0.71376</orientation>
      <velocity>13.0</velocity>
      <steeringAngle>0.0</steeringAngle>
      <time>4</time>
    </ksState>
    <ksState>
      <x>5.5748039923718</x>
      <y>-4.82826940493542</y>
      <orientation>-0.71376</orientation>
      <velocity>12.0</velocity>
      <steeringAngle>0.0</steeringAngle>
      <time>5</time>
    </ksState>
    <ksState>
      <x>6.4629931030208665</x>
      <y>-5.597519106738691</y>
      <orientation>-0.71376</orientation>
      <velocity>11.0</velocity>
      <steeringAngle>0.0</steeringAngle>
      <time>6</time>
    </ksState>
    <ksState>
      <x>7.275591651061502</x>
      <y>-6.301300748814024</y>
      <orientation>-0.71376</orientation>
      <velocity>10.0</velocity>
      <steeringAngle>0.0</steeringAngle>
      <time>7</time>
    </ksState>
    <ksState>
      <x>8.012599636493707</x>
      <y>-6.939614331161417</y>
      <orientation>-0.71376</orientation>
      <velocity>9.0</velocity>
      <steeringAngle>0.0</steeringAngle>
      <time>8</time>
    </ksState>
    <ksState>
      <x>8.674017059317478</x>
      <y>-7.512459853780874</y>
      <orientation>-0.71376</orientation>
      <velocity>8.0</velocity>
      <steeringAngle>0.0</steeringAngle>
      <time>9</time>
    </ksState>
    <ksState>
      <x>9.259843919532821</x>
      <y>-8.019837316672394</y>
      <orientation>-0.71376</orientation>
      <velocity>7.0</velocity>
      <steeringAngle>0.0</steeringAngle>
      <time>10</time>
    </ksState>
    <ksState>
      <x>9.785198329661418</x>
      <y>-8.474840331781563</y>
      <orientation>-0.71376</orientation>
      <velocity>6.800000000000001</velocity>
      <steeringAngle>0.0</steeringAngle>
      <time>11</time>
    </ksState>
    <ksState>
      <x>10.295434627268328</x>
      <y>-8.916749734945142</y>
      <orientation>-0.71376</orientation>
      <velocity>6.600000000000001</velocity>
      <steeringAngle>0.0</steeringAngle>
      <time>12</time>
    </ksState>
    <ksState>
      <x>10.790552812353553</x>
      <y>-9.345565526163137</y>
      <orientation>-0.71376</orientation>
      <velocity>6.400000000000002</velocity>
      <steeringAngle>0.0</steeringAngle>
      <time>13</time>
    </ksState>
    <ksState>
      <x>11.270552884917091</x>
      <y>-9.761287705435542</y>
      <orientation>-0.71376</orientation>
      <velocity>6.200000000000003</velocity>
      <steeringAngle>0.0</steeringAngle>
      <time>14</time>
    </ksState>
    <ksState>
      <x>11.735434844958943</x>
      <y>-10.16391627276236</y>
      <orientation>-0.71376</orientation>
      <velocity>6.0000000000000036</velocity>
      <steeringAngle>0.0</steeringAngle>
      <time>15</time>
    </ksState>
    <ksState>
      <x>12.204096333131217</x>
      <y>-10.569818243075575</y>
      <orientation>-0.7154135077819045</orientation>
      <velocity>6.800000000000001</velocity>
      <steeringAngle>-0.026650000000000004</steeringAngle>
      <time>16</time>
    </ksState>
    <ksState>
      <x>12.731640253781297</x>
      <y>-11.029922470490684</y>
      <orientation>-0.7245110686727948</orientation>
      <velocity>7.600000000000001</velocity>
      <steeringAngle>-0.05330000000000001</steeringAngle>
      <time>17</time>
    </ksState>
    <ksState>
      <x>13.313629347202793</x>
      <y>-11.54922902923697</y>
      <orientation>-0.7427213408078526</orientation>
      <velocity>8.400000000000002</velocity>
      <steeringAngle>-0.07995000000000001</steeringAngle>
      <time>18</time>
    </ksState>
    <ksState>
      <x>13.943221589507322</x>
      <y>-12.135046530349877</y>
      <orientation>-0.7717301412388895</orientation>
      <velocity>9.200000000000003</velocity>
      <steeringAngle>-0.10660000000000001</steeringAngle>
      <time>19</time>
    </ksState>
    <ksState>
      <x>14.61047314044352</x>
      <y>-12.797084998595642</y>
      <orientation>-0.8132453673930174</orientation>
      <velocity>10.000000000000004</velocity>
      <steeringAngle>-0.13325</steeringAngle>
      <time>20</time>
    </ksState>
    <ksState>
      <x>15.294742138507543</x>
      <y>-13.539852606999432</y>
      <orientation>-0.8630643447855528</orientation>
      <velocity>10.399999999999999</velocity>
      <steeringAngle>-0.1066</steeringAngle>
      <time>21</time>
    </ksState>
    <ksState>
      <x>15.968591326892234</x>
      <y>-14.345022760776587</y>
      <orientation>-0.9038654704298946</orientation>
      <velocity>10.799999999999997</velocity>
      <steeringAngle>-0.07995</steeringAngle>
      <time>22</time>
    </ksState>
    <ksState>
      <x>16.6355432133009</x>
      <y>-15.207108366668573</y>
      <orientation>-0.9348720592347829</orientation>
      <velocity>11.199999999999996</velocity>
      <steeringAngle>-0.053299999999999986</steeringAngle>
      <time>23</time>
    </ksState>
    <ksState>
      <x>17.301339199331498</x>
      <y>-16.120110483912313</y>
      <orientation>-0.9552970197433299</orientation>
      <velocity>11.599999999999994</velocity>
      <steeringAngle>-0.02664999999999998</steeringAngle>
      <time>24</time>
    </ksState>
    <ksState>
      <x>17.973963668548866</x>
      <y>-17.077431759475573</y>
      <orientation>-0.964340705002982</orientation>
      <velocity>11.999999999999993</velocity>
      <steeringAngle>2.42861286636753e-17</steeringAngle>
      <time>25</time>
    </ksState>
    <ksState>
      <x>18.643665170725814</x>
      <y>-18.04289791526869</y>
      <orientation>-0.964340705002982</orientation>
      <velocity>11.0</velocity>
      <steeringAngle>0.0</steeringAngle>
      <time>26</time>
    </ksState>
    <ksState>
      <x>19.256370800377066</x>
      <y>-18.92619673865388</y>
      <orientation>-0.964340705002982</orientation>
      <velocity>10.0</velocity>
      <steeringAngle>0.0</steeringAngle>
      <time>27</time>
    </ksState>
    <ksState>
      <x>19.81208055750262</x>
      <y>-19.727328229631148</y>
      <orientation>-0.964340705002982</orientation>
      <velocity>9.0</velocity>
      <steeringAngle>0.0</steeringAngle>
      <time>28</time>
    </ksState>
    <ksState>
      <x>20.310794442102477</x>
      <y>-20.446292388200487</y>
      <orientation>-0.964340705002982</orientation>
      <velocity>8.0</velocity>
      <steeringAngle>0.0</steeringAngle>
      <time>29</time>
    </ksState>
    <ksState>
      <x>20.75251245417664</x>
      <y>-21.083089214361905</y>
      <orientation>-0.964340705002982</orientation>
      <velocity>7.0</velocity>
      <steeringAngle>0.0</steeringAngle>
      <time>30</time>
    </ksState>
    <ksState>
      <x>21.1372345937251</x>
      <y>-21.637718708115397</y>
      <orientation>-0.964340705002982</orientation>
      <velocity>6.0</velocity>
      <steeringAngle>0.0</steeringAngle>
      <time>31</time>
    </ksState>
    <ksState>
      <x>21.464960860747862</x>
      <y>-22.110180869460965</y>
      <orientation>-0.964340705002982</orientation>
      <velocity>5.0</velocity>
      <steeringAngle>0.0</steeringAngle>
      <time>32</time>
    </ksState>
    <ksState>
      <x>21.735691255244927</x>
      <y>-22.500475698398606</y>
      <orientation>-0.964340705002982</orientation>
      <velocity>4.0</velocity>
      <steeringAngle>0.0</steeringAngle>
      <time>33</time>
    </ksState>
    <ksState>
      <x>21.949425777216295</x>
      <y>-22.808603194928324</y>
      <orientation>-0.964340705002982</orientation>
      <velocity>3.0</velocity>
      <steeringAngle>0.0</steeringAngle>
      <time>34</time>
    </ksState>
    <ksState>
      <x>22.106164426661962</x>
      <y>-23.034563359050118</y>
      <orientation>-0.964340705002982</orientation>
      <velocity>2.0</velocity>
      <steeringAngle>0.0</steeringAngle>
      <time>35</time>
    </ksState>
    <ksState>
      <x>22.214456584460788</x>
      <y>-23.190681290625175</y>
      <orientation>-0.964340705002982</orientation>
      <velocity>1.6</velocity>
      <steeringAngle>0.0</steeringAngle>
      <time>36</time>
    </ksState>
    <ksState>
      <x>22.299950393249336</x>
      <y>-23.313932289237062</y>
      <orientation>-0.964340705002982</orientation>
      <velocity>1.2000000000000002</velocity>
      <steeringAngle>0.0</steeringAngle>
      <time>37</time>
    </ksState>
    <ksState>
      <x>22.3626458530276</x>
      <y>-23.40431635488578</y>
      <orientation>-0.964340705002982</orientation>
      <velocity>0.8000000000000003</velocity>
      <steeringAngle>0.0</steeringAngle>
      <time>38</time>
    </ksState>
    <ksState>
      <x>22.402542963795593</x>
      <y>-23.461833487571326</y>
      <orientation>-0.964340705002982</orientation>
      <velocity>0.4000000000000003</velocity>
      <steeringAngle>0.0</steeringAngle>
      <time>39</time>
    </ksState>
    <ksState>
      <x>22.4196417255533</x>
      <y>-23.486483687293703</y>
      <orientation>-0.964340705002982</orientation>
      <velocity>2.7755575615628914e-16</velocity>
      <steeringAngle>0.0</steeringAngle>
      <time>40</time>
    </ksState>
    <ksState>
      <x>22.4196417255533</x>
      <y>-23.486483687293703</y>
      <orientation>-0.964340705002982</orientation>
      <velocity>0.0</velocity>
      <steeringAngle>0.0</steeringAngle>
      <time>41</time>
    </ksState>
    <ksState>
      <x>22.4196417255533</x>
      <y>-23.486483687293703</y>
      <orientation>-0.964340705002982</orientation>
      <velocity>0.0</velocity>
      <steeringAngle>0.0</steeringAngle>
      <time>42</time>
    </ksState>
    <ksState>
      <x>22.4196417255533</x>
      <y>-23.486483687293703</y>
      <orientation>-0.964340705002982</orientation>
      <velocity>0.0</velocity>
      <steeringAngle>0.0</steeringAngle>
      <time>43</time>
    </ksState>
    <ksState>
      <x>22.4196417255533</x>
      <y>-23.486483687293703</y>
      <orientation>-0.964340705002982</orientation>
      <velocity>0.0</velocity>
      <steeringAngle>0.0</steeringAngle>
      <time>44</time>
    </ksState>
    <ksState>
      <x>22.4196417255533</x>
      <y>-23.486483687293703</y>
      <orientation>-0.964340705002982</orientation>
      <velocity>0.0</velocity>
      <steeringAngle>0.0</steeringAngle>
      <time>45</time>
    </ksState>
    <ksState>
      <x>22.4196417255533</x>
      <y>-23.486483687293703</y>
      <orientation>-0.964340705002982</orientation>
      <velocity>0.0</velocity>
      <steeringAngle>0.0</steeringAngle>
      <time>46</time>
    </ksState>
    <ksState>
      <x>22.4196417255533</x>
      <y>-23.486483687293703</y>
      <orientation>-0.964340705002982</orientation>
      <velocity>0.0</velocity>
      <steeringAngle>0.0</steeringAngle>
      <time>47</time>
    </ksState>
    <ksState>
      <x>22.4196417255533</x>
      <y>-23.486483687293703</y>
      <orientation>-0.964340705002982</orientation>
      <velocity>0.0</velocity>
      <steeringAngle>0.0</steeringAngle>
      <time>48</time>
    </ksState>
    <ksState>
      <x>22.4196417255533</x>
      <y>-23.486483687293703</y>
      <orientation>-0.964340705002982</orientation>
      <velocity>0.0</velocity>
      <steeringAngle>0.0</steeringAngle>
      <time>49</time>
    </ksState>
    <ksState>
      <x>22.4196417255533</x>
      <y>-23.486483687293703</y>
      <orientation>-0.964340705002982</orientation>
      <velocity>0.0</velocity>
      <steeringAngle>0.0</steeringAngle>
      <time>50</time>
    </ksState>
    <ksState>
      <x>22.4196417255533</x>
      <y>-23.486483687293703</y>
      <orientation>-0.964340705002982</orientation>
      <velocity>0.0</velocity>
      <steeringAngle>0.0</steeringAngle>
      <time>51</time>
    </ksState>
    <ksState>
      <x>22.4196417255533</x>
      <y>-23.486483687293703</y>
      <orientation>-0.964340705002982</orientation>
      <velocity>0.0</velocity>
      <steeringAngle>0.0</steeringAngle>
      <time>52</time>
    </ksState>
    <ksState>
      <x>22.4196417255533</x>
      <y>-23.486483687293703</y>
      <orientation>-0.964340705002982</orientation>
      <velocity>0.0</velocity>
      <steeringAngle>0.0</steeringAngle>
      <time>53</time>
    </ksState>
    <ksState>
      <x>22.4196417255533</x>
      <y>-23.486483687293703</y>
      <orientation>-0.964340705002982</orientation>
      <velocity>0.0</velocity>
      <steeringAngle>0.0</steeringAngle>
      <time>54</time>
    </ksState>
    <ksState>
      <x>22.4196417255533</x>
      <y>-23.486483687293703</y>
      <orientation>-0.964340705002982</orientation>
      <velocity>0.0</velocity>
      <steeringAngle>0.0</steeringAngle>
      <time>55</time>
    </ksState>
    <ksState>
      <x>22.4196417255533</x>
      <y>-23.486483687293703</y>
      <orientation>-0.964340705002982</orientation>
      <velocity>0.0</velocity>
      <steeringAngle>0.0</steeringAngle>
      <time>56</time>
    </ksState>
    <ksState>
      <x>22.4196417255533</x>
      <y>-23.486483687293703</y>
      <orientation>-0.964340705002982</orientation>
      <velocity>0.0</velocity>
      <steeringAngle>0.0</steeringAngle>
      <time>57</time>
    </ksState>
    <ksState>
      <x>22.4196417255533</x>
      <y>-23.486483687293703</y>
      <orientation>-0.964340705002982</orientation>
      <velocity>0.0</velocity>
      <steeringAngle>0.0</steeringAngle>
      <time>58</time>
    </ksState>
    <ksState>
      <x>22.4196417255533</x>
      <y>-23.486483687293703</y>
      <orientation>-0.964340705002982</orientation>
      <velocity>0.0</velocity>
      <steeringAngle>0.0</steeringAngle>
      <time>59</time>
    </ksState>
    <ksState>
      <x>22.4196417255533</x>
      <y>-23.486483687293703</y>
      <orientation>-0.964340705002982</orientation>
      <velocity>0.0</velocity>
      <steeringAngle>0.0</steeringAngle>
      <time>60</time>
    </ksState>
    <ksState>
      <x>22.4196417255533</x>
      <y>-23.486483687293703</y>
      <orientation>-0.964340705002982</orientation>
      <velocity>0.0</velocity>
      <steeringAngle>0.0</steeringAngle>
      <time>61</time>
    </ksState>
    <ksState>
      <x>22.4196417255533</x>
      <y>-23.486483687293703</y>
      <orientation>-0.964340705002982</orientation>
      <velocity>0.0</velocity>
      <steeringAngle>0.0</steeringAngle>
      <time>62</time>
    </ksState>
    <ksState>
      <x>22.4196417255533</x>
      <y>-23.486483687293703</y>
      <orientation>-0.964340705002982</orientation>
      <velocity>0.0</velocity>
      <steeringAngle>0.0</steeringAngle>
      <time>63</time>
    </ksState>
    <ksState>
      <x>22.4196417255533</x>
      <y>-23.486483687293703</y>
      <orientation>-0.964340705002982</orientation>
      <velocity>0.0</velocity>
      <steeringAngle>0.0</steeringAngle>
      <time>64</time>
    </ksState>
    <ksState>
      <x>22.4196417255533</x>
      <y>-23.486483687293703</y>
      <orientation>-0.964340705002982</orientation>
      <velocity>0.0</velocity>
      <steeringAngle>0.0</steeringAngle>
      <time>65</time>
    </ksState>
    <ksState>
      <x>22.4196417255533</x>
      <y>-23.486483687293703</y>
      <orientation>-0.964340705002982</orientation>
      <velocity>0.0</velocity>
      <steeringAngle>0.0</steeringAngle>
      <time>66</time>
    </ksState>
    <ksState>
      <x>22.4196417255533</x>
      <y>-23.486483687293703</y>
      <orientation>-0.964340705002982</orientation>
      <velocity>0.0</velocity>
      <steeringAngle>0.0</steeringAngle>
      <time>67</time>
    </ksState>
    <ksState>
      <x>22.4196417255533</x>
      <y>-23.486483687293703</y>
      <orientation>-0.964340705002982</orientation>
      <velocity>0.0</velocity>
      <steeringAngle>0.0</steeringAngle>
      <time>68</time>
    </ksState>
    <ksState>
      <x>22.4196417255533</x>
      <y>-23.486483687293703</y>
      <orientation>-0.964340705002982</orientation>
      <velocity>0.0</velocity>
      <steeringAngle>0.0</steeringAngle>
      <time>69</time>
    </ksState>
    <ksState>
      <x>22.4196417255533</x>
      <y>-23.486483687293703</y>
      <orientation>-0.964340705002982</orientation>
      <velocity>0.0</velocity>
      <steeringAngle>0.0</steeringAngle>
      <time>70</time>
    </ksState>
    <ksState>
      <x>22.4196417255533</x>
      <y>-23.486483687293703</y>
      <orientation>-0.964340705002982</orientation>
      <velocity>0.0</velocity>
      <steeringAngle>0.0</steeringAngle>
      <time>71</time>
    </ksState>
    <ksState>
      <x>22.4196417255533</x>
      <y>-23.486483687293703</y>
      <orientation>-0.964340705002982</orientation>
      <velocity>0.0</velocity>
      <steeringAngle>0.0</steeringAngle>
      <time>72</time>
    </ksState>
    <ksState>
      <x>22.4196417255533</x>
      <y>-23.486483687293703</y>
      <orientation>-0.964340705002982</orientation>
      <velocity>0.0</velocity>
      <steeringAngle>0.0</steeringAngle>
      <time>73</time>
    </ksState>
    <ksState>
      <x>22.4196417255533</x>
      <y>-23.486483687293703</y>
      <orientation>-0.964340705002982</orientation>
      <velocity>0.0</velocity>
      <steeringAngle>0.0</steeringAngle>
      <time>74</time>
    </ksState>
    <ksState>
      <x>22.4196417255533</x>
      <y>-23.486483687293703</y>
      <orientation>-0.964340705002982</orientation>
      <velocity>0.0</velocity>
      <steeringAngle>0.0</steeringAngle>
      <time>75</time>
    </ksState>
    <ksState>
      <x>22.4196417255533</x>
      <y>-23.486483687293703</y>
      <orientation>-0.964340705002982</orientation>
      <velocity>0.0</velocity>
      <steeringAngle>0.0</steeringAngle>
      <time>76</time>
    </ksState>
    <ksState>
      <x>22.4196417255533</x>
      <y>-23.486483687293703</y>
      <orientation>-0.964340705002982</orientation>
      <velocity>0.0</velocity>
      <steeringAngle>0.0</steeringAngle>
      <time>77</time>
    </ksState>
    <ksState>
      <x>22.4196417255533</x>
      <y>-23.486483687293703</y>
      <orientation>-0.964340705002982</orientation>
      <velocity>0.0</velocity>
      <steeringAngle>0.0</steeringAngle>
      <time>78</time>
    </ksState>
    <ksState>
      <x>22.4196417255533</x>
      <y>-23.486483687293703</y>
      <orientation>-0.964340705002982</orientation>
      <velocity>0.0</velocity>
      <steeringAngle>0.0</steeringAngle>
      <time>79</time>
    </ksState>
    <ksState>
      <x>22.4196417255533</x>
      <y>-23.486483687293703</y>
      <orientation>-0.964340705002982</orientation>
      <velocity>0.0</velocity>
      <steeringAngle>0.0</steeringAngle>
      <time>80</time>
    </ksState>
  </ksTrajectory>
</CommonRoadSolution>
