<?xml version="1.0" ?>
<CommonRoadSolution benchmark_id="KS2:SM1:USA_US101-11_3_T-1:2018b" date="2019-11-18">
  <ksTrajectory planningProblem="125">
    <ksState>
      <x>0.0</x>
      <y>0.0</y>
      <orientation>-0.71476</orientation>
      <velocity>17.0</velocity>
      <steeringAngle>0.0</steeringAngle>
      <time>0</time>
    </ksState>
    <ksState>
      <x>1.2650447008026355</x>
      <y>-1.097855593860673</y>
      <orientation>-0.71476</orientation>
      <velocity>16.0</velocity>
      <steeringAngle>0.0</steeringAngle>
      <time>1</time>
    </ksState>
    <ksState>
      <x>2.4545643448409344</x>
      <y>-2.1301675701774254</y>
      <orientation>-0.71476</orientation>
      <velocity>15.0</velocity>
      <steeringAngle>0.0</steeringAngle>
      <time>2</time>
    </ksState>
    <ksState>
      <x>3.5685589321148967</x>
      <y>-3.0969359289502565</y>
      <orientation>-0.71476</orientation>
      <velocity>14.0</velocity>
      <steeringAngle>0.0</steeringAngle>
      <time>3</time>
    </ksState>
    <ksState>
      <x>4.607028462624522</x>
      <y>-3.9981606701791668</y>
      <orientation>-0.71476</orientation>
      <velocity>13.0</velocity>
      <steeringAngle>0.0</steeringAngle>
      <time>4</time>
    </ksState>
    <ksState>
      <x>5.569972936369813</x>
      <y>-4.833841793864157</y>
      <orientation>-0.71476</orientation>
      <velocity>12.0</velocity>
      <steeringAngle>0.0</steeringAngle>
      <time>5</time>
    </ksState>
    <ksState>
      <x>6.457392353350766</x>
      <y>-5.603979300005227</y>
      <orientation>-0.71476</orientation>
      <velocity>11.0</velocity>
      <steeringAngle>0.0</steeringAngle>
      <time>6</time>
    </ksState>
    <ksState>
      <x>7.269286713567383</x>
      <y>-6.308573188602375</y>
      <orientation>-0.71476</orientation>
      <velocity>10.0</velocity>
      <steeringAngle>0.0</steeringAngle>
      <time>7</time>
    </ksState>
    <ksState>
      <x>8.005656017019664</x>
      <y>-6.947623459655603</y>
      <orientation>-0.71476</orientation>
      <velocity>9.0</velocity>
      <steeringAngle>0.0</steeringAngle>
      <time>8</time>
    </ksState>
    <ksState>
      <x>8.666500263707608</x>
      <y>-7.52113011316491</y>
      <orientation>-0.71476</orientation>
      <velocity>8.0</velocity>
      <steeringAngle>0.0</steeringAngle>
      <time>9</time>
    </ksState>
    <ksState>
      <x>9.251819453631215</x>
      <y>-8.029093149130295</y>
      <orientation>-0.71476</orientation>
      <velocity>7.0</velocity>
      <steeringAngle>0.0</steeringAngle>
      <time>10</time>
    </ksState>
    <ksState>
      <x>9.761613586790487</x>
      <y>-8.47151256755176</y>
      <orientation>-0.71476</orientation>
      <velocity>6.0</velocity>
      <steeringAngle>0.0</steeringAngle>
      <time>11</time>
    </ksState>
    <ksState>
      <x>10.19588266318542</x>
      <y>-8.848388368429305</y>
      <orientation>-0.71476</orientation>
      <velocity>5.0</velocity>
      <steeringAngle>0.0</steeringAngle>
      <time>12</time>
    </ksState>
    <ksState>
      <x>10.55462668281602</x>
      <y>-9.159720551762929</y>
      <orientation>-0.71476</orientation>
      <velocity>4.0</velocity>
      <steeringAngle>0.0</steeringAngle>
      <time>13</time>
    </ksState>
    <ksState>
      <x>10.83784564568228</x>
      <y>-9.405509117552631</y>
      <orientation>-0.71476</orientation>
      <velocity>3.0</velocity>
      <steeringAngle>0.0</steeringAngle>
      <time>14</time>
    </ksState>
    <ksState>
      <x>11.045539551784206</x>
      <y>-9.585754065798413</y>
      <orientation>-0.71476</orientation>
      <velocity>2.0</velocity>
      <steeringAngle>0.0</steeringAngle>
      <time>15</time>
    </ksState>
    <ksState>
      <x>11.200365918151096</x>
      <y>-9.720118481763452</y>
      <orientation>-0.71476</orientation>
      <velocity>2.2</velocity>
      <steeringAngle>0.0</steeringAngle>
      <time>16</time>
    </ksState>
    <ksState>
      <x>11.370297295870852</x>
      <y>-9.867591621237272</y>
      <orientation>-0.71476</orientation>
      <velocity>2.4000000000000004</velocity>
      <steeringAngle>0.0</steeringAngle>
      <time>17</time>
    </ksState>
    <ksState>
      <x>11.555333684943477</x>
      <y>-10.028173484219879</y>
      <orientation>-0.71476</orientation>
      <velocity>2.6000000000000005</velocity>
      <steeringAngle>0.0</steeringAngle>
      <time>18</time>
    </ksState>
    <ksState>
      <x>11.755475085368968</x>
      <y>-10.201864070711268</y>
      <orientation>-0.71476</orientation>
      <velocity>2.8000000000000007</velocity>
      <steeringAngle>0.0</steeringAngle>
      <time>19</time>
    </ksState>
    <ksState>
      <x>11.970721497147327</x>
      <y>-10.388663380711442</y>
      <orientation>-0.71476</orientation>
      <velocity>3.000000000000001</velocity>
      <steeringAngle>0.0</steeringAngle>
      <time>20</time>
    </ksState>
    <ksState>
      <x>12.216177931631421</x>
      <y>-10.601680137729184</y>
      <orientation>-0.71476</orientation>
      <velocity>4.0</velocity>
      <steeringAngle>0.0</steeringAngle>
      <time>21</time>
    </ksState>
    <ksState>
      <x>12.537159422879851</x>
      <y>-10.880240512290849</y>
      <orientation>-0.71476</orientation>
      <velocity>5.0</velocity>
      <steeringAngle>0.0</steeringAngle>
      <time>22</time>
    </ksState>
    <ksState>
      <x>12.933665970892617</x>
      <y>-11.224344504396432</y>
      <orientation>-0.71476</orientation>
      <velocity>6.0</velocity>
      <steeringAngle>0.0</steeringAngle>
      <time>23</time>
    </ksState>
    <ksState>
      <x>13.40569757566972</x>
      <y>-11.633992114045936</y>
      <orientation>-0.71476</orientation>
      <velocity>7.0</velocity>
      <steeringAngle>0.0</steeringAngle>
      <time>24</time>
    </ksState>
    <ksState>
      <x>13.953254237211159</x>
      <y>-12.109183341239362</y>
      <orientation>-0.71476</orientation>
      <velocity>8.0</velocity>
      <steeringAngle>0.0</steeringAngle>
      <time>25</time>
    </ksState>
    <ksState>
      <x>14.538573427134766</x>
      <y>-12.617146377204747</y>
      <orientation>-0.71476</orientation>
      <velocity>7.0</velocity>
      <steeringAngle>0.0</steeringAngle>
      <time>26</time>
    </ksState>
    <ksState>
      <x>15.048367560294038</x>
      <y>-13.059565795626213</y>
      <orientation>-0.71476</orientation>
      <velocity>6.0</velocity>
      <steeringAngle>0.0</steeringAngle>
      <time>27</time>
    </ksState>
    <ksState>
      <x>15.482636636688971</x>
      <y>-13.436441596503757</y>
      <orientation>-0.71476</orientation>
      <velocity>5.0</velocity>
      <steeringAngle>0.0</steeringAngle>
      <time>28</time>
    </ksState>
    <ksState>
      <x>15.84138065631957</x>
      <y>-13.747773779837381</y>
      <orientation>-0.71476</orientation>
      <velocity>4.0</velocity>
      <steeringAngle>0.0</steeringAngle>
      <time>29</time>
    </ksState>
    <ksState>
      <x>16.12459961918583</x>
      <y>-13.993562345627083</y>
      <orientation>-0.71476</orientation>
      <velocity>3.0</velocity>
      <steeringAngle>0.0</steeringAngle>
      <time>30</time>
    </ksState>
    <ksState>
      <x>16.33984603096419</x>
      <y>-14.180361655627257</y>
      <orientation>-0.71476</orientation>
      <velocity>2.4000000000000004</velocity>
      <steeringAngle>0.0</steeringAngle>
      <time>31</time>
    </ksState>
    <ksState>
      <x>16.509777408683945</x>
      <y>-14.32783479510108</y>
      <orientation>-0.71476</orientation>
      <velocity>1.8000000000000005</velocity>
      <steeringAngle>0.0</steeringAngle>
      <time>32</time>
    </ksState>
    <ksState>
      <x>16.6343937523451</x>
      <y>-14.435981764048549</y>
      <orientation>-0.71476</orientation>
      <velocity>1.2000000000000004</velocity>
      <steeringAngle>0.0</steeringAngle>
      <time>33</time>
    </ksState>
    <ksState>
      <x>16.713695061947654</x>
      <y>-14.504802562469665</y>
      <orientation>-0.71476</orientation>
      <velocity>0.6000000000000003</velocity>
      <steeringAngle>0.0</steeringAngle>
      <time>34</time>
    </ksState>
    <ksState>
      <x>16.747681337491606</x>
      <y>-14.53429719036443</y>
      <orientation>-0.71476</orientation>
      <velocity>2.220446049250313e-16</velocity>
      <steeringAngle>0.0</steeringAngle>
      <time>35</time>
    </ksState>
    <ksState>
      <x>16.747681337491606</x>
      <y>-14.53429719036443</y>
      <orientation>-0.71476</orientation>
      <velocity>0.0</velocity>
      <steeringAngle>0.0</steeringAngle>
      <time>36</time>
    </ksState>
    <ksState>
      <x>16.747681337491606</x>
      <y>-14.53429719036443</y>
      <orientation>-0.71476</orientation>
      <velocity>0.0</velocity>
      <steeringAngle>0.0</steeringAngle>
      <time>37</time>
    </ksState>
    <ksState>
      <x>16.747681337491606</x>
      <y>-14.53429719036443</y>
      <orientation>-0.71476</orientation>
      <velocity>0.0</velocity>
      <steeringAngle>0.0</steeringAngle>
      <time>38</time>
    </ksState>
    <ksState>
      <x>16.747681337491606</x>
      <y>-14.53429719036443</y>
      <orientation>-0.71476</orientation>
      <velocity>0.0</velocity>
      <steeringAngle>0.0</steeringAngle>
      <time>39</time>
    </ksState>
    <ksState>
      <x>16.747681337491606</x>
      <y>-14.53429719036443</y>
      <orientation>-0.71476</orientation>
      <velocity>0.0</velocity>
      <steeringAngle>0.0</steeringAngle>
      <time>40</time>
    </ksState>
    <ksState>
      <x>16.747681337491606</x>
      <y>-14.53429719036443</y>
      <orientation>-0.71476</orientation>
      <velocity>0.0</velocity>
      <steeringAngle>0.0</steeringAngle>
      <time>41</time>
    </ksState>
    <ksState>
      <x>16.747681337491606</x>
      <y>-14.53429719036443</y>
      <orientation>-0.71476</orientation>
      <velocity>0.0</velocity>
      <steeringAngle>0.0</steeringAngle>
      <time>42</time>
    </ksState>
    <ksState>
      <x>16.747681337491606</x>
      <y>-14.53429719036443</y>
      <orientation>-0.71476</orientation>
      <velocity>0.0</velocity>
      <steeringAngle>0.0</steeringAngle>
      <time>43</time>
    </ksState>
    <ksState>
      <x>16.747681337491606</x>
      <y>-14.53429719036443</y>
      <orientation>-0.71476</orientation>
      <velocity>0.0</velocity>
      <steeringAngle>0.0</steeringAngle>
      <time>44</time>
    </ksState>
    <ksState>
      <x>16.747681337491606</x>
      <y>-14.53429719036443</y>
      <orientation>-0.71476</orientation>
      <velocity>0.0</velocity>
      <steeringAngle>0.0</steeringAngle>
      <time>45</time>
    </ksState>
    <ksState>
      <x>16.747681337491606</x>
      <y>-14.53429719036443</y>
      <orientation>-0.71476</orientation>
      <velocity>0.0</velocity>
      <steeringAngle>0.0</steeringAngle>
      <time>46</time>
    </ksState>
    <ksState>
      <x>16.747681337491606</x>
      <y>-14.53429719036443</y>
      <orientation>-0.71476</orientation>
      <velocity>0.0</velocity>
      <steeringAngle>0.0</steeringAngle>
      <time>47</time>
    </ksState>
    <ksState>
      <x>16.747681337491606</x>
      <y>-14.53429719036443</y>
      <orientation>-0.71476</orientation>
      <velocity>0.0</velocity>
      <steeringAngle>0.0</steeringAngle>
      <time>48</time>
    </ksState>
    <ksState>
      <x>16.747681337491606</x>
      <y>-14.53429719036443</y>
      <orientation>-0.71476</orientation>
      <velocity>0.0</velocity>
      <steeringAngle>0.0</steeringAngle>
      <time>49</time>
    </ksState>
    <ksState>
      <x>16.747681337491606</x>
      <y>-14.53429719036443</y>
      <orientation>-0.71476</orientation>
      <velocity>0.0</velocity>
      <steeringAngle>0.0</steeringAngle>
      <time>50</time>
    </ksState>
    <ksState>
      <x>16.747681337491606</x>
      <y>-14.53429719036443</y>
      <orientation>-0.71476</orientation>
      <velocity>0.0</velocity>
      <steeringAngle>0.0</steeringAngle>
      <time>51</time>
    </ksState>
    <ksState>
      <x>16.747681337491606</x>
      <y>-14.53429719036443</y>
      <orientation>-0.71476</orientation>
      <velocity>0.0</velocity>
      <steeringAngle>0.0</steeringAngle>
      <time>52</time>
    </ksState>
    <ksState>
      <x>16.747681337491606</x>
      <y>-14.53429719036443</y>
      <orientation>-0.71476</orientation>
      <velocity>0.0</velocity>
      <steeringAngle>0.0</steeringAngle>
      <time>53</time>
    </ksState>
    <ksState>
      <x>16.747681337491606</x>
      <y>-14.53429719036443</y>
      <orientation>-0.71476</orientation>
      <velocity>0.0</velocity>
      <steeringAngle>0.0</steeringAngle>
      <time>54</time>
    </ksState>
    <ksState>
      <x>16.747681337491606</x>
      <y>-14.53429719036443</y>
      <orientation>-0.71476</orientation>
      <velocity>0.0</velocity>
      <steeringAngle>0.0</steeringAngle>
      <time>55</time>
    </ksState>
    <ksState>
      <x>16.747681337491606</x>
      <y>-14.53429719036443</y>
      <orientation>-0.71476</orientation>
      <velocity>0.0</velocity>
      <steeringAngle>0.0</steeringAngle>
      <time>56</time>
    </ksState>
    <ksState>
      <x>16.747681337491606</x>
      <y>-14.53429719036443</y>
      <orientation>-0.71476</orientation>
      <velocity>0.0</velocity>
      <steeringAngle>0.0</steeringAngle>
      <time>57</time>
    </ksState>
    <ksState>
      <x>16.747681337491606</x>
      <y>-14.53429719036443</y>
      <orientation>-0.71476</orientation>
      <velocity>0.0</velocity>
      <steeringAngle>0.0</steeringAngle>
      <time>58</time>
    </ksState>
    <ksState>
      <x>16.747681337491606</x>
      <y>-14.53429719036443</y>
      <orientation>-0.71476</orientation>
      <velocity>0.0</velocity>
      <steeringAngle>0.0</steeringAngle>
      <time>59</time>
    </ksState>
    <ksState>
      <x>16.747681337491606</x>
      <y>-14.53429719036443</y>
      <orientation>-0.71476</orientation>
      <velocity>0.0</velocity>
      <steeringAngle>0.0</steeringAngle>
      <time>60</time>
    </ksState>
    <ksState>
      <x>16.747681337491606</x>
      <y>-14.53429719036443</y>
      <orientation>-0.71476</orientation>
      <velocity>0.0</velocity>
      <steeringAngle>0.0</steeringAngle>
      <time>61</time>
    </ksState>
    <ksState>
      <x>16.747681337491606</x>
      <y>-14.53429719036443</y>
      <orientation>-0.71476</orientation>
      <velocity>0.0</velocity>
      <steeringAngle>0.0</steeringAngle>
      <time>62</time>
    </ksState>
    <ksState>
      <x>16.747681337491606</x>
      <y>-14.53429719036443</y>
      <orientation>-0.71476</orientation>
      <velocity>0.0</velocity>
      <steeringAngle>0.0</steeringAngle>
      <time>63</time>
    </ksState>
    <ksState>
      <x>16.747681337491606</x>
      <y>-14.53429719036443</y>
      <orientation>-0.71476</orientation>
      <velocity>0.0</velocity>
      <steeringAngle>0.0</steeringAngle>
      <time>64</time>
    </ksState>
    <ksState>
      <x>16.747681337491606</x>
      <y>-14.53429719036443</y>
      <orientation>-0.71476</orientation>
      <velocity>0.0</velocity>
      <steeringAngle>0.0</steeringAngle>
      <time>65</time>
    </ksState>
    <ksState>
      <x>16.747681337491606</x>
      <y>-14.53429719036443</y>
      <orientation>-0.71476</orientation>
      <velocity>0.0</velocity>
      <steeringAngle>0.0</steeringAngle>
      <time>66</time>
    </ksState>
    <ksState>
      <x>16.747681337491606</x>
      <y>-14.53429719036443</y>
      <orientation>-0.71476</orientation>
      <velocity>0.0</velocity>
      <steeringAngle>0.0</steeringAngle>
      <time>67</time>
    </ksState>
    <ksState>
      <x>16.747681337491606</x>
      <y>-14.53429719036443</y>
      <orientation>-0.71476</orientation>
      <velocity>0.0</velocity>
      <steeringAngle>0.0</steeringAngle>
      <time>68</time>
    </ksState>
    <ksState>
      <x>16.747681337491606</x>
      <y>-14.53429719036443</y>
      <orientation>-0.71476</orientation>
      <velocity>0.0</velocity>
      <steeringAngle>0.0</steeringAngle>
      <time>69</time>
    </ksState>
    <ksState>
      <x>16.747681337491606</x>
      <y>-14.53429719036443</y>
      <orientation>-0.71476</orientation>
      <velocity>0.0</velocity>
      <steeringAngle>0.0</steeringAngle>
      <time>70</time>
    </ksState>
    <ksState>
      <x>16.747681337491606</x>
      <y>-14.53429719036443</y>
      <orientation>-0.71476</orientation>
      <velocity>0.0</velocity>
      <steeringAngle>0.0</steeringAngle>
      <time>71</time>
    </ksState>
    <ksState>
      <x>16.747681337491606</x>
      <y>-14.53429719036443</y>
      <orientation>-0.71476</orientation>
      <velocity>0.0</velocity>
      <steeringAngle>0.0</steeringAngle>
      <time>72</time>
    </ksState>
  </ksTrajectory>
</CommonRoadSolution>
