<?xml version="1.0" ?>
<CommonRoadSolution benchmark_id="KS2:SM1:DEU_Muc-21_2_T-1:2018b" date="2019-11-18">
  <ksTrajectory planningProblem="1">
    <ksState>
      <x>-28.162</x>
      <y>29.8068</y>
      <orientation>-1.2261</orientation>
      <velocity>9.0</velocity>
      <steeringAngle>0.0</steeringAngle>
      <time>0</time>
    </ksState>
    <ksState>
      <x>-27.852811542732617</x>
      <y>28.94562202890888</y>
      <orientation>-1.2261</orientation>
      <velocity>9.600000000000001</velocity>
      <steeringAngle>0.0</steeringAngle>
      <time>1</time>
    </ksState>
    <ksState>
      <x>-27.523348432529666</x>
      <y>28.027973371188835</y>
      <orientation>-1.2261</orientation>
      <velocity>10.200000000000003</velocity>
      <steeringAngle>0.0</steeringAngle>
      <time>2</time>
    </ksState>
    <ksState>
      <x>-27.173610669391152</x>
      <y>27.053854026839865</y>
      <orientation>-1.2261</orientation>
      <velocity>10.800000000000004</velocity>
      <steeringAngle>0.0</steeringAngle>
      <time>3</time>
    </ksState>
    <ksState>
      <x>-26.80359825331707</x>
      <y>26.023263995861967</y>
      <orientation>-1.2261</orientation>
      <velocity>11.400000000000006</velocity>
      <steeringAngle>0.0</steeringAngle>
      <time>4</time>
    </ksState>
    <ksState>
      <x>-26.413311184307425</x>
      <y>24.936203278255146</y>
      <orientation>-1.2261</orientation>
      <velocity>12.000000000000007</velocity>
      <steeringAngle>0.0</steeringAngle>
      <time>5</time>
    </ksState>
    <ksState>
      <x>-26.00443901677351</x>
      <y>23.79737776457181</y>
      <orientation>-1.2261</orientation>
      <velocity>12.399999999999999</velocity>
      <steeringAngle>0.0</steeringAngle>
      <time>6</time>
    </ksState>
    <ksState>
      <x>-25.582050413949215</x>
      <y>22.620905126469186</y>
      <orientation>-1.2261</orientation>
      <velocity>12.799999999999997</velocity>
      <steeringAngle>0.0</steeringAngle>
      <time>7</time>
    </ksState>
    <ksState>
      <x>-25.146145375834543</x>
      <y>21.406785363947282</y>
      <orientation>-1.2261</orientation>
      <velocity>13.199999999999996</velocity>
      <steeringAngle>0.0</steeringAngle>
      <time>8</time>
    </ksState>
    <ksState>
      <x>-24.696723902429497</x>
      <y>20.155018477006095</y>
      <orientation>-1.2261</orientation>
      <velocity>13.599999999999994</velocity>
      <steeringAngle>0.0</steeringAngle>
      <time>9</time>
    </ksState>
    <ksState>
      <x>-24.23378599373407</x>
      <y>18.86560446564562</y>
      <orientation>-1.2261</orientation>
      <velocity>13.999999999999993</velocity>
      <steeringAngle>0.0</steeringAngle>
      <time>10</time>
    </ksState>
    <ksState>
      <x>-23.757331649748266</x>
      <y>17.538543329865863</y>
      <orientation>-1.2261</orientation>
      <velocity>14.399999999999999</velocity>
      <steeringAngle>0.0</steeringAngle>
      <time>11</time>
    </ksState>
    <ksState>
      <x>-23.267360870472086</x>
      <y>16.173835069666822</y>
      <orientation>-1.2261</orientation>
      <velocity>14.799999999999997</velocity>
      <steeringAngle>0.0</steeringAngle>
      <time>12</time>
    </ksState>
    <ksState>
      <x>-22.763873655905527</x>
      <y>14.771479685048499</y>
      <orientation>-1.2261</orientation>
      <velocity>15.199999999999996</velocity>
      <steeringAngle>0.0</steeringAngle>
      <time>13</time>
    </ksState>
    <ksState>
      <x>-22.246870006048592</x>
      <y>13.331477176010893</y>
      <orientation>-1.2261</orientation>
      <velocity>15.599999999999994</velocity>
      <steeringAngle>0.0</steeringAngle>
      <time>14</time>
    </ksState>
    <ksState>
      <x>-21.71634992090128</x>
      <y>11.853827542554</y>
      <orientation>-1.2261</orientation>
      <velocity>15.999999999999993</velocity>
      <steeringAngle>0.0</steeringAngle>
      <time>15</time>
    </ksState>
    <ksState>
      <x>-21.17231340046359</x>
      <y>10.338530784677825</y>
      <orientation>-1.2261</orientation>
      <velocity>16.4</velocity>
      <steeringAngle>0.0</steeringAngle>
      <time>16</time>
    </ksState>
    <ksState>
      <x>-20.614760444735523</x>
      <y>8.785586902382365</y>
      <orientation>-1.2261</orientation>
      <velocity>16.799999999999997</velocity>
      <steeringAngle>0.0</steeringAngle>
      <time>17</time>
    </ksState>
    <ksState>
      <x>-20.043691053717076</x>
      <y>7.194995895667621</y>
      <orientation>-1.2261</orientation>
      <velocity>17.199999999999996</velocity>
      <steeringAngle>0.0</steeringAngle>
      <time>18</time>
    </ksState>
    <ksState>
      <x>-19.459105227408255</x>
      <y>5.566757764533594</y>
      <orientation>-1.2261</orientation>
      <velocity>17.599999999999994</velocity>
      <steeringAngle>0.0</steeringAngle>
      <time>19</time>
    </ksState>
    <ksState>
      <x>-18.861002965809057</x>
      <y>3.9008725089802816</y>
      <orientation>-1.2261</orientation>
      <velocity>17.999999999999993</velocity>
      <steeringAngle>0.0</steeringAngle>
      <time>20</time>
    </ksState>
    <ksState>
      <x>-18.24938426891948</x>
      <y>2.197340129007686</y>
      <orientation>-1.2261</orientation>
      <velocity>18.4</velocity>
      <steeringAngle>0.0</steeringAngle>
      <time>21</time>
    </ksState>
    <ksState>
      <x>-17.624249136739525</x>
      <y>0.4561606246158063</y>
      <orientation>-1.2261</orientation>
      <velocity>18.799999999999997</velocity>
      <steeringAngle>0.0</steeringAngle>
      <time>22</time>
    </ksState>
    <ksState>
      <x>-16.985597569269192</x>
      <y>-1.3226660041953568</y>
      <orientation>-1.2261</orientation>
      <velocity>19.199999999999996</velocity>
      <steeringAngle>0.0</steeringAngle>
      <time>23</time>
    </ksState>
    <ksState>
      <x>-16.333429566508485</x>
      <y>-3.139139757425803</y>
      <orientation>-1.2261</orientation>
      <velocity>19.599999999999994</velocity>
      <steeringAngle>0.0</steeringAngle>
      <time>24</time>
    </ksState>
    <ksState>
      <x>-15.667745128457398</x>
      <y>-4.993260635075535</y>
      <orientation>-1.2261</orientation>
      <velocity>19.999999999999993</velocity>
      <steeringAngle>0.0</steeringAngle>
      <time>25</time>
    </ksState>
    <ksState>
      <x>-14.991923363938527</x>
      <y>-6.875616856039729</y>
      <orientation>-1.2261</orientation>
      <velocity>20.0</velocity>
      <steeringAngle>0.0</steeringAngle>
      <time>26</time>
    </ksState>
    <ksState>
      <x>-14.316101599419659</x>
      <y>-8.757973077003923</y>
      <orientation>-1.2261</orientation>
      <velocity>20.0</velocity>
      <steeringAngle>0.0</steeringAngle>
      <time>27</time>
    </ksState>
    <ksState>
      <x>-13.640279834900788</x>
      <y>-10.640329297968115</y>
      <orientation>-1.2261</orientation>
      <velocity>20.0</velocity>
      <steeringAngle>0.0</steeringAngle>
      <time>28</time>
    </ksState>
    <ksState>
      <x>-12.96445807038192</x>
      <y>-12.52268551893231</y>
      <orientation>-1.2261</orientation>
      <velocity>20.0</velocity>
      <steeringAngle>0.0</steeringAngle>
      <time>29</time>
    </ksState>
    <ksState>
      <x>-12.288636305863049</x>
      <y>-14.405041739896504</y>
      <orientation>-1.2261</orientation>
      <velocity>20.0</velocity>
      <steeringAngle>0.0</steeringAngle>
      <time>30</time>
    </ksState>
    <ksState>
      <x>-11.612814541344179</x>
      <y>-16.287397960860698</y>
      <orientation>-1.2261</orientation>
      <velocity>20.0</velocity>
      <steeringAngle>0.0</steeringAngle>
      <time>31</time>
    </ksState>
    <ksState>
      <x>-10.93699277682531</x>
      <y>-18.169754181824892</y>
      <orientation>-1.2261</orientation>
      <velocity>20.0</velocity>
      <steeringAngle>0.0</steeringAngle>
      <time>32</time>
    </ksState>
    <ksState>
      <x>-10.26117101230644</x>
      <y>-20.052110402789086</y>
      <orientation>-1.2261</orientation>
      <velocity>20.0</velocity>
      <steeringAngle>0.0</steeringAngle>
      <time>33</time>
    </ksState>
    <ksState>
      <x>-9.58534924778757</x>
      <y>-21.93446662375328</y>
      <orientation>-1.2261</orientation>
      <velocity>20.0</velocity>
      <steeringAngle>0.0</steeringAngle>
      <time>34</time>
    </ksState>
    <ksState>
      <x>-8.9095274832687</x>
      <y>-23.81682284471747</y>
      <orientation>-1.2261</orientation>
      <velocity>20.0</velocity>
      <steeringAngle>0.0</steeringAngle>
      <time>35</time>
    </ksState>
    <ksState>
      <x>-8.23370571874983</x>
      <y>-25.699179065681665</y>
      <orientation>-1.2261</orientation>
      <velocity>20.0</velocity>
      <steeringAngle>0.0</steeringAngle>
      <time>36</time>
    </ksState>
    <ksState>
      <x>-7.557883954230961</x>
      <y>-27.58153528664586</y>
      <orientation>-1.2261</orientation>
      <velocity>20.0</velocity>
      <steeringAngle>0.0</steeringAngle>
      <time>37</time>
    </ksState>
    <ksState>
      <x>-6.882062189712091</x>
      <y>-29.463891507610054</y>
      <orientation>-1.2261</orientation>
      <velocity>20.0</velocity>
      <steeringAngle>0.0</steeringAngle>
      <time>38</time>
    </ksState>
    <ksState>
      <x>-6.206240425193222</x>
      <y>-31.346247728574248</y>
      <orientation>-1.2261</orientation>
      <velocity>20.0</velocity>
      <steeringAngle>0.0</steeringAngle>
      <time>39</time>
    </ksState>
    <ksState>
      <x>-5.530418660674352</x>
      <y>-33.22860394953844</y>
      <orientation>-1.2261</orientation>
      <velocity>20.0</velocity>
      <steeringAngle>0.0</steeringAngle>
      <time>40</time>
    </ksState>
    <ksState>
      <x>-4.854596896155482</x>
      <y>-35.11096017050263</y>
      <orientation>-1.2261</orientation>
      <velocity>20.0</velocity>
      <steeringAngle>0.0</steeringAngle>
      <time>41</time>
    </ksState>
    <ksState>
      <x>-4.178775131636613</x>
      <y>-36.99331639146683</y>
      <orientation>-1.2261</orientation>
      <velocity>20.0</velocity>
      <steeringAngle>0.0</steeringAngle>
      <time>42</time>
    </ksState>
    <ksState>
      <x>-3.5029533671177426</x>
      <y>-38.87567261243102</y>
      <orientation>-1.2261</orientation>
      <velocity>20.0</velocity>
      <steeringAngle>0.0</steeringAngle>
      <time>43</time>
    </ksState>
    <ksState>
      <x>-2.827131602598873</x>
      <y>-40.758028833395215</y>
      <orientation>-1.2261</orientation>
      <velocity>20.0</velocity>
      <steeringAngle>0.0</steeringAngle>
      <time>44</time>
    </ksState>
    <ksState>
      <x>-2.1513098380800035</x>
      <y>-42.640385054359406</y>
      <orientation>-1.2261</orientation>
      <velocity>20.0</velocity>
      <steeringAngle>0.0</steeringAngle>
      <time>45</time>
    </ksState>
    <ksState>
      <x>-1.475488073561134</x>
      <y>-44.5227412753236</y>
      <orientation>-1.2261</orientation>
      <velocity>20.0</velocity>
      <steeringAngle>0.0</steeringAngle>
      <time>46</time>
    </ksState>
    <ksState>
      <x>-0.7996663090422642</x>
      <y>-46.405097496287794</y>
      <orientation>-1.2261</orientation>
      <velocity>20.0</velocity>
      <steeringAngle>0.0</steeringAngle>
      <time>47</time>
    </ksState>
    <ksState>
      <x>-0.12384454452339444</x>
      <y>-48.287453717251985</y>
      <orientation>-1.2261</orientation>
      <velocity>20.0</velocity>
      <steeringAngle>0.0</steeringAngle>
      <time>48</time>
    </ksState>
    <ksState>
      <x>0.5519772199954751</x>
      <y>-50.16980993821618</y>
      <orientation>-1.2261</orientation>
      <velocity>20.0</velocity>
      <steeringAngle>0.0</steeringAngle>
      <time>49</time>
    </ksState>
    <ksState>
      <x>1.2277989845143447</x>
      <y>-52.05216615918037</y>
      <orientation>-1.2261</orientation>
      <velocity>20.0</velocity>
      <steeringAngle>0.0</steeringAngle>
      <time>50</time>
    </ksState>
    <ksState>
      <x>1.9036207490332142</x>
      <y>-53.934522380144564</y>
      <orientation>-1.2261</orientation>
      <velocity>20.0</velocity>
      <steeringAngle>0.0</steeringAngle>
      <time>51</time>
    </ksState>
    <ksState>
      <x>2.5794425135520838</x>
      <y>-55.81687860110876</y>
      <orientation>-1.2261</orientation>
      <velocity>20.0</velocity>
      <steeringAngle>0.0</steeringAngle>
      <time>52</time>
    </ksState>
    <ksState>
      <x>3.2552642780709538</x>
      <y>-57.69923482207295</y>
      <orientation>-1.2261</orientation>
      <velocity>20.0</velocity>
      <steeringAngle>0.0</steeringAngle>
      <time>53</time>
    </ksState>
    <ksState>
      <x>3.9310860425898233</x>
      <y>-59.58159104303715</y>
      <orientation>-1.2261</orientation>
      <velocity>20.0</velocity>
      <steeringAngle>0.0</steeringAngle>
      <time>54</time>
    </ksState>
    <ksState>
      <x>4.606907807108692</x>
      <y>-61.46394726400134</y>
      <orientation>-1.2261</orientation>
      <velocity>20.0</velocity>
      <steeringAngle>0.0</steeringAngle>
      <time>55</time>
    </ksState>
    <ksState>
      <x>5.282729571627562</x>
      <y>-63.34630348496553</y>
      <orientation>-1.2261</orientation>
      <velocity>20.0</velocity>
      <steeringAngle>0.0</steeringAngle>
      <time>56</time>
    </ksState>
    <ksState>
      <x>5.9585513361464315</x>
      <y>-65.22865970592973</y>
      <orientation>-1.2261</orientation>
      <velocity>20.0</velocity>
      <steeringAngle>0.0</steeringAngle>
      <time>57</time>
    </ksState>
    <ksState>
      <x>6.634373100665302</x>
      <y>-67.11101592689393</y>
      <orientation>-1.2261</orientation>
      <velocity>20.0</velocity>
      <steeringAngle>0.0</steeringAngle>
      <time>58</time>
    </ksState>
    <ksState>
      <x>7.310194865184171</x>
      <y>-68.99337214785811</y>
      <orientation>-1.2261</orientation>
      <velocity>20.0</velocity>
      <steeringAngle>0.0</steeringAngle>
      <time>59</time>
    </ksState>
    <ksState>
      <x>7.986016629703041</x>
      <y>-70.87572836882231</y>
      <orientation>-1.2261</orientation>
      <velocity>20.0</velocity>
      <steeringAngle>0.0</steeringAngle>
      <time>60</time>
    </ksState>
    <ksState>
      <x>8.661838394221911</x>
      <y>-72.7580845897865</y>
      <orientation>-1.2261</orientation>
      <velocity>20.0</velocity>
      <steeringAngle>0.0</steeringAngle>
      <time>61</time>
    </ksState>
    <ksState>
      <x>9.33766015874078</x>
      <y>-74.64044081075069</y>
      <orientation>-1.2261</orientation>
      <velocity>20.0</velocity>
      <steeringAngle>0.0</steeringAngle>
      <time>62</time>
    </ksState>
    <ksState>
      <x>10.01348192325965</x>
      <y>-76.52279703171489</y>
      <orientation>-1.2261</orientation>
      <velocity>20.0</velocity>
      <steeringAngle>0.0</steeringAngle>
      <time>63</time>
    </ksState>
    <ksState>
      <x>10.68930368777852</x>
      <y>-78.40515325267909</y>
      <orientation>-1.2261</orientation>
      <velocity>20.0</velocity>
      <steeringAngle>0.0</steeringAngle>
      <time>64</time>
    </ksState>
    <ksState>
      <x>11.36512545229739</x>
      <y>-80.28750947364328</y>
      <orientation>-1.2261</orientation>
      <velocity>20.0</velocity>
      <steeringAngle>0.0</steeringAngle>
      <time>65</time>
    </ksState>
    <ksState>
      <x>12.04094721681626</x>
      <y>-82.16986569460748</y>
      <orientation>-1.2261</orientation>
      <velocity>20.0</velocity>
      <steeringAngle>0.0</steeringAngle>
      <time>66</time>
    </ksState>
    <ksState>
      <x>12.716768981335129</x>
      <y>-84.05222191557166</y>
      <orientation>-1.2261</orientation>
      <velocity>20.0</velocity>
      <steeringAngle>0.0</steeringAngle>
      <time>67</time>
    </ksState>
    <ksState>
      <x>13.392590745854</x>
      <y>-85.93457813653586</y>
      <orientation>-1.2261</orientation>
      <velocity>20.0</velocity>
      <steeringAngle>0.0</steeringAngle>
      <time>68</time>
    </ksState>
    <ksState>
      <x>14.068412510372868</x>
      <y>-87.81693435750006</y>
      <orientation>-1.2261</orientation>
      <velocity>20.0</velocity>
      <steeringAngle>0.0</steeringAngle>
      <time>69</time>
    </ksState>
    <ksState>
      <x>14.744234274891738</x>
      <y>-89.69929057846426</y>
      <orientation>-1.2261</orientation>
      <velocity>20.0</velocity>
      <steeringAngle>0.0</steeringAngle>
      <time>70</time>
    </ksState>
    <ksState>
      <x>15.420056039410609</x>
      <y>-91.58164679942846</y>
      <orientation>-1.2261</orientation>
      <velocity>20.0</velocity>
      <steeringAngle>0.0</steeringAngle>
      <time>71</time>
    </ksState>
    <ksState>
      <x>16.09587780392948</x>
      <y>-93.46400302039264</y>
      <orientation>-1.2261</orientation>
      <velocity>20.0</velocity>
      <steeringAngle>0.0</steeringAngle>
      <time>72</time>
    </ksState>
    <ksState>
      <x>16.771699568448348</x>
      <y>-95.34635924135684</y>
      <orientation>-1.2261</orientation>
      <velocity>20.0</velocity>
      <steeringAngle>0.0</steeringAngle>
      <time>73</time>
    </ksState>
    <ksState>
      <x>17.447521332967217</x>
      <y>-97.22871546232103</y>
      <orientation>-1.2261</orientation>
      <velocity>20.0</velocity>
      <steeringAngle>0.0</steeringAngle>
      <time>74</time>
    </ksState>
    <ksState>
      <x>18.123343097486085</x>
      <y>-99.11107168328523</y>
      <orientation>-1.2261</orientation>
      <velocity>20.0</velocity>
      <steeringAngle>0.0</steeringAngle>
      <time>75</time>
    </ksState>
    <ksState>
      <x>18.799164862004954</x>
      <y>-100.99342790424943</y>
      <orientation>-1.2261</orientation>
      <velocity>20.0</velocity>
      <steeringAngle>0.0</steeringAngle>
      <time>76</time>
    </ksState>
    <ksState>
      <x>19.474986626523826</x>
      <y>-102.87578412521361</y>
      <orientation>-1.2261</orientation>
      <velocity>20.0</velocity>
      <steeringAngle>0.0</steeringAngle>
      <time>77</time>
    </ksState>
    <ksState>
      <x>20.150808391042695</x>
      <y>-104.75814034617781</y>
      <orientation>-1.2261</orientation>
      <velocity>20.0</velocity>
      <steeringAngle>0.0</steeringAngle>
      <time>78</time>
    </ksState>
    <ksState>
      <x>20.826630155561563</x>
      <y>-106.64049656714201</y>
      <orientation>-1.2261</orientation>
      <velocity>20.0</velocity>
      <steeringAngle>0.0</steeringAngle>
      <time>79</time>
    </ksState>
    <ksState>
      <x>21.502451920080432</x>
      <y>-108.5228527881062</y>
      <orientation>-1.2261</orientation>
      <velocity>20.0</velocity>
      <steeringAngle>0.0</steeringAngle>
      <time>80</time>
    </ksState>
    <ksState>
      <x>22.169825912542816</x>
      <y>-110.38167955630834</y>
      <orientation>-1.2261</orientation>
      <velocity>19.0</velocity>
      <steeringAngle>0.0</steeringAngle>
      <time>81</time>
    </ksState>
    <ksState>
      <x>22.803408816779257</x>
      <y>-112.14638851346228</y>
      <orientation>-1.2261</orientation>
      <velocity>18.0</velocity>
      <steeringAngle>0.0</steeringAngle>
      <time>82</time>
    </ksState>
    <ksState>
      <x>23.403200632789755</x>
      <y>-113.816979659568</y>
      <orientation>-1.2261</orientation>
      <velocity>17.0</velocity>
      <steeringAngle>0.0</steeringAngle>
      <time>83</time>
    </ksState>
    <ksState>
      <x>23.969201360574306</x>
      <y>-115.39345299462552</y>
      <orientation>-1.2261</orientation>
      <velocity>16.0</velocity>
      <steeringAngle>0.0</steeringAngle>
      <time>84</time>
    </ksState>
  </ksTrajectory>
</CommonRoadSolution>
