<?xml version="1.0" ?>
<CommonRoadSolution benchmark_id="KS2:SM1:USA_Lanker-2_21_T-1:2018b" date="2019-11-18">
  <ksTrajectory planningProblem="2159">
    <ksState>
      <x>0.0</x>
      <y>0.0</y>
      <orientation>2.4088</orientation>
      <velocity>0.0</velocity>
      <steeringAngle>0.0</steeringAngle>
      <time>0</time>
    </ksState>
    <ksState>
      <x>-0.018582729077794343</x>
      <y>0.01672370114601719</y>
      <orientation>2.4086708197045383</orientation>
      <velocity>1.0</velocity>
      <steeringAngle>-0.026650000000000004</steeringAngle>
      <time>1</time>
    </ksState>
    <ksState>
      <x>-0.11145963158733269</x>
      <y>0.10038301012371029</y>
      <orientation>2.4069908332505014</orientation>
      <velocity>2.0</velocity>
      <steeringAngle>-0.05330000000000001</steeringAngle>
      <time>2</time>
    </ksState>
    <ksState>
      <x>-0.2782580868031446</x>
      <y>0.2513903670389141</y>
      <orientation>2.4016880085404924</orientation>
      <velocity>3.0</velocity>
      <steeringAngle>-0.07995000000000001</steeringAngle>
      <time>3</time>
    </ksState>
    <ksState>
      <x>-0.5177300204015036</x>
      <y>0.471112061345091</y>
      <orientation>2.390679979829802</orientation>
      <velocity>4.0</velocity>
      <steeringAngle>-0.10660000000000001</steeringAngle>
      <time>4</time>
    </ksState>
    <ksState>
      <x>-0.8271536349157609</x>
      <y>0.762451945095877</y>
      <orientation>2.3718680384258253</orientation>
      <velocity>5.0</velocity>
      <steeringAngle>-0.13325</steeringAngle>
      <time>5</time>
    </ksState>
    <ksState>
      <x>-1.1697489415711388</x>
      <y>1.0986345548026601</y>
      <orientation>2.3457070758121206</orientation>
      <velocity>4.199999999999999</velocity>
      <steeringAngle>-0.15990000000000001</steeringAngle>
      <time>6</time>
    </ksState>
    <ksState>
      <x>-1.4478156622335525</x>
      <y>1.3861619751858405</y>
      <orientation>2.3196828948751502</orientation>
      <velocity>3.3999999999999995</velocity>
      <steeringAngle>-0.18655000000000002</steeringAngle>
      <time>7</time>
    </ksState>
    <ksState>
      <x>-1.6643044060390348</x>
      <y>1.6218072094530038</y>
      <orientation>2.2954581262926776</orientation>
      <velocity>2.5999999999999996</velocity>
      <steeringAngle>-0.21320000000000003</steeringAngle>
      <time>8</time>
    </ksState>
    <ksState>
      <x>-1.8224930331878992</x>
      <y>1.802291710767792</y>
      <orientation>2.274714266808973</orientation>
      <velocity>1.7999999999999998</velocity>
      <steeringAngle>-0.23985000000000004</steeringAngle>
      <time>9</time>
    </ksState>
    <ksState>
      <x>-1.9255894568495124</x>
      <y>1.9246463941034682</y>
      <orientation>2.2591569112989016</orientation>
      <velocity>0.9999999999999999</velocity>
      <steeringAngle>-0.2665</steeringAngle>
      <time>10</time>
    </ksState>
    <ksState>
      <x>-1.985755950300559</x>
      <y>1.9981646233729586</y>
      <orientation>2.248849814783474</orientation>
      <velocity>0.8</velocity>
      <steeringAngle>-0.29315</steeringAngle>
      <time>11</time>
    </ksState>
    <ksState>
      <x>-2.032673966350172</x>
      <y>2.0566767510350363</y>
      <orientation>2.2398733800535786</orientation>
      <velocity>0.6000000000000001</velocity>
      <steeringAngle>-0.3198000000000001</steeringAngle>
      <time>12</time>
    </ksState>
    <ksState>
      <x>-2.0667127326219004</x>
      <y>2.0998780387464953</y>
      <orientation>2.232666649343495</orientation>
      <velocity>0.40000000000000013</velocity>
      <steeringAngle>-0.34645000000000015</steeringAngle>
      <time>13</time>
    </ksState>
    <ksState>
      <x>-2.088190334654343</x>
      <y>2.127513346948527</y>
      <orientation>2.2276791200360875</orientation>
      <velocity>0.20000000000000015</velocity>
      <steeringAngle>-0.3731000000000002</steeringAngle>
      <time>14</time>
    </ksState>
    <ksState>
      <x>-2.0973440909349628</x>
      <y>2.1393964707283</y>
      <orientation>2.2253724316848214</orientation>
      <velocity>1.3877787807814457e-16</velocity>
      <steeringAngle>-0.39975000000000027</steeringAngle>
      <time>15</time>
    </ksState>
    <ksState>
      <x>-2.112564666421755</x>
      <y>2.159229122640005</y>
      <orientation>2.221123625856476</orientation>
      <velocity>1.0</velocity>
      <steeringAngle>-0.4264</steeringAngle>
      <time>16</time>
    </ksState>
    <ksState>
      <x>-2.187718051375348</x>
      <y>2.259112443782491</y>
      <orientation>2.1986347321050443</orientation>
      <velocity>2.0</velocity>
      <steeringAngle>-0.45304999999999995</steeringAngle>
      <time>17</time>
    </ksState>
    <ksState>
      <x>-2.317959706735099</x>
      <y>2.442572676693838</y>
      <orientation>2.1553572044668474</orientation>
      <velocity>3.0</velocity>
      <steeringAngle>-0.4796999999999999</steeringAngle>
      <time>18</time>
    </ksState>
    <ksState>
      <x>-2.492845963374528</x>
      <y>2.7164627366279244</y>
      <orientation>2.088639768594782</orientation>
      <velocity>4.0</velocity>
      <steeringAngle>-0.5063499999999999</steeringAngle>
      <time>19</time>
    </ksState>
    <ksState>
      <x>-2.6947155731706207</x>
      <y>3.0903483279490946</y>
      <orientation>1.9957150988786838</orientation>
      <velocity>5.0</velocity>
      <steeringAngle>-0.5329999999999999</steeringAngle>
      <time>20</time>
    </ksState>
    <ksState>
      <x>-2.8894489515866373</x>
      <y>3.556068694605375</y>
      <orientation>1.88195330446448</orientation>
      <velocity>5.199999999999999</velocity>
      <steeringAngle>-0.50635</steeringAngle>
      <time>21</time>
    </ksState>
    <ksState>
      <x>-3.0359586989989995</x>
      <y>4.059997821594307</y>
      <orientation>1.770833188385133</orientation>
      <velocity>5.399999999999999</velocity>
      <steeringAngle>-0.4797</steeringAngle>
      <time>22</time>
    </ksState>
    <ksState>
      <x>-3.1295000370664923</x>
      <y>4.596705199883288</y>
      <orientation>1.6626865254305507</orientation>
      <velocity>5.599999999999998</velocity>
      <steeringAngle>-0.45305000000000006</steeringAngle>
      <time>23</time>
    </ksState>
    <ksState>
      <x>-3.1663151053794683</x>
      <y>5.160306799736965</y>
      <orientation>1.5578411940728114</orientation>
      <velocity>5.799999999999997</velocity>
      <steeringAngle>-0.4264000000000001</steeringAngle>
      <time>24</time>
    </ksState>
    <ksState>
      <x>-3.143679883841915</x>
      <y>5.7446777905778</y>
      <orientation>1.4566222916220326</orientation>
      <velocity>5.9999999999999964</velocity>
      <steeringAngle>-0.39975000000000016</steeringAngle>
      <time>25</time>
    </ksState>
    <ksState>
      <x>-3.063161791375085</x>
      <y>6.323931920562578</y>
      <orientation>1.3625086281195795</orientation>
      <velocity>5.4</velocity>
      <steeringAngle>-0.3731</steeringAngle>
      <time>26</time>
    </ksState>
    <ksState>
      <x>-2.9444224893608095</x>
      <y>6.835214976399582</y>
      <orientation>1.2843344605937235</orientation>
      <velocity>4.800000000000001</velocity>
      <steeringAngle>-0.3464499999999999</steeringAngle>
      <time>27</time>
    </ksState>
    <ksState>
      <x>-2.8058181267338433</x>
      <y>7.279008718009427</y>
      <orientation>1.2205490094691167</orientation>
      <velocity>4.200000000000001</velocity>
      <steeringAngle>-0.31979999999999986</steeringAngle>
      <time>28</time>
    </ksState>
    <ksState>
      <x>-2.661936074543241</x>
      <y>7.657549571236759</y>
      <orientation>1.1696547044632695</orientation>
      <velocity>3.6000000000000014</velocity>
      <steeringAngle>-0.2931499999999998</steeringAngle>
      <time>29</time>
    </ksState>
    <ksState>
      <x>-2.5240383460095757</x>
      <y>7.973771066978859</y>
      <orientation>1.1302010328252357</orientation>
      <velocity>3.0000000000000018</velocity>
      <steeringAngle>-0.26649999999999974</steeringAngle>
      <time>30</time>
    </ksState>
    <ksState>
      <x>-2.4005605908162604</x>
      <y>8.230623434237135</y>
      <orientation>1.1007788844235706</orientation>
      <velocity>2.4000000000000004</velocity>
      <steeringAngle>-0.23985000000000004</steeringAngle>
      <time>31</time>
    </ksState>
    <ksState>
      <x>-2.2975954940726955</x>
      <y>8.430677320070776</y>
      <orientation>1.0800153235576482</orientation>
      <velocity>1.8000000000000005</velocity>
      <steeringAngle>-0.21320000000000003</steeringAngle>
      <time>32</time>
    </ksState>
    <ksState>
      <x>-2.219329803220048</x>
      <y>8.575932599987722</y>
      <orientation>1.066568725846934</orientation>
      <velocity>1.2000000000000004</velocity>
      <steeringAngle>-0.18655000000000002</steeringAngle>
      <time>33</time>
    </ksState>
    <ksState>
      <x>-2.168428211503792</x>
      <y>8.667769280547846</y>
      <orientation>1.0591242256012159</orientation>
      <velocity>0.6000000000000003</velocity>
      <steeringAngle>-0.15990000000000001</steeringAngle>
      <time>34</time>
    </ksState>
    <ksState>
      <x>-2.1463700724323864</x>
      <y>8.706992193708574</y>
      <orientation>1.0563894249153931</orientation>
      <velocity>2.220446049250313e-16</velocity>
      <steeringAngle>-0.13325</steeringAngle>
      <time>35</time>
    </ksState>
    <ksState>
      <x>-2.1463700724323864</x>
      <y>8.706992193708574</y>
      <orientation>1.0563894249153931</orientation>
      <velocity>0.0</velocity>
      <steeringAngle>-0.1066</steeringAngle>
      <time>36</time>
    </ksState>
    <ksState>
      <x>-2.1463700724323864</x>
      <y>8.706992193708574</y>
      <orientation>1.0563894249153931</orientation>
      <velocity>0.0</velocity>
      <steeringAngle>-0.07995</steeringAngle>
      <time>37</time>
    </ksState>
    <ksState>
      <x>-2.1463700724323864</x>
      <y>8.706992193708574</y>
      <orientation>1.0563894249153931</orientation>
      <velocity>0.0</velocity>
      <steeringAngle>-0.053299999999999986</steeringAngle>
      <time>38</time>
    </ksState>
    <ksState>
      <x>-2.1463700724323864</x>
      <y>8.706992193708574</y>
      <orientation>1.0563894249153931</orientation>
      <velocity>0.0</velocity>
      <steeringAngle>-0.02664999999999998</steeringAngle>
      <time>39</time>
    </ksState>
    <ksState>
      <x>-2.1463700724323864</x>
      <y>8.706992193708574</y>
      <orientation>1.0563894249153931</orientation>
      <velocity>0.0</velocity>
      <steeringAngle>2.42861286636753e-17</steeringAngle>
      <time>40</time>
    </ksState>
    <ksState>
      <x>-2.1340696075958827</x>
      <y>8.728756810976193</y>
      <orientation>1.0565186052108544</orientation>
      <velocity>1.0</velocity>
      <steeringAngle>0.026650000000000004</steeringAngle>
      <time>41</time>
    </ksState>
    <ksState>
      <x>-2.0726150938222796</x>
      <y>8.837606899332801</y>
      <orientation>1.0581985916648917</orientation>
      <velocity>2.0</velocity>
      <steeringAngle>0.05330000000000001</steeringAngle>
      <time>42</time>
    </ksState>
    <ksState>
      <x>-1.9624909591918902</x>
      <y>9.03381500690434</y>
      <orientation>1.0635014163749006</orientation>
      <velocity>3.0</velocity>
      <steeringAngle>0.07995000000000001</steeringAngle>
      <time>43</time>
    </ksState>
    <ksState>
      <x>-1.8053149512417732</x>
      <y>9.318279648740507</y>
      <orientation>1.074509445085591</orientation>
      <velocity>4.0</velocity>
      <steeringAngle>0.10660000000000001</steeringAngle>
      <time>44</time>
    </ksState>
    <ksState>
      <x>-1.604590963420603</x>
      <y>9.692888487125504</y>
      <orientation>1.0933213864895677</orientation>
      <velocity>5.0</velocity>
      <steeringAngle>0.13325</steeringAngle>
      <time>45</time>
    </ksState>
    <ksState>
      <x>-1.3687576547757985</x>
      <y>10.156322682303475</y>
      <orientation>1.1189317708158428</orientation>
      <velocity>5.800000000000001</velocity>
      <steeringAngle>0.1066</steeringAngle>
      <time>46</time>
    </ksState>
    <ksState>
      <x>-1.1101369440111972</x>
      <y>10.697711924511673</y>
      <orientation>1.1422094216440997</orientation>
      <velocity>6.600000000000001</velocity>
      <steeringAngle>0.07995</steeringAngle>
      <time>47</time>
    </ksState>
    <ksState>
      <x>-0.8308098631610353</x>
      <y>11.31768308656665</y>
      <orientation>1.1615172373513418</orientation>
      <velocity>7.400000000000002</velocity>
      <steeringAngle>0.053299999999999986</steeringAngle>
      <time>48</time>
    </ksState>
    <ksState>
      <x>-0.5311124699658165</x>
      <y>12.016090573872875</y>
      <orientation>1.1752200100977535</orientation>
      <velocity>8.200000000000003</velocity>
      <steeringAngle>0.02664999999999998</steeringAngle>
      <time>49</time>
    </ksState>
    <ksState>
      <x>-0.20910985581041075</x>
      <y>12.79191990447347</y>
      <orientation>1.1816797774168841</orientation>
      <velocity>9.000000000000004</velocity>
      <steeringAngle>-2.42861286636753e-17</steeringAngle>
      <time>50</time>
    </ksState>
    <ksState>
      <x>0.13611789558499876</x>
      <y>13.633892469149107</y>
      <orientation>1.1816797774168841</orientation>
      <velocity>9.399999999999999</velocity>
      <steeringAngle>0.0</steeringAngle>
      <time>51</time>
    </ksState>
    <ksState>
      <x>0.4965204931955912</x>
      <y>14.51287481688741</y>
      <orientation>1.1816797774168841</orientation>
      <velocity>9.799999999999997</velocity>
      <steeringAngle>0.0</steeringAngle>
      <time>52</time>
    </ksState>
    <ksState>
      <x>0.8720979370213664</x>
      <y>15.428866947688377</y>
      <orientation>1.1816797774168841</orientation>
      <velocity>10.199999999999996</velocity>
      <steeringAngle>0.0</steeringAngle>
      <time>53</time>
    </ksState>
    <ksState>
      <x>1.262850227062324</x>
      <y>16.381868861552007</y>
      <orientation>1.1816797774168841</orientation>
      <velocity>10.599999999999994</velocity>
      <steeringAngle>0.0</steeringAngle>
      <time>54</time>
    </ksState>
    <ksState>
      <x>1.6687773633184648</x>
      <y>17.371880558478306</y>
      <orientation>1.1816797774168841</orientation>
      <velocity>10.999999999999993</velocity>
      <steeringAngle>0.0</steeringAngle>
      <time>55</time>
    </ksState>
    <ksState>
      <x>2.0766013553515035</x>
      <y>18.36651847828744</y>
      <orientation>1.178966991212197</orientation>
      <velocity>10.0</velocity>
      <steeringAngle>-0.026650000000000004</steeringAngle>
      <time>56</time>
    </ksState>
    <ksState>
      <x>2.4512004887505414</x>
      <y>19.26668187775976</y>
      <orientation>1.1664320961655235</orientation>
      <velocity>9.0</velocity>
      <steeringAngle>-0.05330000000000001</steeringAngle>
      <time>57</time>
    </ksState>
    <ksState>
      <x>2.7990855965967674</x>
      <y>20.06954200115132</y>
      <orientation>1.1461268982026063</orientation>
      <velocity>8.0</velocity>
      <steeringAngle>-0.07995000000000001</steeringAngle>
      <time>58</time>
    </ksState>
    <ksState>
      <x>3.1226349548823205</x>
      <y>20.77375620738733</y>
      <orientation>1.120097234898741</orientation>
      <velocity>7.0</velocity>
      <steeringAngle>-0.10660000000000001</steeringAngle>
      <time>59</time>
    </ksState>
    <ksState>
      <x>3.4208949227404855</x>
      <y>21.37926591181054</y>
      <orientation>1.090388775745983</orientation>
      <velocity>6.0</velocity>
      <steeringAngle>-0.13325</steeringAngle>
      <time>60</time>
    </ksState>
    <ksState>
      <x>3.6927924638208998</x>
      <y>21.89156592485656</y>
      <orientation>1.0617122750691415</orientation>
      <velocity>5.199999999999999</velocity>
      <steeringAngle>-0.1066</steeringAngle>
      <time>61</time>
    </ksState>
    <ksState>
      <x>3.938735249473897</x>
      <y>22.326887511738356</y>
      <orientation>1.0422185522264185</orientation>
      <velocity>4.399999999999999</velocity>
      <steeringAngle>-0.07995</steeringAngle>
      <time>62</time>
    </ksState>
    <ksState>
      <x>4.151721707609863</x>
      <y>22.688874684397796</y>
      <orientation>1.0302091025384685</orientation>
      <velocity>3.5999999999999988</velocity>
      <steeringAngle>-0.053299999999999986</steeringAngle>
      <time>63</time>
    </ksState>
    <ksState>
      <x>4.32720942535647</x>
      <y>22.980085366862575</y>
      <orientation>1.0240039665530467</orientation>
      <velocity>2.799999999999999</velocity>
      <steeringAngle>-0.02664999999999998</steeringAngle>
      <time>64</time>
    </ksState>
    <ksState>
      <x>4.4625446783261</x>
      <y>23.202086119392725</y>
      <orientation>1.0219368248587166</orientation>
      <velocity>1.9999999999999991</velocity>
      <steeringAngle>2.42861286636753e-17</steeringAngle>
      <time>65</time>
    </ksState>
    <ksState>
      <x>4.5616704497868845</x>
      <y>23.364178936729903</y>
      <orientation>1.0219368248587166</orientation>
      <velocity>1.6</velocity>
      <steeringAngle>0.0</steeringAngle>
      <time>66</time>
    </ksState>
    <ksState>
      <x>4.6399276377822405</x>
      <y>23.49214695041715</y>
      <orientation>1.0219368248587166</orientation>
      <velocity>1.2000000000000002</velocity>
      <steeringAngle>0.0</steeringAngle>
      <time>67</time>
    </ksState>
    <ksState>
      <x>4.697316242312168</x>
      <y>23.585990160454465</y>
      <orientation>1.0219368248587166</orientation>
      <velocity>0.8000000000000003</velocity>
      <steeringAngle>0.0</steeringAngle>
      <time>68</time>
    </ksState>
    <ksState>
      <x>4.733836263376668</x>
      <y>23.645708566841847</y>
      <orientation>1.0219368248587166</orientation>
      <velocity>0.4000000000000003</velocity>
      <steeringAngle>0.0</steeringAngle>
      <time>69</time>
    </ksState>
    <ksState>
      <x>4.749487700975739</x>
      <y>23.6713021695793</y>
      <orientation>1.0219368248587166</orientation>
      <velocity>2.7755575615628914e-16</velocity>
      <steeringAngle>0.0</steeringAngle>
      <time>70</time>
    </ksState>
    <ksState>
      <x>4.749487700975739</x>
      <y>23.6713021695793</y>
      <orientation>1.0219368248587166</orientation>
      <velocity>0.0</velocity>
      <steeringAngle>0.0</steeringAngle>
      <time>71</time>
    </ksState>
    <ksState>
      <x>4.749487700975739</x>
      <y>23.6713021695793</y>
      <orientation>1.0219368248587166</orientation>
      <velocity>0.0</velocity>
      <steeringAngle>0.0</steeringAngle>
      <time>72</time>
    </ksState>
    <ksState>
      <x>4.749487700975739</x>
      <y>23.6713021695793</y>
      <orientation>1.0219368248587166</orientation>
      <velocity>0.0</velocity>
      <steeringAngle>0.0</steeringAngle>
      <time>73</time>
    </ksState>
    <ksState>
      <x>4.749487700975739</x>
      <y>23.6713021695793</y>
      <orientation>1.0219368248587166</orientation>
      <velocity>0.0</velocity>
      <steeringAngle>0.0</steeringAngle>
      <time>74</time>
    </ksState>
    <ksState>
      <x>4.749487700975739</x>
      <y>23.6713021695793</y>
      <orientation>1.0219368248587166</orientation>
      <velocity>0.0</velocity>
      <steeringAngle>0.0</steeringAngle>
      <time>75</time>
    </ksState>
    <ksState>
      <x>4.749487700975739</x>
      <y>23.6713021695793</y>
      <orientation>1.0219368248587166</orientation>
      <velocity>0.0</velocity>
      <steeringAngle>0.0</steeringAngle>
      <time>76</time>
    </ksState>
    <ksState>
      <x>4.749487700975739</x>
      <y>23.6713021695793</y>
      <orientation>1.0219368248587166</orientation>
      <velocity>0.0</velocity>
      <steeringAngle>0.0</steeringAngle>
      <time>77</time>
    </ksState>
    <ksState>
      <x>4.749487700975739</x>
      <y>23.6713021695793</y>
      <orientation>1.0219368248587166</orientation>
      <velocity>0.0</velocity>
      <steeringAngle>0.0</steeringAngle>
      <time>78</time>
    </ksState>
    <ksState>
      <x>4.749487700975739</x>
      <y>23.6713021695793</y>
      <orientation>1.0219368248587166</orientation>
      <velocity>0.0</velocity>
      <steeringAngle>0.0</steeringAngle>
      <time>79</time>
    </ksState>
    <ksState>
      <x>4.749487700975739</x>
      <y>23.6713021695793</y>
      <orientation>1.0219368248587166</orientation>
      <velocity>0.0</velocity>
      <steeringAngle>0.0</steeringAngle>
      <time>80</time>
    </ksState>
  </ksTrajectory>
</CommonRoadSolution>
