<?xml version="1.0" ?>
<CommonRoadSolution benchmark_id="KS2:SM1:USA_US101-29_2_T-1:2018b" date="2019-11-18">
  <ksTrajectory planningProblem="622">
    <ksState>
      <x>0.0</x>
      <y>0.0</y>
      <orientation>-0.70187</orientation>
      <velocity>16.0</velocity>
      <steeringAngle>0.0</steeringAngle>
      <time>0</time>
    </ksState>
    <ksState>
      <x>1.206545138525182</x>
      <y>-1.0201219675613546</y>
      <orientation>-0.6978395747816077</orientation>
      <velocity>15.2</velocity>
      <steeringAngle>0.026650000000000004</steeringAngle>
      <time>1</time>
    </ksState>
    <ksState>
      <x>2.3596111786548684</x>
      <y>-1.979498849553441</y>
      <orientation>-0.6785073726710762</orientation>
      <velocity>14.399999999999999</velocity>
      <steeringAngle>0.05330000000000001</steeringAngle>
      <time>2</time>
    </ksState>
    <ksState>
      <x>3.47157917599585</x>
      <y>-2.862570398212782</y>
      <orientation>-0.6455015994602817</orientation>
      <velocity>13.599999999999998</velocity>
      <steeringAngle>0.07995000000000001</steeringAngle>
      <time>3</time>
    </ksState>
    <ksState>
      <x>4.550238566610462</x>
      <y>-3.657487767100536</y>
      <orientation>-0.6004350158622079</orientation>
      <velocity>12.799999999999997</velocity>
      <steeringAngle>0.10660000000000001</steeringAngle>
      <time>4</time>
    </ksState>
    <ksState>
      <x>5.598972717420178</x>
      <y>-4.35568321395785</y>
      <orientation>-0.5449094409028656</orientation>
      <velocity>11.999999999999996</velocity>
      <steeringAngle>0.13325</steeringAngle>
      <time>5</time>
    </ksState>
    <ksState>
      <x>6.638984388524072</x>
      <y>-4.963998679544933</y>
      <orientation>-0.4854537526591601</orientation>
      <velocity>12.2</velocity>
      <steeringAngle>0.1066</steeringAngle>
      <time>6</time>
    </ksState>
    <ksState>
      <x>7.7295401641613655</x>
      <y>-5.521737673119178</y>
      <orientation>-0.43783504295545655</orientation>
      <velocity>12.399999999999999</velocity>
      <steeringAngle>0.07995</steeringAngle>
      <time>7</time>
    </ksState>
    <ksState>
      <x>8.86210026143312</x>
      <y>-6.038640816107017</y>
      <orientation>-0.4024025796651631</orientation>
      <velocity>12.599999999999998</velocity>
      <steeringAngle>0.053299999999999986</steeringAngle>
      <time>8</time>
    </ksState>
    <ksState>
      <x>10.029246899449838</x>
      <y>-6.526417173416939</y>
      <orientation>-0.37952143021790447</orientation>
      <velocity>12.799999999999997</velocity>
      <steeringAngle>0.02664999999999998</steeringAngle>
      <time>9</time>
    </ksState>
    <ksState>
      <x>11.224376551274213</x>
      <y>-6.998510438436252</y>
      <orientation>-0.36957337276133073</orientation>
      <velocity>12.999999999999996</velocity>
      <steeringAngle>-2.42861286636753e-17</steeringAngle>
      <time>10</time>
    </ksState>
    <ksState>
      <x>12.427277732388788</x>
      <y>-7.464481197683185</y>
      <orientation>-0.36957337276133073</orientation>
      <velocity>12.600000000000001</velocity>
      <steeringAngle>0.0</steeringAngle>
      <time>11</time>
    </ksState>
    <ksState>
      <x>13.592879652073453</x>
      <y>-7.916003251217035</y>
      <orientation>-0.36957337276133073</orientation>
      <velocity>12.200000000000003</velocity>
      <steeringAngle>0.0</steeringAngle>
      <time>12</time>
    </ksState>
    <ksState>
      <x>14.721182310328208</x>
      <y>-8.3530765990378</y>
      <orientation>-0.36957337276133073</orientation>
      <velocity>11.800000000000004</velocity>
      <steeringAngle>0.0</steeringAngle>
      <time>13</time>
    </ksState>
    <ksState>
      <x>15.812185707153054</x>
      <y>-8.775701241145484</y>
      <orientation>-0.36957337276133073</orientation>
      <velocity>11.400000000000006</velocity>
      <steeringAngle>0.0</steeringAngle>
      <time>14</time>
    </ksState>
    <ksState>
      <x>16.865889842547993</x>
      <y>-9.183877177540083</y>
      <orientation>-0.36957337276133073</orientation>
      <velocity>11.000000000000007</velocity>
      <steeringAngle>0.0</steeringAngle>
      <time>15</time>
    </ksState>
    <ksState>
      <x>17.88695712419176</x>
      <y>-9.579410496435735</y>
      <orientation>-0.36957337276133073</orientation>
      <velocity>10.8</velocity>
      <steeringAngle>0.0</steeringAngle>
      <time>16</time>
    </ksState>
    <ksState>
      <x>18.889374775120572</x>
      <y>-9.967719462474845</y>
      <orientation>-0.36957337276133073</orientation>
      <velocity>10.600000000000001</velocity>
      <steeringAngle>0.0</steeringAngle>
      <time>17</time>
    </ksState>
    <ksState>
      <x>19.873142795334427</x>
      <y>-10.348804075657414</y>
      <orientation>-0.36957337276133073</orientation>
      <velocity>10.400000000000002</velocity>
      <steeringAngle>0.0</steeringAngle>
      <time>18</time>
    </ksState>
    <ksState>
      <x>20.838261184833332</x>
      <y>-10.722664335983442</y>
      <orientation>-0.36957337276133073</orientation>
      <velocity>10.200000000000003</velocity>
      <steeringAngle>0.0</steeringAngle>
      <time>19</time>
    </ksState>
    <ksState>
      <x>21.78472994361728</x>
      <y>-11.089300243452927</y>
      <orientation>-0.36957337276133073</orientation>
      <velocity>10.000000000000004</velocity>
      <steeringAngle>0.0</steeringAngle>
      <time>20</time>
    </ksState>
    <ksState>
      <x>22.693899440971318</x>
      <y>-11.44148744520933</y>
      <orientation>-0.36957337276133073</orientation>
      <velocity>9.0</velocity>
      <steeringAngle>0.0</steeringAngle>
      <time>21</time>
    </ksState>
    <ksState>
      <x>23.509820784750584</x>
      <y>-11.757552882683024</y>
      <orientation>-0.36957337276133073</orientation>
      <velocity>8.0</velocity>
      <steeringAngle>0.0</steeringAngle>
      <time>22</time>
    </ksState>
    <ksState>
      <x>24.232493974955077</x>
      <y>-12.03749655587401</y>
      <orientation>-0.36957337276133073</orientation>
      <velocity>7.0</velocity>
      <steeringAngle>0.0</steeringAngle>
      <time>23</time>
    </ksState>
    <ksState>
      <x>24.861919011584796</x>
      <y>-12.28131846478229</y>
      <orientation>-0.36957337276133073</orientation>
      <velocity>6.0</velocity>
      <steeringAngle>0.0</steeringAngle>
      <time>24</time>
    </ksState>
    <ksState>
      <x>25.398095894639738</x>
      <y>-12.48901860940786</y>
      <orientation>-0.36957337276133073</orientation>
      <velocity>5.0</velocity>
      <steeringAngle>0.0</steeringAngle>
      <time>25</time>
    </ksState>
    <ksState>
      <x>25.87832388554982</x>
      <y>-12.675045695463806</y>
      <orientation>-0.36957337276133073</orientation>
      <velocity>5.6</velocity>
      <steeringAngle>0.0</steeringAngle>
      <time>26</time>
    </ksState>
    <ksState>
      <x>26.414500768604764</x>
      <y>-12.882745840089378</y>
      <orientation>-0.36957337276133073</orientation>
      <velocity>6.199999999999999</velocity>
      <steeringAngle>0.0</steeringAngle>
      <time>27</time>
    </ksState>
    <ksState>
      <x>27.006626543804575</x>
      <y>-13.112119043284572</y>
      <orientation>-0.36957337276133073</orientation>
      <velocity>6.799999999999999</velocity>
      <steeringAngle>0.0</steeringAngle>
      <time>28</time>
    </ksState>
    <ksState>
      <x>27.65470121114925</x>
      <y>-13.363165305049392</y>
      <orientation>-0.36957337276133073</orientation>
      <velocity>7.399999999999999</velocity>
      <steeringAngle>0.0</steeringAngle>
      <time>29</time>
    </ksState>
    <ksState>
      <x>28.358724770638787</x>
      <y>-13.635884625383838</y>
      <orientation>-0.36957337276133073</orientation>
      <velocity>7.999999999999998</velocity>
      <steeringAngle>0.0</steeringAngle>
      <time>30</time>
    </ksState>
    <ksState>
      <x>29.118697222273187</x>
      <y>-13.930277004287907</y>
      <orientation>-0.36957337276133073</orientation>
      <velocity>8.600000000000001</velocity>
      <steeringAngle>0.0</steeringAngle>
      <time>31</time>
    </ksState>
    <ksState>
      <x>29.934618566052453</x>
      <y>-14.246342441761602</y>
      <orientation>-0.36957337276133073</orientation>
      <velocity>9.200000000000003</velocity>
      <steeringAngle>0.0</steeringAngle>
      <time>32</time>
    </ksState>
    <ksState>
      <x>30.806488801976585</x>
      <y>-14.584080937804922</y>
      <orientation>-0.36957337276133073</orientation>
      <velocity>9.800000000000004</velocity>
      <steeringAngle>0.0</steeringAngle>
      <time>33</time>
    </ksState>
    <ksState>
      <x>31.734307930045578</x>
      <y>-14.943492492417866</y>
      <orientation>-0.36957337276133073</orientation>
      <velocity>10.400000000000006</velocity>
      <steeringAngle>0.0</steeringAngle>
      <time>34</time>
    </ksState>
    <ksState>
      <x>32.71807595025943</x>
      <y>-15.324577105600435</y>
      <orientation>-0.36957337276133073</orientation>
      <velocity>11.000000000000007</velocity>
      <steeringAngle>0.0</steeringAngle>
      <time>35</time>
    </ksState>
    <ksState>
      <x>33.75779286261815</x>
      <y>-15.72733477735263</y>
      <orientation>-0.36957337276133073</orientation>
      <velocity>11.600000000000001</velocity>
      <steeringAngle>0.0</steeringAngle>
      <time>36</time>
    </ksState>
    <ksState>
      <x>34.85345866712174</x>
      <y>-16.151765507674448</y>
      <orientation>-0.36957337276133073</orientation>
      <velocity>12.200000000000003</velocity>
      <steeringAngle>0.0</steeringAngle>
      <time>37</time>
    </ksState>
    <ksState>
      <x>36.00507336377019</x>
      <y>-16.59786929656589</y>
      <orientation>-0.36957337276133073</orientation>
      <velocity>12.800000000000004</velocity>
      <steeringAngle>0.0</steeringAngle>
      <time>38</time>
    </ksState>
    <ksState>
      <x>37.2126369525635</x>
      <y>-17.06564614402696</y>
      <orientation>-0.36957337276133073</orientation>
      <velocity>13.400000000000006</velocity>
      <steeringAngle>0.0</steeringAngle>
      <time>39</time>
    </ksState>
    <ksState>
      <x>38.476149433501675</x>
      <y>-17.555096050057653</y>
      <orientation>-0.36957337276133073</orientation>
      <velocity>14.000000000000007</velocity>
      <steeringAngle>0.0</steeringAngle>
      <time>40</time>
    </ksState>
    <ksState>
      <x>39.790948398905975</x>
      <y>-18.064412926443836</y>
      <orientation>-0.36957337276133073</orientation>
      <velocity>14.399999999999999</velocity>
      <steeringAngle>0.0</steeringAngle>
      <time>41</time>
    </ksState>
    <ksState>
      <x>41.14304662574019</x>
      <y>-18.588178508543102</y>
      <orientation>-0.36957337276133073</orientation>
      <velocity>14.799999999999997</velocity>
      <steeringAngle>0.0</steeringAngle>
      <time>42</time>
    </ksState>
    <ksState>
      <x>42.532444114004306</x>
      <y>-19.12639279635545</y>
      <orientation>-0.36957337276133073</orientation>
      <velocity>15.199999999999996</velocity>
      <steeringAngle>0.0</steeringAngle>
      <time>43</time>
    </ksState>
    <ksState>
      <x>43.95914086369834</x>
      <y>-19.67905578988088</y>
      <orientation>-0.36957337276133073</orientation>
      <velocity>15.599999999999994</velocity>
      <steeringAngle>0.0</steeringAngle>
      <time>44</time>
    </ksState>
    <ksState>
      <x>45.423136874822276</x>
      <y>-20.246167489119394</y>
      <orientation>-0.36957337276133073</orientation>
      <velocity>15.999999999999993</velocity>
      <steeringAngle>0.0</steeringAngle>
      <time>45</time>
    </ksState>
    <ksState>
      <x>46.89179529362495</x>
      <y>-20.815085276572045</y>
      <orientation>-0.36957337276133073</orientation>
      <velocity>15.0</velocity>
      <steeringAngle>0.0</steeringAngle>
      <time>46</time>
    </ksState>
    <ksState>
      <x>48.26720555885286</x>
      <y>-21.347881299741985</y>
      <orientation>-0.36957337276133073</orientation>
      <velocity>14.0</velocity>
      <steeringAngle>0.0</steeringAngle>
      <time>47</time>
    </ksState>
    <ksState>
      <x>49.54936767050599</x>
      <y>-21.84455555862922</y>
      <orientation>-0.36957337276133073</orientation>
      <velocity>13.0</velocity>
      <steeringAngle>0.0</steeringAngle>
      <time>48</time>
    </ksState>
  </ksTrajectory>
</CommonRoadSolution>
