<?xml version="1.0" ?>
<CommonRoadSolution benchmark_id="KS2:SM1:USA_US101-23_2_T-1:2018b" date="2019-11-18">
  <ksTrajectory planningProblem="97">
    <ksState>
      <x>0.0</x>
      <y>0.0</y>
      <orientation>-0.71162</orientation>
      <velocity>17.0</velocity>
      <steeringAngle>0.0</steeringAngle>
      <time>0</time>
    </ksState>
    <ksState>
      <x>1.2684857252903405</x>
      <y>-1.09387794782354</y>
      <orientation>-0.71162</orientation>
      <velocity>16.0</velocity>
      <steeringAngle>0.0</steeringAngle>
      <time>1</time>
    </ksState>
    <ksState>
      <x>2.4612409595185714</x>
      <y>-2.122449749508361</y>
      <orientation>-0.71162</orientation>
      <velocity>15.0</velocity>
      <steeringAngle>0.0</steeringAngle>
      <time>2</time>
    </ksState>
    <ksState>
      <x>3.5782657026846914</x>
      <y>-3.0857154050544633</y>
      <orientation>-0.71162</orientation>
      <velocity>14.0</velocity>
      <steeringAngle>0.0</steeringAngle>
      <time>3</time>
    </ksState>
    <ksState>
      <x>4.619559954788702</x>
      <y>-3.983674914461847</y>
      <orientation>-0.71162</orientation>
      <velocity>13.0</velocity>
      <steeringAngle>0.0</steeringAngle>
      <time>4</time>
    </ksState>
    <ksState>
      <x>5.585123715830603</x>
      <y>-4.816328277730512</y>
      <orientation>-0.71162</orientation>
      <velocity>12.0</velocity>
      <steeringAngle>0.0</steeringAngle>
      <time>5</time>
    </ksState>
    <ksState>
      <x>6.474956985810394</x>
      <y>-5.583675494860458</y>
      <orientation>-0.71162</orientation>
      <velocity>11.0</velocity>
      <steeringAngle>0.0</steeringAngle>
      <time>6</time>
    </ksState>
    <ksState>
      <x>7.2890597647280755</x>
      <y>-6.285716565851685</y>
      <orientation>-0.71162</orientation>
      <velocity>10.0</velocity>
      <steeringAngle>0.0</steeringAngle>
      <time>7</time>
    </ksState>
    <ksState>
      <x>8.027432052583647</x>
      <y>-6.922451490704193</y>
      <orientation>-0.71162</orientation>
      <velocity>9.0</velocity>
      <steeringAngle>0.0</steeringAngle>
      <time>8</time>
    </ksState>
    <ksState>
      <x>8.690073849377107</x>
      <y>-7.493880269417983</y>
      <orientation>-0.71162</orientation>
      <velocity>8.0</velocity>
      <steeringAngle>0.0</steeringAngle>
      <time>9</time>
    </ksState>
    <ksState>
      <x>9.27698515510846</x>
      <y>-8.000002901993053</y>
      <orientation>-0.71162</orientation>
      <velocity>7.0</velocity>
      <steeringAngle>0.0</steeringAngle>
      <time>10</time>
    </ksState>
    <ksState>
      <x>9.788165969777701</x>
      <y>-8.440819388429405</y>
      <orientation>-0.71162</orientation>
      <velocity>6.0</velocity>
      <steeringAngle>0.0</steeringAngle>
      <time>11</time>
    </ksState>
    <ksState>
      <x>10.223616293384833</x>
      <y>-8.816329728727037</y>
      <orientation>-0.71162</orientation>
      <velocity>5.0</velocity>
      <steeringAngle>0.0</steeringAngle>
      <time>12</time>
    </ksState>
    <ksState>
      <x>10.583336125929854</x>
      <y>-9.126533922885953</y>
      <orientation>-0.71162</orientation>
      <velocity>4.0</velocity>
      <steeringAngle>0.0</steeringAngle>
      <time>13</time>
    </ksState>
    <ksState>
      <x>10.867325467412767</x>
      <y>-9.371431970906148</y>
      <orientation>-0.71162</orientation>
      <velocity>3.0</velocity>
      <steeringAngle>0.0</steeringAngle>
      <time>14</time>
    </ksState>
    <ksState>
      <x>11.075584317833568</x>
      <y>-9.551023872787624</y>
      <orientation>-0.71162</orientation>
      <velocity>2.0</velocity>
      <steeringAngle>0.0</steeringAngle>
      <time>15</time>
    </ksState>
    <ksState>
      <x>11.219472250851577</x>
      <y>-9.67510555045119</y>
      <orientation>-0.71162</orientation>
      <velocity>1.6</velocity>
      <steeringAngle>0.0</steeringAngle>
      <time>16</time>
    </ksState>
    <ksState>
      <x>11.333067987444743</x>
      <y>-9.773064769659268</y>
      <orientation>-0.71162</orientation>
      <velocity>1.2000000000000002</velocity>
      <steeringAngle>0.0</steeringAngle>
      <time>17</time>
    </ksState>
    <ksState>
      <x>11.416371527613062</x>
      <y>-9.844901530411859</y>
      <orientation>-0.71162</orientation>
      <velocity>0.8000000000000003</velocity>
      <steeringAngle>0.0</steeringAngle>
      <time>18</time>
    </ksState>
    <ksState>
      <x>11.46938287135654</x>
      <y>-9.890615832708962</y>
      <orientation>-0.71162</orientation>
      <velocity>0.4000000000000003</velocity>
      <steeringAngle>0.0</steeringAngle>
      <time>19</time>
    </ksState>
    <ksState>
      <x>11.492102018675173</x>
      <y>-9.910207676550577</y>
      <orientation>-0.71162</orientation>
      <velocity>2.7755575615628914e-16</velocity>
      <steeringAngle>0.0</steeringAngle>
      <time>20</time>
    </ksState>
    <ksState>
      <x>11.492102018675173</x>
      <y>-9.910207676550577</y>
      <orientation>-0.71162</orientation>
      <velocity>0.0</velocity>
      <steeringAngle>0.0</steeringAngle>
      <time>21</time>
    </ksState>
    <ksState>
      <x>11.492102018675173</x>
      <y>-9.910207676550577</y>
      <orientation>-0.71162</orientation>
      <velocity>0.0</velocity>
      <steeringAngle>0.0</steeringAngle>
      <time>22</time>
    </ksState>
    <ksState>
      <x>11.492102018675173</x>
      <y>-9.910207676550577</y>
      <orientation>-0.71162</orientation>
      <velocity>0.0</velocity>
      <steeringAngle>0.0</steeringAngle>
      <time>23</time>
    </ksState>
    <ksState>
      <x>11.492102018675173</x>
      <y>-9.910207676550577</y>
      <orientation>-0.71162</orientation>
      <velocity>0.0</velocity>
      <steeringAngle>0.0</steeringAngle>
      <time>24</time>
    </ksState>
    <ksState>
      <x>11.492102018675173</x>
      <y>-9.910207676550577</y>
      <orientation>-0.71162</orientation>
      <velocity>0.0</velocity>
      <steeringAngle>0.0</steeringAngle>
      <time>25</time>
    </ksState>
    <ksState>
      <x>11.492102018675173</x>
      <y>-9.910207676550577</y>
      <orientation>-0.71162</orientation>
      <velocity>0.0</velocity>
      <steeringAngle>0.0</steeringAngle>
      <time>26</time>
    </ksState>
    <ksState>
      <x>11.492102018675173</x>
      <y>-9.910207676550577</y>
      <orientation>-0.71162</orientation>
      <velocity>0.0</velocity>
      <steeringAngle>0.0</steeringAngle>
      <time>27</time>
    </ksState>
    <ksState>
      <x>11.492102018675173</x>
      <y>-9.910207676550577</y>
      <orientation>-0.71162</orientation>
      <velocity>0.0</velocity>
      <steeringAngle>0.0</steeringAngle>
      <time>28</time>
    </ksState>
    <ksState>
      <x>11.492102018675173</x>
      <y>-9.910207676550577</y>
      <orientation>-0.71162</orientation>
      <velocity>0.0</velocity>
      <steeringAngle>0.0</steeringAngle>
      <time>29</time>
    </ksState>
    <ksState>
      <x>11.492102018675173</x>
      <y>-9.910207676550577</y>
      <orientation>-0.71162</orientation>
      <velocity>0.0</velocity>
      <steeringAngle>0.0</steeringAngle>
      <time>30</time>
    </ksState>
    <ksState>
      <x>11.492102018675173</x>
      <y>-9.910207676550577</y>
      <orientation>-0.71162</orientation>
      <velocity>0.0</velocity>
      <steeringAngle>0.0</steeringAngle>
      <time>31</time>
    </ksState>
    <ksState>
      <x>11.492102018675173</x>
      <y>-9.910207676550577</y>
      <orientation>-0.71162</orientation>
      <velocity>0.0</velocity>
      <steeringAngle>0.0</steeringAngle>
      <time>32</time>
    </ksState>
    <ksState>
      <x>11.492102018675173</x>
      <y>-9.910207676550577</y>
      <orientation>-0.71162</orientation>
      <velocity>0.0</velocity>
      <steeringAngle>0.0</steeringAngle>
      <time>33</time>
    </ksState>
    <ksState>
      <x>11.492102018675173</x>
      <y>-9.910207676550577</y>
      <orientation>-0.71162</orientation>
      <velocity>0.0</velocity>
      <steeringAngle>0.0</steeringAngle>
      <time>34</time>
    </ksState>
    <ksState>
      <x>11.492102018675173</x>
      <y>-9.910207676550577</y>
      <orientation>-0.71162</orientation>
      <velocity>0.0</velocity>
      <steeringAngle>0.0</steeringAngle>
      <time>35</time>
    </ksState>
    <ksState>
      <x>11.492102018675173</x>
      <y>-9.910207676550577</y>
      <orientation>-0.71162</orientation>
      <velocity>0.0</velocity>
      <steeringAngle>0.0</steeringAngle>
      <time>36</time>
    </ksState>
    <ksState>
      <x>11.492102018675173</x>
      <y>-9.910207676550577</y>
      <orientation>-0.71162</orientation>
      <velocity>0.0</velocity>
      <steeringAngle>0.0</steeringAngle>
      <time>37</time>
    </ksState>
    <ksState>
      <x>11.492102018675173</x>
      <y>-9.910207676550577</y>
      <orientation>-0.71162</orientation>
      <velocity>0.0</velocity>
      <steeringAngle>0.0</steeringAngle>
      <time>38</time>
    </ksState>
    <ksState>
      <x>11.492102018675173</x>
      <y>-9.910207676550577</y>
      <orientation>-0.71162</orientation>
      <velocity>0.0</velocity>
      <steeringAngle>0.0</steeringAngle>
      <time>39</time>
    </ksState>
    <ksState>
      <x>11.492102018675173</x>
      <y>-9.910207676550577</y>
      <orientation>-0.71162</orientation>
      <velocity>0.0</velocity>
      <steeringAngle>0.0</steeringAngle>
      <time>40</time>
    </ksState>
    <ksState>
      <x>11.492102018675173</x>
      <y>-9.910207676550577</y>
      <orientation>-0.71162</orientation>
      <velocity>0.0</velocity>
      <steeringAngle>0.0</steeringAngle>
      <time>41</time>
    </ksState>
    <ksState>
      <x>11.492102018675173</x>
      <y>-9.910207676550577</y>
      <orientation>-0.71162</orientation>
      <velocity>0.0</velocity>
      <steeringAngle>0.0</steeringAngle>
      <time>42</time>
    </ksState>
    <ksState>
      <x>11.492102018675173</x>
      <y>-9.910207676550577</y>
      <orientation>-0.71162</orientation>
      <velocity>0.0</velocity>
      <steeringAngle>0.0</steeringAngle>
      <time>43</time>
    </ksState>
    <ksState>
      <x>11.492102018675173</x>
      <y>-9.910207676550577</y>
      <orientation>-0.71162</orientation>
      <velocity>0.0</velocity>
      <steeringAngle>0.0</steeringAngle>
      <time>44</time>
    </ksState>
    <ksState>
      <x>11.492102018675173</x>
      <y>-9.910207676550577</y>
      <orientation>-0.71162</orientation>
      <velocity>0.0</velocity>
      <steeringAngle>0.0</steeringAngle>
      <time>45</time>
    </ksState>
    <ksState>
      <x>11.492102018675173</x>
      <y>-9.910207676550577</y>
      <orientation>-0.71162</orientation>
      <velocity>0.0</velocity>
      <steeringAngle>0.0</steeringAngle>
      <time>46</time>
    </ksState>
    <ksState>
      <x>11.492102018675173</x>
      <y>-9.910207676550577</y>
      <orientation>-0.71162</orientation>
      <velocity>0.0</velocity>
      <steeringAngle>0.0</steeringAngle>
      <time>47</time>
    </ksState>
    <ksState>
      <x>11.492102018675173</x>
      <y>-9.910207676550577</y>
      <orientation>-0.71162</orientation>
      <velocity>0.0</velocity>
      <steeringAngle>0.0</steeringAngle>
      <time>48</time>
    </ksState>
    <ksState>
      <x>11.492102018675173</x>
      <y>-9.910207676550577</y>
      <orientation>-0.71162</orientation>
      <velocity>0.0</velocity>
      <steeringAngle>0.0</steeringAngle>
      <time>49</time>
    </ksState>
    <ksState>
      <x>11.492102018675173</x>
      <y>-9.910207676550577</y>
      <orientation>-0.71162</orientation>
      <velocity>0.0</velocity>
      <steeringAngle>0.0</steeringAngle>
      <time>50</time>
    </ksState>
    <ksState>
      <x>11.492102018675173</x>
      <y>-9.910207676550577</y>
      <orientation>-0.71162</orientation>
      <velocity>0.0</velocity>
      <steeringAngle>0.0</steeringAngle>
      <time>51</time>
    </ksState>
    <ksState>
      <x>11.492102018675173</x>
      <y>-9.910207676550577</y>
      <orientation>-0.71162</orientation>
      <velocity>0.0</velocity>
      <steeringAngle>0.0</steeringAngle>
      <time>52</time>
    </ksState>
    <ksState>
      <x>11.492102018675173</x>
      <y>-9.910207676550577</y>
      <orientation>-0.71162</orientation>
      <velocity>0.0</velocity>
      <steeringAngle>0.0</steeringAngle>
      <time>53</time>
    </ksState>
    <ksState>
      <x>11.492102018675173</x>
      <y>-9.910207676550577</y>
      <orientation>-0.71162</orientation>
      <velocity>0.0</velocity>
      <steeringAngle>0.0</steeringAngle>
      <time>54</time>
    </ksState>
    <ksState>
      <x>11.492102018675173</x>
      <y>-9.910207676550577</y>
      <orientation>-0.71162</orientation>
      <velocity>0.0</velocity>
      <steeringAngle>0.0</steeringAngle>
      <time>55</time>
    </ksState>
    <ksState>
      <x>11.492102018675173</x>
      <y>-9.910207676550577</y>
      <orientation>-0.71162</orientation>
      <velocity>0.0</velocity>
      <steeringAngle>0.0</steeringAngle>
      <time>56</time>
    </ksState>
    <ksState>
      <x>11.492102018675173</x>
      <y>-9.910207676550577</y>
      <orientation>-0.71162</orientation>
      <velocity>0.0</velocity>
      <steeringAngle>0.0</steeringAngle>
      <time>57</time>
    </ksState>
    <ksState>
      <x>11.492102018675173</x>
      <y>-9.910207676550577</y>
      <orientation>-0.71162</orientation>
      <velocity>0.0</velocity>
      <steeringAngle>0.0</steeringAngle>
      <time>58</time>
    </ksState>
    <ksState>
      <x>11.492102018675173</x>
      <y>-9.910207676550577</y>
      <orientation>-0.71162</orientation>
      <velocity>0.0</velocity>
      <steeringAngle>0.0</steeringAngle>
      <time>59</time>
    </ksState>
    <ksState>
      <x>11.492102018675173</x>
      <y>-9.910207676550577</y>
      <orientation>-0.71162</orientation>
      <velocity>0.0</velocity>
      <steeringAngle>0.0</steeringAngle>
      <time>60</time>
    </ksState>
    <ksState>
      <x>11.492102018675173</x>
      <y>-9.910207676550577</y>
      <orientation>-0.71162</orientation>
      <velocity>0.0</velocity>
      <steeringAngle>0.0</steeringAngle>
      <time>61</time>
    </ksState>
    <ksState>
      <x>11.492102018675173</x>
      <y>-9.910207676550577</y>
      <orientation>-0.71162</orientation>
      <velocity>0.0</velocity>
      <steeringAngle>0.0</steeringAngle>
      <time>62</time>
    </ksState>
    <ksState>
      <x>11.492102018675173</x>
      <y>-9.910207676550577</y>
      <orientation>-0.71162</orientation>
      <velocity>0.0</velocity>
      <steeringAngle>0.0</steeringAngle>
      <time>63</time>
    </ksState>
    <ksState>
      <x>11.492102018675173</x>
      <y>-9.910207676550577</y>
      <orientation>-0.71162</orientation>
      <velocity>0.0</velocity>
      <steeringAngle>0.0</steeringAngle>
      <time>64</time>
    </ksState>
    <ksState>
      <x>11.492102018675173</x>
      <y>-9.910207676550577</y>
      <orientation>-0.71162</orientation>
      <velocity>0.0</velocity>
      <steeringAngle>0.0</steeringAngle>
      <time>65</time>
    </ksState>
    <ksState>
      <x>11.492102018675173</x>
      <y>-9.910207676550577</y>
      <orientation>-0.71162</orientation>
      <velocity>0.0</velocity>
      <steeringAngle>0.0</steeringAngle>
      <time>66</time>
    </ksState>
    <ksState>
      <x>11.492102018675173</x>
      <y>-9.910207676550577</y>
      <orientation>-0.71162</orientation>
      <velocity>0.0</velocity>
      <steeringAngle>0.0</steeringAngle>
      <time>67</time>
    </ksState>
    <ksState>
      <x>11.492102018675173</x>
      <y>-9.910207676550577</y>
      <orientation>-0.71162</orientation>
      <velocity>0.0</velocity>
      <steeringAngle>0.0</steeringAngle>
      <time>68</time>
    </ksState>
    <ksState>
      <x>11.492102018675173</x>
      <y>-9.910207676550577</y>
      <orientation>-0.71162</orientation>
      <velocity>0.0</velocity>
      <steeringAngle>0.0</steeringAngle>
      <time>69</time>
    </ksState>
    <ksState>
      <x>11.492102018675173</x>
      <y>-9.910207676550577</y>
      <orientation>-0.71162</orientation>
      <velocity>0.0</velocity>
      <steeringAngle>0.0</steeringAngle>
      <time>70</time>
    </ksState>
    <ksState>
      <x>11.492102018675173</x>
      <y>-9.910207676550577</y>
      <orientation>-0.71162</orientation>
      <velocity>0.0</velocity>
      <steeringAngle>0.0</steeringAngle>
      <time>71</time>
    </ksState>
    <ksState>
      <x>11.492102018675173</x>
      <y>-9.910207676550577</y>
      <orientation>-0.71162</orientation>
      <velocity>0.0</velocity>
      <steeringAngle>0.0</steeringAngle>
      <time>72</time>
    </ksState>
    <ksState>
      <x>11.492102018675173</x>
      <y>-9.910207676550577</y>
      <orientation>-0.71162</orientation>
      <velocity>0.0</velocity>
      <steeringAngle>0.0</steeringAngle>
      <time>73</time>
    </ksState>
    <ksState>
      <x>11.492102018675173</x>
      <y>-9.910207676550577</y>
      <orientation>-0.71162</orientation>
      <velocity>0.0</velocity>
      <steeringAngle>0.0</steeringAngle>
      <time>74</time>
    </ksState>
    <ksState>
      <x>11.492102018675173</x>
      <y>-9.910207676550577</y>
      <orientation>-0.71162</orientation>
      <velocity>0.0</velocity>
      <steeringAngle>0.0</steeringAngle>
      <time>75</time>
    </ksState>
    <ksState>
      <x>11.492102018675173</x>
      <y>-9.910207676550577</y>
      <orientation>-0.71162</orientation>
      <velocity>0.0</velocity>
      <steeringAngle>0.0</steeringAngle>
      <time>76</time>
    </ksState>
    <ksState>
      <x>11.492102018675173</x>
      <y>-9.910207676550577</y>
      <orientation>-0.71162</orientation>
      <velocity>0.0</velocity>
      <steeringAngle>0.0</steeringAngle>
      <time>77</time>
    </ksState>
    <ksState>
      <x>11.492102018675173</x>
      <y>-9.910207676550577</y>
      <orientation>-0.71162</orientation>
      <velocity>0.0</velocity>
      <steeringAngle>0.0</steeringAngle>
      <time>78</time>
    </ksState>
    <ksState>
      <x>11.492102018675173</x>
      <y>-9.910207676550577</y>
      <orientation>-0.71162</orientation>
      <velocity>0.0</velocity>
      <steeringAngle>0.0</steeringAngle>
      <time>79</time>
    </ksState>
    <ksState>
      <x>11.492102018675173</x>
      <y>-9.910207676550577</y>
      <orientation>-0.71162</orientation>
      <velocity>0.0</velocity>
      <steeringAngle>0.0</steeringAngle>
      <time>80</time>
    </ksState>
    <ksState>
      <x>11.492102018675173</x>
      <y>-9.910207676550577</y>
      <orientation>-0.71162</orientation>
      <velocity>0.0</velocity>
      <steeringAngle>0.0</steeringAngle>
      <time>81</time>
    </ksState>
    <ksState>
      <x>11.492102018675173</x>
      <y>-9.910207676550577</y>
      <orientation>-0.71162</orientation>
      <velocity>0.0</velocity>
      <steeringAngle>0.0</steeringAngle>
      <time>82</time>
    </ksState>
    <ksState>
      <x>11.492102018675173</x>
      <y>-9.910207676550577</y>
      <orientation>-0.71162</orientation>
      <velocity>0.0</velocity>
      <steeringAngle>0.0</steeringAngle>
      <time>83</time>
    </ksState>
    <ksState>
      <x>11.492102018675173</x>
      <y>-9.910207676550577</y>
      <orientation>-0.71162</orientation>
      <velocity>0.0</velocity>
      <steeringAngle>0.0</steeringAngle>
      <time>84</time>
    </ksState>
    <ksState>
      <x>11.492102018675173</x>
      <y>-9.910207676550577</y>
      <orientation>-0.71162</orientation>
      <velocity>0.0</velocity>
      <steeringAngle>0.0</steeringAngle>
      <time>85</time>
    </ksState>
    <ksState>
      <x>11.492102018675173</x>
      <y>-9.910207676550577</y>
      <orientation>-0.71162</orientation>
      <velocity>0.0</velocity>
      <steeringAngle>0.0</steeringAngle>
      <time>86</time>
    </ksState>
    <ksState>
      <x>11.492102018675173</x>
      <y>-9.910207676550577</y>
      <orientation>-0.71162</orientation>
      <velocity>0.0</velocity>
      <steeringAngle>0.0</steeringAngle>
      <time>87</time>
    </ksState>
    <ksState>
      <x>11.492102018675173</x>
      <y>-9.910207676550577</y>
      <orientation>-0.71162</orientation>
      <velocity>0.0</velocity>
      <steeringAngle>0.0</steeringAngle>
      <time>88</time>
    </ksState>
    <ksState>
      <x>11.492102018675173</x>
      <y>-9.910207676550577</y>
      <orientation>-0.71162</orientation>
      <velocity>0.0</velocity>
      <steeringAngle>0.0</steeringAngle>
      <time>89</time>
    </ksState>
    <ksState>
      <x>11.492102018675173</x>
      <y>-9.910207676550577</y>
      <orientation>-0.71162</orientation>
      <velocity>0.0</velocity>
      <steeringAngle>0.0</steeringAngle>
      <time>90</time>
    </ksState>
    <ksState>
      <x>11.492102018675173</x>
      <y>-9.910207676550577</y>
      <orientation>-0.71162</orientation>
      <velocity>0.0</velocity>
      <steeringAngle>0.0</steeringAngle>
      <time>91</time>
    </ksState>
    <ksState>
      <x>11.492102018675173</x>
      <y>-9.910207676550577</y>
      <orientation>-0.71162</orientation>
      <velocity>0.0</velocity>
      <steeringAngle>0.0</steeringAngle>
      <time>92</time>
    </ksState>
    <ksState>
      <x>11.492102018675173</x>
      <y>-9.910207676550577</y>
      <orientation>-0.71162</orientation>
      <velocity>0.0</velocity>
      <steeringAngle>0.0</steeringAngle>
      <time>93</time>
    </ksState>
    <ksState>
      <x>11.492102018675173</x>
      <y>-9.910207676550577</y>
      <orientation>-0.71162</orientation>
      <velocity>0.0</velocity>
      <steeringAngle>0.0</steeringAngle>
      <time>94</time>
    </ksState>
    <ksState>
      <x>11.492102018675173</x>
      <y>-9.910207676550577</y>
      <orientation>-0.71162</orientation>
      <velocity>0.0</velocity>
      <steeringAngle>0.0</steeringAngle>
      <time>95</time>
    </ksState>
    <ksState>
      <x>11.492102018675173</x>
      <y>-9.910207676550577</y>
      <orientation>-0.71162</orientation>
      <velocity>0.0</velocity>
      <steeringAngle>0.0</steeringAngle>
      <time>96</time>
    </ksState>
    <ksState>
      <x>11.492102018675173</x>
      <y>-9.910207676550577</y>
      <orientation>-0.71162</orientation>
      <velocity>0.0</velocity>
      <steeringAngle>0.0</steeringAngle>
      <time>97</time>
    </ksState>
    <ksState>
      <x>11.492102018675173</x>
      <y>-9.910207676550577</y>
      <orientation>-0.71162</orientation>
      <velocity>0.0</velocity>
      <steeringAngle>0.0</steeringAngle>
      <time>98</time>
    </ksState>
    <ksState>
      <x>11.492102018675173</x>
      <y>-9.910207676550577</y>
      <orientation>-0.71162</orientation>
      <velocity>0.0</velocity>
      <steeringAngle>0.0</steeringAngle>
      <time>99</time>
    </ksState>
    <ksState>
      <x>11.492102018675173</x>
      <y>-9.910207676550577</y>
      <orientation>-0.71162</orientation>
      <velocity>0.0</velocity>
      <steeringAngle>0.0</steeringAngle>
      <time>100</time>
    </ksState>
    <ksState>
      <x>11.492102018675173</x>
      <y>-9.910207676550577</y>
      <orientation>-0.71162</orientation>
      <velocity>0.0</velocity>
      <steeringAngle>0.0</steeringAngle>
      <time>101</time>
    </ksState>
    <ksState>
      <x>11.492102018675173</x>
      <y>-9.910207676550577</y>
      <orientation>-0.71162</orientation>
      <velocity>0.0</velocity>
      <steeringAngle>0.0</steeringAngle>
      <time>102</time>
    </ksState>
    <ksState>
      <x>11.492102018675173</x>
      <y>-9.910207676550577</y>
      <orientation>-0.71162</orientation>
      <velocity>0.0</velocity>
      <steeringAngle>0.0</steeringAngle>
      <time>103</time>
    </ksState>
    <ksState>
      <x>11.492102018675173</x>
      <y>-9.910207676550577</y>
      <orientation>-0.71162</orientation>
      <velocity>0.0</velocity>
      <steeringAngle>0.0</steeringAngle>
      <time>104</time>
    </ksState>
    <ksState>
      <x>11.492102018675173</x>
      <y>-9.910207676550577</y>
      <orientation>-0.71162</orientation>
      <velocity>0.0</velocity>
      <steeringAngle>0.0</steeringAngle>
      <time>105</time>
    </ksState>
    <ksState>
      <x>11.492102018675173</x>
      <y>-9.910207676550577</y>
      <orientation>-0.71162</orientation>
      <velocity>0.0</velocity>
      <steeringAngle>0.0</steeringAngle>
      <time>106</time>
    </ksState>
    <ksState>
      <x>11.492102018675173</x>
      <y>-9.910207676550577</y>
      <orientation>-0.71162</orientation>
      <velocity>0.0</velocity>
      <steeringAngle>0.0</steeringAngle>
      <time>107</time>
    </ksState>
    <ksState>
      <x>11.492102018675173</x>
      <y>-9.910207676550577</y>
      <orientation>-0.71162</orientation>
      <velocity>0.0</velocity>
      <steeringAngle>0.0</steeringAngle>
      <time>108</time>
    </ksState>
    <ksState>
      <x>11.492102018675173</x>
      <y>-9.910207676550577</y>
      <orientation>-0.71162</orientation>
      <velocity>0.0</velocity>
      <steeringAngle>0.0</steeringAngle>
      <time>109</time>
    </ksState>
    <ksState>
      <x>11.492102018675173</x>
      <y>-9.910207676550577</y>
      <orientation>-0.71162</orientation>
      <velocity>0.0</velocity>
      <steeringAngle>0.0</steeringAngle>
      <time>110</time>
    </ksState>
    <ksState>
      <x>11.492102018675173</x>
      <y>-9.910207676550577</y>
      <orientation>-0.71162</orientation>
      <velocity>0.0</velocity>
      <steeringAngle>0.0</steeringAngle>
      <time>111</time>
    </ksState>
    <ksState>
      <x>11.492102018675173</x>
      <y>-9.910207676550577</y>
      <orientation>-0.71162</orientation>
      <velocity>0.0</velocity>
      <steeringAngle>0.0</steeringAngle>
      <time>112</time>
    </ksState>
    <ksState>
      <x>11.492102018675173</x>
      <y>-9.910207676550577</y>
      <orientation>-0.71162</orientation>
      <velocity>0.0</velocity>
      <steeringAngle>0.0</steeringAngle>
      <time>113</time>
    </ksState>
    <ksState>
      <x>11.492102018675173</x>
      <y>-9.910207676550577</y>
      <orientation>-0.71162</orientation>
      <velocity>0.0</velocity>
      <steeringAngle>0.0</steeringAngle>
      <time>114</time>
    </ksState>
    <ksState>
      <x>11.492102018675173</x>
      <y>-9.910207676550577</y>
      <orientation>-0.71162</orientation>
      <velocity>0.0</velocity>
      <steeringAngle>0.0</steeringAngle>
      <time>115</time>
    </ksState>
    <ksState>
      <x>11.492102018675173</x>
      <y>-9.910207676550577</y>
      <orientation>-0.71162</orientation>
      <velocity>0.0</velocity>
      <steeringAngle>0.0</steeringAngle>
      <time>116</time>
    </ksState>
    <ksState>
      <x>11.492102018675173</x>
      <y>-9.910207676550577</y>
      <orientation>-0.71162</orientation>
      <velocity>0.0</velocity>
      <steeringAngle>0.0</steeringAngle>
      <time>117</time>
    </ksState>
    <ksState>
      <x>11.492102018675173</x>
      <y>-9.910207676550577</y>
      <orientation>-0.71162</orientation>
      <velocity>0.0</velocity>
      <steeringAngle>0.0</steeringAngle>
      <time>118</time>
    </ksState>
    <ksState>
      <x>11.492102018675173</x>
      <y>-9.910207676550577</y>
      <orientation>-0.71162</orientation>
      <velocity>0.0</velocity>
      <steeringAngle>0.0</steeringAngle>
      <time>119</time>
    </ksState>
    <ksState>
      <x>11.492102018675173</x>
      <y>-9.910207676550577</y>
      <orientation>-0.71162</orientation>
      <velocity>0.0</velocity>
      <steeringAngle>0.0</steeringAngle>
      <time>120</time>
    </ksState>
    <ksState>
      <x>11.492102018675173</x>
      <y>-9.910207676550577</y>
      <orientation>-0.71162</orientation>
      <velocity>0.0</velocity>
      <steeringAngle>0.0</steeringAngle>
      <time>121</time>
    </ksState>
    <ksState>
      <x>11.492102018675173</x>
      <y>-9.910207676550577</y>
      <orientation>-0.71162</orientation>
      <velocity>0.0</velocity>
      <steeringAngle>0.0</steeringAngle>
      <time>122</time>
    </ksState>
    <ksState>
      <x>11.492102018675173</x>
      <y>-9.910207676550577</y>
      <orientation>-0.71162</orientation>
      <velocity>0.0</velocity>
      <steeringAngle>0.0</steeringAngle>
      <time>123</time>
    </ksState>
    <ksState>
      <x>11.492102018675173</x>
      <y>-9.910207676550577</y>
      <orientation>-0.71162</orientation>
      <velocity>0.0</velocity>
      <steeringAngle>0.0</steeringAngle>
      <time>124</time>
    </ksState>
    <ksState>
      <x>11.492102018675173</x>
      <y>-9.910207676550577</y>
      <orientation>-0.71162</orientation>
      <velocity>0.0</velocity>
      <steeringAngle>0.0</steeringAngle>
      <time>125</time>
    </ksState>
    <ksState>
      <x>11.492102018675173</x>
      <y>-9.910207676550577</y>
      <orientation>-0.71162</orientation>
      <velocity>0.0</velocity>
      <steeringAngle>0.0</steeringAngle>
      <time>126</time>
    </ksState>
    <ksState>
      <x>11.492102018675173</x>
      <y>-9.910207676550577</y>
      <orientation>-0.71162</orientation>
      <velocity>0.0</velocity>
      <steeringAngle>0.0</steeringAngle>
      <time>127</time>
    </ksState>
    <ksState>
      <x>11.492102018675173</x>
      <y>-9.910207676550577</y>
      <orientation>-0.71162</orientation>
      <velocity>0.0</velocity>
      <steeringAngle>0.0</steeringAngle>
      <time>128</time>
    </ksState>
    <ksState>
      <x>11.492102018675173</x>
      <y>-9.910207676550577</y>
      <orientation>-0.71162</orientation>
      <velocity>0.0</velocity>
      <steeringAngle>0.0</steeringAngle>
      <time>129</time>
    </ksState>
    <ksState>
      <x>11.492102018675173</x>
      <y>-9.910207676550577</y>
      <orientation>-0.71162</orientation>
      <velocity>0.0</velocity>
      <steeringAngle>0.0</steeringAngle>
      <time>130</time>
    </ksState>
    <ksState>
      <x>11.492102018675173</x>
      <y>-9.910207676550577</y>
      <orientation>-0.71162</orientation>
      <velocity>0.0</velocity>
      <steeringAngle>0.0</steeringAngle>
      <time>131</time>
    </ksState>
    <ksState>
      <x>11.492102018675173</x>
      <y>-9.910207676550577</y>
      <orientation>-0.71162</orientation>
      <velocity>0.0</velocity>
      <steeringAngle>0.0</steeringAngle>
      <time>132</time>
    </ksState>
    <ksState>
      <x>11.492102018675173</x>
      <y>-9.910207676550577</y>
      <orientation>-0.71162</orientation>
      <velocity>0.0</velocity>
      <steeringAngle>0.0</steeringAngle>
      <time>133</time>
    </ksState>
    <ksState>
      <x>11.492102018675173</x>
      <y>-9.910207676550577</y>
      <orientation>-0.71162</orientation>
      <velocity>0.0</velocity>
      <steeringAngle>0.0</steeringAngle>
      <time>134</time>
    </ksState>
    <ksState>
      <x>11.492102018675173</x>
      <y>-9.910207676550577</y>
      <orientation>-0.71162</orientation>
      <velocity>0.0</velocity>
      <steeringAngle>0.0</steeringAngle>
      <time>135</time>
    </ksState>
    <ksState>
      <x>11.492102018675173</x>
      <y>-9.910207676550577</y>
      <orientation>-0.71162</orientation>
      <velocity>0.0</velocity>
      <steeringAngle>0.0</steeringAngle>
      <time>136</time>
    </ksState>
    <ksState>
      <x>11.492102018675173</x>
      <y>-9.910207676550577</y>
      <orientation>-0.71162</orientation>
      <velocity>0.0</velocity>
      <steeringAngle>0.0</steeringAngle>
      <time>137</time>
    </ksState>
    <ksState>
      <x>11.492102018675173</x>
      <y>-9.910207676550577</y>
      <orientation>-0.71162</orientation>
      <velocity>0.0</velocity>
      <steeringAngle>0.0</steeringAngle>
      <time>138</time>
    </ksState>
    <ksState>
      <x>11.492102018675173</x>
      <y>-9.910207676550577</y>
      <orientation>-0.71162</orientation>
      <velocity>0.0</velocity>
      <steeringAngle>0.0</steeringAngle>
      <time>139</time>
    </ksState>
    <ksState>
      <x>11.492102018675173</x>
      <y>-9.910207676550577</y>
      <orientation>-0.71162</orientation>
      <velocity>0.0</velocity>
      <steeringAngle>0.0</steeringAngle>
      <time>140</time>
    </ksState>
  </ksTrajectory>
</CommonRoadSolution>
