<?xml version="1.0" ?>
<CommonRoadSolution benchmark_id="KS2:SM1:USA_US101-13_3_T-1:2018b" date="2019-11-17">
  <ksTrajectory planningProblem="141">
    <ksState>
      <x>-0.0</x>
      <y>-0.0</y>
      <orientation>-0.77</orientation>
      <velocity>12.0</velocity>
      <steeringAngle>0.0</steeringAngle>
      <time>0</time>
    </ksState>
    <ksState>
      <x>0.8435450367928585</x>
      <y>-0.8179589053871443</y>
      <orientation>-0.77</orientation>
      <velocity>11.0</velocity>
      <steeringAngle>0.0</steeringAngle>
      <time>1</time>
    </ksState>
    <ksState>
      <x>1.6152990066246227</x>
      <y>-1.5663042869115529</y>
      <orientation>-0.77</orientation>
      <velocity>10.0</velocity>
      <steeringAngle>0.0</steeringAngle>
      <time>2</time>
    </ksState>
    <ksState>
      <x>2.3152619094952924</x>
      <y>-2.2450361445732256</y>
      <orientation>-0.77</orientation>
      <velocity>9.0</velocity>
      <steeringAngle>0.0</steeringAngle>
      <time>3</time>
    </ksState>
    <ksState>
      <x>2.943433745404868</x>
      <y>-2.854154478372163</y>
      <orientation>-0.77</orientation>
      <velocity>8.0</velocity>
      <steeringAngle>0.0</steeringAngle>
      <time>4</time>
    </ksState>
    <ksState>
      <x>3.499814514353349</x>
      <y>-3.3936592883083647</y>
      <orientation>-0.77</orientation>
      <velocity>7.0</velocity>
      <steeringAngle>0.0</steeringAngle>
      <time>5</time>
    </ksState>
    <ksState>
      <x>4.0023519830810095</x>
      <y>-3.8809539553475143</y>
      <orientation>-0.77</orientation>
      <velocity>7.0</velocity>
      <steeringAngle>0.0</steeringAngle>
      <time>6</time>
    </ksState>
    <ksState>
      <x>4.50488945180867</x>
      <y>-4.368248622386664</y>
      <orientation>-0.77</orientation>
      <velocity>7.0</velocity>
      <steeringAngle>0.0</steeringAngle>
      <time>7</time>
    </ksState>
    <ksState>
      <x>5.00742692053633</x>
      <y>-4.855543289425814</y>
      <orientation>-0.77</orientation>
      <velocity>7.0</velocity>
      <steeringAngle>0.0</steeringAngle>
      <time>8</time>
    </ksState>
    <ksState>
      <x>5.50996438926399</x>
      <y>-5.3428379564649635</y>
      <orientation>-0.77</orientation>
      <velocity>7.0</velocity>
      <steeringAngle>0.0</steeringAngle>
      <time>9</time>
    </ksState>
    <ksState>
      <x>6.012501857991651</x>
      <y>-5.830132623504113</y>
      <orientation>-0.77</orientation>
      <velocity>7.0</velocity>
      <steeringAngle>0.0</steeringAngle>
      <time>10</time>
    </ksState>
    <ksState>
      <x>6.518628880067366</x>
      <y>-6.320907966736399</y>
      <orientation>-0.7681656398044496</orientation>
      <velocity>7.199999999999999</velocity>
      <steeringAngle>0.026650000000000004</steeringAngle>
      <time>11</time>
    </ksState>
    <ksState>
      <x>7.040980907689114</x>
      <y>-6.823671867435264</y>
      <orientation>-0.7587838088313716</orientation>
      <velocity>7.399999999999999</velocity>
      <steeringAngle>0.05330000000000001</steeringAngle>
      <time>12</time>
    </ksState>
    <ksState>
      <x>7.583574465961263</x>
      <y>-7.334170742552533</y>
      <orientation>-0.7414272294611441</orientation>
      <velocity>7.599999999999998</velocity>
      <steeringAngle>0.07995000000000001</steeringAngle>
      <time>13</time>
    </ksState>
    <ksState>
      <x>8.150815831814572</x>
      <y>-7.847436602091849</y>
      <orientation>-0.7156561833461073</orientation>
      <velocity>7.799999999999997</velocity>
      <steeringAngle>0.10660000000000001</steeringAngle>
      <time>14</time>
    </ksState>
    <ksState>
      <x>8.747380799641505</x>
      <y>-8.357627645241799</y>
      <orientation>-0.6810171765292077</orientation>
      <velocity>7.9999999999999964</velocity>
      <steeringAngle>0.13325</steeringAngle>
      <time>15</time>
    </ksState>
    <ksState>
      <x>9.370145993230983</x>
      <y>-8.851712880108675</y>
      <orientation>-0.6417694374945193</orientation>
      <velocity>7.800000000000001</velocity>
      <steeringAngle>0.1066</steeringAngle>
      <time>16</time>
    </ksState>
    <ksState>
      <x>9.994639175819866</x>
      <y>-9.31061804185832</y>
      <orientation>-0.6116220132509869</orientation>
      <velocity>7.600000000000001</velocity>
      <steeringAngle>0.07995</steeringAngle>
      <time>17</time>
    </ksState>
    <ksState>
      <x>10.615291664141585</x>
      <y>-9.740496662008132</y>
      <orientation>-0.5901139940045678</orientation>
      <velocity>7.400000000000002</velocity>
      <steeringAngle>0.053299999999999986</steeringAngle>
      <time>18</time>
    </ksState>
    <ksState>
      <x>11.22753217608237</x>
      <y>-10.147164392824003</y>
      <orientation>-0.5767989457575833</orientation>
      <velocity>7.200000000000003</velocity>
      <steeringAngle>0.02664999999999998</steeringAngle>
      <time>19</time>
    </ksState>
    <ksState>
      <x>11.8275725192417</x>
      <y>-10.535976451580055</y>
      <orientation>-0.5712435322805922</orientation>
      <velocity>7.0000000000000036</velocity>
      <steeringAngle>-2.42861286636753e-17</steeringAngle>
      <time>20</time>
    </ksState>
    <ksState>
      <x>12.420639157776035</x>
      <y>-10.917154837978844</y>
      <orientation>-0.5712435322805922</orientation>
      <velocity>7.199999999999999</velocity>
      <steeringAngle>0.0</steeringAngle>
      <time>21</time>
    </ksState>
    <ksState>
      <x>13.030530381800705</x>
      <y>-11.30914679562299</y>
      <orientation>-0.5712435322805922</orientation>
      <velocity>7.399999999999999</velocity>
      <steeringAngle>0.0</steeringAngle>
      <time>22</time>
    </ksState>
    <ksState>
      <x>13.657246191315712</x>
      <y>-11.71195232451249</y>
      <orientation>-0.5712435322805922</orientation>
      <velocity>7.599999999999998</velocity>
      <steeringAngle>0.0</steeringAngle>
      <time>23</time>
    </ksState>
    <ksState>
      <x>14.300786586321053</x>
      <y>-12.125571424647346</y>
      <orientation>-0.5712435322805922</orientation>
      <velocity>7.799999999999997</velocity>
      <steeringAngle>0.0</steeringAngle>
      <time>24</time>
    </ksState>
    <ksState>
      <x>14.961151566816731</x>
      <y>-12.550004096027557</y>
      <orientation>-0.5712435322805922</orientation>
      <velocity>7.9999999999999964</velocity>
      <steeringAngle>0.0</steeringAngle>
      <time>25</time>
    </ksState>
    <ksState>
      <x>15.613104254567242</x>
      <y>-12.969029981785091</y>
      <orientation>-0.5712435322805922</orientation>
      <velocity>7.0</velocity>
      <steeringAngle>0.0</steeringAngle>
      <time>26</time>
    </ksState>
    <ksState>
      <x>16.18093401486607</x>
      <y>-13.333988011315848</y>
      <orientation>-0.5712435322805922</orientation>
      <velocity>6.0</velocity>
      <steeringAngle>0.0</steeringAngle>
      <time>27</time>
    </ksState>
    <ksState>
      <x>16.664640847713226</x>
      <y>-13.644878184619824</y>
      <orientation>-0.5712435322805922</orientation>
      <velocity>5.0</velocity>
      <steeringAngle>0.0</steeringAngle>
      <time>28</time>
    </ksState>
    <ksState>
      <x>17.0642247531087</x>
      <y>-13.901700501697022</y>
      <orientation>-0.5712435322805922</orientation>
      <velocity>4.0</velocity>
      <steeringAngle>0.0</steeringAngle>
      <time>29</time>
    </ksState>
    <ksState>
      <x>17.379685731052493</x>
      <y>-14.104454962547441</y>
      <orientation>-0.5712435322805922</orientation>
      <velocity>3.0</velocity>
      <steeringAngle>0.0</steeringAngle>
      <time>30</time>
    </ksState>
  </ksTrajectory>
</CommonRoadSolution>
