<?xml version="1.0" ?>
<CommonRoadSolution benchmark_id="KS2:SM1:CHN_Sha-6_1_T-1:2018b" date="2019-11-18">
  <ksTrajectory planningProblem="1">
    <ksState>
      <x>-114.2519</x>
      <y>114.6891</y>
      <orientation>-0.5092</orientation>
      <velocity>12.0</velocity>
      <steeringAngle>0.0</steeringAngle>
      <time>0</time>
    </ksState>
    <ksState>
      <x>-113.19540692815073</x>
      <y>114.09925053688718</y>
      <orientation>-0.5092</orientation>
      <velocity>12.399999999999999</velocity>
      <steeringAngle>0.0</steeringAngle>
      <time>1</time>
    </ksState>
    <ksState>
      <x>-112.10398846549651</x>
      <y>113.489901917969</y>
      <orientation>-0.5092</orientation>
      <velocity>12.799999999999997</velocity>
      <steeringAngle>0.0</steeringAngle>
      <time>2</time>
    </ksState>
    <ksState>
      <x>-110.97764461203737</x>
      <y>112.86105414324541</y>
      <orientation>-0.5092</orientation>
      <velocity>13.199999999999996</velocity>
      <steeringAngle>0.0</steeringAngle>
      <time>3</time>
    </ksState>
    <ksState>
      <x>-109.81637536777328</x>
      <y>112.21270721271647</y>
      <orientation>-0.5092</orientation>
      <velocity>13.599999999999994</velocity>
      <steeringAngle>0.0</steeringAngle>
      <time>4</time>
    </ksState>
    <ksState>
      <x>-108.62018073270426</x>
      <y>111.54486112638212</y>
      <orientation>-0.5092</orientation>
      <velocity>13.999999999999993</velocity>
      <steeringAngle>0.0</steeringAngle>
      <time>5</time>
    </ksState>
    <ksState>
      <x>-107.3890607068303</x>
      <y>110.85751588424239</y>
      <orientation>-0.5092</orientation>
      <velocity>14.399999999999999</velocity>
      <steeringAngle>0.0</steeringAngle>
      <time>6</time>
    </ksState>
    <ksState>
      <x>-106.12301529015141</x>
      <y>110.15067148629728</y>
      <orientation>-0.5092</orientation>
      <velocity>14.799999999999997</velocity>
      <steeringAngle>0.0</steeringAngle>
      <time>7</time>
    </ksState>
    <ksState>
      <x>-104.8220444826676</x>
      <y>109.4243279325468</y>
      <orientation>-0.5092</orientation>
      <velocity>15.199999999999996</velocity>
      <steeringAngle>0.0</steeringAngle>
      <time>8</time>
    </ksState>
    <ksState>
      <x>-103.48614828437883</x>
      <y>108.67848522299094</y>
      <orientation>-0.5092</orientation>
      <velocity>15.599999999999994</velocity>
      <steeringAngle>0.0</steeringAngle>
      <time>9</time>
    </ksState>
    <ksState>
      <x>-102.11532669528513</x>
      <y>107.91314335762969</y>
      <orientation>-0.5092</orientation>
      <velocity>15.999999999999993</velocity>
      <steeringAngle>0.0</steeringAngle>
      <time>10</time>
    </ksState>
    <ksState>
      <x>-100.70957971538651</x>
      <y>107.12830233646307</y>
      <orientation>-0.5092</orientation>
      <velocity>16.4</velocity>
      <steeringAngle>0.0</steeringAngle>
      <time>11</time>
    </ksState>
    <ksState>
      <x>-99.26890734468294</x>
      <y>106.32396215949105</y>
      <orientation>-0.5092</orientation>
      <velocity>16.799999999999997</velocity>
      <steeringAngle>0.0</steeringAngle>
      <time>12</time>
    </ksState>
    <ksState>
      <x>-97.79330958317445</x>
      <y>105.50012282671365</y>
      <orientation>-0.5092</orientation>
      <velocity>17.199999999999996</velocity>
      <steeringAngle>0.0</steeringAngle>
      <time>13</time>
    </ksState>
    <ksState>
      <x>-96.28278643086101</x>
      <y>104.65678433813088</y>
      <orientation>-0.5092</orientation>
      <velocity>17.599999999999994</velocity>
      <steeringAngle>0.0</steeringAngle>
      <time>14</time>
    </ksState>
    <ksState>
      <x>-94.73733788774264</x>
      <y>103.79394669374271</y>
      <orientation>-0.5092</orientation>
      <velocity>17.999999999999993</velocity>
      <steeringAngle>0.0</steeringAngle>
      <time>15</time>
    </ksState>
    <ksState>
      <x>-93.15696395381934</x>
      <y>102.91160989354917</y>
      <orientation>-0.5092</orientation>
      <velocity>18.4</velocity>
      <steeringAngle>0.0</steeringAngle>
      <time>16</time>
    </ksState>
    <ksState>
      <x>-91.5416646290911</x>
      <y>102.00977393755024</y>
      <orientation>-0.5092</orientation>
      <velocity>18.799999999999997</velocity>
      <steeringAngle>0.0</steeringAngle>
      <time>17</time>
    </ksState>
    <ksState>
      <x>-89.89143991355792</x>
      <y>101.08843882574594</y>
      <orientation>-0.5092</orientation>
      <velocity>19.199999999999996</velocity>
      <steeringAngle>0.0</steeringAngle>
      <time>18</time>
    </ksState>
    <ksState>
      <x>-88.20628980721982</x>
      <y>100.14760455813625</y>
      <orientation>-0.5092</orientation>
      <velocity>19.599999999999994</velocity>
      <steeringAngle>0.0</steeringAngle>
      <time>19</time>
    </ksState>
    <ksState>
      <x>-86.48621431007678</x>
      <y>99.18727113472117</y>
      <orientation>-0.5092</orientation>
      <velocity>19.999999999999993</velocity>
      <steeringAngle>0.0</steeringAngle>
      <time>20</time>
    </ksState>
    <ksState>
      <x>-84.74431044368065</x>
      <y>98.21475073892773</y>
      <orientation>-0.5092</orientation>
      <velocity>19.799999999999997</velocity>
      <steeringAngle>0.0</steeringAngle>
      <time>21</time>
    </ksState>
    <ksState>
      <x>-83.01986927268699</x>
      <y>97.25197992103699</y>
      <orientation>-0.5092</orientation>
      <velocity>19.599999999999994</velocity>
      <steeringAngle>0.0</steeringAngle>
      <time>22</time>
    </ksState>
    <ksState>
      <x>-81.31289079709579</x>
      <y>96.29895868104894</y>
      <orientation>-0.5092</orientation>
      <velocity>19.39999999999999</velocity>
      <steeringAngle>0.0</steeringAngle>
      <time>23</time>
    </ksState>
    <ksState>
      <x>-79.62337501690708</x>
      <y>95.35568701896358</y>
      <orientation>-0.5092</orientation>
      <velocity>19.19999999999999</velocity>
      <steeringAngle>0.0</steeringAngle>
      <time>24</time>
    </ksState>
    <ksState>
      <x>-77.9513219321208</x>
      <y>94.42216493478091</y>
      <orientation>-0.5092</orientation>
      <velocity>18.999999999999986</velocity>
      <steeringAngle>0.0</steeringAngle>
      <time>25</time>
    </ksState>
    <ksState>
      <x>-76.31419423813948</x>
      <y>93.50814200640362</y>
      <orientation>-0.5092</orientation>
      <velocity>18.0</velocity>
      <steeringAngle>0.0</steeringAngle>
      <time>26</time>
    </ksState>
    <ksState>
      <x>-74.7643800211705</x>
      <y>92.64286696753979</y>
      <orientation>-0.5092</orientation>
      <velocity>17.0</velocity>
      <steeringAngle>0.0</steeringAngle>
      <time>27</time>
    </ksState>
    <ksState>
      <x>-73.30187928121384</x>
      <y>91.82633981818941</y>
      <orientation>-0.5092</orientation>
      <velocity>16.0</velocity>
      <steeringAngle>0.0</steeringAngle>
      <time>28</time>
    </ksState>
    <ksState>
      <x>-71.92669201826953</x>
      <y>91.05856055835248</y>
      <orientation>-0.5092</orientation>
      <velocity>15.0</velocity>
      <steeringAngle>0.0</steeringAngle>
      <time>29</time>
    </ksState>
    <ksState>
      <x>-70.63881823233757</x>
      <y>90.33952918802902</y>
      <orientation>-0.5092</orientation>
      <velocity>14.0</velocity>
      <steeringAngle>0.0</steeringAngle>
      <time>30</time>
    </ksState>
    <ksState>
      <x>-69.4295265757167</x>
      <y>89.66437091826766</y>
      <orientation>-0.5092</orientation>
      <velocity>13.399999999999999</velocity>
      <steeringAngle>0.0</steeringAngle>
      <time>31</time>
    </ksState>
    <ksState>
      <x>-68.27262300530323</x>
      <y>89.01846138221438</y>
      <orientation>-0.5092</orientation>
      <velocity>12.799999999999997</velocity>
      <steeringAngle>0.0</steeringAngle>
      <time>32</time>
    </ksState>
    <ksState>
      <x>-67.16810752109717</x>
      <y>88.40180057986916</y>
      <orientation>-0.5092</orientation>
      <velocity>12.199999999999996</velocity>
      <steeringAngle>0.0</steeringAngle>
      <time>33</time>
    </ksState>
    <ksState>
      <x>-66.1159801230985</x>
      <y>87.81438851123202</y>
      <orientation>-0.5092</orientation>
      <velocity>11.599999999999994</velocity>
      <steeringAngle>0.0</steeringAngle>
      <time>34</time>
    </ksState>
    <ksState>
      <x>-65.11624081130724</x>
      <y>87.25622517630296</y>
      <orientation>-0.5092</orientation>
      <velocity>10.999999999999993</velocity>
      <steeringAngle>0.0</steeringAngle>
      <time>35</time>
    </ksState>
    <ksState>
      <x>-64.1514268903209</x>
      <y>86.71756099717928</y>
      <orientation>-0.5092</orientation>
      <velocity>11.2</velocity>
      <steeringAngle>0.0</steeringAngle>
      <time>36</time>
    </ksState>
    <ksState>
      <x>-63.16915027393212</x>
      <y>86.16914724015291</y>
      <orientation>-0.5092</orientation>
      <velocity>11.399999999999999</velocity>
      <steeringAngle>0.0</steeringAngle>
      <time>37</time>
    </ksState>
    <ksState>
      <x>-62.16941096214085</x>
      <y>85.61098390522385</y>
      <orientation>-0.5092</orientation>
      <velocity>11.599999999999998</velocity>
      <steeringAngle>0.0</steeringAngle>
      <time>38</time>
    </ksState>
    <ksState>
      <x>-61.15220895494713</x>
      <y>85.04307099239209</y>
      <orientation>-0.5092</orientation>
      <velocity>11.799999999999997</velocity>
      <steeringAngle>0.0</steeringAngle>
      <time>39</time>
    </ksState>
    <ksState>
      <x>-60.11754425235093</x>
      <y>84.46540850165763</y>
      <orientation>-0.5092</orientation>
      <velocity>11.999999999999996</velocity>
      <steeringAngle>0.0</steeringAngle>
      <time>40</time>
    </ksState>
    <ksState>
      <x>-59.069782528202886</x>
      <y>83.88043382749616</y>
      <orientation>-0.5092</orientation>
      <velocity>12.0</velocity>
      <steeringAngle>0.0</steeringAngle>
      <time>41</time>
    </ksState>
    <ksState>
      <x>-58.02202080405484</x>
      <y>83.2954591533347</y>
      <orientation>-0.5092</orientation>
      <velocity>12.0</velocity>
      <steeringAngle>0.0</steeringAngle>
      <time>42</time>
    </ksState>
    <ksState>
      <x>-56.974259079906794</x>
      <y>82.71048447917323</y>
      <orientation>-0.5092</orientation>
      <velocity>12.0</velocity>
      <steeringAngle>0.0</steeringAngle>
      <time>43</time>
    </ksState>
    <ksState>
      <x>-55.92649735575874</x>
      <y>82.12550980501177</y>
      <orientation>-0.5092</orientation>
      <velocity>12.0</velocity>
      <steeringAngle>0.0</steeringAngle>
      <time>44</time>
    </ksState>
    <ksState>
      <x>-54.878735631610695</x>
      <y>81.5405351308503</y>
      <orientation>-0.5092</orientation>
      <velocity>12.0</velocity>
      <steeringAngle>0.0</steeringAngle>
      <time>45</time>
    </ksState>
    <ksState>
      <x>-53.8440709290145</x>
      <y>80.96287264011585</y>
      <orientation>-0.5092</orientation>
      <velocity>11.399999999999999</velocity>
      <steeringAngle>0.0</steeringAngle>
      <time>46</time>
    </ksState>
    <ksState>
      <x>-52.861794312625705</x>
      <y>80.41445888308948</y>
      <orientation>-0.5092</orientation>
      <velocity>10.799999999999997</velocity>
      <steeringAngle>0.0</steeringAngle>
      <time>47</time>
    </ksState>
    <ksState>
      <x>-51.93190578244432</x>
      <y>79.89529385977119</y>
      <orientation>-0.5092</orientation>
      <velocity>10.199999999999996</velocity>
      <steeringAngle>0.0</steeringAngle>
      <time>48</time>
    </ksState>
    <ksState>
      <x>-51.054405338470325</x>
      <y>79.40537757016095</y>
      <orientation>-0.5092</orientation>
      <velocity>9.599999999999994</velocity>
      <steeringAngle>0.0</steeringAngle>
      <time>49</time>
    </ksState>
    <ksState>
      <x>-50.22929298070374</x>
      <y>78.9447100142588</y>
      <orientation>-0.5092</orientation>
      <velocity>8.999999999999993</velocity>
      <steeringAngle>0.0</steeringAngle>
      <time>50</time>
    </ksState>
    <ksState>
      <x>-49.43474033989147</x>
      <y>78.50110421968635</y>
      <orientation>-0.5092</orientation>
      <velocity>9.399999999999999</velocity>
      <steeringAngle>0.0</steeringAngle>
      <time>51</time>
    </ksState>
    <ksState>
      <x>-48.60526230827427</x>
      <y>78.03799926930853</y>
      <orientation>-0.5092</orientation>
      <velocity>9.799999999999997</velocity>
      <steeringAngle>0.0</steeringAngle>
      <time>52</time>
    </ksState>
    <ksState>
      <x>-47.74085888585213</x>
      <y>77.55539516312533</y>
      <orientation>-0.5092</orientation>
      <velocity>10.199999999999996</velocity>
      <steeringAngle>0.0</steeringAngle>
      <time>53</time>
    </ksState>
    <ksState>
      <x>-46.841530072625055</x>
      <y>77.05329190113673</y>
      <orientation>-0.5092</orientation>
      <velocity>10.599999999999994</velocity>
      <steeringAngle>0.0</steeringAngle>
      <time>54</time>
    </ksState>
    <ksState>
      <x>-45.90727586859305</x>
      <y>76.53168948334276</y>
      <orientation>-0.5092</orientation>
      <velocity>10.999999999999993</velocity>
      <steeringAngle>0.0</steeringAngle>
      <time>55</time>
    </ksState>
    <ksState>
      <x>-44.968655990710424</x>
      <y>76.00764967107311</y>
      <orientation>-0.5092</orientation>
      <velocity>10.0</velocity>
      <steeringAngle>0.0</steeringAngle>
      <time>56</time>
    </ksState>
    <ksState>
      <x>-44.11734958984013</x>
      <y>75.53235774831693</y>
      <orientation>-0.5092</orientation>
      <velocity>9.0</velocity>
      <steeringAngle>0.0</steeringAngle>
      <time>57</time>
    </ksState>
    <ksState>
      <x>-43.35335666598218</x>
      <y>75.10581371507419</y>
      <orientation>-0.5092</orientation>
      <velocity>8.0</velocity>
      <steeringAngle>0.0</steeringAngle>
      <time>58</time>
    </ksState>
    <ksState>
      <x>-42.67667721913657</x>
      <y>74.7280175713449</y>
      <orientation>-0.5092</orientation>
      <velocity>7.0</velocity>
      <steeringAngle>0.0</steeringAngle>
      <time>59</time>
    </ksState>
    <ksState>
      <x>-42.08731124930329</x>
      <y>74.39896931712909</y>
      <orientation>-0.5092</orientation>
      <velocity>6.0</velocity>
      <steeringAngle>0.0</steeringAngle>
      <time>60</time>
    </ksState>
    <ksState>
      <x>-41.5459676918268</x>
      <y>74.09673240214566</y>
      <orientation>-0.5092</orientation>
      <velocity>6.800000000000001</velocity>
      <steeringAngle>0.0</steeringAngle>
      <time>61</time>
    </ksState>
    <ksState>
      <x>-40.934773352740436</x>
      <y>73.75549717555147</y>
      <orientation>-0.5092</orientation>
      <velocity>7.600000000000001</velocity>
      <steeringAngle>0.0</steeringAngle>
      <time>62</time>
    </ksState>
    <ksState>
      <x>-40.25372823204421</x>
      <y>73.37526363734652</y>
      <orientation>-0.5092</orientation>
      <velocity>8.400000000000002</velocity>
      <steeringAngle>0.0</steeringAngle>
      <time>63</time>
    </ksState>
    <ksState>
      <x>-39.502832329738105</x>
      <y>72.9560317875308</y>
      <orientation>-0.5092</orientation>
      <velocity>9.200000000000003</velocity>
      <steeringAngle>0.0</steeringAngle>
      <time>64</time>
    </ksState>
    <ksState>
      <x>-38.68208564582214</x>
      <y>72.49780162610432</y>
      <orientation>-0.5092</orientation>
      <velocity>10.000000000000004</velocity>
      <steeringAngle>0.0</steeringAngle>
      <time>65</time>
    </ksState>
    <ksState>
      <x>-37.830779244951856</x>
      <y>72.02250970334813</y>
      <orientation>-0.5092</orientation>
      <velocity>9.0</velocity>
      <steeringAngle>0.0</steeringAngle>
      <time>66</time>
    </ksState>
    <ksState>
      <x>-37.0667863210939</x>
      <y>71.5959656701054</y>
      <orientation>-0.5092</orientation>
      <velocity>8.0</velocity>
      <steeringAngle>0.0</steeringAngle>
      <time>67</time>
    </ksState>
    <ksState>
      <x>-36.39010687424829</x>
      <y>71.21816952637612</y>
      <orientation>-0.5092</orientation>
      <velocity>7.0</velocity>
      <steeringAngle>0.0</steeringAngle>
      <time>68</time>
    </ksState>
    <ksState>
      <x>-35.800740904415015</x>
      <y>70.8891212721603</y>
      <orientation>-0.5092</orientation>
      <velocity>6.0</velocity>
      <steeringAngle>0.0</steeringAngle>
      <time>69</time>
    </ksState>
    <ksState>
      <x>-35.29868841159407</x>
      <y>70.60882090745793</y>
      <orientation>-0.5092</orientation>
      <velocity>5.0</velocity>
      <steeringAngle>0.0</steeringAngle>
      <time>70</time>
    </ksState>
    <ksState>
      <x>-34.85338967883115</x>
      <y>70.3602066709393</y>
      <orientation>-0.5092</orientation>
      <velocity>5.4</velocity>
      <steeringAngle>0.0</steeringAngle>
      <time>71</time>
    </ksState>
    <ksState>
      <x>-34.3731655552633</x>
      <y>70.0920932786153</y>
      <orientation>-0.5092</orientation>
      <velocity>5.800000000000001</velocity>
      <steeringAngle>0.0</steeringAngle>
      <time>72</time>
    </ksState>
    <ksState>
      <x>-33.858016040890504</x>
      <y>69.8044807304859</y>
      <orientation>-0.5092</orientation>
      <velocity>6.200000000000001</velocity>
      <steeringAngle>0.0</steeringAngle>
      <time>73</time>
    </ksState>
    <ksState>
      <x>-33.30794113571278</x>
      <y>69.49736902655114</y>
      <orientation>-0.5092</orientation>
      <velocity>6.600000000000001</velocity>
      <steeringAngle>0.0</steeringAngle>
      <time>74</time>
    </ksState>
    <ksState>
      <x>-32.72294083973012</x>
      <y>69.17075816681098</y>
      <orientation>-0.5092</orientation>
      <velocity>7.000000000000002</velocity>
      <steeringAngle>0.0</steeringAngle>
      <time>75</time>
    </ksState>
    <ksState>
      <x>-32.120477848345</x>
      <y>68.83439772916815</y>
      <orientation>-0.5092</orientation>
      <velocity>6.6</velocity>
      <steeringAngle>0.0</steeringAngle>
      <time>76</time>
    </ksState>
    <ksState>
      <x>-31.552940247764802</x>
      <y>68.51753644733068</y>
      <orientation>-0.5092</orientation>
      <velocity>6.199999999999999</velocity>
      <steeringAngle>0.0</steeringAngle>
      <time>77</time>
    </ksState>
    <ksState>
      <x>-31.020328037989547</x>
      <y>68.2201743212986</y>
      <orientation>-0.5092</orientation>
      <velocity>5.799999999999999</velocity>
      <steeringAngle>0.0</steeringAngle>
      <time>78</time>
    </ksState>
    <ksState>
      <x>-30.522641219019224</x>
      <y>67.94231135107191</y>
      <orientation>-0.5092</orientation>
      <velocity>5.399999999999999</velocity>
      <steeringAngle>0.0</steeringAngle>
      <time>79</time>
    </ksState>
    <ksState>
      <x>-30.059879790853834</x>
      <y>67.68394753665059</y>
      <orientation>-0.5092</orientation>
      <velocity>4.999999999999998</velocity>
      <steeringAngle>0.0</steeringAngle>
      <time>80</time>
    </ksState>
    <ksState>
      <x>-29.627678079642767</x>
      <y>67.44264548355899</y>
      <orientation>-0.5092</orientation>
      <velocity>4.800000000000001</velocity>
      <steeringAngle>0.0</steeringAngle>
      <time>81</time>
    </ksState>
    <ksState>
      <x>-29.212939063834163</x>
      <y>67.21109300837007</y>
      <orientation>-0.5092</orientation>
      <velocity>4.600000000000001</velocity>
      <steeringAngle>0.0</steeringAngle>
      <time>82</time>
    </ksState>
    <ksState>
      <x>-28.815662743428028</x>
      <y>66.98929011108385</y>
      <orientation>-0.5092</orientation>
      <velocity>4.400000000000002</velocity>
      <steeringAngle>0.0</steeringAngle>
      <time>83</time>
    </ksState>
    <ksState>
      <x>-28.43584911842436</x>
      <y>66.77723679170032</y>
      <orientation>-0.5092</orientation>
      <velocity>4.200000000000003</velocity>
      <steeringAngle>0.0</steeringAngle>
      <time>84</time>
    </ksState>
    <ksState>
      <x>-28.073498188823162</x>
      <y>66.57493305021949</y>
      <orientation>-0.5092</orientation>
      <velocity>4.0000000000000036</velocity>
      <steeringAngle>0.0</steeringAngle>
      <time>85</time>
    </ksState>
    <ksState>
      <x>-27.724244280773814</x>
      <y>66.37994149216566</y>
      <orientation>-0.5092</orientation>
      <velocity>4.0</velocity>
      <steeringAngle>0.0</steeringAngle>
      <time>86</time>
    </ksState>
    <ksState>
      <x>-27.374990372724465</x>
      <y>66.18494993411184</y>
      <orientation>-0.5092</orientation>
      <velocity>4.0</velocity>
      <steeringAngle>0.0</steeringAngle>
      <time>87</time>
    </ksState>
    <ksState>
      <x>-27.025736464675116</x>
      <y>65.98995837605801</y>
      <orientation>-0.5092</orientation>
      <velocity>4.0</velocity>
      <steeringAngle>0.0</steeringAngle>
      <time>88</time>
    </ksState>
    <ksState>
      <x>-26.676482556625768</x>
      <y>65.7949668180042</y>
      <orientation>-0.5092</orientation>
      <velocity>4.0</velocity>
      <steeringAngle>0.0</steeringAngle>
      <time>89</time>
    </ksState>
    <ksState>
      <x>-26.32722864857642</x>
      <y>65.59997525995038</y>
      <orientation>-0.5092</orientation>
      <velocity>4.0</velocity>
      <steeringAngle>0.0</steeringAngle>
      <time>90</time>
    </ksState>
    <ksState>
      <x>-25.986706088228303</x>
      <y>65.40985849084791</y>
      <orientation>-0.5092</orientation>
      <velocity>3.5999999999999996</velocity>
      <steeringAngle>0.0</steeringAngle>
      <time>91</time>
    </ksState>
    <ksState>
      <x>-25.681108918685123</x>
      <y>65.23924087755081</y>
      <orientation>-0.5092</orientation>
      <velocity>3.1999999999999993</velocity>
      <steeringAngle>0.0</steeringAngle>
      <time>92</time>
    </ksState>
    <ksState>
      <x>-25.41043713994688</x>
      <y>65.08812242005911</y>
      <orientation>-0.5092</orientation>
      <velocity>2.799999999999999</velocity>
      <steeringAngle>0.0</steeringAngle>
      <time>93</time>
    </ksState>
    <ksState>
      <x>-25.174690752013568</x>
      <y>64.95650311837277</y>
      <orientation>-0.5092</orientation>
      <velocity>2.3999999999999986</velocity>
      <steeringAngle>0.0</steeringAngle>
      <time>94</time>
    </ksState>
    <ksState>
      <x>-24.973869754885193</x>
      <y>64.84438297249183</y>
      <orientation>-0.5092</orientation>
      <velocity>1.9999999999999984</velocity>
      <steeringAngle>0.0</steeringAngle>
      <time>95</time>
    </ksState>
    <ksState>
      <x>-24.79924280086052</x>
      <y>64.74688719346491</y>
      <orientation>-0.5092</orientation>
      <velocity>2.0</velocity>
      <steeringAngle>0.0</steeringAngle>
      <time>96</time>
    </ksState>
    <ksState>
      <x>-24.624615846835844</x>
      <y>64.649391414438</y>
      <orientation>-0.5092</orientation>
      <velocity>2.0</velocity>
      <steeringAngle>0.0</steeringAngle>
      <time>97</time>
    </ksState>
    <ksState>
      <x>-24.44998889281117</x>
      <y>64.5518956354111</y>
      <orientation>-0.5092</orientation>
      <velocity>2.0</velocity>
      <steeringAngle>0.0</steeringAngle>
      <time>98</time>
    </ksState>
    <ksState>
      <x>-24.275361938786496</x>
      <y>64.45439985638419</y>
      <orientation>-0.5092</orientation>
      <velocity>2.0</velocity>
      <steeringAngle>0.0</steeringAngle>
      <time>99</time>
    </ksState>
    <ksState>
      <x>-24.10073498476182</x>
      <y>64.35690407735727</y>
      <orientation>-0.5092</orientation>
      <velocity>2.0</velocity>
      <steeringAngle>0.0</steeringAngle>
      <time>100</time>
    </ksState>
    <ksState>
      <x>-23.93483937843838</x>
      <y>64.26428308728171</y>
      <orientation>-0.5092</orientation>
      <velocity>1.6</velocity>
      <steeringAngle>0.0</steeringAngle>
      <time>101</time>
    </ksState>
    <ksState>
      <x>-23.803869162919874</x>
      <y>64.19116125301153</y>
      <orientation>-0.5092</orientation>
      <velocity>1.2000000000000002</velocity>
      <steeringAngle>0.0</steeringAngle>
      <time>102</time>
    </ksState>
    <ksState>
      <x>-23.707824338206304</x>
      <y>64.13753857454672</y>
      <orientation>-0.5092</orientation>
      <velocity>0.8000000000000003</velocity>
      <steeringAngle>0.0</steeringAngle>
      <time>103</time>
    </ksState>
    <ksState>
      <x>-23.646704904297668</x>
      <y>64.1034150518873</y>
      <orientation>-0.5092</orientation>
      <velocity>0.4000000000000003</velocity>
      <steeringAngle>0.0</steeringAngle>
      <time>104</time>
    </ksState>
    <ksState>
      <x>-23.620510861193967</x>
      <y>64.08879068503326</y>
      <orientation>-0.5092</orientation>
      <velocity>2.7755575615628914e-16</velocity>
      <steeringAngle>0.0</steeringAngle>
      <time>105</time>
    </ksState>
    <ksState>
      <x>-23.620510861193967</x>
      <y>64.08879068503326</y>
      <orientation>-0.5092</orientation>
      <velocity>0.0</velocity>
      <steeringAngle>0.0</steeringAngle>
      <time>106</time>
    </ksState>
    <ksState>
      <x>-23.620510861193967</x>
      <y>64.08879068503326</y>
      <orientation>-0.5092</orientation>
      <velocity>0.0</velocity>
      <steeringAngle>0.0</steeringAngle>
      <time>107</time>
    </ksState>
    <ksState>
      <x>-23.620510861193967</x>
      <y>64.08879068503326</y>
      <orientation>-0.5092</orientation>
      <velocity>0.0</velocity>
      <steeringAngle>0.0</steeringAngle>
      <time>108</time>
    </ksState>
    <ksState>
      <x>-23.620510861193967</x>
      <y>64.08879068503326</y>
      <orientation>-0.5092</orientation>
      <velocity>0.0</velocity>
      <steeringAngle>0.0</steeringAngle>
      <time>109</time>
    </ksState>
    <ksState>
      <x>-23.620510861193967</x>
      <y>64.08879068503326</y>
      <orientation>-0.5092</orientation>
      <velocity>0.0</velocity>
      <steeringAngle>0.0</steeringAngle>
      <time>110</time>
    </ksState>
    <ksState>
      <x>-23.620510861193967</x>
      <y>64.08879068503326</y>
      <orientation>-0.5092</orientation>
      <velocity>0.0</velocity>
      <steeringAngle>0.0</steeringAngle>
      <time>111</time>
    </ksState>
    <ksState>
      <x>-23.620510861193967</x>
      <y>64.08879068503326</y>
      <orientation>-0.5092</orientation>
      <velocity>0.0</velocity>
      <steeringAngle>0.0</steeringAngle>
      <time>112</time>
    </ksState>
    <ksState>
      <x>-23.620510861193967</x>
      <y>64.08879068503326</y>
      <orientation>-0.5092</orientation>
      <velocity>0.0</velocity>
      <steeringAngle>0.0</steeringAngle>
      <time>113</time>
    </ksState>
    <ksState>
      <x>-23.620510861193967</x>
      <y>64.08879068503326</y>
      <orientation>-0.5092</orientation>
      <velocity>0.0</velocity>
      <steeringAngle>0.0</steeringAngle>
      <time>114</time>
    </ksState>
    <ksState>
      <x>-23.620510861193967</x>
      <y>64.08879068503326</y>
      <orientation>-0.5092</orientation>
      <velocity>0.0</velocity>
      <steeringAngle>0.0</steeringAngle>
      <time>115</time>
    </ksState>
    <ksState>
      <x>-23.620510861193967</x>
      <y>64.08879068503326</y>
      <orientation>-0.5092</orientation>
      <velocity>0.0</velocity>
      <steeringAngle>0.0</steeringAngle>
      <time>116</time>
    </ksState>
    <ksState>
      <x>-23.620510861193967</x>
      <y>64.08879068503326</y>
      <orientation>-0.5092</orientation>
      <velocity>0.0</velocity>
      <steeringAngle>0.0</steeringAngle>
      <time>117</time>
    </ksState>
    <ksState>
      <x>-23.620510861193967</x>
      <y>64.08879068503326</y>
      <orientation>-0.5092</orientation>
      <velocity>0.0</velocity>
      <steeringAngle>0.0</steeringAngle>
      <time>118</time>
    </ksState>
    <ksState>
      <x>-23.620510861193967</x>
      <y>64.08879068503326</y>
      <orientation>-0.5092</orientation>
      <velocity>0.0</velocity>
      <steeringAngle>0.0</steeringAngle>
      <time>119</time>
    </ksState>
    <ksState>
      <x>-23.620510861193967</x>
      <y>64.08879068503326</y>
      <orientation>-0.5092</orientation>
      <velocity>0.0</velocity>
      <steeringAngle>0.0</steeringAngle>
      <time>120</time>
    </ksState>
    <ksState>
      <x>-23.620510861193967</x>
      <y>64.08879068503326</y>
      <orientation>-0.5092</orientation>
      <velocity>0.0</velocity>
      <steeringAngle>0.0</steeringAngle>
      <time>121</time>
    </ksState>
    <ksState>
      <x>-23.620510861193967</x>
      <y>64.08879068503326</y>
      <orientation>-0.5092</orientation>
      <velocity>0.0</velocity>
      <steeringAngle>0.0</steeringAngle>
      <time>122</time>
    </ksState>
    <ksState>
      <x>-23.620510861193967</x>
      <y>64.08879068503326</y>
      <orientation>-0.5092</orientation>
      <velocity>0.0</velocity>
      <steeringAngle>0.0</steeringAngle>
      <time>123</time>
    </ksState>
    <ksState>
      <x>-23.620510861193967</x>
      <y>64.08879068503326</y>
      <orientation>-0.5092</orientation>
      <velocity>0.0</velocity>
      <steeringAngle>0.0</steeringAngle>
      <time>124</time>
    </ksState>
    <ksState>
      <x>-23.620510861193967</x>
      <y>64.08879068503326</y>
      <orientation>-0.5092</orientation>
      <velocity>0.0</velocity>
      <steeringAngle>0.0</steeringAngle>
      <time>125</time>
    </ksState>
    <ksState>
      <x>-23.620510861193967</x>
      <y>64.08879068503326</y>
      <orientation>-0.5092</orientation>
      <velocity>0.0</velocity>
      <steeringAngle>0.0</steeringAngle>
      <time>126</time>
    </ksState>
    <ksState>
      <x>-23.620510861193967</x>
      <y>64.08879068503326</y>
      <orientation>-0.5092</orientation>
      <velocity>0.0</velocity>
      <steeringAngle>0.0</steeringAngle>
      <time>127</time>
    </ksState>
    <ksState>
      <x>-23.620510861193967</x>
      <y>64.08879068503326</y>
      <orientation>-0.5092</orientation>
      <velocity>0.0</velocity>
      <steeringAngle>0.0</steeringAngle>
      <time>128</time>
    </ksState>
    <ksState>
      <x>-23.620510861193967</x>
      <y>64.08879068503326</y>
      <orientation>-0.5092</orientation>
      <velocity>0.0</velocity>
      <steeringAngle>0.0</steeringAngle>
      <time>129</time>
    </ksState>
    <ksState>
      <x>-23.620510861193967</x>
      <y>64.08879068503326</y>
      <orientation>-0.5092</orientation>
      <velocity>0.0</velocity>
      <steeringAngle>0.0</steeringAngle>
      <time>130</time>
    </ksState>
    <ksState>
      <x>-23.620510861193967</x>
      <y>64.08879068503326</y>
      <orientation>-0.5092</orientation>
      <velocity>0.0</velocity>
      <steeringAngle>0.0</steeringAngle>
      <time>131</time>
    </ksState>
    <ksState>
      <x>-23.620510861193967</x>
      <y>64.08879068503326</y>
      <orientation>-0.5092</orientation>
      <velocity>0.0</velocity>
      <steeringAngle>0.0</steeringAngle>
      <time>132</time>
    </ksState>
    <ksState>
      <x>-23.620510861193967</x>
      <y>64.08879068503326</y>
      <orientation>-0.5092</orientation>
      <velocity>0.0</velocity>
      <steeringAngle>0.0</steeringAngle>
      <time>133</time>
    </ksState>
    <ksState>
      <x>-23.620510861193967</x>
      <y>64.08879068503326</y>
      <orientation>-0.5092</orientation>
      <velocity>0.0</velocity>
      <steeringAngle>0.0</steeringAngle>
      <time>134</time>
    </ksState>
    <ksState>
      <x>-23.620510861193967</x>
      <y>64.08879068503326</y>
      <orientation>-0.5092</orientation>
      <velocity>0.0</velocity>
      <steeringAngle>0.0</steeringAngle>
      <time>135</time>
    </ksState>
    <ksState>
      <x>-23.620510861193967</x>
      <y>64.08879068503326</y>
      <orientation>-0.5092</orientation>
      <velocity>0.0</velocity>
      <steeringAngle>0.0</steeringAngle>
      <time>136</time>
    </ksState>
    <ksState>
      <x>-23.620510861193967</x>
      <y>64.08879068503326</y>
      <orientation>-0.5092</orientation>
      <velocity>0.0</velocity>
      <steeringAngle>0.0</steeringAngle>
      <time>137</time>
    </ksState>
    <ksState>
      <x>-23.620510861193967</x>
      <y>64.08879068503326</y>
      <orientation>-0.5092</orientation>
      <velocity>0.0</velocity>
      <steeringAngle>0.0</steeringAngle>
      <time>138</time>
    </ksState>
    <ksState>
      <x>-23.620510861193967</x>
      <y>64.08879068503326</y>
      <orientation>-0.5092</orientation>
      <velocity>0.0</velocity>
      <steeringAngle>0.0</steeringAngle>
      <time>139</time>
    </ksState>
    <ksState>
      <x>-23.620510861193967</x>
      <y>64.08879068503326</y>
      <orientation>-0.5092</orientation>
      <velocity>0.0</velocity>
      <steeringAngle>0.0</steeringAngle>
      <time>140</time>
    </ksState>
    <ksState>
      <x>-23.61614518734335</x>
      <y>64.08635329055758</y>
      <orientation>-0.5092</orientation>
      <velocity>0.2</velocity>
      <steeringAngle>0.0</steeringAngle>
      <time>141</time>
    </ksState>
    <ksState>
      <x>-23.594316818090267</x>
      <y>64.07416631817922</y>
      <orientation>-0.5092</orientation>
      <velocity>0.4</velocity>
      <steeringAngle>0.0</steeringAngle>
      <time>142</time>
    </ksState>
    <ksState>
      <x>-23.555025753434712</x>
      <y>64.05222976789817</y>
      <orientation>-0.5092</orientation>
      <velocity>0.6</velocity>
      <steeringAngle>0.0</steeringAngle>
      <time>143</time>
    </ksState>
    <ksState>
      <x>-23.498271993376694</x>
      <y>64.02054363971442</y>
      <orientation>-0.5092</orientation>
      <velocity>0.7999999999999999</velocity>
      <steeringAngle>0.0</steeringAngle>
      <time>144</time>
    </ksState>
    <ksState>
      <x>-23.424055537916207</x>
      <y>63.979107933627986</y>
      <orientation>-0.5092</orientation>
      <velocity>0.9999999999999999</velocity>
      <steeringAngle>0.0</steeringAngle>
      <time>145</time>
    </ksState>
    <ksState>
      <x>-23.341107734754488</x>
      <y>63.93279743859021</y>
      <orientation>-0.5092</orientation>
      <velocity>0.8</velocity>
      <steeringAngle>0.0</steeringAngle>
      <time>146</time>
    </ksState>
    <ksState>
      <x>-23.275622626995233</x>
      <y>63.896236521455116</y>
      <orientation>-0.5092</orientation>
      <velocity>0.6000000000000001</velocity>
      <steeringAngle>0.0</steeringAngle>
      <time>147</time>
    </ksState>
    <ksState>
      <x>-23.227600214638446</x>
      <y>63.86942518222271</y>
      <orientation>-0.5092</orientation>
      <velocity>0.40000000000000013</velocity>
      <steeringAngle>0.0</steeringAngle>
      <time>148</time>
    </ksState>
    <ksState>
      <x>-23.19704049768413</x>
      <y>63.852363420893</y>
      <orientation>-0.5092</orientation>
      <velocity>0.20000000000000015</velocity>
      <steeringAngle>0.0</steeringAngle>
      <time>149</time>
    </ksState>
    <ksState>
      <x>-23.183943476132278</x>
      <y>63.84505123746598</y>
      <orientation>-0.5092</orientation>
      <velocity>1.3877787807814457e-16</velocity>
      <steeringAngle>0.0</steeringAngle>
      <time>150</time>
    </ksState>
    <ksState>
      <x>-23.183943476132278</x>
      <y>63.84505123746598</y>
      <orientation>-0.5092</orientation>
      <velocity>0.0</velocity>
      <steeringAngle>0.0</steeringAngle>
      <time>151</time>
    </ksState>
    <ksState>
      <x>-23.183943476132278</x>
      <y>63.84505123746598</y>
      <orientation>-0.5092</orientation>
      <velocity>0.0</velocity>
      <steeringAngle>0.0</steeringAngle>
      <time>152</time>
    </ksState>
    <ksState>
      <x>-23.183943476132278</x>
      <y>63.84505123746598</y>
      <orientation>-0.5092</orientation>
      <velocity>0.0</velocity>
      <steeringAngle>0.0</steeringAngle>
      <time>153</time>
    </ksState>
    <ksState>
      <x>-23.183943476132278</x>
      <y>63.84505123746598</y>
      <orientation>-0.5092</orientation>
      <velocity>0.0</velocity>
      <steeringAngle>0.0</steeringAngle>
      <time>154</time>
    </ksState>
    <ksState>
      <x>-23.183943476132278</x>
      <y>63.84505123746598</y>
      <orientation>-0.5092</orientation>
      <velocity>0.0</velocity>
      <steeringAngle>0.0</steeringAngle>
      <time>155</time>
    </ksState>
  </ksTrajectory>
</CommonRoadSolution>
