<?xml version="1.0" ?>
<CommonRoadSolution benchmark_id="KS2:SM1:USA_US101-10_2_T-1:2018b" date="2019-11-18">
  <ksTrajectory planningProblem="572">
    <ksState>
      <x>0.0</x>
      <y>0.0</y>
      <orientation>-0.84</orientation>
      <velocity>9.0</velocity>
      <steeringAngle>0.0</steeringAngle>
      <time>0</time>
    </ksState>
    <ksState>
      <x>0.610728485644797</x>
      <y>-0.6813484547733363</y>
      <orientation>-0.8375972465044199</orientation>
      <velocity>9.600000000000001</velocity>
      <steeringAngle>0.026650000000000004</steeringAngle>
      <time>1</time>
    </ksState>
    <ksState>
      <x>1.2650680613814</x>
      <y>-1.4041616194197133</y>
      <orientation>-0.8249588970405068</orientation>
      <velocity>10.200000000000003</velocity>
      <steeringAngle>0.05330000000000001</steeringAngle>
      <time>2</time>
    </ksState>
    <ksState>
      <x>1.9714543732434842</x>
      <y>-2.1606096181137975</y>
      <orientation>-0.8008251836639256</orientation>
      <velocity>10.800000000000004</velocity>
      <steeringAngle>0.07995000000000001</steeringAngle>
      <time>3</time>
    </ksState>
    <ksState>
      <x>2.740329730651772</x>
      <y>-2.940206523916729</y>
      <orientation>-0.7639168002437843</orientation>
      <velocity>11.400000000000006</velocity>
      <steeringAngle>0.10660000000000001</steeringAngle>
      <time>4</time>
    </ksState>
    <ksState>
      <x>3.583844165710083</x>
      <y>-3.729080334299006</y>
      <orientation>-0.7129311258549784</orientation>
      <velocity>12.000000000000007</velocity>
      <steeringAngle>0.13325</steeringAngle>
      <time>5</time>
    </ksState>
    <ksState>
      <x>4.503597589003556</x>
      <y>-4.499601936560262</y>
      <orientation>-0.653709069487942</orientation>
      <velocity>12.0</velocity>
      <steeringAngle>0.1066</steeringAngle>
      <time>6</time>
    </ksState>
    <ksState>
      <x>5.465133337224492</x>
      <y>-5.217394311214531</y>
      <orientation>-0.6070493891196005</orientation>
      <velocity>12.0</velocity>
      <steeringAngle>0.07995</steeringAngle>
      <time>7</time>
    </ksState>
    <ksState>
      <x>6.457029138223312</x>
      <y>-5.892685088388223</y>
      <orientation>-0.5728850995975729</orientation>
      <velocity>12.0</velocity>
      <steeringAngle>0.053299999999999986</steeringAngle>
      <time>8</time>
    </ksState>
    <ksState>
      <x>7.469435819741957</x>
      <y>-6.536872365649959</y>
      <orientation>-0.5511673809810271</orientation>
      <velocity>12.0</velocity>
      <steeringAngle>0.02664999999999998</steeringAngle>
      <time>9</time>
    </ksState>
    <ksState>
      <x>8.493671145821276</x>
      <y>-7.162114839109693</y>
      <orientation>-0.5418652984208883</orientation>
      <velocity>12.0</velocity>
      <steeringAngle>-2.42861286636753e-17</steeringAngle>
      <time>10</time>
    </ksState>
    <ksState>
      <x>9.50035024878812</x>
      <y>-7.768103439373651</y>
      <orientation>-0.544836445216498</orientation>
      <velocity>11.0</velocity>
      <steeringAngle>-0.026650000000000004</steeringAngle>
      <time>11</time>
    </ksState>
    <ksState>
      <x>10.418149125624424</x>
      <y>-8.327800580438051</y>
      <orientation>-0.5586636022177817</orientation>
      <velocity>10.0</velocity>
      <steeringAngle>-0.05330000000000001</steeringAngle>
      <time>12</time>
    </ksState>
    <ksState>
      <x>11.242288483687766</x>
      <y>-8.848755385132753</y>
      <orientation>-0.581296802241874</orientation>
      <velocity>9.0</velocity>
      <steeringAngle>-0.07995000000000001</steeringAngle>
      <time>13</time>
    </ksState>
    <ksState>
      <x>11.970273607653647</x>
      <y>-9.334167869035618</y>
      <orientation>-0.6106935284561532</orientation>
      <velocity>8.0</velocity>
      <steeringAngle>-0.10660000000000001</steeringAngle>
      <time>14</time>
    </ksState>
    <ksState>
      <x>12.60158161720119</x>
      <y>-9.783649658320787</y>
      <orientation>-0.6448129331140692</orientation>
      <velocity>7.0</velocity>
      <steeringAngle>-0.13325</steeringAngle>
      <time>15</time>
    </ksState>
    <ksState>
      <x>13.145334907789296</x>
      <y>-10.200205244558921</y>
      <orientation>-0.682182485534814</orientation>
      <velocity>6.4</velocity>
      <steeringAngle>-0.15990000000000001</steeringAngle>
      <time>16</time>
    </ksState>
    <ksState>
      <x>13.626563605084565</x>
      <y>-10.598959374648304</y>
      <orientation>-0.7228884366225679</orientation>
      <velocity>5.800000000000001</velocity>
      <steeringAngle>-0.18655000000000002</steeringAngle>
      <time>17</time>
    </ksState>
    <ksState>
      <x>14.04634852085104</x>
      <y>-10.977072717944207</y>
      <orientation>-0.7657147797446915</orientation>
      <velocity>5.200000000000001</velocity>
      <steeringAngle>-0.21320000000000003</steeringAngle>
      <time>18</time>
    </ksState>
    <ksState>
      <x>14.406648752273863</x>
      <y>-11.330878313313786</y>
      <orientation>-0.8094367814814762</orientation>
      <velocity>4.600000000000001</velocity>
      <steeringAngle>-0.23985000000000004</steeringAngle>
      <time>19</time>
    </ksState>
    <ksState>
      <x>14.710227423509721</x>
      <y>-11.65621116946173</y>
      <orientation>-0.8528172766180915</orientation>
      <velocity>4.000000000000002</velocity>
      <steeringAngle>-0.2665</steeringAngle>
      <time>20</time>
    </ksState>
    <ksState>
      <x>14.960528203157146</x>
      <y>-11.948714051777</y>
      <orientation>-0.8925484275048945</orientation>
      <velocity>3.4000000000000004</velocity>
      <steeringAngle>-0.23985000000000004</steeringAngle>
      <time>21</time>
    </ksState>
    <ksState>
      <x>15.162484573288417</x>
      <y>-12.203334900581604</y>
      <orientation>-0.9225220427572951</orientation>
      <velocity>2.8000000000000007</velocity>
      <steeringAngle>-0.21320000000000003</steeringAngle>
      <time>22</time>
    </ksState>
    <ksState>
      <x>15.321318458739704</x>
      <y>-12.415453687461333</y>
      <orientation>-0.9440935762265531</orientation>
      <velocity>2.200000000000001</velocity>
      <steeringAngle>-0.18655000000000002</steeringAngle>
      <time>23</time>
    </ksState>
    <ksState>
      <x>15.440925034078852</x>
      <y>-12.581942695642274</y>
      <orientation>-0.9585899490947204</orientation>
      <velocity>1.600000000000001</velocity>
      <steeringAngle>-0.15990000000000001</steeringAngle>
      <time>24</time>
    </ksState>
    <ksState>
      <x>15.523986242116395</x>
      <y>-12.700794307186404</y>
      <orientation>-0.9673139139265773</orientation>
      <velocity>1.0000000000000009</velocity>
      <steeringAngle>-0.13325</steeringAngle>
      <time>25</time>
    </ksState>
    <ksState>
      <x>15.577803619175457</x>
      <y>-12.779080159866904</y>
      <orientation>-0.9720154534138278</orientation>
      <velocity>0.8</velocity>
      <steeringAngle>-0.1066</steeringAngle>
      <time>26</time>
    </ksState>
    <ksState>
      <x>15.620028298608762</x>
      <y>-12.841064614291408</y>
      <orientation>-0.9749447307758277</orientation>
      <velocity>0.6000000000000001</velocity>
      <steeringAngle>-0.07995</steeringAngle>
      <time>27</time>
    </ksState>
  </ksTrajectory>
</CommonRoadSolution>
