<?xml version="1.0" ?>
<CommonRoadSolution benchmark_id="KS2:SM1:DEU_Ffb-1_1_T-1:2018b" date="2019-11-18">
  <ksTrajectory planningProblem="800">
    <ksState>
      <x>0.0</x>
      <y>0.0</y>
      <orientation>0.0</orientation>
      <velocity>14.0</velocity>
      <steeringAngle>0.0</steeringAngle>
      <time>0</time>
    </ksState>
    <ksState>
      <x>1.4100000000000001</x>
      <y>0.0</y>
      <orientation>0.0</orientation>
      <velocity>14.399999999999999</velocity>
      <steeringAngle>0.0</steeringAngle>
      <time>1</time>
    </ksState>
    <ksState>
      <x>2.86</x>
      <y>0.0</y>
      <orientation>0.0</orientation>
      <velocity>14.799999999999997</velocity>
      <steeringAngle>0.0</steeringAngle>
      <time>2</time>
    </ksState>
    <ksState>
      <x>4.35</x>
      <y>0.0</y>
      <orientation>0.0</orientation>
      <velocity>15.199999999999996</velocity>
      <steeringAngle>0.0</steeringAngle>
      <time>3</time>
    </ksState>
    <ksState>
      <x>5.879999999999999</x>
      <y>0.0</y>
      <orientation>0.0</orientation>
      <velocity>15.599999999999994</velocity>
      <steeringAngle>0.0</steeringAngle>
      <time>4</time>
    </ksState>
    <ksState>
      <x>7.449999999999998</x>
      <y>0.0</y>
      <orientation>0.0</orientation>
      <velocity>15.999999999999993</velocity>
      <steeringAngle>0.0</steeringAngle>
      <time>5</time>
    </ksState>
    <ksState>
      <x>9.059999999999999</x>
      <y>0.0</y>
      <orientation>0.0</orientation>
      <velocity>16.4</velocity>
      <steeringAngle>0.0</steeringAngle>
      <time>6</time>
    </ksState>
    <ksState>
      <x>10.709999999999999</x>
      <y>0.0</y>
      <orientation>0.0</orientation>
      <velocity>16.799999999999997</velocity>
      <steeringAngle>0.0</steeringAngle>
      <time>7</time>
    </ksState>
    <ksState>
      <x>12.399999999999999</x>
      <y>0.0</y>
      <orientation>0.0</orientation>
      <velocity>17.199999999999996</velocity>
      <steeringAngle>0.0</steeringAngle>
      <time>8</time>
    </ksState>
    <ksState>
      <x>14.129999999999997</x>
      <y>0.0</y>
      <orientation>0.0</orientation>
      <velocity>17.599999999999994</velocity>
      <steeringAngle>0.0</steeringAngle>
      <time>9</time>
    </ksState>
    <ksState>
      <x>15.899999999999999</x>
      <y>0.0</y>
      <orientation>0.0</orientation>
      <velocity>17.999999999999993</velocity>
      <steeringAngle>0.0</steeringAngle>
      <time>10</time>
    </ksState>
    <ksState>
      <x>17.709999999999997</x>
      <y>0.0</y>
      <orientation>0.0</orientation>
      <velocity>18.4</velocity>
      <steeringAngle>0.0</steeringAngle>
      <time>11</time>
    </ksState>
    <ksState>
      <x>19.56</x>
      <y>0.0</y>
      <orientation>0.0</orientation>
      <velocity>18.799999999999997</velocity>
      <steeringAngle>0.0</steeringAngle>
      <time>12</time>
    </ksState>
    <ksState>
      <x>21.45</x>
      <y>0.0</y>
      <orientation>0.0</orientation>
      <velocity>19.199999999999996</velocity>
      <steeringAngle>0.0</steeringAngle>
      <time>13</time>
    </ksState>
    <ksState>
      <x>23.38</x>
      <y>0.0</y>
      <orientation>0.0</orientation>
      <velocity>19.599999999999994</velocity>
      <steeringAngle>0.0</steeringAngle>
      <time>14</time>
    </ksState>
    <ksState>
      <x>25.349999999999998</x>
      <y>0.0</y>
      <orientation>0.0</orientation>
      <velocity>19.999999999999993</velocity>
      <steeringAngle>0.0</steeringAngle>
      <time>15</time>
    </ksState>
    <ksState>
      <x>27.349999999999998</x>
      <y>0.0</y>
      <orientation>0.0</orientation>
      <velocity>20.0</velocity>
      <steeringAngle>0.0</steeringAngle>
      <time>16</time>
    </ksState>
    <ksState>
      <x>29.349999999999998</x>
      <y>0.0</y>
      <orientation>0.0</orientation>
      <velocity>20.0</velocity>
      <steeringAngle>0.0</steeringAngle>
      <time>17</time>
    </ksState>
    <ksState>
      <x>31.349999999999998</x>
      <y>0.0</y>
      <orientation>0.0</orientation>
      <velocity>20.0</velocity>
      <steeringAngle>0.0</steeringAngle>
      <time>18</time>
    </ksState>
    <ksState>
      <x>33.349999999999994</x>
      <y>0.0</y>
      <orientation>0.0</orientation>
      <velocity>20.0</velocity>
      <steeringAngle>0.0</steeringAngle>
      <time>19</time>
    </ksState>
    <ksState>
      <x>35.349999999999994</x>
      <y>0.0</y>
      <orientation>0.0</orientation>
      <velocity>20.0</velocity>
      <steeringAngle>0.0</steeringAngle>
      <time>20</time>
    </ksState>
    <ksState>
      <x>37.349999999999994</x>
      <y>0.0</y>
      <orientation>0.0</orientation>
      <velocity>20.0</velocity>
      <steeringAngle>0.0</steeringAngle>
      <time>21</time>
    </ksState>
    <ksState>
      <x>39.349999999999994</x>
      <y>0.0</y>
      <orientation>0.0</orientation>
      <velocity>20.0</velocity>
      <steeringAngle>0.0</steeringAngle>
      <time>22</time>
    </ksState>
    <ksState>
      <x>41.349999999999994</x>
      <y>0.0</y>
      <orientation>0.0</orientation>
      <velocity>20.0</velocity>
      <steeringAngle>0.0</steeringAngle>
      <time>23</time>
    </ksState>
    <ksState>
      <x>43.349999999999994</x>
      <y>0.0</y>
      <orientation>0.0</orientation>
      <velocity>20.0</velocity>
      <steeringAngle>0.0</steeringAngle>
      <time>24</time>
    </ksState>
    <ksState>
      <x>45.349999999999994</x>
      <y>0.0</y>
      <orientation>0.0</orientation>
      <velocity>20.0</velocity>
      <steeringAngle>0.0</steeringAngle>
      <time>25</time>
    </ksState>
    <ksState>
      <x>47.349999999999994</x>
      <y>0.0</y>
      <orientation>0.0</orientation>
      <velocity>20.0</velocity>
      <steeringAngle>0.0</steeringAngle>
      <time>26</time>
    </ksState>
    <ksState>
      <x>49.349999999999994</x>
      <y>0.0</y>
      <orientation>0.0</orientation>
      <velocity>20.0</velocity>
      <steeringAngle>0.0</steeringAngle>
      <time>27</time>
    </ksState>
    <ksState>
      <x>51.349999999999994</x>
      <y>0.0</y>
      <orientation>0.0</orientation>
      <velocity>20.0</velocity>
      <steeringAngle>0.0</steeringAngle>
      <time>28</time>
    </ksState>
    <ksState>
      <x>53.349999999999994</x>
      <y>0.0</y>
      <orientation>0.0</orientation>
      <velocity>20.0</velocity>
      <steeringAngle>0.0</steeringAngle>
      <time>29</time>
    </ksState>
    <ksState>
      <x>55.349999999999994</x>
      <y>0.0</y>
      <orientation>0.0</orientation>
      <velocity>20.0</velocity>
      <steeringAngle>0.0</steeringAngle>
      <time>30</time>
    </ksState>
    <ksState>
      <x>57.324999999999996</x>
      <y>0.0</y>
      <orientation>0.0</orientation>
      <velocity>19.0</velocity>
      <steeringAngle>0.0</steeringAngle>
      <time>31</time>
    </ksState>
    <ksState>
      <x>59.199999999999996</x>
      <y>0.0</y>
      <orientation>0.0</orientation>
      <velocity>18.0</velocity>
      <steeringAngle>0.0</steeringAngle>
      <time>32</time>
    </ksState>
  </ksTrajectory>
</CommonRoadSolution>
