<?xml version="1.0" ?>
<CommonRoadSolution benchmark_id="KS2:SM1:USA_US101-21_2_T-1:2018b" date="2019-11-18">
  <ksTrajectory planningProblem="656">
    <ksState>
      <x>0.0</x>
      <y>0.0</y>
      <orientation>-0.76607</orientation>
      <velocity>14.0</velocity>
      <steeringAngle>0.0</steeringAngle>
      <time>0</time>
    </ksState>
    <ksState>
      <x>0.9908812787970941</x>
      <y>-0.9532991615067307</y>
      <orientation>-0.7625821320225452</orientation>
      <velocity>13.0</velocity>
      <steeringAngle>0.026650000000000004</steeringAngle>
      <time>1</time>
    </ksState>
    <ksState>
      <x>1.9156665162793658</x>
      <y>-1.8310114872828964</y>
      <orientation>-0.7461704511120413</orientation>
      <velocity>12.0</velocity>
      <steeringAngle>0.05330000000000001</steeringAngle>
      <time>2</time>
    </ksState>
    <ksState>
      <x>2.7832740435054877</x>
      <y>-2.623368115720914</y>
      <orientation>-0.7188812469655987</orientation>
      <velocity>11.0</velocity>
      <steeringAngle>0.07995000000000001</steeringAngle>
      <time>3</time>
    </ksState>
    <ksState>
      <x>3.5981073987736307</x>
      <y>-3.3245009833281145</y>
      <orientation>-0.6827503949304913</orientation>
      <velocity>10.0</velocity>
      <steeringAngle>0.10660000000000001</steeringAngle>
      <time>4</time>
    </ksState>
    <ksState>
      <x>4.360689467828822</x>
      <y>-3.9319475816512948</y>
      <orientation>-0.6398090992622598</orientation>
      <velocity>9.0</velocity>
      <steeringAngle>0.13325</steeringAngle>
      <time>5</time>
    </ksState>
    <ksState>
      <x>5.068464166238188</x>
      <y>-4.446316469337446</y>
      <orientation>-0.5965607163703285</orientation>
      <velocity>8.0</velocity>
      <steeringAngle>0.1066</steeringAngle>
      <time>6</time>
    </ksState>
    <ksState>
      <x>5.7130541973752145</x>
      <y>-4.8765342904195625</y>
      <orientation>-0.566361102770882</orientation>
      <velocity>7.0</velocity>
      <steeringAngle>0.07995</steeringAngle>
      <time>7</time>
    </ksState>
    <ksState>
      <x>6.2845390052385355</x>
      <y>-5.235723189277849</y>
      <orientation>-0.5470787544706913</orientation>
      <velocity>6.0</velocity>
      <steeringAngle>0.053299999999999986</steeringAngle>
      <time>8</time>
    </ksState>
    <ksState>
      <x>6.7764997637334305</x>
      <y>-5.533374721276381</y>
      <orientation>-0.5366076196618456</orientation>
      <velocity>5.0</velocity>
      <steeringAngle>0.02664999999999998</steeringAngle>
      <time>9</time>
    </ksState>
    <ksState>
      <x>7.185034097054313</x>
      <y>-5.775705740535242</y>
      <orientation>-0.5328609322239156</orientation>
      <velocity>4.0</velocity>
      <steeringAngle>-2.42861286636753e-17</steeringAngle>
      <time>10</time>
    </ksState>
    <ksState>
      <x>7.512349850099179</x>
      <y>-5.968745627109681</y>
      <orientation>-0.5328609322239156</orientation>
      <velocity>3.2</velocity>
      <steeringAngle>0.0</steeringAngle>
      <time>11</time>
    </ksState>
    <ksState>
      <x>7.770757023555653</x>
      <y>-6.1211455375631845</y>
      <orientation>-0.5328609322239156</orientation>
      <velocity>2.4000000000000004</velocity>
      <steeringAngle>0.0</steeringAngle>
      <time>12</time>
    </ksState>
    <ksState>
      <x>7.9602556174237336</x>
      <y>-6.232905471895754</y>
      <orientation>-0.5328609322239156</orientation>
      <velocity>1.6000000000000005</velocity>
      <steeringAngle>0.0</steeringAngle>
      <time>13</time>
    </ksState>
    <ksState>
      <x>8.080845631703422</x>
      <y>-6.30402543010739</y>
      <orientation>-0.5328609322239156</orientation>
      <velocity>0.8000000000000006</velocity>
      <steeringAngle>0.0</steeringAngle>
      <time>14</time>
    </ksState>
    <ksState>
      <x>8.132527066394715</x>
      <y>-6.334505412198091</y>
      <orientation>-0.5328609322239156</orientation>
      <velocity>5.551115123125783e-16</velocity>
      <steeringAngle>0.0</steeringAngle>
      <time>15</time>
    </ksState>
    <ksState>
      <x>8.132527066394715</x>
      <y>-6.334505412198091</y>
      <orientation>-0.5328609322239156</orientation>
      <velocity>0.0</velocity>
      <steeringAngle>0.0</steeringAngle>
      <time>16</time>
    </ksState>
    <ksState>
      <x>8.132527066394715</x>
      <y>-6.334505412198091</y>
      <orientation>-0.5328609322239156</orientation>
      <velocity>0.0</velocity>
      <steeringAngle>0.0</steeringAngle>
      <time>17</time>
    </ksState>
    <ksState>
      <x>8.132527066394715</x>
      <y>-6.334505412198091</y>
      <orientation>-0.5328609322239156</orientation>
      <velocity>0.0</velocity>
      <steeringAngle>0.0</steeringAngle>
      <time>18</time>
    </ksState>
    <ksState>
      <x>8.132527066394715</x>
      <y>-6.334505412198091</y>
      <orientation>-0.5328609322239156</orientation>
      <velocity>0.0</velocity>
      <steeringAngle>0.0</steeringAngle>
      <time>19</time>
    </ksState>
    <ksState>
      <x>8.132527066394715</x>
      <y>-6.334505412198091</y>
      <orientation>-0.5328609322239156</orientation>
      <velocity>0.0</velocity>
      <steeringAngle>0.0</steeringAngle>
      <time>20</time>
    </ksState>
    <ksState>
      <x>8.132527066394715</x>
      <y>-6.334505412198091</y>
      <orientation>-0.5328609322239156</orientation>
      <velocity>0.0</velocity>
      <steeringAngle>0.0</steeringAngle>
      <time>21</time>
    </ksState>
    <ksState>
      <x>8.132527066394715</x>
      <y>-6.334505412198091</y>
      <orientation>-0.5328609322239156</orientation>
      <velocity>0.0</velocity>
      <steeringAngle>0.0</steeringAngle>
      <time>22</time>
    </ksState>
    <ksState>
      <x>8.132527066394715</x>
      <y>-6.334505412198091</y>
      <orientation>-0.5328609322239156</orientation>
      <velocity>0.0</velocity>
      <steeringAngle>0.0</steeringAngle>
      <time>23</time>
    </ksState>
    <ksState>
      <x>8.132527066394715</x>
      <y>-6.334505412198091</y>
      <orientation>-0.5328609322239156</orientation>
      <velocity>0.0</velocity>
      <steeringAngle>0.0</steeringAngle>
      <time>24</time>
    </ksState>
    <ksState>
      <x>8.132527066394715</x>
      <y>-6.334505412198091</y>
      <orientation>-0.5328609322239156</orientation>
      <velocity>0.0</velocity>
      <steeringAngle>0.0</steeringAngle>
      <time>25</time>
    </ksState>
    <ksState>
      <x>8.154060997516089</x>
      <y>-6.347205404735883</y>
      <orientation>-0.5327317519284543</orientation>
      <velocity>1.0</velocity>
      <steeringAngle>0.026650000000000004</steeringAngle>
      <time>26</time>
    </ksState>
    <ksState>
      <x>8.26175853278847</x>
      <y>-6.410658063424431</y>
      <orientation>-0.531051765474417</orientation>
      <velocity>2.0</velocity>
      <steeringAngle>0.05330000000000001</steeringAngle>
      <time>27</time>
    </ksState>
    <ksState>
      <x>8.45590111307392</x>
      <y>-6.52438407199329</y>
      <orientation>-0.5257489407644081</orientation>
      <velocity>3.0</velocity>
      <steeringAngle>0.07995000000000001</steeringAngle>
      <time>28</time>
    </ksState>
    <ksState>
      <x>8.737416952698974</x>
      <y>-6.686782538643427</y>
      <orientation>-0.5147409120537179</orientation>
      <velocity>4.0</velocity>
      <steeringAngle>0.10660000000000001</steeringAngle>
      <time>29</time>
    </ksState>
    <ksState>
      <x>9.108258049820115</x>
      <y>-6.894384999536783</y>
      <orientation>-0.49592897064974095</orientation>
      <velocity>5.0</velocity>
      <steeringAngle>0.13325</steeringAngle>
      <time>30</time>
    </ksState>
    <ksState>
      <x>9.567261507672798</x>
      <y>-7.138729895955531</y>
      <orientation>-0.4674781472312422</orientation>
      <velocity>5.800000000000001</velocity>
      <steeringAngle>0.15990000000000001</steeringAngle>
      <time>31</time>
    </ksState>
    <ksState>
      <x>10.105373901481329</x>
      <y>-7.404070213532043</y>
      <orientation>-0.4283090500604396</orientation>
      <velocity>6.600000000000001</velocity>
      <steeringAngle>0.18655000000000002</steeringAngle>
      <time>32</time>
    </ksState>
    <ksState>
      <x>10.727366752508203</x>
      <y>-7.678765542204465</y>
      <orientation>-0.37666376730362194</orientation>
      <velocity>7.400000000000002</velocity>
      <steeringAngle>0.21320000000000003</steeringAngle>
      <time>33</time>
    </ksState>
    <ksState>
      <x>11.43836836169298</x>
      <y>-7.946977235150016</y>
      <orientation>-0.3107488356365383</orientation>
      <velocity>8.200000000000003</velocity>
      <steeringAngle>0.23985000000000004</steeringAngle>
      <time>34</time>
    </ksState>
    <ksState>
      <x>12.242937796728725</x>
      <y>-8.187812345230393</y>
      <orientation>-0.22872933421103536</orientation>
      <velocity>9.000000000000004</velocity>
      <steeringAngle>0.2665</steeringAngle>
      <time>35</time>
    </ksState>
    <ksState>
      <x>13.109104223538939</x>
      <y>-8.368191460919107</y>
      <orientation>-0.13745317089854237</orientation>
      <velocity>8.399999999999999</velocity>
      <steeringAngle>0.23985000000000004</steeringAngle>
      <time>36</time>
    </ksState>
    <ksState>
      <x>13.92821444865525</x>
      <y>-8.465215393332842</y>
      <orientation>-0.06142928371375106</orientation>
      <velocity>7.799999999999998</velocity>
      <steeringAngle>0.21320000000000003</steeringAngle>
      <time>37</time>
    </ksState>
    <ksState>
      <x>14.69232451018568</x>
      <y>-8.499915112631403</y>
      <orientation>0.0007669285482261867</orientation>
      <velocity>7.199999999999998</velocity>
      <steeringAngle>0.18655000000000002</steeringAngle>
      <time>38</time>
    </ksState>
    <ksState>
      <x>15.397197590886876</x>
      <y>-8.490285666968287</y>
      <orientation>0.050522664528638905</orientation>
      <velocity>6.599999999999999</velocity>
      <steeringAngle>0.15990000000000001</steeringAngle>
      <time>39</time>
    </ksState>
    <ksState>
      <x>16.040979312547037</x>
      <y>-8.451223856505303</y>
      <orientation>0.08919245009066618</orientation>
      <velocity>5.999999999999999</velocity>
      <steeringAngle>0.13325</steeringAngle>
      <time>40</time>
    </ksState>
    <ksState>
      <x>16.613278438336017</x>
      <y>-8.395738258876822</y>
      <orientation>0.11763531889083846</orientation>
      <velocity>5.0</velocity>
      <steeringAngle>0.1066</steeringAngle>
      <time>41</time>
    </ksState>
    <ksState>
      <x>17.084709746024785</x>
      <y>-8.337673901667692</y>
      <orientation>0.1361700123981995</orientation>
      <velocity>4.0</velocity>
      <steeringAngle>0.07995</steeringAngle>
      <time>42</time>
    </ksState>
    <ksState>
      <x>17.456087483046197</x>
      <y>-8.285690970142136</y>
      <orientation>0.14691128831788333</orientation>
      <velocity>3.0</velocity>
      <steeringAngle>0.053299999999999986</steeringAngle>
      <time>43</time>
    </ksState>
    <ksState>
      <x>17.728067789129607</x>
      <y>-8.245051918026189</y>
      <orientation>0.15195299347259258</orientation>
      <velocity>2.0</velocity>
      <steeringAngle>0.02664999999999998</steeringAngle>
      <time>44</time>
    </ksState>
    <ksState>
      <x>17.90103954974781</x>
      <y>-8.218485736219781</y>
      <orientation>0.15337416027048778</orientation>
      <velocity>1.0</velocity>
      <steeringAngle>-2.42861286636753e-17</steeringAngle>
      <time>45</time>
    </ksState>
    <ksState>
      <x>17.99492436585019</x>
      <y>-8.20397224920175</y>
      <orientation>0.15337416027048778</orientation>
      <velocity>0.8</velocity>
      <steeringAngle>0.0</steeringAngle>
      <time>46</time>
    </ksState>
    <ksState>
      <x>18.06904395750996</x>
      <y>-8.192514233134881</y>
      <orientation>0.15337416027048778</orientation>
      <velocity>0.6000000000000001</velocity>
      <steeringAngle>0.0</steeringAngle>
      <time>47</time>
    </ksState>
    <ksState>
      <x>18.123398324727127</x>
      <y>-8.184111688019177</y>
      <orientation>0.15337416027048778</orientation>
      <velocity>0.40000000000000013</velocity>
      <steeringAngle>0.0</steeringAngle>
      <time>48</time>
    </ksState>
    <ksState>
      <x>18.157987467501687</x>
      <y>-8.17876461385464</y>
      <orientation>0.15337416027048778</orientation>
      <velocity>0.20000000000000015</velocity>
      <steeringAngle>0.0</steeringAngle>
      <time>49</time>
    </ksState>
    <ksState>
      <x>18.172811385833644</x>
      <y>-8.176473010641265</y>
      <orientation>0.15337416027048778</orientation>
      <velocity>1.3877787807814457e-16</velocity>
      <steeringAngle>0.0</steeringAngle>
      <time>50</time>
    </ksState>
    <ksState>
      <x>18.172811385833644</x>
      <y>-8.176473010641265</y>
      <orientation>0.15337416027048778</orientation>
      <velocity>0.0</velocity>
      <steeringAngle>0.0</steeringAngle>
      <time>51</time>
    </ksState>
    <ksState>
      <x>18.172811385833644</x>
      <y>-8.176473010641265</y>
      <orientation>0.15337416027048778</orientation>
      <velocity>0.0</velocity>
      <steeringAngle>0.0</steeringAngle>
      <time>52</time>
    </ksState>
    <ksState>
      <x>18.172811385833644</x>
      <y>-8.176473010641265</y>
      <orientation>0.15337416027048778</orientation>
      <velocity>0.0</velocity>
      <steeringAngle>0.0</steeringAngle>
      <time>53</time>
    </ksState>
    <ksState>
      <x>18.172811385833644</x>
      <y>-8.176473010641265</y>
      <orientation>0.15337416027048778</orientation>
      <velocity>0.0</velocity>
      <steeringAngle>0.0</steeringAngle>
      <time>54</time>
    </ksState>
    <ksState>
      <x>18.172811385833644</x>
      <y>-8.176473010641265</y>
      <orientation>0.15337416027048778</orientation>
      <velocity>0.0</velocity>
      <steeringAngle>0.0</steeringAngle>
      <time>55</time>
    </ksState>
    <ksState>
      <x>18.172811385833644</x>
      <y>-8.176473010641265</y>
      <orientation>0.15337416027048778</orientation>
      <velocity>0.0</velocity>
      <steeringAngle>0.0</steeringAngle>
      <time>56</time>
    </ksState>
    <ksState>
      <x>18.172811385833644</x>
      <y>-8.176473010641265</y>
      <orientation>0.15337416027048778</orientation>
      <velocity>0.0</velocity>
      <steeringAngle>0.0</steeringAngle>
      <time>57</time>
    </ksState>
    <ksState>
      <x>18.172811385833644</x>
      <y>-8.176473010641265</y>
      <orientation>0.15337416027048778</orientation>
      <velocity>0.0</velocity>
      <steeringAngle>0.0</steeringAngle>
      <time>58</time>
    </ksState>
    <ksState>
      <x>18.172811385833644</x>
      <y>-8.176473010641265</y>
      <orientation>0.15337416027048778</orientation>
      <velocity>0.0</velocity>
      <steeringAngle>0.0</steeringAngle>
      <time>59</time>
    </ksState>
    <ksState>
      <x>18.172811385833644</x>
      <y>-8.176473010641265</y>
      <orientation>0.15337416027048778</orientation>
      <velocity>0.0</velocity>
      <steeringAngle>0.0</steeringAngle>
      <time>60</time>
    </ksState>
    <ksState>
      <x>18.172811385833644</x>
      <y>-8.176473010641265</y>
      <orientation>0.15337416027048778</orientation>
      <velocity>0.0</velocity>
      <steeringAngle>0.0</steeringAngle>
      <time>61</time>
    </ksState>
    <ksState>
      <x>18.172811385833644</x>
      <y>-8.176473010641265</y>
      <orientation>0.15337416027048778</orientation>
      <velocity>0.0</velocity>
      <steeringAngle>0.0</steeringAngle>
      <time>62</time>
    </ksState>
    <ksState>
      <x>18.172811385833644</x>
      <y>-8.176473010641265</y>
      <orientation>0.15337416027048778</orientation>
      <velocity>0.0</velocity>
      <steeringAngle>0.0</steeringAngle>
      <time>63</time>
    </ksState>
    <ksState>
      <x>18.172811385833644</x>
      <y>-8.176473010641265</y>
      <orientation>0.15337416027048778</orientation>
      <velocity>0.0</velocity>
      <steeringAngle>0.0</steeringAngle>
      <time>64</time>
    </ksState>
    <ksState>
      <x>18.172811385833644</x>
      <y>-8.176473010641265</y>
      <orientation>0.15337416027048778</orientation>
      <velocity>0.0</velocity>
      <steeringAngle>0.0</steeringAngle>
      <time>65</time>
    </ksState>
    <ksState>
      <x>18.172811385833644</x>
      <y>-8.176473010641265</y>
      <orientation>0.15337416027048778</orientation>
      <velocity>0.0</velocity>
      <steeringAngle>0.0</steeringAngle>
      <time>66</time>
    </ksState>
    <ksState>
      <x>18.172811385833644</x>
      <y>-8.176473010641265</y>
      <orientation>0.15337416027048778</orientation>
      <velocity>0.0</velocity>
      <steeringAngle>0.0</steeringAngle>
      <time>67</time>
    </ksState>
    <ksState>
      <x>18.172811385833644</x>
      <y>-8.176473010641265</y>
      <orientation>0.15337416027048778</orientation>
      <velocity>0.0</velocity>
      <steeringAngle>0.0</steeringAngle>
      <time>68</time>
    </ksState>
    <ksState>
      <x>18.172811385833644</x>
      <y>-8.176473010641265</y>
      <orientation>0.15337416027048778</orientation>
      <velocity>0.0</velocity>
      <steeringAngle>0.0</steeringAngle>
      <time>69</time>
    </ksState>
    <ksState>
      <x>18.172811385833644</x>
      <y>-8.176473010641265</y>
      <orientation>0.15337416027048778</orientation>
      <velocity>0.0</velocity>
      <steeringAngle>0.0</steeringAngle>
      <time>70</time>
    </ksState>
    <ksState>
      <x>18.172811385833644</x>
      <y>-8.176473010641265</y>
      <orientation>0.15337416027048778</orientation>
      <velocity>0.0</velocity>
      <steeringAngle>0.0</steeringAngle>
      <time>71</time>
    </ksState>
    <ksState>
      <x>18.172811385833644</x>
      <y>-8.176473010641265</y>
      <orientation>0.15337416027048778</orientation>
      <velocity>0.0</velocity>
      <steeringAngle>0.0</steeringAngle>
      <time>72</time>
    </ksState>
    <ksState>
      <x>18.172811385833644</x>
      <y>-8.176473010641265</y>
      <orientation>0.15337416027048778</orientation>
      <velocity>0.0</velocity>
      <steeringAngle>0.0</steeringAngle>
      <time>73</time>
    </ksState>
    <ksState>
      <x>18.172811385833644</x>
      <y>-8.176473010641265</y>
      <orientation>0.15337416027048778</orientation>
      <velocity>0.0</velocity>
      <steeringAngle>0.0</steeringAngle>
      <time>74</time>
    </ksState>
    <ksState>
      <x>18.172811385833644</x>
      <y>-8.176473010641265</y>
      <orientation>0.15337416027048778</orientation>
      <velocity>0.0</velocity>
      <steeringAngle>0.0</steeringAngle>
      <time>75</time>
    </ksState>
    <ksState>
      <x>18.172811385833644</x>
      <y>-8.176473010641265</y>
      <orientation>0.15337416027048778</orientation>
      <velocity>0.0</velocity>
      <steeringAngle>0.0</steeringAngle>
      <time>76</time>
    </ksState>
    <ksState>
      <x>18.172811385833644</x>
      <y>-8.176473010641265</y>
      <orientation>0.15337416027048778</orientation>
      <velocity>0.0</velocity>
      <steeringAngle>0.0</steeringAngle>
      <time>77</time>
    </ksState>
    <ksState>
      <x>18.172811385833644</x>
      <y>-8.176473010641265</y>
      <orientation>0.15337416027048778</orientation>
      <velocity>0.0</velocity>
      <steeringAngle>0.0</steeringAngle>
      <time>78</time>
    </ksState>
    <ksState>
      <x>18.172811385833644</x>
      <y>-8.176473010641265</y>
      <orientation>0.15337416027048778</orientation>
      <velocity>0.0</velocity>
      <steeringAngle>0.0</steeringAngle>
      <time>79</time>
    </ksState>
    <ksState>
      <x>18.172811385833644</x>
      <y>-8.176473010641265</y>
      <orientation>0.15337416027048778</orientation>
      <velocity>0.0</velocity>
      <steeringAngle>0.0</steeringAngle>
      <time>80</time>
    </ksState>
  </ksTrajectory>
</CommonRoadSolution>
