<?xml version="1.0" ?>
<CommonRoadSolution benchmark_id="KS2:SM1:USA_Lanker-2_22_T-1:2018b" date="2019-11-18">
  <ksTrajectory planningProblem="2741">
    <ksState>
      <x>0.0</x>
      <y>0.0</y>
      <orientation>-2.0391</orientation>
      <velocity>1.0</velocity>
      <steeringAngle>0.0</steeringAngle>
      <time>0</time>
    </ksState>
    <ksState>
      <x>-0.05642165541651123</x>
      <y>-0.11154190602666098</y>
      <orientation>-2.038712459113616</orientation>
      <velocity>2.0</velocity>
      <steeringAngle>0.026650000000000004</steeringAngle>
      <time>1</time>
    </ksState>
    <ksState>
      <x>-0.15778747356036937</x>
      <y>-0.3124148946469479</y>
      <orientation>-2.0357402107049687</orientation>
      <velocity>3.0</velocity>
      <steeringAngle>0.05330000000000001</steeringAngle>
      <time>2</time>
    </ksState>
    <ksState>
      <x>-0.30302281147979554</x>
      <y>-0.60315781176649</y>
      <orientation>-2.0281093839337845</orientation>
      <velocity>4.0</velocity>
      <steeringAngle>0.07995000000000001</steeringAngle>
      <time>3</time>
    </ksState>
    <ksState>
      <x>-0.48942053502622707</x>
      <y>-0.9850991047727712</y>
      <orientation>-2.01373429231268</orientation>
      <velocity>5.0</velocity>
      <steeringAngle>0.10660000000000001</steeringAngle>
      <time>4</time>
    </ksState>
    <ksState>
      <x>-0.7118496856378059</x>
      <y>-1.4606439243153049</y>
      <orientation>-1.9905114054035455</orientation>
      <velocity>6.0</velocity>
      <steeringAngle>0.13325</steeringAngle>
      <time>5</time>
    </ksState>
    <ksState>
      <x>-0.9599274818846872</x>
      <y>-2.028828811071279</y>
      <orientation>-1.9599658497133505</orientation>
      <velocity>6.800000000000001</velocity>
      <steeringAngle>0.1066</steeringAngle>
      <time>6</time>
    </ksState>
    <ksState>
      <x>-1.220809238729848</x>
      <y>-2.6783796937916073</y>
      <orientation>-1.932799892187732</orientation>
      <velocity>7.600000000000001</velocity>
      <steeringAngle>0.07995</steeringAngle>
      <time>7</time>
    </ksState>
    <ksState>
      <x>-1.4926191919167866</x>
      <y>-3.409473507624792</y>
      <orientation>-1.9106450523536542</orientation>
      <velocity>8.400000000000002</velocity>
      <steeringAngle>0.053299999999999986</steeringAngle>
      <time>8</time>
    </ksState>
    <ksState>
      <x>-1.7756856064778788</x>
      <y>-4.221544596911462</y>
      <orientation>-1.8951324697225305</orientation>
      <velocity>9.200000000000003</velocity>
      <steeringAngle>0.02664999999999998</steeringAngle>
      <time>9</time>
    </ksState>
    <ksState>
      <x>-2.073079464436503</x>
      <y>-5.113257500057974</y>
      <orientation>-1.8878975288567217</orientation>
      <velocity>10.000000000000004</velocity>
      <steeringAngle>-2.42861286636753e-17</steeringAngle>
      <time>10</time>
    </ksState>
    <ksState>
      <x>-2.3895702695955388</x>
      <y>-6.077652942939049</y>
      <orientation>-1.8905586429432244</orientation>
      <velocity>10.600000000000001</velocity>
      <steeringAngle>-0.026650000000000004</steeringAngle>
      <time>11</time>
    </ksState>
    <ksState>
      <x>-2.7303184760084163</x>
      <y>-7.0972150995581025</y>
      <orientation>-1.9044892543617475</orientation>
      <velocity>11.200000000000003</velocity>
      <steeringAngle>-0.05330000000000001</steeringAngle>
      <time>12</time>
    </ksState>
    <ksState>
      <x>-3.108351171052834</x>
      <y>-8.167389415641093</y>
      <orientation>-1.9309509697995038</orientation>
      <velocity>11.800000000000004</velocity>
      <steeringAngle>-0.07995000000000001</steeringAngle>
      <time>13</time>
    </ksState>
    <ksState>
      <x>-3.5398335465090804</x>
      <y>-9.281717927729357</y>
      <orientation>-1.9712264161300592</orientation>
      <velocity>12.400000000000006</velocity>
      <steeringAngle>-0.10660000000000001</steeringAngle>
      <time>14</time>
    </ksState>
    <ksState>
      <x>-4.044010468971586</x>
      <y>-10.430878532969215</y>
      <orientation>-2.0266230360240227</orientation>
      <velocity>13.000000000000007</velocity>
      <steeringAngle>-0.13325</steeringAngle>
      <time>15</time>
    </ksState>
    <ksState>
      <x>-4.6381791435420165</x>
      <y>-11.592559499395486</y>
      <orientation>-2.091013895631648</orientation>
      <velocity>13.2</velocity>
      <steeringAngle>-0.1066</steeringAngle>
      <time>16</time>
    </ksState>
    <ksState>
      <x>-5.312471519886185</x>
      <y>-12.733009262486071</y>
      <orientation>-2.142520912032713</orientation>
      <velocity>13.399999999999999</velocity>
      <steeringAngle>-0.07995</steeringAngle>
      <time>17</time>
    </ksState>
    <ksState>
      <x>-6.051964326194</x>
      <y>-13.856387848051062</y>
      <orientation>-2.1808003994498426</orientation>
      <velocity>13.599999999999998</velocity>
      <steeringAngle>-0.053299999999999986</steeringAngle>
      <time>18</time>
    </ksState>
    <ksState>
      <x>-6.841792071165461</x>
      <y>-14.969628593813013</y>
      <orientation>-2.205491358781813</orientation>
      <velocity>13.799999999999997</velocity>
      <steeringAngle>-0.02664999999999998</steeringAngle>
      <time>19</time>
    </ksState>
    <ksState>
      <x>-7.666983767332983</x>
      <y>-16.081950162441867</y>
      <orientation>-2.216214589785065</orientation>
      <velocity>13.999999999999996</velocity>
      <steeringAngle>2.42861286636753e-17</steeringAngle>
      <time>20</time>
    </ksState>
    <ksState>
      <x>-8.49409111952258</x>
      <y>-17.18036648968483</y>
      <orientation>-2.21272672180761</orientation>
      <velocity>13.0</velocity>
      <steeringAngle>0.026650000000000004</steeringAngle>
      <time>21</time>
    </ksState>
    <ksState>
      <x>-9.25411639049806</x>
      <y>-18.204069693627844</y>
      <orientation>-2.1963150408971064</orientation>
      <velocity>12.0</velocity>
      <steeringAngle>0.05330000000000001</steeringAngle>
      <time>22</time>
    </ksState>
    <ksState>
      <x>-9.936288330851333</x>
      <y>-19.16073749998684</y>
      <orientation>-2.169025836750664</orientation>
      <velocity>11.0</velocity>
      <steeringAngle>0.07995000000000001</steeringAngle>
      <time>23</time>
    </ksState>
    <ksState>
      <x>-10.534251529052435</x>
      <y>-20.054035159501154</y>
      <orientation>-2.1328949847155565</orientation>
      <velocity>10.0</velocity>
      <steeringAngle>0.10660000000000001</steeringAngle>
      <time>24</time>
    </ksState>
    <ksState>
      <x>-11.045498443962769</x>
      <y>-20.884185371121653</y>
      <orientation>-2.089953689047325</orientation>
      <velocity>9.0</velocity>
      <steeringAngle>0.13325</steeringAngle>
      <time>25</time>
    </ksState>
    <ksState>
      <x>-11.489969140749704</x>
      <y>-21.68390802872981</y>
      <orientation>-2.04483625114204</orientation>
      <velocity>9.600000000000001</velocity>
      <steeringAngle>0.1066</steeringAngle>
      <time>26</time>
    </ksState>
    <ksState>
      <x>-11.926225714870514</x>
      <y>-22.55580880139123</y>
      <orientation>-2.006964402859698</orientation>
      <velocity>10.200000000000003</velocity>
      <steeringAngle>0.07995</steeringAngle>
      <time>27</time>
    </ksState>
    <ksState>
      <x>-12.355914449280052</x>
      <y>-23.49736356598313</y>
      <orientation>-1.9775366644133794</orientation>
      <velocity>10.800000000000004</velocity>
      <steeringAngle>0.053299999999999986</steeringAngle>
      <time>28</time>
    </ksState>
    <ksState>
      <x>-12.783408124245991</x>
      <y>-24.505449255627035</y>
      <orientation>-1.957758082958832</orientation>
      <velocity>11.400000000000006</velocity>
      <steeringAngle>0.02664999999999998</steeringAngle>
      <time>29</time>
    </ksState>
    <ksState>
      <x>-13.21608246250458</x>
      <y>-25.576339699329623</y>
      <orientation>-1.948843596349423</orientation>
      <velocity>12.000000000000007</velocity>
      <steeringAngle>-2.42861286636753e-17</steeringAngle>
      <time>30</time>
    </ksState>
    <ksState>
      <x>-13.649782402216035</x>
      <y>-26.66836962670995</y>
      <orientation>-1.9518147431450328</orientation>
      <velocity>11.0</velocity>
      <steeringAngle>-0.026650000000000004</steeringAngle>
      <time>31</time>
    </ksState>
    <ksState>
      <x>-14.052305788772056</x>
      <y>-27.66515977077896</y>
      <orientation>-1.9656419001463166</orientation>
      <velocity>10.0</velocity>
      <steeringAngle>-0.05330000000000001</steeringAngle>
      <time>32</time>
    </ksState>
    <ksState>
      <x>-14.431880113041446</x>
      <y>-28.563225983482113</y>
      <orientation>-1.9882751001704089</orientation>
      <velocity>9.0</velocity>
      <steeringAngle>-0.07995000000000001</steeringAngle>
      <time>33</time>
    </ksState>
    <ksState>
      <x>-14.792069402066486</x>
      <y>-29.36062882791898</y>
      <orientation>-2.017671826384688</orientation>
      <velocity>8.0</velocity>
      <steeringAngle>-0.10660000000000001</steeringAngle>
      <time>34</time>
    </ksState>
    <ksState>
      <x>-15.132575756260847</x>
      <y>-30.05678908574123</y>
      <orientation>-2.051791231042604</orientation>
      <velocity>7.0</velocity>
      <steeringAngle>-0.13325</steeringAngle>
      <time>35</time>
    </ksState>
    <ksState>
      <x>-15.471630617552053</x>
      <y>-30.69192603513781</y>
      <orientation>-2.0872719580967183</orientation>
      <velocity>7.800000000000001</velocity>
      <steeringAngle>-0.1066</steeringAngle>
      <time>36</time>
    </ksState>
    <ksState>
      <x>-15.872427957079685</x>
      <y>-31.384255163608398</y>
      <orientation>-2.118326222319699</orientation>
      <velocity>8.600000000000001</velocity>
      <steeringAngle>-0.07995</steeringAngle>
      <time>37</time>
    </ksState>
    <ksState>
      <x>-16.33564991092713</x>
      <y>-32.132446909711675</y>
      <orientation>-2.1433280862806123</orientation>
      <velocity>9.400000000000002</velocity>
      <steeringAngle>-0.053299999999999986</steeringAngle>
      <time>38</time>
    </ksState>
    <ksState>
      <x>-16.859733153910323</x>
      <y>-32.93675716255035</y>
      <orientation>-2.1606504787964482</orientation>
      <velocity>10.200000000000003</velocity>
      <steeringAngle>-0.02664999999999998</steeringAngle>
      <time>39</time>
    </ksState>
    <ksState>
      <x>-17.44054025025742</x>
      <y>-33.79945966375439</y>
      <orientation>-2.1686605932089353</orientation>
      <velocity>10.997021226415097</velocity>
      <steeringAngle>2.42861286636753e-17</steeringAngle>
      <time>40</time>
    </ksState>
    <ksState>
      <x>-18.065335374129564</x>
      <y>-34.71691868364879</y>
      <orientation>-2.165766954590602</orientation>
      <velocity>11.399999999999999</velocity>
      <steeringAngle>0.026650000000000004</steeringAngle>
      <time>41</time>
    </ksState>
    <ksState>
      <x>-18.707056864423894</x>
      <y>-35.67121531113086</y>
      <orientation>-2.1508800785082767</orientation>
      <velocity>11.799999999999997</velocity>
      <steeringAngle>0.05330000000000001</steeringAngle>
      <time>42</time>
    </ksState>
    <ksState>
      <x>-19.353139059645496</x>
      <y>-36.670527605238085</y>
      <orientation>-2.123150925951347</orientation>
      <velocity>12.199999999999996</velocity>
      <steeringAngle>0.07995000000000001</steeringAngle>
      <time>43</time>
    </ksState>
    <ksState>
      <x>-19.988451299953535</x>
      <y>-37.72368596492633</y>
      <orientation>-2.0817100224525156</orientation>
      <velocity>12.599999999999994</velocity>
      <steeringAngle>0.10660000000000001</steeringAngle>
      <time>44</time>
    </ksState>
    <ksState>
      <x>-20.594750256029712</x>
      <y>-38.839493331317044</y>
      <orientation>-2.0256648453341897</orientation>
      <velocity>12.999999999999993</velocity>
      <steeringAngle>0.13325</steeringAngle>
      <time>45</time>
    </ksState>
    <ksState>
      <x>-21.14396740787496</x>
      <y>-40.012057623933195</y>
      <orientation>-1.9617412494799027</orientation>
      <velocity>12.8</velocity>
      <steeringAngle>0.1066</steeringAngle>
      <time>46</time>
    </ksState>
    <ksState>
      <x>-21.61414797334651</x>
      <y>-41.19707604894234</y>
      <orientation>-1.9121522917495613</orientation>
      <velocity>12.600000000000001</velocity>
      <steeringAngle>0.07995</steeringAngle>
      <time>47</time>
    </ksState>
    <ksState>
      <x>-22.022711796629835</x>
      <y>-42.38364663949085</y>
      <orientation>-1.876409151868964</orientation>
      <velocity>12.400000000000002</velocity>
      <steeringAngle>0.053299999999999986</steeringAngle>
      <time>48</time>
    </ksState>
    <ksState>
      <x>-22.386758166866525</x>
      <y>-43.56374515834465</y>
      <orientation>-1.8540450541984188</orientation>
      <velocity>12.200000000000003</velocity>
      <steeringAngle>0.02664999999999998</steeringAngle>
      <time>49</time>
    </ksState>
    <ksState>
      <x>-22.722656051794214</x>
      <y>-44.73138505983244</y>
      <orientation>-1.8446137729880365</orientation>
      <velocity>12.000000000000004</velocity>
      <steeringAngle>-2.42861286636753e-17</steeringAngle>
      <time>50</time>
    </ksState>
    <ksState>
      <x>-23.040386189423916</x>
      <y>-45.86261119091402</y>
      <orientation>-1.8475849197836463</orientation>
      <velocity>11.0</velocity>
      <steeringAngle>-0.026650000000000004</steeringAngle>
      <time>51</time>
    </ksState>
    <ksState>
      <x>-23.337017831049707</x>
      <y>-46.895870760056276</y>
      <orientation>-1.86141207678493</orientation>
      <velocity>10.0</velocity>
      <steeringAngle>-0.05330000000000001</steeringAngle>
      <time>52</time>
    </ksState>
    <ksState>
      <x>-23.62109631180186</x>
      <y>-47.82855452576527</y>
      <orientation>-1.8840452768090223</orientation>
      <velocity>9.0</velocity>
      <steeringAngle>-0.07995000000000001</steeringAngle>
      <time>53</time>
    </ksState>
    <ksState>
      <x>-23.89636809805252</x>
      <y>-48.65910438214882</y>
      <orientation>-1.9134420030233015</orientation>
      <velocity>8.0</velocity>
      <steeringAngle>-0.10660000000000001</steeringAngle>
      <time>54</time>
    </ksState>
    <ksState>
      <x>-24.16259716949373</x>
      <y>-49.38691326045234</y>
      <orientation>-1.9475614076812175</orientation>
      <velocity>7.0</velocity>
      <steeringAngle>-0.13325</steeringAngle>
      <time>55</time>
    </ksState>
    <ksState>
      <x>-24.43373156371384</x>
      <y>-50.0538789895006</y>
      <orientation>-1.9830421347353322</orientation>
      <velocity>7.800000000000001</velocity>
      <steeringAngle>-0.1066</steeringAngle>
      <time>56</time>
    </ksState>
    <ksState>
      <x>-24.760323015882772</x>
      <y>-50.78415027667508</y>
      <orientation>-2.0140963989583125</orientation>
      <velocity>8.600000000000001</velocity>
      <steeringAngle>-0.07995</steeringAngle>
      <time>57</time>
    </ksState>
    <ksState>
      <x>-25.143188289294734</x>
      <y>-51.57647574633922</y>
      <orientation>-2.039098262919226</orientation>
      <velocity>9.400000000000002</velocity>
      <steeringAngle>-0.053299999999999986</steeringAngle>
      <time>58</time>
    </ksState>
    <ksState>
      <x>-25.58074591994042</x>
      <y>-52.430947248649815</y>
      <orientation>-2.056420655435062</orientation>
      <velocity>10.200000000000003</velocity>
      <steeringAngle>-0.02664999999999998</steeringAngle>
      <time>59</time>
    </ksState>
    <ksState>
      <x>-26.068644363148096</x>
      <y>-53.349395721818766</y>
      <orientation>-2.064430769847549</orientation>
      <velocity>10.997021226415097</velocity>
      <steeringAngle>2.42861286636753e-17</steeringAngle>
      <time>60</time>
    </ksState>
    <ksState>
      <x>-26.596964324056337</x>
      <y>-54.331283199540074</y>
      <orientation>-2.064430769847549</orientation>
      <velocity>11.600000000000001</velocity>
      <steeringAngle>0.0</steeringAngle>
      <time>61</time>
    </ksState>
    <ksState>
      <x>-27.15371405864574</x>
      <y>-55.366007671578224</y>
      <orientation>-2.064430769847549</orientation>
      <velocity>12.200000000000003</velocity>
      <steeringAngle>0.0</steeringAngle>
      <time>62</time>
    </ksState>
    <ksState>
      <x>-27.738893566916303</x>
      <y>-56.45356913793322</y>
      <orientation>-2.064430769847549</orientation>
      <velocity>12.800000000000004</velocity>
      <steeringAngle>0.0</steeringAngle>
      <time>63</time>
    </ksState>
    <ksState>
      <x>-28.352502848868028</x>
      <y>-57.593967598605055</y>
      <orientation>-2.064430769847549</orientation>
      <velocity>13.400000000000006</velocity>
      <steeringAngle>0.0</steeringAngle>
      <time>64</time>
    </ksState>
    <ksState>
      <x>-28.994541904500913</x>
      <y>-58.78720305359373</y>
      <orientation>-2.064430769847549</orientation>
      <velocity>14.000000000000007</velocity>
      <steeringAngle>0.0</steeringAngle>
      <time>65</time>
    </ksState>
    <ksState>
      <x>-29.662641586008196</x>
      <y>-60.02887242003951</y>
      <orientation>-2.064430769847549</orientation>
      <velocity>14.399999999999999</velocity>
      <steeringAngle>0.0</steeringAngle>
      <time>66</time>
    </ksState>
    <ksState>
      <x>-30.349694449969586</x>
      <y>-61.30576644936318</y>
      <orientation>-2.064430769847549</orientation>
      <velocity>14.799999999999997</velocity>
      <steeringAngle>0.0</steeringAngle>
      <time>67</time>
    </ksState>
    <ksState>
      <x>-31.055700496385082</x>
      <y>-62.617885141564756</y>
      <orientation>-2.064430769847549</orientation>
      <velocity>15.199999999999996</velocity>
      <steeringAngle>0.0</steeringAngle>
      <time>68</time>
    </ksState>
    <ksState>
      <x>-31.780659725254687</x>
      <y>-63.965228496644215</y>
      <orientation>-2.064430769847549</orientation>
      <velocity>15.599999999999994</velocity>
      <steeringAngle>0.0</steeringAngle>
      <time>69</time>
    </ksState>
    <ksState>
      <x>-32.5245721365784</x>
      <y>-65.34779651460158</y>
      <orientation>-2.064430769847549</orientation>
      <velocity>15.999999999999993</velocity>
      <steeringAngle>0.0</steeringAngle>
      <time>70</time>
    </ksState>
    <ksState>
      <x>-33.27085369570887</x>
      <y>-66.73476761541868</y>
      <orientation>-2.064430769847549</orientation>
      <velocity>15.0</velocity>
      <steeringAngle>0.0</steeringAngle>
      <time>71</time>
    </ksState>
    <ksState>
      <x>-33.96975229870408</x>
      <y>-68.03367705904104</y>
      <orientation>-2.064430769847549</orientation>
      <velocity>14.0</velocity>
      <steeringAngle>0.0</steeringAngle>
      <time>72</time>
    </ksState>
    <ksState>
      <x>-34.62126794556402</x>
      <y>-69.24452484546866</y>
      <orientation>-2.064430769847549</orientation>
      <velocity>13.0</velocity>
      <steeringAngle>0.0</steeringAngle>
      <time>73</time>
    </ksState>
    <ksState>
      <x>-35.22540063628869</x>
      <y>-70.36731097470155</y>
      <orientation>-2.064430769847549</orientation>
      <velocity>12.0</velocity>
      <steeringAngle>0.0</steeringAngle>
      <time>74</time>
    </ksState>
    <ksState>
      <x>-35.78215037087809</x>
      <y>-71.4020354467397</y>
      <orientation>-2.064430769847549</orientation>
      <velocity>11.0</velocity>
      <steeringAngle>0.0</steeringAngle>
      <time>75</time>
    </ksState>
    <ksState>
      <x>-36.29862459275252</x>
      <y>-72.36190751016233</y>
      <orientation>-2.0616404754655853</orientation>
      <velocity>10.600000000000001</velocity>
      <steeringAngle>0.026650000000000004</steeringAngle>
      <time>76</time>
    </ksState>
    <ksState>
      <x>-36.79104764965231</x>
      <y>-73.28927543178767</y>
      <orientation>-2.048097588546489</orientation>
      <velocity>10.200000000000003</velocity>
      <steeringAngle>0.05330000000000001</steeringAngle>
      <time>77</time>
    </ksState>
    <ksState>
      <x>-37.250326851278565</x>
      <y>-74.1887943201336</y>
      <orientation>-2.0246106957575667</orientation>
      <velocity>9.800000000000004</velocity>
      <steeringAngle>0.07995000000000001</steeringAngle>
      <time>78</time>
    </ksState>
    <ksState>
      <x>-37.668980313524635</x>
      <y>-75.06376561870438</y>
      <orientation>-1.9919762152272873</orientation>
      <velocity>9.400000000000006</velocity>
      <steeringAngle>0.10660000000000001</steeringAngle>
      <time>79</time>
    </ksState>
    <ksState>
      <x>-38.04097724581363</x>
      <y>-75.91607780467159</y>
      <orientation>-1.950980591232143</orientation>
      <velocity>9.000000000000007</velocity>
      <steeringAngle>0.13325</steeringAngle>
      <time>80</time>
    </ksState>
    <ksState>
      <x>-38.370380169085344</x>
      <y>-76.76966098370815</y>
      <orientation>-1.9058631533268582</orientation>
      <velocity>9.600000000000001</velocity>
      <steeringAngle>0.1066</steeringAngle>
      <time>81</time>
    </ksState>
    <ksState>
      <x>-38.68164960491587</x>
      <y>-77.69358852099067</y>
      <orientation>-1.867991305044516</orientation>
      <velocity>10.200000000000003</velocity>
      <steeringAngle>0.07995</steeringAngle>
      <time>82</time>
    </ksState>
    <ksState>
      <x>-38.97676562121933</x>
      <y>-78.68558868234416</y>
      <orientation>-1.8385635665981974</orientation>
      <velocity>10.800000000000004</velocity>
      <steeringAngle>0.053299999999999986</steeringAngle>
      <time>83</time>
    </ksState>
    <ksState>
      <x>-39.26049146583256</x>
      <y>-79.74317425566636</y>
      <orientation>-1.81878498514365</orientation>
      <velocity>11.400000000000006</velocity>
      <steeringAngle>0.02664999999999998</steeringAngle>
      <time>84</time>
    </ksState>
    <ksState>
      <x>-39.54064792271855</x>
      <y>-80.86367672557266</y>
      <orientation>-1.809870498534241</orientation>
      <velocity>12.000000000000007</velocity>
      <steeringAngle>-2.42861286636753e-17</steeringAngle>
      <time>85</time>
    </ksState>
    <ksState>
      <x>-39.81889172094541</x>
      <y>-82.005256941216</y>
      <orientation>-1.809870498534241</orientation>
      <velocity>11.0</velocity>
      <steeringAngle>0.0</steeringAngle>
      <time>86</time>
    </ksState>
    <ksState>
      <x>-40.07345519591892</x>
      <y>-83.04968139382586</y>
      <orientation>-1.809870498534241</orientation>
      <velocity>10.0</velocity>
      <steeringAngle>0.0</steeringAngle>
      <time>87</time>
    </ksState>
    <ksState>
      <x>-40.30433834763908</x>
      <y>-83.99695008340225</y>
      <orientation>-1.809870498534241</orientation>
      <velocity>9.0</velocity>
      <steeringAngle>0.0</steeringAngle>
      <time>88</time>
    </ksState>
    <ksState>
      <x>-40.511541176105894</x>
      <y>-84.84706300994516</y>
      <orientation>-1.809870498534241</orientation>
      <velocity>8.0</velocity>
      <steeringAngle>0.0</steeringAngle>
      <time>89</time>
    </ksState>
    <ksState>
      <x>-40.695063681319354</x>
      <y>-85.6000201734546</y>
      <orientation>-1.809870498534241</orientation>
      <velocity>7.0</velocity>
      <steeringAngle>0.0</steeringAngle>
      <time>90</time>
    </ksState>
  </ksTrajectory>
</CommonRoadSolution>
