<?xml version="1.0" ?>
<CommonRoadSolution benchmark_id="KS2:SM1:USA_US101-28_2_T-1:2018b" date="2019-11-18">
  <ksTrajectory planningProblem="434">
    <ksState>
      <x>0.0</x>
      <y>0.0</y>
      <orientation>-0.71676</orientation>
      <velocity>15.0</velocity>
      <steeringAngle>0.0</steeringAngle>
      <time>0</time>
    </ksState>
    <ksState>
      <x>1.1120588238570093</x>
      <y>-0.9689944129259805</y>
      <orientation>-0.71676</orientation>
      <velocity>14.0</velocity>
      <steeringAngle>0.0</steeringAngle>
      <time>1</time>
    </ksState>
    <ksState>
      <x>2.148723829147442</x>
      <y>-1.8722942893824033</y>
      <orientation>-0.71676</orientation>
      <velocity>13.0</velocity>
      <steeringAngle>0.0</steeringAngle>
      <time>2</time>
    </ksState>
    <ksState>
      <x>3.1099950158712972</x>
      <y>-2.7098996293692674</y>
      <orientation>-0.71676</orientation>
      <velocity>12.0</velocity>
      <steeringAngle>0.0</steeringAngle>
      <time>3</time>
    </ksState>
    <ksState>
      <x>3.9958723840285755</x>
      <y>-3.4818104328865735</y>
      <orientation>-0.71676</orientation>
      <velocity>11.0</velocity>
      <steeringAngle>0.0</steeringAngle>
      <time>4</time>
    </ksState>
    <ksState>
      <x>4.806355933619277</x>
      <y>-4.188026699934322</y>
      <orientation>-0.71676</orientation>
      <velocity>10.0</velocity>
      <steeringAngle>0.0</steeringAngle>
      <time>5</time>
    </ksState>
    <ksState>
      <x>5.541445664643402</x>
      <y>-4.828548430512512</y>
      <orientation>-0.71676</orientation>
      <velocity>9.0</velocity>
      <steeringAngle>0.0</steeringAngle>
      <time>6</time>
    </ksState>
    <ksState>
      <x>6.20114157710095</x>
      <y>-5.403375624621145</y>
      <orientation>-0.71676</orientation>
      <velocity>8.0</velocity>
      <steeringAngle>0.0</steeringAngle>
      <time>7</time>
    </ksState>
    <ksState>
      <x>6.785443670991921</x>
      <y>-5.9125082822602195</y>
      <orientation>-0.71676</orientation>
      <velocity>7.0</velocity>
      <steeringAngle>0.0</steeringAngle>
      <time>8</time>
    </ksState>
    <ksState>
      <x>7.294351946316315</x>
      <y>-6.355946403429735</y>
      <orientation>-0.71676</orientation>
      <velocity>6.0</velocity>
      <steeringAngle>0.0</steeringAngle>
      <time>9</time>
    </ksState>
    <ksState>
      <x>7.727866403074132</x>
      <y>-6.7336899881296945</y>
      <orientation>-0.71676</orientation>
      <velocity>5.0</velocity>
      <steeringAngle>0.0</steeringAngle>
      <time>10</time>
    </ksState>
    <ksState>
      <x>8.085987041265373</x>
      <y>-7.045739036360095</y>
      <orientation>-0.71676</orientation>
      <velocity>4.0</velocity>
      <steeringAngle>0.0</steeringAngle>
      <time>11</time>
    </ksState>
    <ksState>
      <x>8.368713860890036</x>
      <y>-7.2920935481209375</y>
      <orientation>-0.71676</orientation>
      <velocity>3.0</velocity>
      <steeringAngle>0.0</steeringAngle>
      <time>12</time>
    </ksState>
    <ksState>
      <x>8.576046861948122</x>
      <y>-7.472753523412222</y>
      <orientation>-0.71676</orientation>
      <velocity>2.0</velocity>
      <steeringAngle>0.0</steeringAngle>
      <time>13</time>
    </ksState>
    <ksState>
      <x>8.707986044439632</x>
      <y>-7.587718962233948</y>
      <orientation>-0.71676</orientation>
      <velocity>1.0</velocity>
      <steeringAngle>0.0</steeringAngle>
      <time>14</time>
    </ksState>
    <ksState>
      <x>8.764531408364565</x>
      <y>-7.636989864586117</y>
      <orientation>-0.71676</orientation>
      <velocity>0.0</velocity>
      <steeringAngle>0.0</steeringAngle>
      <time>15</time>
    </ksState>
    <ksState>
      <x>8.764531408364565</x>
      <y>-7.636989864586117</y>
      <orientation>-0.71676</orientation>
      <velocity>0.0</velocity>
      <steeringAngle>0.0</steeringAngle>
      <time>16</time>
    </ksState>
    <ksState>
      <x>8.764531408364565</x>
      <y>-7.636989864586117</y>
      <orientation>-0.71676</orientation>
      <velocity>0.0</velocity>
      <steeringAngle>0.0</steeringAngle>
      <time>17</time>
    </ksState>
    <ksState>
      <x>8.764531408364565</x>
      <y>-7.636989864586117</y>
      <orientation>-0.71676</orientation>
      <velocity>0.0</velocity>
      <steeringAngle>0.0</steeringAngle>
      <time>18</time>
    </ksState>
    <ksState>
      <x>8.764531408364565</x>
      <y>-7.636989864586117</y>
      <orientation>-0.71676</orientation>
      <velocity>0.0</velocity>
      <steeringAngle>0.0</steeringAngle>
      <time>19</time>
    </ksState>
    <ksState>
      <x>8.764531408364565</x>
      <y>-7.636989864586117</y>
      <orientation>-0.71676</orientation>
      <velocity>0.0</velocity>
      <steeringAngle>0.0</steeringAngle>
      <time>20</time>
    </ksState>
    <ksState>
      <x>8.772070790221223</x>
      <y>-7.6435593182330726</y>
      <orientation>-0.71676</orientation>
      <velocity>0.4</velocity>
      <steeringAngle>0.0</steeringAngle>
      <time>21</time>
    </ksState>
    <ksState>
      <x>8.809767699504512</x>
      <y>-7.676406586467852</y>
      <orientation>-0.71676</orientation>
      <velocity>0.8</velocity>
      <steeringAngle>0.0</steeringAngle>
      <time>22</time>
    </ksState>
    <ksState>
      <x>8.87762213621443</x>
      <y>-7.735531669290454</y>
      <orientation>-0.71676</orientation>
      <velocity>1.2</velocity>
      <steeringAngle>0.0</steeringAngle>
      <time>23</time>
    </ksState>
    <ksState>
      <x>8.97563410035098</x>
      <y>-7.820934566700879</y>
      <orientation>-0.71676</orientation>
      <velocity>1.5999999999999999</velocity>
      <steeringAngle>0.0</steeringAngle>
      <time>24</time>
    </ksState>
    <ksState>
      <x>9.103803591914161</x>
      <y>-7.932615278699128</y>
      <orientation>-0.71676</orientation>
      <velocity>1.9999999999999998</velocity>
      <steeringAngle>0.0</steeringAngle>
      <time>25</time>
    </ksState>
    <ksState>
      <x>9.27343968368896</x>
      <y>-8.080427985755634</y>
      <orientation>-0.7174059014773064</orientation>
      <velocity>3.0</velocity>
      <steeringAngle>-0.026650000000000004</steeringAngle>
      <time>26</time>
    </ksState>
    <ksState>
      <x>9.518153100887627</x>
      <y>-8.294297760014691</y>
      <orientation>-0.7216704118405639</orientation>
      <velocity>4.0</velocity>
      <steeringAngle>-0.05330000000000001</steeringAngle>
      <time>27</time>
    </ksState>
    <ksState>
      <x>9.836585526805079</x>
      <y>-8.575767154080312</y>
      <orientation>-0.731629240672923</orientation>
      <velocity>5.0</velocity>
      <steeringAngle>-0.07995000000000001</steeringAngle>
      <time>28</time>
    </ksState>
    <ksState>
      <x>10.225798044497543</x>
      <y>-8.928094372374625</y>
      <orientation>-0.7493713952044415</orientation>
      <velocity>6.0</velocity>
      <steeringAngle>-0.10660000000000001</steeringAngle>
      <time>29</time>
    </ksState>
    <ksState>
      <x>10.68059721214254</x>
      <y>-9.356775617587616</y>
      <orientation>-0.7770052276187339</orientation>
      <velocity>7.0</velocity>
      <steeringAngle>-0.13325</steeringAngle>
      <time>30</time>
    </ksState>
    <ksState>
      <x>11.185705543434649</x>
      <y>-9.862787767892142</y>
      <orientation>-0.8122523227961793</orientation>
      <velocity>7.6</velocity>
      <steeringAngle>-0.1066</steeringAngle>
      <time>31</time>
    </ksState>
    <ksState>
      <x>11.714247067046657</x>
      <y>-10.429560688218478</y>
      <orientation>-0.8423475576837978</orientation>
      <velocity>8.2</velocity>
      <steeringAngle>-0.07995</steeringAngle>
      <time>32</time>
    </ksState>
    <ksState>
      <x>12.266054865449284</x>
      <y>-11.056222384780003</y>
      <orientation>-0.8660812478764451</orientation>
      <velocity>8.8</velocity>
      <steeringAngle>-0.053299999999999986</steeringAngle>
      <time>33</time>
    </ksState>
    <ksState>
      <x>12.842683697461936</x>
      <y>-11.740698537020952</y>
      <orientation>-0.8822402095615685</orientation>
      <velocity>9.400000000000002</velocity>
      <steeringAngle>-0.02664999999999998</steeringAngle>
      <time>34</time>
    </ksState>
    <ksState>
      <x>13.447689631293795</x>
      <y>-12.47960816633221</y>
      <orientation>-0.8896043490776206</orientation>
      <velocity>10.000000000000004</velocity>
      <steeringAngle>2.42861286636753e-17</steeringAngle>
      <time>35</time>
    </ksState>
    <ksState>
      <x>14.06166607208778</x>
      <y>-13.237010259113811</y>
      <orientation>-0.8871499234638561</orientation>
      <velocity>9.0</velocity>
      <steeringAngle>0.026650000000000004</steeringAngle>
      <time>36</time>
    </ksState>
    <ksState>
      <x>14.615866891771386</x>
      <y>-13.914123479944923</y>
      <orientation>-0.8759072903717926</orientation>
      <velocity>8.0</velocity>
      <steeringAngle>0.05330000000000001</steeringAngle>
      <time>37</time>
    </ksState>
    <ksState>
      <x>15.114474860964469</x>
      <y>-14.507423422682416</y>
      <orientation>-0.8579300944700504</orientation>
      <velocity>7.0</velocity>
      <steeringAngle>0.07995000000000001</steeringAngle>
      <time>38</time>
    </ksState>
    <ksState>
      <x>15.558588833282105</x>
      <y>-15.015728774094198</y>
      <orientation>-0.8352674940765995</orientation>
      <velocity>6.0</velocity>
      <steeringAngle>0.10660000000000001</steeringAngle>
      <time>39</time>
    </ksState>
    <ksState>
      <x>15.946925780031458</x>
      <y>-15.439764896197515</y>
      <orientation>-0.809969980428999</orientation>
      <velocity>5.0</velocity>
      <steeringAngle>0.13325</steeringAngle>
      <time>40</time>
    </ksState>
    <ksState>
      <x>16.276552250557973</x>
      <y>-15.781761814605279</y>
      <orientation>-0.7852808807553341</orientation>
      <velocity>4.0</velocity>
      <steeringAngle>0.13325</steeringAngle>
      <time>41</time>
    </ksState>
    <ksState>
      <x>16.543027896422203</x>
      <y>-16.0456025770659</y>
      <orientation>-0.765789486276125</orientation>
      <velocity>3.0</velocity>
      <steeringAngle>0.13325</steeringAngle>
      <time>42</time>
    </ksState>
    <ksState>
      <x>16.74193036211566</x>
      <y>-16.23550168028511</y>
      <orientation>-0.7514957969913716</orientation>
      <velocity>2.0</velocity>
      <steeringAngle>0.13325</steeringAngle>
      <time>43</time>
    </ksState>
    <ksState>
      <x>16.870062748890266</x>
      <y>-16.354694334584167</y>
      <orientation>-0.7423998129010739</orientation>
      <velocity>1.0</velocity>
      <steeringAngle>0.13325</steeringAngle>
      <time>44</time>
    </ksState>
    <ksState>
      <x>16.925370231194144</x>
      <y>-16.405350765159834</y>
      <orientation>-0.7385015340052321</orientation>
      <velocity>0.0</velocity>
      <steeringAngle>0.13325</steeringAngle>
      <time>45</time>
    </ksState>
    <ksState>
      <x>16.925370231194144</x>
      <y>-16.405350765159834</y>
      <orientation>-0.7385015340052321</orientation>
      <velocity>0.0</velocity>
      <steeringAngle>0.1066</steeringAngle>
      <time>46</time>
    </ksState>
    <ksState>
      <x>16.925370231194144</x>
      <y>-16.405350765159834</y>
      <orientation>-0.7385015340052321</orientation>
      <velocity>0.0</velocity>
      <steeringAngle>0.07995</steeringAngle>
      <time>47</time>
    </ksState>
    <ksState>
      <x>16.925370231194144</x>
      <y>-16.405350765159834</y>
      <orientation>-0.7385015340052321</orientation>
      <velocity>0.0</velocity>
      <steeringAngle>0.053299999999999986</steeringAngle>
      <time>48</time>
    </ksState>
    <ksState>
      <x>16.925370231194144</x>
      <y>-16.405350765159834</y>
      <orientation>-0.7385015340052321</orientation>
      <velocity>0.0</velocity>
      <steeringAngle>0.02664999999999998</steeringAngle>
      <time>49</time>
    </ksState>
    <ksState>
      <x>16.925370231194144</x>
      <y>-16.405350765159834</y>
      <orientation>-0.7385015340052321</orientation>
      <velocity>0.0</velocity>
      <steeringAngle>-2.42861286636753e-17</steeringAngle>
      <time>50</time>
    </ksState>
    <ksState>
      <x>16.925370231194144</x>
      <y>-16.405350765159834</y>
      <orientation>-0.7385015340052321</orientation>
      <velocity>0.0</velocity>
      <steeringAngle>0.0</steeringAngle>
      <time>51</time>
    </ksState>
    <ksState>
      <x>16.925370231194144</x>
      <y>-16.405350765159834</y>
      <orientation>-0.7385015340052321</orientation>
      <velocity>0.0</velocity>
      <steeringAngle>0.0</steeringAngle>
      <time>52</time>
    </ksState>
    <ksState>
      <x>16.925370231194144</x>
      <y>-16.405350765159834</y>
      <orientation>-0.7385015340052321</orientation>
      <velocity>0.0</velocity>
      <steeringAngle>0.0</steeringAngle>
      <time>53</time>
    </ksState>
    <ksState>
      <x>16.925370231194144</x>
      <y>-16.405350765159834</y>
      <orientation>-0.7385015340052321</orientation>
      <velocity>0.0</velocity>
      <steeringAngle>0.0</steeringAngle>
      <time>54</time>
    </ksState>
    <ksState>
      <x>16.925370231194144</x>
      <y>-16.405350765159834</y>
      <orientation>-0.7385015340052321</orientation>
      <velocity>0.0</velocity>
      <steeringAngle>0.0</steeringAngle>
      <time>55</time>
    </ksState>
    <ksState>
      <x>16.925370231194144</x>
      <y>-16.405350765159834</y>
      <orientation>-0.7385015340052321</orientation>
      <velocity>0.0</velocity>
      <steeringAngle>0.0</steeringAngle>
      <time>56</time>
    </ksState>
    <ksState>
      <x>16.925370231194144</x>
      <y>-16.405350765159834</y>
      <orientation>-0.7385015340052321</orientation>
      <velocity>0.0</velocity>
      <steeringAngle>0.0</steeringAngle>
      <time>57</time>
    </ksState>
    <ksState>
      <x>16.925370231194144</x>
      <y>-16.405350765159834</y>
      <orientation>-0.7385015340052321</orientation>
      <velocity>0.0</velocity>
      <steeringAngle>0.0</steeringAngle>
      <time>58</time>
    </ksState>
    <ksState>
      <x>16.925370231194144</x>
      <y>-16.405350765159834</y>
      <orientation>-0.7385015340052321</orientation>
      <velocity>0.0</velocity>
      <steeringAngle>0.0</steeringAngle>
      <time>59</time>
    </ksState>
    <ksState>
      <x>16.925370231194144</x>
      <y>-16.405350765159834</y>
      <orientation>-0.7385015340052321</orientation>
      <velocity>0.0</velocity>
      <steeringAngle>0.0</steeringAngle>
      <time>60</time>
    </ksState>
    <ksState>
      <x>16.925370231194144</x>
      <y>-16.405350765159834</y>
      <orientation>-0.7385015340052321</orientation>
      <velocity>0.0</velocity>
      <steeringAngle>0.0</steeringAngle>
      <time>61</time>
    </ksState>
    <ksState>
      <x>16.925370231194144</x>
      <y>-16.405350765159834</y>
      <orientation>-0.7385015340052321</orientation>
      <velocity>0.0</velocity>
      <steeringAngle>0.0</steeringAngle>
      <time>62</time>
    </ksState>
    <ksState>
      <x>16.925370231194144</x>
      <y>-16.405350765159834</y>
      <orientation>-0.7385015340052321</orientation>
      <velocity>0.0</velocity>
      <steeringAngle>0.0</steeringAngle>
      <time>63</time>
    </ksState>
    <ksState>
      <x>16.925370231194144</x>
      <y>-16.405350765159834</y>
      <orientation>-0.7385015340052321</orientation>
      <velocity>0.0</velocity>
      <steeringAngle>0.0</steeringAngle>
      <time>64</time>
    </ksState>
    <ksState>
      <x>16.925370231194144</x>
      <y>-16.405350765159834</y>
      <orientation>-0.7385015340052321</orientation>
      <velocity>0.0</velocity>
      <steeringAngle>0.0</steeringAngle>
      <time>65</time>
    </ksState>
    <ksState>
      <x>16.925370231194144</x>
      <y>-16.405350765159834</y>
      <orientation>-0.7385015340052321</orientation>
      <velocity>0.0</velocity>
      <steeringAngle>0.0</steeringAngle>
      <time>66</time>
    </ksState>
    <ksState>
      <x>16.925370231194144</x>
      <y>-16.405350765159834</y>
      <orientation>-0.7385015340052321</orientation>
      <velocity>0.0</velocity>
      <steeringAngle>0.0</steeringAngle>
      <time>67</time>
    </ksState>
    <ksState>
      <x>16.925370231194144</x>
      <y>-16.405350765159834</y>
      <orientation>-0.7385015340052321</orientation>
      <velocity>0.0</velocity>
      <steeringAngle>0.0</steeringAngle>
      <time>68</time>
    </ksState>
    <ksState>
      <x>16.925370231194144</x>
      <y>-16.405350765159834</y>
      <orientation>-0.7385015340052321</orientation>
      <velocity>0.0</velocity>
      <steeringAngle>0.0</steeringAngle>
      <time>69</time>
    </ksState>
    <ksState>
      <x>16.925370231194144</x>
      <y>-16.405350765159834</y>
      <orientation>-0.7385015340052321</orientation>
      <velocity>0.0</velocity>
      <steeringAngle>0.0</steeringAngle>
      <time>70</time>
    </ksState>
    <ksState>
      <x>16.925370231194144</x>
      <y>-16.405350765159834</y>
      <orientation>-0.7385015340052321</orientation>
      <velocity>0.0</velocity>
      <steeringAngle>0.0</steeringAngle>
      <time>71</time>
    </ksState>
    <ksState>
      <x>16.925370231194144</x>
      <y>-16.405350765159834</y>
      <orientation>-0.7385015340052321</orientation>
      <velocity>0.0</velocity>
      <steeringAngle>0.0</steeringAngle>
      <time>72</time>
    </ksState>
    <ksState>
      <x>16.925370231194144</x>
      <y>-16.405350765159834</y>
      <orientation>-0.7385015340052321</orientation>
      <velocity>0.0</velocity>
      <steeringAngle>0.0</steeringAngle>
      <time>73</time>
    </ksState>
    <ksState>
      <x>16.925370231194144</x>
      <y>-16.405350765159834</y>
      <orientation>-0.7385015340052321</orientation>
      <velocity>0.0</velocity>
      <steeringAngle>0.0</steeringAngle>
      <time>74</time>
    </ksState>
    <ksState>
      <x>16.925370231194144</x>
      <y>-16.405350765159834</y>
      <orientation>-0.7385015340052321</orientation>
      <velocity>0.0</velocity>
      <steeringAngle>0.0</steeringAngle>
      <time>75</time>
    </ksState>
    <ksState>
      <x>16.925370231194144</x>
      <y>-16.405350765159834</y>
      <orientation>-0.7385015340052321</orientation>
      <velocity>0.0</velocity>
      <steeringAngle>0.0</steeringAngle>
      <time>76</time>
    </ksState>
    <ksState>
      <x>16.925370231194144</x>
      <y>-16.405350765159834</y>
      <orientation>-0.7385015340052321</orientation>
      <velocity>0.0</velocity>
      <steeringAngle>0.0</steeringAngle>
      <time>77</time>
    </ksState>
    <ksState>
      <x>16.925370231194144</x>
      <y>-16.405350765159834</y>
      <orientation>-0.7385015340052321</orientation>
      <velocity>0.0</velocity>
      <steeringAngle>0.0</steeringAngle>
      <time>78</time>
    </ksState>
    <ksState>
      <x>16.925370231194144</x>
      <y>-16.405350765159834</y>
      <orientation>-0.7385015340052321</orientation>
      <velocity>0.0</velocity>
      <steeringAngle>0.0</steeringAngle>
      <time>79</time>
    </ksState>
    <ksState>
      <x>16.925370231194144</x>
      <y>-16.405350765159834</y>
      <orientation>-0.7385015340052321</orientation>
      <velocity>0.0</velocity>
      <steeringAngle>0.0</steeringAngle>
      <time>80</time>
    </ksState>
  </ksTrajectory>
</CommonRoadSolution>
