<?xml version="1.0" ?>
<CommonRoadSolution benchmark_id="KS2:SM1:USA_US101-7_3_T-1:2018b" date="2019-11-18">
  <ksTrajectory planningProblem="450">
    <ksState>
      <x>0.0</x>
      <y>0.0</y>
      <orientation>-0.71086</orientation>
      <velocity>16.0</velocity>
      <steeringAngle>0.0</steeringAngle>
      <time>0</time>
    </ksState>
    <ksState>
      <x>1.193536604254563</x>
      <y>-1.027665010742551</y>
      <orientation>-0.71086</orientation>
      <velocity>15.0</velocity>
      <steeringAngle>0.0</steeringAngle>
      <time>1</time>
    </ksState>
    <ksState>
      <x>2.3112931066516933</x>
      <y>-1.9900814493744636</y>
      <orientation>-0.71086</orientation>
      <velocity>14.0</velocity>
      <steeringAngle>0.0</steeringAngle>
      <time>2</time>
    </ksState>
    <ksState>
      <x>3.353269507191391</x>
      <y>-2.8872493158957386</y>
      <orientation>-0.71086</orientation>
      <velocity>13.0</velocity>
      <steeringAngle>0.0</steeringAngle>
      <time>3</time>
    </ksState>
    <ksState>
      <x>4.319465805873657</x>
      <y>-3.719168610306375</y>
      <orientation>-0.71086</orientation>
      <velocity>12.0</velocity>
      <steeringAngle>0.0</steeringAngle>
      <time>4</time>
    </ksState>
    <ksState>
      <x>5.209882002698489</x>
      <y>-4.485839332606373</y>
      <orientation>-0.71086</orientation>
      <velocity>11.0</velocity>
      <steeringAngle>0.0</steeringAngle>
      <time>5</time>
    </ksState>
    <ksState>
      <x>6.024518097665889</x>
      <y>-5.1872614827957335</y>
      <orientation>-0.71086</orientation>
      <velocity>10.0</velocity>
      <steeringAngle>0.0</steeringAngle>
      <time>6</time>
    </ksState>
    <ksState>
      <x>6.763374090775857</x>
      <y>-5.823435060874456</y>
      <orientation>-0.71086</orientation>
      <velocity>9.0</velocity>
      <steeringAngle>0.0</steeringAngle>
      <time>7</time>
    </ksState>
    <ksState>
      <x>7.426449982028392</x>
      <y>-6.394360066842539</y>
      <orientation>-0.71086</orientation>
      <velocity>8.0</velocity>
      <steeringAngle>0.0</steeringAngle>
      <time>8</time>
    </ksState>
    <ksState>
      <x>8.013745771423494</x>
      <y>-6.900036500699985</y>
      <orientation>-0.71086</orientation>
      <velocity>7.0</velocity>
      <steeringAngle>0.0</steeringAngle>
      <time>9</time>
    </ksState>
    <ksState>
      <x>8.525261458961165</x>
      <y>-7.3404643624467925</y>
      <orientation>-0.71086</orientation>
      <velocity>6.0</velocity>
      <steeringAngle>0.0</steeringAngle>
      <time>10</time>
    </ksState>
    <ksState>
      <x>8.987520080291503</x>
      <y>-7.738480652321686</y>
      <orientation>-0.7092581643362801</orientation>
      <velocity>6.4</velocity>
      <steeringAngle>0.026650000000000004</steeringAngle>
      <time>11</time>
    </ksState>
    <ksState>
      <x>9.48147897085057</x>
      <y>-8.160977349527327</y>
      <orientation>-0.7008325980270046</orientation>
      <velocity>6.800000000000001</velocity>
      <steeringAngle>0.05330000000000001</steeringAngle>
      <time>12</time>
    </ksState>
    <ksState>
      <x>10.010430657368703</x>
      <y>-8.604039677142204</y>
      <orientation>-0.6847434557759504</orientation>
      <velocity>7.200000000000001</velocity>
      <steeringAngle>0.07995000000000001</steeringAngle>
      <time>13</time>
    </ksState>
    <ksState>
      <x>10.578474361904506</x>
      <y>-9.062525977857167</y>
      <orientation>-0.6601378668291895</orientation>
      <velocity>7.600000000000001</velocity>
      <steeringAngle>0.10660000000000001</steeringAngle>
      <time>14</time>
    </ksState>
    <ksState>
      <x>11.190435683070143</x>
      <y>-9.529822991683808</y>
      <orientation>-0.6261474172366523</orientation>
      <velocity>8.000000000000002</velocity>
      <steeringAngle>0.13325</steeringAngle>
      <time>15</time>
    </ksState>
    <ksState>
      <x>11.85580635623709</x>
      <y>-10.000391918630855</y>
      <orientation>-0.5859651506952872</orientation>
      <velocity>8.600000000000001</velocity>
      <steeringAngle>0.1066</steeringAngle>
      <time>16</time>
    </ksState>
    <ksState>
      <x>12.589169138424932</x>
      <y>-10.47761630922056</y>
      <orientation>-0.551981609110307</orientation>
      <velocity>9.200000000000003</velocity>
      <steeringAngle>0.07995</steeringAngle>
      <time>17</time>
    </ksState>
    <ksState>
      <x>13.388827752152356</x>
      <y>-10.962102095019409</y>
      <orientation>-0.525400894790824</orientation>
      <velocity>9.800000000000004</velocity>
      <steeringAngle>0.053299999999999986</steeringAngle>
      <time>18</time>
    </ksState>
    <ksState>
      <x>14.25217009732777</x>
      <y>-11.456712617459381</y>
      <orientation>-0.5074321232209885</orientation>
      <velocity>10.400000000000006</velocity>
      <steeringAngle>0.02664999999999998</steeringAngle>
      <time>19</time>
    </ksState>
    <ksState>
      <x>15.175625608563632</x>
      <y>-11.966856598948926</y>
      <orientation>-0.4992928101582581</orientation>
      <velocity>11.000000000000007</velocity>
      <steeringAngle>-2.42861286636753e-17</steeringAngle>
      <time>20</time>
    </ksState>
    <ksState>
      <x>16.154507955387196</x>
      <y>-12.50072395239657</y>
      <orientation>-0.4992928101582581</orientation>
      <velocity>11.600000000000001</velocity>
      <steeringAngle>0.0</steeringAngle>
      <time>21</time>
    </ksState>
    <ksState>
      <x>17.186065585447903</x>
      <y>-13.063319593922113</y>
      <orientation>-0.4992928101582581</orientation>
      <velocity>12.200000000000003</velocity>
      <steeringAngle>0.0</steeringAngle>
      <time>22</time>
    </ksState>
    <ksState>
      <x>18.270298498745753</x>
      <y>-13.654643523525559</y>
      <orientation>-0.4992928101582581</orientation>
      <velocity>12.800000000000004</velocity>
      <steeringAngle>0.0</steeringAngle>
      <time>23</time>
    </ksState>
    <ksState>
      <x>19.407206695280745</x>
      <y>-14.274695741206903</y>
      <orientation>-0.4992928101582581</orientation>
      <velocity>13.400000000000006</velocity>
      <steeringAngle>0.0</steeringAngle>
      <time>24</time>
    </ksState>
    <ksState>
      <x>20.59679017505288</x>
      <y>-14.923476246966148</y>
      <orientation>-0.4992928101582581</orientation>
      <velocity>14.000000000000007</velocity>
      <steeringAngle>0.0</steeringAngle>
      <time>25</time>
    </ksState>
    <ksState>
      <x>21.80393208257073</x>
      <y>-15.58183284875136</y>
      <orientation>-0.5027806781357129</orientation>
      <velocity>13.0</velocity>
      <steeringAngle>-0.026650000000000004</steeringAngle>
      <time>26</time>
    </ksState>
    <ksState>
      <x>22.9191100444738</x>
      <y>-16.19988201796871</y>
      <orientation>-0.5191923590462169</orientation>
      <velocity>12.0</velocity>
      <steeringAngle>-0.05330000000000001</steeringAngle>
      <time>27</time>
    </ksState>
    <ksState>
      <x>23.9356891359993</x>
      <y>-16.789066877416303</y>
      <orientation>-0.5464815631926594</orientation>
      <velocity>11.0</velocity>
      <steeringAngle>-0.07995000000000001</steeringAngle>
      <time>28</time>
    </ksState>
    <ksState>
      <x>24.849397060383982</x>
      <y>-17.35535172077102</y>
      <orientation>-0.5826124152277669</orientation>
      <velocity>10.0</velocity>
      <steeringAngle>-0.10660000000000001</steeringAngle>
      <time>29</time>
    </ksState>
    <ksState>
      <x>25.658042517462878</x>
      <y>-17.899975725571178</y>
      <orientation>-0.6255537108959983</orientation>
      <velocity>9.0</velocity>
      <steeringAngle>-0.13325</steeringAngle>
      <time>30</time>
    </ksState>
    <ksState>
      <x>26.36143726816791</x>
      <y>-18.42031811382007</y>
      <orientation>-0.6688020937879297</orientation>
      <velocity>8.0</velocity>
      <steeringAngle>-0.1066</steeringAngle>
      <time>31</time>
    </ksState>
    <ksState>
      <x>26.965575692966695</x>
      <y>-18.90570501671252</y>
      <orientation>-0.6990017073873761</orientation>
      <velocity>7.0</velocity>
      <steeringAngle>-0.07995</steeringAngle>
      <time>32</time>
    </ksState>
    <ksState>
      <x>27.479989422627302</x>
      <y>-19.342729118357116</y>
      <orientation>-0.7182840556875668</orientation>
      <velocity>6.0</velocity>
      <steeringAngle>-0.053299999999999986</steeringAngle>
      <time>33</time>
    </ksState>
    <ksState>
      <x>27.91180052810051</x>
      <y>-19.7224145033668</y>
      <orientation>-0.7287551904964126</orientation>
      <velocity>5.0</velocity>
      <steeringAngle>-0.02664999999999998</steeringAngle>
      <time>34</time>
    </ksState>
    <ksState>
      <x>28.26576465648607</x>
      <y>-20.03916996143063</y>
      <orientation>-0.7325018779343425</orientation>
      <velocity>4.0</velocity>
      <steeringAngle>2.42861286636753e-17</steeringAngle>
      <time>35</time>
    </ksState>
    <ksState>
      <x>28.54829604177301</x>
      <y>-20.293288076345412</y>
      <orientation>-0.7325018779343425</orientation>
      <velocity>3.2</velocity>
      <steeringAngle>0.0</steeringAngle>
      <time>36</time>
    </ksState>
    <ksState>
      <x>28.771347135420598</x>
      <y>-20.493907640751818</y>
      <orientation>-0.7325018779343425</orientation>
      <velocity>2.4000000000000004</velocity>
      <steeringAngle>0.0</steeringAngle>
      <time>37</time>
    </ksState>
    <ksState>
      <x>28.934917937428825</x>
      <y>-20.641028654649848</y>
      <orientation>-0.7325018779343425</orientation>
      <velocity>1.6000000000000005</velocity>
      <steeringAngle>0.0</steeringAngle>
      <time>38</time>
    </ksState>
    <ksState>
      <x>29.0390084477977</x>
      <y>-20.734651118039505</y>
      <orientation>-0.7325018779343425</orientation>
      <velocity>0.8000000000000006</velocity>
      <steeringAngle>0.0</steeringAngle>
      <time>39</time>
    </ksState>
    <ksState>
      <x>29.083618666527215</x>
      <y>-20.774775030920786</y>
      <orientation>-0.7325018779343425</orientation>
      <velocity>5.551115123125783e-16</velocity>
      <steeringAngle>0.0</steeringAngle>
      <time>40</time>
    </ksState>
    <ksState>
      <x>29.083618666527215</x>
      <y>-20.774775030920786</y>
      <orientation>-0.7325018779343425</orientation>
      <velocity>0.0</velocity>
      <steeringAngle>0.0</steeringAngle>
      <time>41</time>
    </ksState>
    <ksState>
      <x>29.083618666527215</x>
      <y>-20.774775030920786</y>
      <orientation>-0.7325018779343425</orientation>
      <velocity>0.0</velocity>
      <steeringAngle>0.0</steeringAngle>
      <time>42</time>
    </ksState>
    <ksState>
      <x>29.083618666527215</x>
      <y>-20.774775030920786</y>
      <orientation>-0.7325018779343425</orientation>
      <velocity>0.0</velocity>
      <steeringAngle>0.0</steeringAngle>
      <time>43</time>
    </ksState>
    <ksState>
      <x>29.083618666527215</x>
      <y>-20.774775030920786</y>
      <orientation>-0.7325018779343425</orientation>
      <velocity>0.0</velocity>
      <steeringAngle>0.0</steeringAngle>
      <time>44</time>
    </ksState>
    <ksState>
      <x>29.083618666527215</x>
      <y>-20.774775030920786</y>
      <orientation>-0.7325018779343425</orientation>
      <velocity>0.0</velocity>
      <steeringAngle>0.0</steeringAngle>
      <time>45</time>
    </ksState>
    <ksState>
      <x>29.083618666527215</x>
      <y>-20.774775030920786</y>
      <orientation>-0.7325018779343425</orientation>
      <velocity>0.0</velocity>
      <steeringAngle>0.0</steeringAngle>
      <time>46</time>
    </ksState>
    <ksState>
      <x>29.083618666527215</x>
      <y>-20.774775030920786</y>
      <orientation>-0.7325018779343425</orientation>
      <velocity>0.0</velocity>
      <steeringAngle>0.0</steeringAngle>
      <time>47</time>
    </ksState>
    <ksState>
      <x>29.083618666527215</x>
      <y>-20.774775030920786</y>
      <orientation>-0.7325018779343425</orientation>
      <velocity>0.0</velocity>
      <steeringAngle>0.0</steeringAngle>
      <time>48</time>
    </ksState>
    <ksState>
      <x>29.083618666527215</x>
      <y>-20.774775030920786</y>
      <orientation>-0.7325018779343425</orientation>
      <velocity>0.0</velocity>
      <steeringAngle>0.0</steeringAngle>
      <time>49</time>
    </ksState>
    <ksState>
      <x>29.083618666527215</x>
      <y>-20.774775030920786</y>
      <orientation>-0.7325018779343425</orientation>
      <velocity>0.0</velocity>
      <steeringAngle>0.0</steeringAngle>
      <time>50</time>
    </ksState>
    <ksState>
      <x>29.102206257664513</x>
      <y>-20.791493327954655</y>
      <orientation>-0.7325018779343425</orientation>
      <velocity>1.0</velocity>
      <steeringAngle>0.0</steeringAngle>
      <time>51</time>
    </ksState>
    <ksState>
      <x>29.195144213351007</x>
      <y>-20.87508481312399</y>
      <orientation>-0.7325018779343425</orientation>
      <velocity>2.0</velocity>
      <steeringAngle>0.0</steeringAngle>
      <time>52</time>
    </ksState>
    <ksState>
      <x>29.3624325335867</x>
      <y>-21.025549486428794</y>
      <orientation>-0.7325018779343425</orientation>
      <velocity>3.0</velocity>
      <steeringAngle>0.0</steeringAngle>
      <time>53</time>
    </ksState>
    <ksState>
      <x>29.60407121837158</x>
      <y>-21.24288734786907</y>
      <orientation>-0.7325018779343425</orientation>
      <velocity>4.0</velocity>
      <steeringAngle>0.0</steeringAngle>
      <time>54</time>
    </ksState>
    <ksState>
      <x>29.92006026770566</x>
      <y>-21.52709839744481</y>
      <orientation>-0.7325018779343425</orientation>
      <velocity>5.0</velocity>
      <steeringAngle>0.0</steeringAngle>
      <time>55</time>
    </ksState>
    <ksState>
      <x>30.306682163361476</x>
      <y>-21.87483897574925</y>
      <orientation>-0.7325018779343425</orientation>
      <velocity>5.800000000000001</velocity>
      <steeringAngle>0.0</steeringAngle>
      <time>56</time>
    </ksState>
    <ksState>
      <x>30.752784350656647</x>
      <y>-22.27607810456206</y>
      <orientation>-0.7325018779343425</orientation>
      <velocity>6.600000000000001</velocity>
      <steeringAngle>0.0</steeringAngle>
      <time>57</time>
    </ksState>
    <ksState>
      <x>31.258366829591175</x>
      <y>-22.730815783883248</y>
      <orientation>-0.7325018779343425</orientation>
      <velocity>7.400000000000002</velocity>
      <steeringAngle>0.0</steeringAngle>
      <time>58</time>
    </ksState>
    <ksState>
      <x>31.823429600165056</x>
      <y>-23.239052013712808</y>
      <orientation>-0.7325018779343425</orientation>
      <velocity>8.200000000000003</velocity>
      <steeringAngle>0.0</steeringAngle>
      <time>59</time>
    </ksState>
    <ksState>
      <x>32.4479726623783</x>
      <y>-23.800786794050747</y>
      <orientation>-0.7325018779343425</orientation>
      <velocity>9.000000000000004</velocity>
      <steeringAngle>0.0</steeringAngle>
      <time>60</time>
    </ksState>
    <ksState>
      <x>33.12827849800343</x>
      <y>-24.412676465490286</y>
      <orientation>-0.7325018779343425</orientation>
      <velocity>9.600000000000001</velocity>
      <steeringAngle>0.0</steeringAngle>
      <time>61</time>
    </ksState>
    <ksState>
      <x>33.85319455235808</x>
      <y>-25.064690049811105</y>
      <orientation>-0.7325018779343425</orientation>
      <velocity>10.200000000000003</velocity>
      <steeringAngle>0.0</steeringAngle>
      <time>62</time>
    </ksState>
    <ksState>
      <x>34.62272082544226</x>
      <y>-25.75682754701321</y>
      <orientation>-0.7325018779343425</orientation>
      <velocity>10.800000000000004</velocity>
      <steeringAngle>0.0</steeringAngle>
      <time>63</time>
    </ksState>
    <ksState>
      <x>35.43685731725594</x>
      <y>-26.48908895709659</y>
      <orientation>-0.7325018779343425</orientation>
      <velocity>11.400000000000006</velocity>
      <steeringAngle>0.0</steeringAngle>
      <time>64</time>
    </ksState>
    <ksState>
      <x>36.29560402779914</x>
      <y>-27.261474280061254</y>
      <orientation>-0.7325018779343425</orientation>
      <velocity>12.000000000000007</velocity>
      <steeringAngle>0.0</steeringAngle>
      <time>65</time>
    </ksState>
    <ksState>
      <x>37.1952434388444</x>
      <y>-28.070639856500424</y>
      <orientation>-0.7325018779343425</orientation>
      <velocity>12.399999999999999</velocity>
      <steeringAngle>0.0</steeringAngle>
      <time>66</time>
    </ksState>
    <ksState>
      <x>38.124622995709345</x>
      <y>-28.906554708193784</y>
      <orientation>-0.7325018779343425</orientation>
      <velocity>12.799999999999997</velocity>
      <steeringAngle>0.0</steeringAngle>
      <time>67</time>
    </ksState>
    <ksState>
      <x>39.08374269839396</x>
      <y>-29.76921883514133</y>
      <orientation>-0.7325018779343425</orientation>
      <velocity>13.199999999999996</velocity>
      <steeringAngle>0.0</steeringAngle>
      <time>68</time>
    </ksState>
    <ksState>
      <x>40.07260254689825</x>
      <y>-30.658632237343063</y>
      <orientation>-0.7325018779343425</orientation>
      <velocity>13.599999999999994</velocity>
      <steeringAngle>0.0</steeringAngle>
      <time>69</time>
    </ksState>
    <ksState>
      <x>41.09120254122222</x>
      <y>-31.574794914798986</y>
      <orientation>-0.7325018779343425</orientation>
      <velocity>13.999999999999993</velocity>
      <steeringAngle>0.0</steeringAngle>
      <time>70</time>
    </ksState>
    <ksState>
      <x>42.12839012668349</x>
      <y>-32.50767588928878</y>
      <orientation>-0.7325018779343425</orientation>
      <velocity>13.8</velocity>
      <steeringAngle>0.0</steeringAngle>
      <time>71</time>
    </ksState>
    <ksState>
      <x>43.15070763923493</x>
      <y>-33.42718222615147</y>
      <orientation>-0.7325018779343425</orientation>
      <velocity>13.600000000000001</velocity>
      <steeringAngle>0.0</steeringAngle>
      <time>72</time>
    </ksState>
    <ksState>
      <x>44.15815507887652</x>
      <y>-34.333313925387074</y>
      <orientation>-0.7325018779343425</orientation>
      <velocity>13.400000000000002</velocity>
      <steeringAngle>0.0</steeringAngle>
      <time>73</time>
    </ksState>
    <ksState>
      <x>45.15073244560828</x>
      <y>-35.22607098699558</y>
      <orientation>-0.7325018779343425</orientation>
      <velocity>13.200000000000003</velocity>
      <steeringAngle>0.0</steeringAngle>
      <time>74</time>
    </ksState>
    <ksState>
      <x>46.12843973943019</x>
      <y>-36.10545341097699</y>
      <orientation>-0.7325018779343425</orientation>
      <velocity>13.000000000000004</velocity>
      <steeringAngle>0.0</steeringAngle>
      <time>75</time>
    </ksState>
    <ksState>
      <x>47.098711996797185</x>
      <y>-36.978148516144856</y>
      <orientation>-0.7325018779343425</orientation>
      <velocity>13.2</velocity>
      <steeringAngle>0.0</steeringAngle>
      <time>76</time>
    </ksState>
    <ksState>
      <x>48.08385432707402</x>
      <y>-37.86421825893982</y>
      <orientation>-0.7325018779343425</orientation>
      <velocity>13.399999999999999</velocity>
      <steeringAngle>0.0</steeringAngle>
      <time>77</time>
    </ksState>
    <ksState>
      <x>49.083866730260695</x>
      <y>-38.763662639361876</y>
      <orientation>-0.7325018779343425</orientation>
      <velocity>13.599999999999998</velocity>
      <steeringAngle>0.0</steeringAngle>
      <time>78</time>
    </ksState>
    <ksState>
      <x>50.09874920635721</x>
      <y>-39.676481657411024</y>
      <orientation>-0.7325018779343425</orientation>
      <velocity>13.799999999999997</velocity>
      <steeringAngle>0.0</steeringAngle>
      <time>79</time>
    </ksState>
    <ksState>
      <x>51.12850175536356</x>
      <y>-40.60267531308726</y>
      <orientation>-0.7325018779343425</orientation>
      <velocity>13.999999999999996</velocity>
      <steeringAngle>0.0</steeringAngle>
      <time>80</time>
    </ksState>
  </ksTrajectory>
</CommonRoadSolution>
