<?xml version="1.0" ?>
<CommonRoadSolution benchmark_id="KS2:SM1:USA_US101-3_4_T-1:2018b" date="2019-11-18">
  <ksTrajectory planningProblem="396">
    <ksState>
      <x>0.0</x>
      <y>0.0</y>
      <orientation>-0.72348</orientation>
      <velocity>10.0</velocity>
      <steeringAngle>0.0</steeringAngle>
      <time>0</time>
    </ksState>
    <ksState>
      <x>0.7307688597149008</x>
      <y>-0.6454470339779894</y>
      <orientation>-0.72348</orientation>
      <velocity>9.0</velocity>
      <steeringAngle>0.0</steeringAngle>
      <time>1</time>
    </ksState>
    <ksState>
      <x>1.3865870671513503</x>
      <y>-1.2246943721633643</y>
      <orientation>-0.72348</orientation>
      <velocity>8.0</velocity>
      <steeringAngle>0.0</steeringAngle>
      <time>2</time>
    </ksState>
    <ksState>
      <x>1.967454622309348</x>
      <y>-1.737742014556125</y>
      <orientation>-0.72348</orientation>
      <velocity>7.0</velocity>
      <steeringAngle>0.0</steeringAngle>
      <time>3</time>
    </ksState>
    <ksState>
      <x>2.473371525188895</x>
      <y>-2.184589961156272</y>
      <orientation>-0.72348</orientation>
      <velocity>6.0</velocity>
      <steeringAngle>0.0</steeringAngle>
      <time>4</time>
    </ksState>
    <ksState>
      <x>2.9043377757899904</x>
      <y>-2.5652382119638037</y>
      <orientation>-0.72348</orientation>
      <velocity>5.0</velocity>
      <steeringAngle>0.0</steeringAngle>
      <time>5</time>
    </ksState>
    <ksState>
      <x>3.2603533741126345</x>
      <y>-2.879686766978722</y>
      <orientation>-0.72348</orientation>
      <velocity>4.0</velocity>
      <steeringAngle>0.0</steeringAngle>
      <time>6</time>
    </ksState>
    <ksState>
      <x>3.541418320156827</x>
      <y>-3.127935626201025</y>
      <orientation>-0.72348</orientation>
      <velocity>3.0</velocity>
      <steeringAngle>0.0</steeringAngle>
      <time>7</time>
    </ksState>
    <ksState>
      <x>3.7475326139225684</x>
      <y>-3.3099847896307146</y>
      <orientation>-0.72348</orientation>
      <velocity>2.0</velocity>
      <steeringAngle>0.0</steeringAngle>
      <time>8</time>
    </ksState>
    <ksState>
      <x>3.8786962554098583</x>
      <y>-3.4258342572677893</y>
      <orientation>-0.72348</orientation>
      <velocity>1.0</velocity>
      <steeringAngle>0.0</steeringAngle>
      <time>9</time>
    </ksState>
    <ksState>
      <x>3.9349092446186966</x>
      <y>-3.47548402911225</y>
      <orientation>-0.72348</orientation>
      <velocity>0.0</velocity>
      <steeringAngle>0.0</steeringAngle>
      <time>10</time>
    </ksState>
    <ksState>
      <x>3.9349092446186966</x>
      <y>-3.47548402911225</y>
      <orientation>-0.72348</orientation>
      <velocity>0.0</velocity>
      <steeringAngle>0.0</steeringAngle>
      <time>11</time>
    </ksState>
    <ksState>
      <x>3.9349092446186966</x>
      <y>-3.47548402911225</y>
      <orientation>-0.72348</orientation>
      <velocity>0.0</velocity>
      <steeringAngle>0.0</steeringAngle>
      <time>12</time>
    </ksState>
    <ksState>
      <x>3.9349092446186966</x>
      <y>-3.47548402911225</y>
      <orientation>-0.72348</orientation>
      <velocity>0.0</velocity>
      <steeringAngle>0.0</steeringAngle>
      <time>13</time>
    </ksState>
    <ksState>
      <x>3.9349092446186966</x>
      <y>-3.47548402911225</y>
      <orientation>-0.72348</orientation>
      <velocity>0.0</velocity>
      <steeringAngle>0.0</steeringAngle>
      <time>14</time>
    </ksState>
    <ksState>
      <x>3.9349092446186966</x>
      <y>-3.47548402911225</y>
      <orientation>-0.72348</orientation>
      <velocity>0.0</velocity>
      <steeringAngle>0.0</steeringAngle>
      <time>15</time>
    </ksState>
    <ksState>
      <x>3.9461518424604645</x>
      <y>-3.485413983481142</y>
      <orientation>-0.72348</orientation>
      <velocity>0.6000000000000001</velocity>
      <steeringAngle>0.0</steeringAngle>
      <time>16</time>
    </ksState>
    <ksState>
      <x>4.002364831669303</x>
      <y>-3.535063755325603</y>
      <orientation>-0.72348</orientation>
      <velocity>1.2000000000000002</velocity>
      <steeringAngle>0.0</steeringAngle>
      <time>17</time>
    </ksState>
    <ksState>
      <x>4.1035482122452125</x>
      <y>-3.6244333446456323</y>
      <orientation>-0.72348</orientation>
      <velocity>1.8000000000000003</velocity>
      <steeringAngle>0.0</steeringAngle>
      <time>18</time>
    </ksState>
    <ksState>
      <x>4.249701984188192</x>
      <y>-3.7535227514412304</y>
      <orientation>-0.72348</orientation>
      <velocity>2.4000000000000004</velocity>
      <steeringAngle>0.0</steeringAngle>
      <time>19</time>
    </ksState>
    <ksState>
      <x>4.440826147498243</x>
      <y>-3.922331975712397</y>
      <orientation>-0.72348</orientation>
      <velocity>3.0</velocity>
      <steeringAngle>0.0</steeringAngle>
      <time>20</time>
    </ksState>
    <ksState>
      <x>4.680668234789287</x>
      <y>-4.134171002248762</y>
      <orientation>-0.72348</orientation>
      <velocity>3.8</velocity>
      <steeringAngle>0.0</steeringAngle>
      <time>21</time>
    </ksState>
    <ksState>
      <x>4.980470843903094</x>
      <y>-4.39896978541922</y>
      <orientation>-0.72348</orientation>
      <velocity>4.6000000000000005</velocity>
      <steeringAngle>0.0</steeringAngle>
      <time>22</time>
    </ksState>
    <ksState>
      <x>5.340233974839659</x>
      <y>-4.716728325223769</y>
      <orientation>-0.72348</orientation>
      <velocity>5.400000000000001</velocity>
      <steeringAngle>0.0</steeringAngle>
      <time>23</time>
    </ksState>
    <ksState>
      <x>5.759957627598987</x>
      <y>-5.087446621662409</y>
      <orientation>-0.72348</orientation>
      <velocity>6.200000000000002</velocity>
      <steeringAngle>0.0</steeringAngle>
      <time>24</time>
    </ksState>
    <ksState>
      <x>6.239641802181076</x>
      <y>-5.51112467473514</y>
      <orientation>-0.72348</orientation>
      <velocity>7.000000000000003</velocity>
      <steeringAngle>0.0</steeringAngle>
      <time>25</time>
    </ksState>
    <ksState>
      <x>6.779286498585925</x>
      <y>-5.987762484441963</y>
      <orientation>-0.72348</orientation>
      <velocity>7.800000000000001</velocity>
      <steeringAngle>0.0</steeringAngle>
      <time>26</time>
    </ksState>
    <ksState>
      <x>7.378891716813537</x>
      <y>-6.5173600507828775</y>
      <orientation>-0.72348</orientation>
      <velocity>8.600000000000001</velocity>
      <steeringAngle>0.0</steeringAngle>
      <time>27</time>
    </ksState>
    <ksState>
      <x>8.03845745686391</x>
      <y>-7.099917373757884</y>
      <orientation>-0.72348</orientation>
      <velocity>9.400000000000002</velocity>
      <steeringAngle>0.0</steeringAngle>
      <time>28</time>
    </ksState>
    <ksState>
      <x>8.757983718737043</x>
      <y>-7.735434453366981</y>
      <orientation>-0.72348</orientation>
      <velocity>10.200000000000003</velocity>
      <steeringAngle>0.0</steeringAngle>
      <time>29</time>
    </ksState>
    <ksState>
      <x>9.537470502432937</x>
      <y>-8.42391128961017</y>
      <orientation>-0.72348</orientation>
      <velocity>10.997021226415097</velocity>
      <steeringAngle>0.0</steeringAngle>
      <time>30</time>
    </ksState>
    <ksState>
      <x>10.365675210109824</x>
      <y>-9.155417928118558</y>
      <orientation>-0.72348</orientation>
      <velocity>11.2</velocity>
      <steeringAngle>0.0</steeringAngle>
      <time>31</time>
    </ksState>
    <ksState>
      <x>11.208870048242403</x>
      <y>-9.900164505785469</y>
      <orientation>-0.72348</orientation>
      <velocity>11.399999999999999</velocity>
      <steeringAngle>0.0</steeringAngle>
      <time>32</time>
    </ksState>
    <ksState>
      <x>12.06705501683067</x>
      <y>-10.658151022610904</y>
      <orientation>-0.72348</orientation>
      <velocity>11.599999999999998</velocity>
      <steeringAngle>0.0</steeringAngle>
      <time>33</time>
    </ksState>
    <ksState>
      <x>12.940230115874629</x>
      <y>-11.429377478594859</y>
      <orientation>-0.72348</orientation>
      <velocity>11.799999999999997</velocity>
      <steeringAngle>0.0</steeringAngle>
      <time>34</time>
    </ksState>
    <ksState>
      <x>13.828395345374277</x>
      <y>-12.21384387373734</y>
      <orientation>-0.72348</orientation>
      <velocity>11.999999999999996</velocity>
      <steeringAngle>0.0</steeringAngle>
      <time>35</time>
    </ksState>
    <ksState>
      <x>14.72405564010177</x>
      <y>-13.00493023845908</y>
      <orientation>-0.72348</orientation>
      <velocity>11.8</velocity>
      <steeringAngle>0.0</steeringAngle>
      <time>36</time>
    </ksState>
    <ksState>
      <x>15.604725804373574</x>
      <y>-13.782776664022299</y>
      <orientation>-0.72348</orientation>
      <velocity>11.600000000000001</velocity>
      <steeringAngle>0.0</steeringAngle>
      <time>37</time>
    </ksState>
    <ksState>
      <x>16.470405838189688</x>
      <y>-14.547383150426993</y>
      <orientation>-0.72348</orientation>
      <velocity>11.400000000000002</velocity>
      <steeringAngle>0.0</steeringAngle>
      <time>38</time>
    </ksState>
    <ksState>
      <x>17.32109574155011</x>
      <y>-15.298749697673166</y>
      <orientation>-0.72348</orientation>
      <velocity>11.200000000000003</velocity>
      <steeringAngle>0.0</steeringAngle>
      <time>39</time>
    </ksState>
    <ksState>
      <x>18.156795514454846</x>
      <y>-16.036876305760817</y>
      <orientation>-0.72348</orientation>
      <velocity>11.000000000000004</velocity>
      <steeringAngle>0.0</steeringAngle>
      <time>40</time>
    </ksState>
    <ksState>
      <x>18.962515026448198</x>
      <y>-16.74852303553142</y>
      <orientation>-0.72348</orientation>
      <velocity>10.0</velocity>
      <steeringAngle>0.0</steeringAngle>
      <time>41</time>
    </ksState>
    <ksState>
      <x>19.693283886163098</x>
      <y>-17.39397006950941</y>
      <orientation>-0.72348</orientation>
      <velocity>9.0</velocity>
      <steeringAngle>0.0</steeringAngle>
      <time>42</time>
    </ksState>
    <ksState>
      <x>20.349102093599548</x>
      <y>-17.973217407694786</y>
      <orientation>-0.72348</orientation>
      <velocity>8.0</velocity>
      <steeringAngle>0.0</steeringAngle>
      <time>43</time>
    </ksState>
    <ksState>
      <x>20.929969648757545</x>
      <y>-18.486265050087546</y>
      <orientation>-0.72348</orientation>
      <velocity>7.0</velocity>
      <steeringAngle>0.0</steeringAngle>
      <time>44</time>
    </ksState>
    <ksState>
      <x>21.435886551637093</x>
      <y>-18.933112996687694</y>
      <orientation>-0.72348</orientation>
      <velocity>6.0</velocity>
      <steeringAngle>0.0</steeringAngle>
      <time>45</time>
    </ksState>
    <ksState>
      <x>21.874347867466035</x>
      <y>-19.320381217074488</y>
      <orientation>-0.72348</orientation>
      <velocity>5.4</velocity>
      <steeringAngle>0.0</steeringAngle>
      <time>46</time>
    </ksState>
    <ksState>
      <x>22.267838791927904</x>
      <y>-19.667929619985713</y>
      <orientation>-0.72348</orientation>
      <velocity>4.800000000000001</velocity>
      <steeringAngle>0.0</steeringAngle>
      <time>47</time>
    </ksState>
    <ksState>
      <x>22.616359325022703</x>
      <y>-19.975758205421368</y>
      <orientation>-0.72348</orientation>
      <velocity>4.200000000000001</velocity>
      <steeringAngle>0.0</steeringAngle>
      <time>48</time>
    </ksState>
    <ksState>
      <x>22.91990946675043</x>
      <y>-20.243866973381458</y>
      <orientation>-0.72348</orientation>
      <velocity>3.6000000000000014</velocity>
      <steeringAngle>0.0</steeringAngle>
      <time>49</time>
    </ksState>
    <ksState>
      <x>23.17848921711109</x>
      <y>-20.472255923865976</y>
      <orientation>-0.72348</orientation>
      <velocity>3.0000000000000018</velocity>
      <steeringAngle>0.0</steeringAngle>
      <time>50</time>
    </ksState>
    <ksState>
      <x>23.418331304402134</x>
      <y>-20.684094950402343</y>
      <orientation>-0.7243584260091368</orientation>
      <velocity>3.8</velocity>
      <steeringAngle>-0.026650000000000004</steeringAngle>
      <time>51</time>
    </ksState>
    <ksState>
      <x>23.717627598571827</x>
      <y>-20.94946558632046</y>
      <orientation>-0.7295792010361969</orientation>
      <velocity>4.6000000000000005</velocity>
      <steeringAngle>-0.05330000000000001</steeringAngle>
      <time>52</time>
    </ksState>
    <ksState>
      <x>24.074650991747315</x>
      <y>-21.270297310091063</y>
      <orientation>-0.7408054669877293</orientation>
      <velocity>5.400000000000001</velocity>
      <steeringAngle>-0.07995000000000001</steeringAngle>
      <time>53</time>
    </ksState>
    <ksState>
      <x>24.48623987807524</x>
      <y>-21.650019681380524</y>
      <orientation>-0.7597130786875239</orientation>
      <velocity>6.200000000000002</velocity>
      <steeringAngle>-0.10660000000000001</steeringAngle>
      <time>54</time>
    </ksState>
    <ksState>
      <x>24.947318327882858</x>
      <y>-22.09385494130907</y>
      <orientation>-0.7879954683261786</orientation>
      <velocity>7.000000000000003</velocity>
      <steeringAngle>-0.13325</steeringAngle>
      <time>55</time>
    </ksState>
    <ksState>
      <x>25.45029634527664</x>
      <y>-22.60899594867755</y>
      <orientation>-0.8254189457262602</orientation>
      <velocity>7.800000000000001</velocity>
      <steeringAngle>-0.13325</steeringAngle>
      <time>56</time>
    </ksState>
    <ksState>
      <x>25.9867316830048</x>
      <y>-23.20243627870355</y>
      <orientation>-0.8670005872819064</orientation>
      <velocity>8.600000000000001</velocity>
      <steeringAngle>-0.13325</steeringAngle>
      <time>57</time>
    </ksState>
    <ksState>
      <x>26.548454034991373</x>
      <y>-23.879762894564664</y>
      <orientation>-0.9127403929931173</orientation>
      <velocity>9.400000000000002</velocity>
      <steeringAngle>-0.13325</steeringAngle>
      <time>58</time>
    </ksState>
    <ksState>
      <x>27.126011555995365</x>
      <y>-24.64650266582473</y>
      <orientation>-0.9626383628598927</orientation>
      <velocity>10.200000000000003</velocity>
      <steeringAngle>-0.13325</steeringAngle>
      <time>59</time>
    </ksState>
    <ksState>
      <x>27.708587086702988</x>
      <y>-25.50790607021456</y>
      <orientation>-1.0166944968822327</orientation>
      <velocity>10.997021226415097</velocity>
      <steeringAngle>-0.13325</steeringAngle>
      <time>60</time>
    </ksState>
    <ksState>
      <x>28.273897897603447</x>
      <y>-26.451397717954553</y>
      <orientation>-1.0709813818853493</orientation>
      <velocity>11.0</velocity>
      <steeringAngle>-0.1066</steeringAngle>
      <time>61</time>
    </ksState>
    <ksState>
      <x>28.790003576091472</x>
      <y>-27.42272536376921</y>
      <orientation>-1.1137527555563291</orientation>
      <velocity>11.0</velocity>
      <steeringAngle>-0.07995</steeringAngle>
      <time>62</time>
    </ksState>
    <ksState>
      <x>29.266961945605175</x>
      <y>-28.41389759608746</y>
      <orientation>-1.145070020951521</orientation>
      <velocity>11.0</velocity>
      <steeringAngle>-0.053299999999999986</steeringAngle>
      <time>63</time>
    </ksState>
    <ksState>
      <x>29.7155286698332</x>
      <y>-29.418262436787124</y>
      <orientation>-1.1649779296833547</orientation>
      <velocity>11.0</velocity>
      <steeringAngle>-0.02664999999999998</steeringAngle>
      <time>64</time>
    </ksState>
    <ksState>
      <x>30.146900312594347</x>
      <y>-30.430146189735083</y>
      <orientation>-1.1735048386968154</orientation>
      <velocity>11.0</velocity>
      <steeringAngle>2.42861286636753e-17</steeringAngle>
      <time>65</time>
    </ksState>
    <ksState>
      <x>30.570580135064436</x>
      <y>-31.439859222250618</y>
      <orientation>-1.1706887082557593</orientation>
      <velocity>10.8</velocity>
      <steeringAngle>0.026650000000000004</steeringAngle>
      <time>66</time>
    </ksState>
    <ksState>
      <x>30.99205844446671</x>
      <y>-32.428783908122206</y>
      <orientation>-1.1568098240458558</orientation>
      <velocity>10.600000000000001</velocity>
      <steeringAngle>0.05330000000000001</steeringAngle>
      <time>67</time>
    </ksState>
    <ksState>
      <x>31.421702283583762</x>
      <y>-33.39231788377227</y>
      <orientation>-1.1322623663149316</orientation>
      <velocity>10.400000000000002</velocity>
      <steeringAngle>0.07995000000000001</steeringAngle>
      <time>68</time>
    </ksState>
    <ksState>
      <x>31.868680115698204</x>
      <y>-34.32578771510892</y>
      <orientation>-1.097426280042514</orientation>
      <velocity>10.200000000000003</velocity>
      <steeringAngle>0.10660000000000001</steeringAngle>
      <time>69</time>
    </ksState>
    <ksState>
      <x>32.34086581419528</x>
      <y>-35.224203176106</y>
      <orientation>-1.0526682677665744</orientation>
      <velocity>10.000000000000004</velocity>
      <steeringAngle>0.13325</steeringAngle>
      <time>70</time>
    </ksState>
    <ksState>
      <x>32.85250104774317</x>
      <y>-36.09492538760507</y>
      <orientation>-1.0001714453025712</orientation>
      <velocity>10.399999999999999</velocity>
      <steeringAngle>0.13325</steeringAngle>
      <time>71</time>
    </ksState>
    <ksState>
      <x>33.43161624604783</x>
      <y>-36.97066751233524</y>
      <orientation>-0.9455955407607854</orientation>
      <velocity>10.799999999999997</velocity>
      <steeringAngle>0.13325</steeringAngle>
      <time>72</time>
    </ksState>
    <ksState>
      <x>34.08193849164771</x>
      <y>-37.84528000848602</y>
      <orientation>-0.8889405541412175</orientation>
      <velocity>11.199999999999996</velocity>
      <steeringAngle>0.13325</steeringAngle>
      <time>73</time>
    </ksState>
    <ksState>
      <x>34.80683137303634</x>
      <y>-38.711974819261265</y>
      <orientation>-0.8302064854438673</orientation>
      <velocity>11.599999999999994</velocity>
      <steeringAngle>0.13325</steeringAngle>
      <time>74</time>
    </ksState>
    <ksState>
      <x>35.60920257972833</x>
      <y>-39.56332050170721</y>
      <orientation>-0.7693933346687347</orientation>
      <velocity>11.999999999999993</velocity>
      <steeringAngle>0.13325</steeringAngle>
      <time>75</time>
    </ksState>
    <ksState>
      <x>36.4969783756187</x>
      <y>-40.39631842101094</y>
      <orientation>-0.7093519264428888</orientation>
      <velocity>12.691445870334645</velocity>
      <steeringAngle>0.1066</steeringAngle>
      <time>76</time>
    </ksState>
    <ksState>
      <x>37.4835602541308</x>
      <y>-41.220610161834365</y>
      <orientation>-0.6594022845446164</orientation>
      <velocity>13.346193508175427</velocity>
      <steeringAngle>0.07995</steeringAngle>
      <time>77</time>
    </ksState>
    <ksState>
      <x>38.559408424124115</x>
      <y>-42.03663494537539</y>
      <orientation>-0.6209974286807814</orientation>
      <velocity>13.969570760890308</velocity>
      <steeringAngle>0.053299999999999986</steeringAngle>
      <time>78</time>
    </ksState>
    <ksState>
      <x>39.71374037437646</x>
      <y>-42.84978554765556</y>
      <orientation>-0.595481552325366</orientation>
      <velocity>14.56572439121037</velocity>
      <steeringAngle>0.02664999999999998</steeringAngle>
      <time>79</time>
    </ksState>
    <ksState>
      <x>40.93468381204134</x>
      <y>-43.67025046861842</y>
      <orientation>-0.5841159408459735</orientation>
      <velocity>15.13795786779158</velocity>
      <steeringAngle>-2.42861286636753e-17</steeringAngle>
      <time>80</time>
    </ksState>
  </ksTrajectory>
</CommonRoadSolution>
