<?xml version="1.0" ?>
<CommonRoadSolution benchmark_id="KS2:SM1:USA_Lanker-2_2_T-1:2018b" date="2019-11-17">
  <ksTrajectory planningProblem="2144">
    <ksState>
      <x>0.0</x>
      <y>0.0</y>
      <orientation>-2.0376</orientation>
      <velocity>15.0</velocity>
      <steeringAngle>0.0</steeringAngle>
      <time>0</time>
    </ksState>
    <ksState>
      <x>-0.6750513497503572</x>
      <y>-1.339516955921134</y>
      <orientation>-2.0376</orientation>
      <velocity>15.0</velocity>
      <steeringAngle>0.0</steeringAngle>
      <time>1</time>
    </ksState>
    <ksState>
      <x>-1.3501026995007144</x>
      <y>-2.679033911842268</y>
      <orientation>-2.0376</orientation>
      <velocity>15.0</velocity>
      <steeringAngle>0.0</steeringAngle>
      <time>2</time>
    </ksState>
    <ksState>
      <x>-2.025154049251072</x>
      <y>-4.018550867763402</y>
      <orientation>-2.0376</orientation>
      <velocity>15.0</velocity>
      <steeringAngle>0.0</steeringAngle>
      <time>3</time>
    </ksState>
    <ksState>
      <x>-2.7002053990014288</x>
      <y>-5.358067823684536</y>
      <orientation>-2.0376</orientation>
      <velocity>15.0</velocity>
      <steeringAngle>0.0</steeringAngle>
      <time>4</time>
    </ksState>
    <ksState>
      <x>-3.375256748751786</x>
      <y>-6.697584779605669</y>
      <orientation>-2.0376</orientation>
      <velocity>15.0</velocity>
      <steeringAngle>0.0</steeringAngle>
      <time>5</time>
    </ksState>
    <ksState>
      <x>-4.050308098502144</x>
      <y>-8.037101735526804</y>
      <orientation>-2.0376</orientation>
      <velocity>15.0</velocity>
      <steeringAngle>0.0</steeringAngle>
      <time>6</time>
    </ksState>
    <ksState>
      <x>-4.725359448252501</x>
      <y>-9.376618691447938</y>
      <orientation>-2.0376</orientation>
      <velocity>15.0</velocity>
      <steeringAngle>0.0</steeringAngle>
      <time>7</time>
    </ksState>
    <ksState>
      <x>-5.4004107980028575</x>
      <y>-10.716135647369072</y>
      <orientation>-2.0376</orientation>
      <velocity>15.0</velocity>
      <steeringAngle>0.0</steeringAngle>
      <time>8</time>
    </ksState>
    <ksState>
      <x>-6.075462147753215</x>
      <y>-12.055652603290206</y>
      <orientation>-2.0376</orientation>
      <velocity>15.0</velocity>
      <steeringAngle>0.0</steeringAngle>
      <time>9</time>
    </ksState>
    <ksState>
      <x>-6.750513497503572</x>
      <y>-13.395169559211338</y>
      <orientation>-2.0376</orientation>
      <velocity>15.0</velocity>
      <steeringAngle>0.0</steeringAngle>
      <time>10</time>
    </ksState>
    <ksState>
      <x>-7.42556484725393</x>
      <y>-14.734686515132472</y>
      <orientation>-2.0376</orientation>
      <velocity>15.0</velocity>
      <steeringAngle>0.0</steeringAngle>
      <time>11</time>
    </ksState>
    <ksState>
      <x>-8.100616197004287</x>
      <y>-16.074203471053607</y>
      <orientation>-2.0376</orientation>
      <velocity>15.0</velocity>
      <steeringAngle>0.0</steeringAngle>
      <time>12</time>
    </ksState>
    <ksState>
      <x>-8.775667546754644</x>
      <y>-17.41372042697474</y>
      <orientation>-2.0376</orientation>
      <velocity>15.0</velocity>
      <steeringAngle>0.0</steeringAngle>
      <time>13</time>
    </ksState>
    <ksState>
      <x>-9.450718896505002</x>
      <y>-18.753237382895875</y>
      <orientation>-2.0376</orientation>
      <velocity>15.0</velocity>
      <steeringAngle>0.0</steeringAngle>
      <time>14</time>
    </ksState>
    <ksState>
      <x>-10.125770246255358</x>
      <y>-20.092754338817006</y>
      <orientation>-2.0376</orientation>
      <velocity>15.0</velocity>
      <steeringAngle>0.0</steeringAngle>
      <time>15</time>
    </ksState>
    <ksState>
      <x>-10.800821596005715</x>
      <y>-21.43227129473814</y>
      <orientation>-2.0376</orientation>
      <velocity>15.0</velocity>
      <steeringAngle>0.0</steeringAngle>
      <time>16</time>
    </ksState>
    <ksState>
      <x>-11.475872945756073</x>
      <y>-22.771788250659274</y>
      <orientation>-2.0376</orientation>
      <velocity>15.0</velocity>
      <steeringAngle>0.0</steeringAngle>
      <time>17</time>
    </ksState>
    <ksState>
      <x>-12.15092429550643</x>
      <y>-24.111305206580408</y>
      <orientation>-2.0376</orientation>
      <velocity>15.0</velocity>
      <steeringAngle>0.0</steeringAngle>
      <time>18</time>
    </ksState>
    <ksState>
      <x>-12.825975645256786</x>
      <y>-25.45082216250154</y>
      <orientation>-2.0376</orientation>
      <velocity>15.0</velocity>
      <steeringAngle>0.0</steeringAngle>
      <time>19</time>
    </ksState>
    <ksState>
      <x>-13.501026995007145</x>
      <y>-26.790339118422676</y>
      <orientation>-2.0376</orientation>
      <velocity>15.0</velocity>
      <steeringAngle>0.0</steeringAngle>
      <time>20</time>
    </ksState>
    <ksState>
      <x>-14.173828173591668</x>
      <y>-28.12539101782407</y>
      <orientation>-2.0376</orientation>
      <velocity>14.8</velocity>
      <steeringAngle>0.0</steeringAngle>
      <time>21</time>
    </ksState>
    <ksState>
      <x>-14.837628667512853</x>
      <y>-29.44258269114652</y>
      <orientation>-2.0376</orientation>
      <velocity>14.600000000000001</velocity>
      <steeringAngle>0.0</steeringAngle>
      <time>22</time>
    </ksState>
    <ksState>
      <x>-15.492428476770698</x>
      <y>-30.741914138390023</y>
      <orientation>-2.0376</orientation>
      <velocity>14.400000000000002</velocity>
      <steeringAngle>0.0</steeringAngle>
      <time>23</time>
    </ksState>
    <ksState>
      <x>-16.13822760136521</x>
      <y>-32.023385359554574</y>
      <orientation>-2.0376</orientation>
      <velocity>14.200000000000003</velocity>
      <steeringAngle>0.0</steeringAngle>
      <time>24</time>
    </ksState>
    <ksState>
      <x>-16.77502604129638</x>
      <y>-33.28699635464017</y>
      <orientation>-2.0376</orientation>
      <velocity>14.000000000000004</velocity>
      <steeringAngle>0.0</steeringAngle>
      <time>25</time>
    </ksState>
    <ksState>
      <x>-17.405073967730043</x>
      <y>-34.53721218016656</y>
      <orientation>-2.0376</orientation>
      <velocity>14.0</velocity>
      <steeringAngle>0.0</steeringAngle>
      <time>26</time>
    </ksState>
    <ksState>
      <x>-18.035121894163712</x>
      <y>-35.78742800569296</y>
      <orientation>-2.0376</orientation>
      <velocity>14.0</velocity>
      <steeringAngle>0.0</steeringAngle>
      <time>27</time>
    </ksState>
    <ksState>
      <x>-18.665169820597377</x>
      <y>-37.03764383121935</y>
      <orientation>-2.0376</orientation>
      <velocity>14.0</velocity>
      <steeringAngle>0.0</steeringAngle>
      <time>28</time>
    </ksState>
    <ksState>
      <x>-19.295217747031046</x>
      <y>-38.28785965674574</y>
      <orientation>-2.0376</orientation>
      <velocity>14.0</velocity>
      <steeringAngle>0.0</steeringAngle>
      <time>29</time>
    </ksState>
    <ksState>
      <x>-19.92526567346471</x>
      <y>-39.538075482272134</y>
      <orientation>-2.0376</orientation>
      <velocity>14.0</velocity>
      <steeringAngle>0.0</steeringAngle>
      <time>30</time>
    </ksState>
    <ksState>
      <x>-20.555313599898376</x>
      <y>-40.788291307798524</y>
      <orientation>-2.0376</orientation>
      <velocity>14.0</velocity>
      <steeringAngle>0.0</steeringAngle>
      <time>31</time>
    </ksState>
    <ksState>
      <x>-21.185361526332045</x>
      <y>-42.03850713332492</y>
      <orientation>-2.0376</orientation>
      <velocity>14.0</velocity>
      <steeringAngle>0.0</steeringAngle>
      <time>32</time>
    </ksState>
    <ksState>
      <x>-21.81540945276571</x>
      <y>-43.28872295885131</y>
      <orientation>-2.0376</orientation>
      <velocity>14.0</velocity>
      <steeringAngle>0.0</steeringAngle>
      <time>33</time>
    </ksState>
    <ksState>
      <x>-22.44545737919938</x>
      <y>-44.5389387843777</y>
      <orientation>-2.0376</orientation>
      <velocity>14.0</velocity>
      <steeringAngle>0.0</steeringAngle>
      <time>34</time>
    </ksState>
    <ksState>
      <x>-23.075505305633044</x>
      <y>-45.789154609904095</y>
      <orientation>-2.0376</orientation>
      <velocity>14.0</velocity>
      <steeringAngle>0.0</steeringAngle>
      <time>35</time>
    </ksState>
    <ksState>
      <x>-23.70555323206671</x>
      <y>-47.039370435430484</y>
      <orientation>-2.0376</orientation>
      <velocity>14.0</velocity>
      <steeringAngle>0.0</steeringAngle>
      <time>36</time>
    </ksState>
    <ksState>
      <x>-24.335601158500378</x>
      <y>-48.28958626095688</y>
      <orientation>-2.0376</orientation>
      <velocity>14.0</velocity>
      <steeringAngle>0.0</steeringAngle>
      <time>37</time>
    </ksState>
    <ksState>
      <x>-24.965649084934043</x>
      <y>-49.53980208648327</y>
      <orientation>-2.0376</orientation>
      <velocity>14.0</velocity>
      <steeringAngle>0.0</steeringAngle>
      <time>38</time>
    </ksState>
    <ksState>
      <x>-25.59569701136771</x>
      <y>-50.79001791200966</y>
      <orientation>-2.0376</orientation>
      <velocity>14.0</velocity>
      <steeringAngle>0.0</steeringAngle>
      <time>39</time>
    </ksState>
    <ksState>
      <x>-26.225744937801377</x>
      <y>-52.040233737536056</y>
      <orientation>-2.0376</orientation>
      <velocity>14.0</velocity>
      <steeringAngle>0.0</steeringAngle>
      <time>40</time>
    </ksState>
    <ksState>
      <x>-26.855792864235042</x>
      <y>-53.290449563062445</y>
      <orientation>-2.0376</orientation>
      <velocity>14.0</velocity>
      <steeringAngle>0.0</steeringAngle>
      <time>41</time>
    </ksState>
    <ksState>
      <x>-27.48584079066871</x>
      <y>-54.54066538858884</y>
      <orientation>-2.0376</orientation>
      <velocity>14.0</velocity>
      <steeringAngle>0.0</steeringAngle>
      <time>42</time>
    </ksState>
    <ksState>
      <x>-28.115888717102376</x>
      <y>-55.79088121411523</y>
      <orientation>-2.0376</orientation>
      <velocity>14.0</velocity>
      <steeringAngle>0.0</steeringAngle>
      <time>43</time>
    </ksState>
    <ksState>
      <x>-28.745936643536044</x>
      <y>-57.04109703964162</y>
      <orientation>-2.0376</orientation>
      <velocity>14.0</velocity>
      <steeringAngle>0.0</steeringAngle>
      <time>44</time>
    </ksState>
    <ksState>
      <x>-29.37598456996971</x>
      <y>-58.29131286516802</y>
      <orientation>-2.0376</orientation>
      <velocity>14.0</velocity>
      <steeringAngle>0.0</steeringAngle>
      <time>45</time>
    </ksState>
    <ksState>
      <x>-30.006032496403375</x>
      <y>-59.541528690694406</y>
      <orientation>-2.0376</orientation>
      <velocity>14.0</velocity>
      <steeringAngle>0.0</steeringAngle>
      <time>46</time>
    </ksState>
    <ksState>
      <x>-30.636080422837043</x>
      <y>-60.7917445162208</y>
      <orientation>-2.0376</orientation>
      <velocity>14.0</velocity>
      <steeringAngle>0.0</steeringAngle>
      <time>47</time>
    </ksState>
    <ksState>
      <x>-31.26612834927071</x>
      <y>-62.04196034174719</y>
      <orientation>-2.0376</orientation>
      <velocity>14.0</velocity>
      <steeringAngle>0.0</steeringAngle>
      <time>48</time>
    </ksState>
    <ksState>
      <x>-31.896176275704377</x>
      <y>-63.29217616727358</y>
      <orientation>-2.0376</orientation>
      <velocity>14.0</velocity>
      <steeringAngle>0.0</steeringAngle>
      <time>49</time>
    </ksState>
    <ksState>
      <x>-32.526224202138046</x>
      <y>-64.54239199279998</y>
      <orientation>-2.0376</orientation>
      <velocity>14.0</velocity>
      <steeringAngle>0.0</steeringAngle>
      <time>50</time>
    </ksState>
    <ksState>
      <x>-33.156272128571715</x>
      <y>-65.79260781832637</y>
      <orientation>-2.0376</orientation>
      <velocity>14.0</velocity>
      <steeringAngle>0.0</steeringAngle>
      <time>51</time>
    </ksState>
    <ksState>
      <x>-33.786320055005376</x>
      <y>-67.04282364385276</y>
      <orientation>-2.0376</orientation>
      <velocity>14.0</velocity>
      <steeringAngle>0.0</steeringAngle>
      <time>52</time>
    </ksState>
    <ksState>
      <x>-34.416367981439045</x>
      <y>-68.29303946937915</y>
      <orientation>-2.0376</orientation>
      <velocity>14.0</velocity>
      <steeringAngle>0.0</steeringAngle>
      <time>53</time>
    </ksState>
    <ksState>
      <x>-35.04641590787271</x>
      <y>-69.54325529490555</y>
      <orientation>-2.0376</orientation>
      <velocity>14.0</velocity>
      <steeringAngle>0.0</steeringAngle>
      <time>54</time>
    </ksState>
    <ksState>
      <x>-35.67646383430638</x>
      <y>-70.79347112043193</y>
      <orientation>-2.0376</orientation>
      <velocity>14.0</velocity>
      <steeringAngle>0.0</steeringAngle>
      <time>55</time>
    </ksState>
    <ksState>
      <x>-36.30426158957422</x>
      <y>-72.03922188943858</y>
      <orientation>-2.034008787786176</orientation>
      <velocity>13.8</velocity>
      <steeringAngle>0.026650000000000004</steeringAngle>
      <time>56</time>
    </ksState>
    <ksState>
      <x>-36.914266702317896</x>
      <y>-73.27149406751417</y>
      <orientation>-2.0162531177124423</orientation>
      <velocity>13.600000000000001</velocity>
      <steeringAngle>0.05330000000000001</steeringAngle>
      <time>57</time>
    </ksState>
    <ksState>
      <x>-37.489498436896696</x>
      <y>-74.4982958534229</y>
      <orientation>-1.9847216537979926</orientation>
      <velocity>13.400000000000002</velocity>
      <steeringAngle>0.07995000000000001</steeringAngle>
      <time>58</time>
    </ksState>
    <ksState>
      <x>-38.013713540530524</x>
      <y>-75.72598900933245</y>
      <orientation>-1.939784378794333</orientation>
      <velocity>13.200000000000003</velocity>
      <steeringAngle>0.10660000000000001</steeringAngle>
      <time>59</time>
    </ksState>
    <ksState>
      <x>-38.47118052620582</x>
      <y>-76.95871962761682</y>
      <orientation>-1.8817935300029198</orientation>
      <velocity>13.000000000000004</velocity>
      <steeringAngle>0.13325</steeringAngle>
      <time>60</time>
    </ksState>
    <ksState>
      <x>-38.84934312881332</x>
      <y>-78.20753191438652</y>
      <orientation>-1.8174026703952946</orientation>
      <velocity>13.2</velocity>
      <steeringAngle>0.1066</steeringAngle>
      <time>61</time>
    </ksState>
    <ksState>
      <x>-39.15507590496296</x>
      <y>-79.49664918621134</y>
      <orientation>-1.7658956539942292</orientation>
      <velocity>13.399999999999999</velocity>
      <steeringAngle>0.07995</steeringAngle>
      <time>62</time>
    </ksState>
    <ksState>
      <x>-39.402011812271155</x>
      <y>-80.81871261690175</y>
      <orientation>-1.7276161665771002</orientation>
      <velocity>13.599999999999998</velocity>
      <steeringAngle>0.053299999999999986</steeringAngle>
      <time>63</time>
    </ksState>
    <ksState>
      <x>-39.605666466430996</x>
      <y>-82.16840058328152</y>
      <orientation>-1.7029252072451293</orientation>
      <velocity>13.799999999999997</velocity>
      <steeringAngle>0.02664999999999998</steeringAngle>
      <time>64</time>
    </ksState>
    <ksState>
      <x>-39.783217129163184</x>
      <y>-83.54196396719365</y>
      <orientation>-1.6922019762418774</orientation>
      <velocity>13.999999999999996</velocity>
      <steeringAngle>-2.42861286636753e-17</steeringAngle>
      <time>65</time>
    </ksState>
    <ksState>
      <x>-39.952162272277484</x>
      <y>-84.92669590465233</y>
      <orientation>-1.6957931884557014</orientation>
      <velocity>13.8</velocity>
      <steeringAngle>-0.026650000000000004</steeringAngle>
      <time>66</time>
    </ksState>
    <ksState>
      <x>-40.128430853092034</x>
      <y>-86.29034187991506</y>
      <orientation>-1.713548858529435</orientation>
      <velocity>13.600000000000001</velocity>
      <steeringAngle>-0.05330000000000001</steeringAngle>
      <time>67</time>
    </ksState>
    <ksState>
      <x>-40.330593277007445</x>
      <y>-87.6301420608122</y>
      <orientation>-1.7450803224438847</orientation>
      <velocity>13.400000000000002</velocity>
      <steeringAngle>-0.07995000000000001</steeringAngle>
      <time>68</time>
    </ksState>
    <ksState>
      <x>-40.57569284929933</x>
      <y>-88.94237609466718</y>
      <orientation>-1.7900175974475443</orientation>
      <velocity>13.200000000000003</velocity>
      <steeringAngle>-0.10660000000000001</steeringAngle>
      <time>69</time>
    </ksState>
    <ksState>
      <x>-40.87911770553863</x>
      <y>-90.2217642987924</y>
      <orientation>-1.8480084462389574</orientation>
      <velocity>13.000000000000004</velocity>
      <steeringAngle>-0.13325</steeringAngle>
      <time>70</time>
    </ksState>
    <ksState>
      <x>-41.255911931794586</x>
      <y>-91.4657674748168</y>
      <orientation>-1.9121656739699135</orientation>
      <velocity>13.0</velocity>
      <steeringAngle>-0.1066</steeringAngle>
      <time>71</time>
    </ksState>
    <ksState>
      <x>-41.70756088098976</x>
      <y>-92.6846628450291</y>
      <orientation>-1.9627136610356168</orientation>
      <velocity>13.0</velocity>
      <steeringAngle>-0.07995</steeringAngle>
      <time>72</time>
    </ksState>
    <ksState>
      <x>-42.216189678227494</x>
      <y>-93.8809589866025</y>
      <orientation>-1.99972497468448</orientation>
      <velocity>13.0</velocity>
      <steeringAngle>-0.053299999999999986</steeringAngle>
      <time>73</time>
    </ksState>
    <ksState>
      <x>-42.764779339781214</x>
      <y>-95.0595059694073</y>
      <orientation>-2.0232525031857382</orientation>
      <velocity>13.0</velocity>
      <steeringAngle>-0.02664999999999998</steeringAngle>
      <time>74</time>
    </ksState>
  </ksTrajectory>
</CommonRoadSolution>
