<?xml version="1.0" ?>
<CommonRoadSolution benchmark_id="KS2:SM1:USA_Peach-4_5_T-1:2018b" date="2019-11-18">
  <ksTrajectory planningProblem="1500">
    <ksState>
      <x>0.0</x>
      <y>0.0</y>
      <orientation>-1.6264</orientation>
      <velocity>0.0</velocity>
      <steeringAngle>0.0</steeringAngle>
      <time>0</time>
    </ksState>
    <ksState>
      <x>-0.001389375633836172</x>
      <y>-0.024961362850375424</y>
      <orientation>-1.6265291802954613</orientation>
      <velocity>1.0</velocity>
      <steeringAngle>-0.026650000000000004</steeringAngle>
      <time>1</time>
    </ksState>
    <ksState>
      <x>-0.008391076555038304</x>
      <y>-0.1497651095193014</y>
      <orientation>-1.6282091667494987</orientation>
      <velocity>2.0</velocity>
      <steeringAngle>-0.05330000000000001</steeringAngle>
      <time>2</time>
    </ksState>
    <ksState>
      <x>-0.02156001860244798</x>
      <y>-0.3743792797540596</y>
      <orientation>-1.6335119914595075</orientation>
      <velocity>3.0</velocity>
      <steeringAngle>-0.07995000000000001</steeringAngle>
      <time>3</time>
    </ksState>
    <ksState>
      <x>-0.042743051289772814</x>
      <y>-0.6986873263028334</y>
      <orientation>-1.644520020170198</orientation>
      <velocity>4.0</velocity>
      <steeringAngle>-0.10660000000000001</steeringAngle>
      <time>4</time>
    </ksState>
    <ksState>
      <x>-0.07590874580451257</x>
      <y>-1.1223876187152226</y>
      <orientation>-1.6633319615741746</orientation>
      <velocity>5.0</velocity>
      <steeringAngle>-0.13325</steeringAngle>
      <time>5</time>
    </ksState>
    <ksState>
      <x>-0.12639652799485346</x>
      <y>-1.6298716171795549</y>
      <orientation>-1.6884750821471115</orientation>
      <velocity>5.4</velocity>
      <steeringAngle>-0.1066</steeringAngle>
      <time>6</time>
    </ksState>
    <ksState>
      <x>-0.19408357498479856</x>
      <y>-2.1756820013336706</y>
      <orientation>-1.7098346743046444</orientation>
      <velocity>5.800000000000001</velocity>
      <steeringAngle>-0.07995</steeringAngle>
      <time>7</time>
    </ksState>
    <ksState>
      <x>-0.27852722994309514</x>
      <y>-2.7596016936804264</y>
      <orientation>-1.7266061424753545</orientation>
      <velocity>6.200000000000001</velocity>
      <steeringAngle>-0.053299999999999986</steeringAngle>
      <time>8</time>
    </ksState>
    <ksState>
      <x>-0.37831700544643804</x>
      <y>-3.3816450369577478</y>
      <orientation>-1.7379820535603407</orientation>
      <velocity>6.600000000000001</velocity>
      <steeringAngle>-0.02664999999999998</steeringAngle>
      <time>9</time>
    </ksState>
    <ksState>
      <x>-0.4909535774698184</x>
      <y>-4.042108281379686</y>
      <orientation>-1.7431498710866016</orientation>
      <velocity>7.000000000000002</velocity>
      <steeringAngle>2.42861286636753e-17</steeringAngle>
      <time>10</time>
    </ksState>
    <ksState>
      <x>-0.6118621319826957</x>
      <y>-4.736662902302768</y>
      <orientation>-1.7413155108910512</orientation>
      <velocity>7.199999999999999</velocity>
      <steeringAngle>0.026650000000000004</steeringAngle>
      <time>11</time>
    </ksState>
    <ksState>
      <x>-0.7335513888218446</x>
      <y>-5.451376065310435</y>
      <orientation>-1.7319336799179732</orientation>
      <velocity>7.399999999999999</velocity>
      <steeringAngle>0.05330000000000001</steeringAngle>
      <time>12</time>
    </ksState>
    <ksState>
      <x>-0.8502449790609173</x>
      <y>-6.187174595460872</y>
      <orientation>-1.7145771005477457</orientation>
      <velocity>7.599999999999998</velocity>
      <steeringAngle>0.07995000000000001</steeringAngle>
      <time>13</time>
    </ksState>
    <ksState>
      <x>-0.9553566477786914</x>
      <y>-6.9449055152491095</y>
      <orientation>-1.6888060544327088</orientation>
      <velocity>7.799999999999997</velocity>
      <steeringAngle>0.10660000000000001</steeringAngle>
      <time>14</time>
    </ksState>
    <ksState>
      <x>-1.0414261365919177</x>
      <y>-7.725146955089504</y>
      <orientation>-1.6541670476158092</orientation>
      <velocity>7.9999999999999964</velocity>
      <steeringAngle>0.13325</steeringAngle>
      <time>15</time>
    </ksState>
    <ksState>
      <x>-1.1000641261280015</x>
      <y>-8.527964844073383</y>
      <orientation>-1.6144520448277824</orientation>
      <velocity>8.2</velocity>
      <steeringAngle>0.1066</steeringAngle>
      <time>16</time>
    </ksState>
    <ksState>
      <x>-1.129013145737311</x>
      <y>-9.352426919009032</y>
      <orientation>-1.5823865619135262</orientation>
      <velocity>8.399999999999999</velocity>
      <steeringAngle>0.07995</steeringAngle>
      <time>17</time>
    </ksState>
    <ksState>
      <x>-1.133261208508965</x>
      <y>-10.197398257441954</y>
      <orientation>-1.5583421951305751</orientation>
      <velocity>8.599999999999998</velocity>
      <steeringAngle>0.053299999999999986</steeringAngle>
      <time>18</time>
    </ksState>
    <ksState>
      <x>-1.1186196844869911</x>
      <y>-11.062265775971984</y>
      <orientation>-1.5427002852221652</orientation>
      <velocity>8.799999999999997</velocity>
      <steeringAngle>0.02664999999999998</steeringAngle>
      <time>19</time>
    </ksState>
    <ksState>
      <x>-1.0917350543881732</x>
      <y>-11.94685504041431</y>
      <orientation>-1.5358529219523045</orientation>
      <velocity>8.999999999999996</velocity>
      <steeringAngle>-2.42861286636753e-17</steeringAngle>
      <time>20</time>
    </ksState>
    <ksState>
      <x>-1.0608164341522306</x>
      <y>-12.831314784508242</y>
      <orientation>-1.538100659093331</orientation>
      <velocity>8.399999999999999</velocity>
      <steeringAngle>-0.026650000000000004</steeringAngle>
      <time>21</time>
    </ksState>
    <ksState>
      <x>-1.0356046911594383</x>
      <y>-13.655927519232948</y>
      <orientation>-1.5487230248123993</orientation>
      <velocity>7.799999999999998</velocity>
      <steeringAngle>-0.05330000000000001</steeringAngle>
      <time>22</time>
    </ksState>
    <ksState>
      <x>-1.021744991470939</x>
      <y>-14.420795735950533</y>
      <orientation>-1.5664933485369699</orientation>
      <velocity>7.199999999999998</velocity>
      <steeringAngle>-0.07995000000000001</steeringAngle>
      <time>23</time>
    </ksState>
    <ksState>
      <x>-1.0225699810943003</x>
      <y>-15.125784234718463</y>
      <orientation>-1.590192097504283</orientation>
      <velocity>6.599999999999999</velocity>
      <steeringAngle>-0.10660000000000001</steeringAngle>
      <time>24</time>
    </ksState>
    <ksState>
      <x>-1.039391099109948</x>
      <y>-15.770549743387889</y>
      <orientation>-1.6186034422083164</orientation>
      <velocity>5.999999999999999</velocity>
      <steeringAngle>-0.13325</steeringAngle>
      <time>25</time>
    </ksState>
    <ksState>
      <x>-1.071467945552529</x>
      <y>-16.34964442660889</y>
      <orientation>-1.6502255834252415</orientation>
      <velocity>5.199999999999999</velocity>
      <steeringAngle>-0.15990000000000001</steeringAngle>
      <time>26</time>
    </ksState>
    <ksState>
      <x>-1.1150281291603767</x>
      <y>-16.847726763052876</y>
      <orientation>-1.6827690921729892</orientation>
      <velocity>4.399999999999999</velocity>
      <steeringAngle>-0.18655000000000002</steeringAngle>
      <time>27</time>
    </ksState>
    <ksState>
      <x>-1.16515553436966</x>
      <y>-17.264710979100414</y>
      <orientation>-1.7145808658893906</orientation>
      <velocity>3.5999999999999988</velocity>
      <steeringAngle>-0.21320000000000003</steeringAngle>
      <time>28</time>
    </ksState>
    <ksState>
      <x>-1.216264000413789</x>
      <y>-17.600837962767326</y>
      <orientation>-1.7439906044881741</orientation>
      <velocity>2.799999999999999</velocity>
      <steeringAngle>-0.23985000000000004</steeringAngle>
      <time>29</time>
    </ksState>
    <ksState>
      <x>-1.2626371628115751</x>
      <y>-17.856663232709288</y>
      <orientation>-1.769305645691803</orientation>
      <velocity>1.9999999999999991</velocity>
      <steeringAngle>-0.2665</steeringAngle>
      <time>30</time>
    </ksState>
    <ksState>
      <x>-1.3010396937476685</x>
      <y>-18.04273912349212</y>
      <orientation>-1.7899198387226587</orientation>
      <velocity>1.6</velocity>
      <steeringAngle>-0.29315</steeringAngle>
      <time>31</time>
    </ksState>
    <ksState>
      <x>-1.3342849180472887</x>
      <y>-18.189006905594532</y>
      <orientation>-1.8078727081824493</orientation>
      <velocity>1.2000000000000002</velocity>
      <steeringAngle>-0.3198000000000001</steeringAngle>
      <time>32</time>
    </ksState>
    <ksState>
      <x>-1.3604938281124488</x>
      <y>-18.295838150750292</y>
      <orientation>-1.8222861696026162</orientation>
      <velocity>0.8000000000000003</velocity>
      <steeringAngle>-0.34645000000000015</steeringAngle>
      <time>33</time>
    </ksState>
    <ksState>
      <x>-1.3780757134724175</x>
      <y>-18.36359388617562</y>
      <orientation>-1.832261228217431</orientation>
      <velocity>0.4000000000000003</velocity>
      <steeringAngle>-0.3731000000000002</steeringAngle>
      <time>34</time>
    </ksState>
    <ksState>
      <x>-1.3858599045180584</x>
      <y>-18.39256636495691</y>
      <orientation>-1.8368746049199638</orientation>
      <velocity>2.7755575615628914e-16</velocity>
      <steeringAngle>-0.39975000000000027</steeringAngle>
      <time>35</time>
    </ksState>
    <ksState>
      <x>-1.3871746532871656</x>
      <y>-18.397390412601172</y>
      <orientation>-1.8377243660856328</orientation>
      <velocity>0.2</velocity>
      <steeringAngle>-0.4264</steeringAngle>
      <time>36</time>
    </ksState>
    <ksState>
      <x>-1.3937943715611454</x>
      <y>-18.42149806417801</y>
      <orientation>-1.8422221448359193</orientation>
      <velocity>0.4</velocity>
      <steeringAngle>-0.45304999999999995</steeringAngle>
      <time>37</time>
    </ksState>
    <ksState>
      <x>-1.4059499929986128</x>
      <y>-18.464825119704862</y>
      <orientation>-1.8508776503635584</orientation>
      <velocity>0.6</velocity>
      <steeringAngle>-0.4796999999999999</steeringAngle>
      <time>38</time>
    </ksState>
    <ksState>
      <x>-1.4241215688243716</x>
      <y>-18.527233094976452</y>
      <orientation>-1.8642211375379716</orientation>
      <velocity>0.7999999999999999</velocity>
      <steeringAngle>-0.5063499999999999</steeringAngle>
      <time>39</time>
    </ksState>
    <ksState>
      <x>-1.4490763649545468</x>
      <y>-18.608486556256608</y>
      <orientation>-1.8828060714811914</orientation>
      <velocity>0.9999999999999999</velocity>
      <steeringAngle>-0.5329999999999999</steeringAngle>
      <time>40</time>
    </ksState>
    <ksState>
      <x>-1.478727648132167</x>
      <y>-18.698739019073752</y>
      <orientation>-1.9048542798679502</orientation>
      <velocity>0.8</velocity>
      <steeringAngle>-0.5596500000000001</steeringAngle>
      <time>41</time>
    </ksState>
    <ksState>
      <x>-1.503639336232804</x>
      <y>-18.769479923912947</y>
      <orientation>-1.9233270126235378</orientation>
      <velocity>0.6000000000000001</velocity>
      <steeringAngle>-0.5863000000000002</steeringAngle>
      <time>42</time>
    </ksState>
    <ksState>
      <x>-1.5228104312146669</x>
      <y>-18.821030135763287</y>
      <orientation>-1.9376803342731923</orientation>
      <velocity>0.40000000000000013</velocity>
      <steeringAngle>-0.6129500000000002</steeringAngle>
      <time>43</time>
    </ksState>
    <ksState>
      <x>-1.5354415211455614</x>
      <y>-18.85367131592102</y>
      <orientation>-1.9473424498134864</orientation>
      <velocity>0.20000000000000015</velocity>
      <steeringAngle>-0.6396000000000003</steeringAngle>
      <time>44</time>
    </ksState>
    <ksState>
      <x>-1.540970587718619</x>
      <y>-18.867615096139275</y>
      <orientation>-1.9517099387512038</orientation>
      <velocity>1.3877787807814457e-16</velocity>
      <steeringAngle>-0.6662500000000003</steeringAngle>
      <time>45</time>
    </ksState>
    <ksState>
      <x>-1.5484059627907834</x>
      <y>-18.886181603552792</y>
      <orientation>-1.9579758248639858</orientation>
      <velocity>0.8</velocity>
      <steeringAngle>-0.6929000000000001</steeringAngle>
      <time>46</time>
    </ksState>
    <ksState>
      <x>-1.5868773192962031</x>
      <y>-18.978483048647476</y>
      <orientation>-1.9906981741703915</orientation>
      <velocity>1.6</velocity>
      <steeringAngle>-0.7195500000000001</steeringAngle>
      <time>47</time>
    </ksState>
    <ksState>
      <x>-1.6627248317509606</x>
      <y>-19.141704505671942</y>
      <orientation>-2.0527834863777827</orientation>
      <velocity>2.4</velocity>
      <steeringAngle>-0.7462000000000002</steeringAngle>
      <time>48</time>
    </ksState>
    <ksState>
      <x>-1.788520329256827</x>
      <y>-19.369178474779456</y>
      <orientation>-2.147350279953815</orientation>
      <velocity>3.1999999999999997</velocity>
      <steeringAngle>-0.7728500000000003</steeringAngle>
      <time>49</time>
    </ksState>
    <ksState>
      <x>-1.9828123691206272</x>
      <y>-19.648006749528452</y>
      <orientation>-2.2777595060532634</orientation>
      <velocity>3.9999999999999996</velocity>
      <steeringAngle>-0.7995000000000003</steeringAngle>
      <time>50</time>
    </ksState>
    <ksState>
      <x>-2.247247549788387</x>
      <y>-19.93424503362443</y>
      <orientation>-2.435361062912976</orientation>
      <velocity>3.5999999999999996</velocity>
      <steeringAngle>-0.8261500000000002</steeringAngle>
      <time>51</time>
    </ksState>
    <ksState>
      <x>-2.5215083528207556</x>
      <y>-20.151283280826018</y>
      <orientation>-2.5845557278714817</orientation>
      <velocity>3.1999999999999993</velocity>
      <steeringAngle>-0.8528000000000002</steeringAngle>
      <time>52</time>
    </ksState>
    <ksState>
      <x>-2.789950754604828</x>
      <y>-20.305936640151394</y>
      <orientation>-2.7239835730866364</orientation>
      <velocity>2.799999999999999</velocity>
      <steeringAngle>-0.8794500000000003</steeringAngle>
      <time>53</time>
    </ksState>
    <ksState>
      <x>-3.0399477476574437</x>
      <y>-20.40753990119366</y>
      <orientation>-2.8521674769978596</orientation>
      <velocity>2.3999999999999986</velocity>
      <steeringAngle>-0.9061000000000003</steeringAngle>
      <time>54</time>
    </ksState>
    <ksState>
      <x>-3.2620588134904627</x>
      <y>-20.466870751666352</y>
      <orientation>-2.967493168603778</orientation>
      <velocity>1.9999999999999984</velocity>
      <steeringAngle>-0.9327500000000004</steeringAngle>
      <time>55</time>
    </ksState>
    <ksState>
      <x>-3.45980618465305</x>
      <y>-20.496343410449267</y>
      <orientation>-3.0735627606177953</orientation>
      <velocity>2.0</velocity>
      <steeringAngle>-0.9594000000000001</steeringAngle>
      <time>56</time>
    </ksState>
    <ksState>
      <x>-3.659566787711163</x>
      <y>-20.50441257243636</y>
      <orientation>-3.1857921223911894</orientation>
      <velocity>2.0</velocity>
      <steeringAngle>-0.9860500000000002</steeringAngle>
      <time>57</time>
    </ksState>
    <ksState>
      <x>-3.8589414444889387</x>
      <y>-20.489734559263393</y>
      <orientation>-3.3046756976426748</orientation>
      <velocity>2.0</velocity>
      <steeringAngle>-1.0127000000000002</steeringAngle>
      <time>58</time>
    </ksState>
    <ksState>
      <x>-4.055089661761636</x>
      <y>-20.45116888376087</y>
      <orientation>-3.4307806514649437</orientation>
      <velocity>2.0</velocity>
      <steeringAngle>-1.0393500000000002</steeringAngle>
      <time>59</time>
    </ksState>
    <ksState>
      <x>-4.244696700190681</x>
      <y>-20.387878457957104</y>
      <orientation>-3.5647615910642574</orientation>
      <velocity>2.0</velocity>
      <steeringAngle>-1.0660000000000003</steeringAngle>
      <time>60</time>
    </ksState>
    <ksState>
      <x>-4.41954747990186</x>
      <y>-20.301823600942488</y>
      <orientation>-3.70160660744274</orientation>
      <velocity>1.7999999999999998</velocity>
      <steeringAngle>-1.066</steeringAngle>
      <time>61</time>
    </ksState>
    <ksState>
      <x>-4.564822376007172</x>
      <y>-20.20440851909748</y>
      <orientation>-3.824416237525994</orientation>
      <velocity>1.5999999999999996</velocity>
      <steeringAngle>-1.066</steeringAngle>
      <time>62</time>
    </ksState>
    <ksState>
      <x>-4.682323357041021</x>
      <y>-20.103415384755877</y>
      <orientation>-3.9331904813140186</orientation>
      <velocity>1.3999999999999995</velocity>
      <steeringAngle>-1.066</steeringAngle>
      <time>63</time>
    </ksState>
    <ksState>
      <x>-4.774863156509862</x>
      <y>-20.005178895218247</y>
      <orientation>-4.027929338806814</orientation>
      <velocity>1.1999999999999993</velocity>
      <steeringAngle>-1.066</steeringAngle>
      <time>64</time>
    </ksState>
    <ksState>
      <x>-4.845747906560218</x>
      <y>-19.914655404287906</y>
      <orientation>-4.108632810004381</orientation>
      <velocity>0.9999999999999992</velocity>
      <steeringAngle>-1.066</steeringAngle>
      <time>65</time>
    </ksState>
    <ksState>
      <x>-4.89836778168636</x>
      <y>-19.835577096105713</y>
      <orientation>-4.17433017442409</orientation>
      <velocity>0.8</velocity>
      <steeringAngle>-1.03935</steeringAngle>
      <time>66</time>
    </ksState>
    <ksState>
      <x>-4.936003907642786</x>
      <y>-19.770711485159147</y>
      <orientation>-4.223112475950441</orientation>
      <velocity>0.6000000000000001</velocity>
      <steeringAngle>-1.0127</steeringAngle>
      <time>67</time>
    </ksState>
    <ksState>
      <x>-4.961440020064615</x>
      <y>-19.721949370855707</y>
      <orientation>-4.256822605224554</orientation>
      <velocity>0.40000000000000013</velocity>
      <steeringAngle>-0.9860499999999999</steeringAngle>
      <time>68</time>
    </ksState>
    <ksState>
      <x>-4.97668074866164</x>
      <y>-19.690442561783158</y>
      <orientation>-4.277074990005602</orientation>
      <velocity>0.20000000000000015</velocity>
      <steeringAngle>-0.9593999999999998</steeringAngle>
      <time>69</time>
    </ksState>
    <ksState>
      <x>-4.982981065206917</x>
      <y>-19.676829902912143</y>
      <orientation>-4.285295344483513</orientation>
      <velocity>1.3877787807814457e-16</velocity>
      <steeringAngle>-0.9327499999999997</steeringAngle>
      <time>70</time>
    </ksState>
  </ksTrajectory>
</CommonRoadSolution>
