<?xml version="1.0" ?>
<CommonRoadSolution benchmark_id="KS2:SM1:DEU_Ffb-1_6_T-1:2018b" date="2019-11-18">
  <ksTrajectory planningProblem="49603">
    <ksState>
      <x>50.0</x>
      <y>0.0</y>
      <orientation>0.0</orientation>
      <velocity>8.0</velocity>
      <steeringAngle>0.0</steeringAngle>
      <time>0</time>
    </ksState>
    <ksState>
      <x>50.815</x>
      <y>0.0</y>
      <orientation>0.002144392904657439</orientation>
      <velocity>8.600000000000001</velocity>
      <steeringAngle>0.026650000000000004</steeringAngle>
      <time>1</time>
    </ksState>
    <ksState>
      <x>51.689989351600865</x>
      <y>0.003854165050573123</y>
      <orientation>0.013490480413960488</orientation>
      <velocity>9.200000000000003</velocity>
      <steeringAngle>0.05330000000000001</steeringAngle>
      <time>2</time>
    </ksState>
    <ksState>
      <x>52.624821789754755</x>
      <y>0.02098676905570698</y>
      <orientation>0.03529619172936662</orientation>
      <velocity>9.800000000000004</velocity>
      <steeringAngle>0.07995000000000001</steeringAngle>
      <time>3</time>
    </ksState>
    <ksState>
      <x>53.618872300751526</x>
      <y>0.0637797304680149</y>
      <orientation>0.06883751223909383</orientation>
      <velocity>10.400000000000006</velocity>
      <steeringAngle>0.10660000000000001</steeringAngle>
      <time>4</time>
    </ksState>
    <ksState>
      <x>54.670455527538955</x>
      <y>0.1478523897067028</y>
      <orientation>0.11541224112274191</orientation>
      <velocity>11.000000000000007</velocity>
      <steeringAngle>0.13325</steeringAngle>
      <time>5</time>
    </ksState>
    <ksState>
      <x>55.75615582283459</x>
      <y>0.2893971470206475</y>
      <orientation>0.17232711300203266</orientation>
      <velocity>10.8</velocity>
      <steeringAngle>0.13325</steeringAngle>
      <time>6</time>
    </ksState>
    <ksState>
      <x>56.81245117873483</x>
      <y>0.48848894327023695</y>
      <orientation>0.22820244384243224</orientation>
      <velocity>10.600000000000001</velocity>
      <steeringAngle>0.13325</steeringAngle>
      <time>7</time>
    </ksState>
    <ksState>
      <x>57.83663445788762</x>
      <y>0.741199182011</y>
      <orientation>0.28303823364394065</orientation>
      <velocity>10.400000000000002</velocity>
      <steeringAngle>0.13325</steeringAngle>
      <time>8</time>
    </ksState>
    <ksState>
      <x>58.82638574198655</x>
      <y>1.0435595220689937</y>
      <orientation>0.33683448240655794</orientation>
      <velocity>10.200000000000003</velocity>
      <steeringAngle>0.13325</steeringAngle>
      <time>9</time>
    </ksState>
    <ksState>
      <x>59.779757178920924</x>
      <y>1.3915924746488628</y>
      <orientation>0.3895911901302841</orientation>
      <velocity>10.000000000000004</velocity>
      <steeringAngle>0.13325</steeringAngle>
      <time>10</time>
    </ksState>
    <ksState>
      <x>60.67685853733604</x>
      <y>1.773264786234198</y>
      <orientation>0.44277181315949143</orientation>
      <velocity>9.0</velocity>
      <steeringAngle>0.15990000000000001</steeringAngle>
      <time>11</time>
    </ksState>
    <ksState>
      <x>61.46220450603301</x>
      <y>2.1588879957106193</y>
      <orientation>0.4997495186211192</orientation>
      <velocity>8.0</velocity>
      <steeringAngle>0.18655000000000002</steeringAngle>
      <time>12</time>
    </ksState>
    <ksState>
      <x>62.137022966963585</x>
      <y>2.539829591714307</y>
      <orientation>0.5584817486014435</orientation>
      <velocity>7.0</velocity>
      <steeringAngle>0.21320000000000003</steeringAngle>
      <time>13</time>
    </ksState>
    <ksState>
      <x>62.70428570047235</x>
      <y>2.9055341213864287</y>
      <orientation>0.6169086196376201</orientation>
      <velocity>6.0</velocity>
      <steeringAngle>0.23985000000000004</steeringAngle>
      <time>14</time>
    </ksState>
    <ksState>
      <x>63.168680237953936</x>
      <y>3.2444971685796515</y>
      <orientation>0.6729466353760497</orientation>
      <velocity>5.0</velocity>
      <steeringAngle>0.2665</steeringAngle>
      <time>15</time>
    </ksState>
    <ksState>
      <x>63.536352235523296</x>
      <y>3.5451679355459347</y>
      <orientation>0.7244821179531888</orientation>
      <velocity>4.0</velocity>
      <steeringAngle>0.29315</steeringAngle>
      <time>16</time>
    </ksState>
    <ksState>
      <x>63.814417635281146</x>
      <y>3.7967339413627643</y>
      <orientation>0.7693642916026653</orientation>
      <velocity>3.0</velocity>
      <steeringAngle>0.3198000000000001</steeringAngle>
      <time>17</time>
    </ksState>
    <ksState>
      <x>64.01027315005774</x>
      <y>3.989758967736507</y>
      <orientation>0.8053979451530826</orientation>
      <velocity>2.0</velocity>
      <steeringAngle>0.34645000000000015</steeringAngle>
      <time>18</time>
    </ksState>
    <ksState>
      <x>64.13075525738587</x>
      <y>4.116674656837999</y>
      <orientation>0.8303355916901197</orientation>
      <velocity>1.0</velocity>
      <steeringAngle>0.3731000000000002</steeringAngle>
      <time>19</time>
    </ksState>
    <ksState>
      <x>64.18121182963218</x>
      <y>4.172163956022437</y>
      <orientation>0.8418690334464517</orientation>
      <velocity>0.0</velocity>
      <steeringAngle>0.39975000000000027</steeringAngle>
      <time>20</time>
    </ksState>
    <ksState>
      <x>64.18787252861154</x>
      <y>4.179622849312087</y>
      <orientation>0.8435685557777898</orientation>
      <velocity>0.4</velocity>
      <steeringAngle>0.4264</steeringAngle>
      <time>21</time>
    </ksState>
    <ksState>
      <x>64.2210335172738</x>
      <y>4.217043984839744</y>
      <orientation>0.8525641132783625</orientation>
      <velocity>0.8</velocity>
      <steeringAngle>0.45304999999999995</steeringAngle>
      <time>22</time>
    </ksState>
    <ksState>
      <x>64.27997322001218</x>
      <y>4.285058670107304</y>
      <orientation>0.8698751243336412</orientation>
      <velocity>1.2</velocity>
      <steeringAngle>0.4796999999999999</steeringAngle>
      <time>23</time>
    </ksState>
    <ksState>
      <x>64.36316228398096</x>
      <y>4.38495343658425</y>
      <orientation>0.8965620986824673</orientation>
      <velocity>1.5999999999999999</velocity>
      <steeringAngle>0.5063499999999999</steeringAngle>
      <time>24</time>
    </ksState>
    <ksState>
      <x>64.46807539361112</x>
      <y>4.518711085283721</y>
      <orientation>0.9337319665689068</orientation>
      <velocity>1.9999999999999998</velocity>
      <steeringAngle>0.5329999999999999</steeringAngle>
      <time>25</time>
    </ksState>
    <ksState>
      <x>64.57942579542942</x>
      <y>4.672647365566102</y>
      <orientation>0.9765744910255323</orientation>
      <velocity>1.6</velocity>
      <steeringAngle>0.50635</steeringAngle>
      <time>26</time>
    </ksState>
  </ksTrajectory>
</CommonRoadSolution>
