<?xml version="1.0" ?>
<CommonRoadSolution benchmark_id="KS2:SM1:USA_US101-27_2_T-1:2018b" date="2019-11-18">
  <ksTrajectory planningProblem="352">
    <ksState>
      <x>0.0</x>
      <y>0.0</y>
      <orientation>-0.71</orientation>
      <velocity>14.0</velocity>
      <steeringAngle>0.0</steeringAngle>
      <time>0</time>
    </ksState>
    <ksState>
      <x>1.0427475794869487</x>
      <y>-0.8962714351546128</y>
      <orientation>-0.71</orientation>
      <velocity>13.0</velocity>
      <steeringAngle>0.0</steeringAngle>
      <time>1</time>
    </ksState>
    <ksState>
      <x>2.0096589713748467</x>
      <y>-1.727359493207072</y>
      <orientation>-0.71</orientation>
      <velocity>12.0</velocity>
      <steeringAngle>0.0</steeringAngle>
      <time>2</time>
    </ksState>
    <ksState>
      <x>2.900734175663694</x>
      <y>-2.4932641741573778</y>
      <orientation>-0.71</orientation>
      <velocity>11.0</velocity>
      <steeringAngle>0.0</steeringAngle>
      <time>3</time>
    </ksState>
    <ksState>
      <x>3.7159731923534904</x>
      <y>-3.1939854780055295</y>
      <orientation>-0.71</orientation>
      <velocity>10.0</velocity>
      <steeringAngle>0.0</steeringAngle>
      <time>4</time>
    </ksState>
    <ksState>
      <x>4.455376021444236</x>
      <y>-3.8295234047515274</y>
      <orientation>-0.71</orientation>
      <velocity>9.0</velocity>
      <steeringAngle>0.0</steeringAngle>
      <time>5</time>
    </ksState>
    <ksState>
      <x>5.122734472315884</x>
      <y>-4.403137123250479</y>
      <orientation>-0.7122219010819342</orientation>
      <velocity>8.2</velocity>
      <steeringAngle>-0.026650000000000004</steeringAngle>
      <time>6</time>
    </ksState>
    <ksState>
      <x>5.727181068671241</x>
      <y>-4.927199562691653</y>
      <orientation>-0.7225082695101951</orientation>
      <velocity>7.399999999999999</velocity>
      <steeringAngle>-0.05330000000000001</steeringAngle>
      <time>7</time>
    </ksState>
    <ksState>
      <x>6.265509465520287</x>
      <y>-5.405315605149341</y>
      <orientation>-0.7392180282927638</orientation>
      <velocity>6.599999999999998</velocity>
      <steeringAngle>-0.07995000000000001</steeringAngle>
      <time>8</time>
    </ksState>
    <ksState>
      <x>6.736313451420738</x>
      <y>-5.838827835863832</y>
      <orientation>-0.7607151715179388</orientation>
      <velocity>5.799999999999997</velocity>
      <steeringAngle>-0.10660000000000001</steeringAngle>
      <time>9</time>
    </ksState>
    <ksState>
      <x>7.1396916024862875</x>
      <y>-6.227253800999559</y>
      <orientation>-0.7853641279411769</orientation>
      <velocity>4.9999999999999964</velocity>
      <steeringAngle>-0.13325</steeringAngle>
      <time>10</time>
    </ksState>
    <ksState>
      <x>7.490945161434768</x>
      <y>-6.5830773307093144</y>
      <orientation>-0.8100399847607754</orientation>
      <velocity>5.0</velocity>
      <steeringAngle>-0.1066</steeringAngle>
      <time>11</time>
    </ksState>
    <ksState>
      <x>7.833792304234002</x>
      <y>-6.947012917888958</y>
      <orientation>-0.8294815182475844</orientation>
      <velocity>5.0</velocity>
      <steeringAngle>-0.07995</steeringAngle>
      <time>12</time>
    </ksState>
    <ksState>
      <x>8.169984180549454</x>
      <y>-7.3171091918612134</y>
      <orientation>-0.8437166388817625</orientation>
      <velocity>5.0</velocity>
      <steeringAngle>-0.053299999999999986</steeringAngle>
      <time>13</time>
    </ksState>
    <ksState>
      <x>8.50136130090628</x>
      <y>-7.6915254473646</y>
      <orientation>-0.8527656883053233</orientation>
      <velocity>5.0</velocity>
      <steeringAngle>-0.02664999999999998</steeringAngle>
      <time>14</time>
    </ksState>
    <ksState>
      <x>8.829825644179106</x>
      <y>-8.068501252770808</y>
      <orientation>-0.8566415560387145</orientation>
      <velocity>5.0</velocity>
      <steeringAngle>2.42861286636753e-17</steeringAngle>
      <time>15</time>
    </ksState>
    <ksState>
      <x>9.157315122025723</x>
      <y>-8.44632481198827</y>
      <orientation>-0.8553497530841015</orientation>
      <velocity>5.0</velocity>
      <steeringAngle>0.026650000000000004</steeringAngle>
      <time>16</time>
    </ksState>
    <ksState>
      <x>9.485779465298549</x>
      <y>-8.823300617394477</y>
      <orientation>-0.8488884433110512</orientation>
      <velocity>5.0</velocity>
      <steeringAngle>0.05330000000000001</steeringAngle>
      <time>17</time>
    </ksState>
    <ksState>
      <x>9.817156585655376</x>
      <y>-9.197716872897864</y>
      <orientation>-0.8372484330051757</orientation>
      <velocity>5.0</velocity>
      <steeringAngle>0.07995000000000001</steeringAngle>
      <time>18</time>
    </ksState>
    <ksState>
      <x>10.153348461970827</x>
      <y>-9.567813146870119</y>
      <orientation>-0.820413118453105</orientation>
      <velocity>5.0</velocity>
      <steeringAngle>0.10660000000000001</steeringAngle>
      <time>19</time>
    </ksState>
    <ksState>
      <x>10.496195604770062</x>
      <y>-9.931748734049762</y>
      <orientation>-0.7983583909273163</orientation>
      <velocity>5.0</velocity>
      <steeringAngle>0.13325</steeringAngle>
      <time>20</time>
    </ksState>
    <ksState>
      <x>10.847449163718542</x>
      <y>-10.287572263759516</y>
      <orientation>-0.7723698649550375</orientation>
      <velocity>5.0</velocity>
      <steeringAngle>0.13325</steeringAngle>
      <time>21</time>
    </ksState>
    <ksState>
      <x>11.207830398536938</x>
      <y>-10.634148103309608</y>
      <orientation>-0.7463813389827586</orientation>
      <velocity>5.0</velocity>
      <steeringAngle>0.13325</steeringAngle>
      <time>22</time>
    </ksState>
    <ksState>
      <x>11.577095920183611</x>
      <y>-10.971242187345641</y>
      <orientation>-0.7203928130104796</orientation>
      <velocity>5.0</velocity>
      <steeringAngle>0.13325</steeringAngle>
      <time>23</time>
    </ksState>
    <ksState>
      <x>11.95499633947638</x>
      <y>-11.298626854163489</y>
      <orientation>-0.6944042870382008</orientation>
      <velocity>5.0</velocity>
      <steeringAngle>0.13325</steeringAngle>
      <time>24</time>
    </ksState>
    <ksState>
      <x>12.341276435521365</x>
      <y>-11.616080999464126</y>
      <orientation>-0.6684157610659219</orientation>
      <velocity>5.0</velocity>
      <steeringAngle>0.13325</steeringAngle>
      <time>25</time>
    </ksState>
    <ksState>
      <x>12.715855550625092</x>
      <y>-11.90815288924519</y>
      <orientation>-0.6449080636296693</orientation>
      <velocity>4.0</velocity>
      <steeringAngle>0.1066</steeringAngle>
      <time>26</time>
    </ksState>
    <ksState>
      <x>13.01640684045205</x>
      <y>-12.132410580115685</y>
      <orientation>-0.63026167681967</orientation>
      <velocity>3.0</velocity>
      <steeringAngle>0.07995</steeringAngle>
      <time>27</time>
    </ksState>
    <ksState>
      <x>13.238914215275022</x>
      <y>-12.294012130097775</y>
      <orientation>-0.6223674250268219</orientation>
      <velocity>2.0</velocity>
      <steeringAngle>0.053299999999999986</steeringAngle>
      <time>28</time>
    </ksState>
    <ksState>
      <x>13.381192142019247</x>
      <y>-12.39590403097465</y>
      <orientation>-0.6191355297568248</orientation>
      <velocity>1.0</velocity>
      <steeringAngle>0.02664999999999998</steeringAngle>
      <time>29</time>
    </ksState>
    <ksState>
      <x>13.442278170376502</x>
      <y>-12.439418359714354</y>
      <orientation>-0.6184895365056078</orientation>
      <velocity>0.0</velocity>
      <steeringAngle>-2.42861286636753e-17</steeringAngle>
      <time>30</time>
    </ksState>
  </ksTrajectory>
</CommonRoadSolution>
