<?xml version="1.0" ?>
<CommonRoadSolution benchmark_id="KS2:SM1:USA_Lanker-1_7_T-1:2018b" date="2019-11-18">
  <ksTrajectory planningProblem="1782">
    <ksState>
      <x>0.0</x>
      <y>0.0</y>
      <orientation>1.1295</orientation>
      <velocity>10.0</velocity>
      <steeringAngle>0.0</steeringAngle>
      <time>0</time>
    </ksState>
    <ksState>
      <x>0.42711196067352997</x>
      <y>0.9041987464322282</y>
      <orientation>1.1295</orientation>
      <velocity>10.0</velocity>
      <steeringAngle>0.0</steeringAngle>
      <time>1</time>
    </ksState>
    <ksState>
      <x>0.8542239213470599</x>
      <y>1.8083974928644564</y>
      <orientation>1.1295</orientation>
      <velocity>10.0</velocity>
      <steeringAngle>0.0</steeringAngle>
      <time>2</time>
    </ksState>
    <ksState>
      <x>1.2813358820205898</x>
      <y>2.7125962392966847</y>
      <orientation>1.1295</orientation>
      <velocity>10.0</velocity>
      <steeringAngle>0.0</steeringAngle>
      <time>3</time>
    </ksState>
    <ksState>
      <x>1.7084478426941199</x>
      <y>3.616794985728913</y>
      <orientation>1.1295</orientation>
      <velocity>10.0</velocity>
      <steeringAngle>0.0</steeringAngle>
      <time>4</time>
    </ksState>
    <ksState>
      <x>2.13555980336765</x>
      <y>4.520993732161141</y>
      <orientation>1.1295</orientation>
      <velocity>10.0</velocity>
      <steeringAngle>0.0</steeringAngle>
      <time>5</time>
    </ksState>
    <ksState>
      <x>2.5584006444344447</x>
      <y>5.416150491129047</y>
      <orientation>1.1295</orientation>
      <velocity>9.600000000000001</velocity>
      <steeringAngle>0.0</steeringAngle>
      <time>6</time>
    </ksState>
    <ksState>
      <x>2.964157007074298</x>
      <y>6.2751393002396645</y>
      <orientation>1.1295</orientation>
      <velocity>9.200000000000003</velocity>
      <steeringAngle>0.0</steeringAngle>
      <time>7</time>
    </ksState>
    <ksState>
      <x>3.352828891287211</x>
      <y>7.097960159492992</y>
      <orientation>1.1295</orientation>
      <velocity>8.800000000000004</velocity>
      <steeringAngle>0.0</steeringAngle>
      <time>8</time>
    </ksState>
    <ksState>
      <x>3.724416297073182</x>
      <y>7.884613068889031</y>
      <orientation>1.1295</orientation>
      <velocity>8.400000000000006</velocity>
      <steeringAngle>0.0</steeringAngle>
      <time>9</time>
    </ksState>
    <ksState>
      <x>4.078919224432212</x>
      <y>8.63509802842778</y>
      <orientation>1.1295</orientation>
      <velocity>8.000000000000007</velocity>
      <steeringAngle>0.0</steeringAngle>
      <time>10</time>
    </ksState>
    <ksState>
      <x>4.4142021135609335</x>
      <y>9.34489404437708</y>
      <orientation>1.1295</orientation>
      <velocity>7.4</velocity>
      <steeringAngle>0.0</steeringAngle>
      <time>11</time>
    </ksState>
    <ksState>
      <x>4.723858285049243</x>
      <y>10.000438135540445</y>
      <orientation>1.1295</orientation>
      <velocity>6.800000000000001</velocity>
      <steeringAngle>0.0</steeringAngle>
      <time>12</time>
    </ksState>
  </ksTrajectory>
</CommonRoadSolution>
