<?xml version="1.0" ?>
<CommonRoadSolution benchmark_id="KS2:SM1:RUS_Bicycle-2_1_T-1:2018b" date="2019-11-18">
  <ksTrajectory planningProblem="13">
    <ksState>
      <x>2.5</x>
      <y>20.0</y>
      <orientation>0.0</orientation>
      <velocity>7.0</velocity>
      <steeringAngle>0.0</steeringAngle>
      <time>0</time>
    </ksState>
    <ksState>
      <x>3.215</x>
      <y>20.0</y>
      <orientation>0.0</orientation>
      <velocity>7.6</velocity>
      <steeringAngle>0.0</steeringAngle>
      <time>1</time>
    </ksState>
    <ksState>
      <x>3.99</x>
      <y>20.0</y>
      <orientation>0.0</orientation>
      <velocity>8.2</velocity>
      <steeringAngle>0.0</steeringAngle>
      <time>2</time>
    </ksState>
    <ksState>
      <x>4.825</x>
      <y>20.0</y>
      <orientation>0.0</orientation>
      <velocity>8.8</velocity>
      <steeringAngle>0.0</steeringAngle>
      <time>3</time>
    </ksState>
    <ksState>
      <x>5.720000000000001</x>
      <y>20.0</y>
      <orientation>0.0</orientation>
      <velocity>9.400000000000002</velocity>
      <steeringAngle>0.0</steeringAngle>
      <time>4</time>
    </ksState>
    <ksState>
      <x>6.675000000000001</x>
      <y>20.0</y>
      <orientation>0.0</orientation>
      <velocity>10.000000000000004</velocity>
      <steeringAngle>0.0</steeringAngle>
      <time>5</time>
    </ksState>
    <ksState>
      <x>7.675000000000001</x>
      <y>20.0</y>
      <orientation>0.0</orientation>
      <velocity>10.0</velocity>
      <steeringAngle>0.0</steeringAngle>
      <time>6</time>
    </ksState>
    <ksState>
      <x>8.675</x>
      <y>20.0</y>
      <orientation>0.0</orientation>
      <velocity>10.0</velocity>
      <steeringAngle>0.0</steeringAngle>
      <time>7</time>
    </ksState>
    <ksState>
      <x>9.675</x>
      <y>20.0</y>
      <orientation>0.0</orientation>
      <velocity>10.0</velocity>
      <steeringAngle>0.0</steeringAngle>
      <time>8</time>
    </ksState>
    <ksState>
      <x>10.675</x>
      <y>20.0</y>
      <orientation>0.0</orientation>
      <velocity>10.0</velocity>
      <steeringAngle>0.0</steeringAngle>
      <time>9</time>
    </ksState>
    <ksState>
      <x>11.675</x>
      <y>20.0</y>
      <orientation>0.0</orientation>
      <velocity>10.0</velocity>
      <steeringAngle>0.0</steeringAngle>
      <time>10</time>
    </ksState>
    <ksState>
      <x>12.675</x>
      <y>20.0</y>
      <orientation>0.00258360590922583</orientation>
      <velocity>10.0</velocity>
      <steeringAngle>0.026650000000000004</steeringAngle>
      <time>11</time>
    </ksState>
    <ksState>
      <x>13.674983308970592</x>
      <y>20.005167630434556</y>
      <orientation>0.015506225455326665</orientation>
      <velocity>10.0</velocity>
      <steeringAngle>0.05330000000000001</steeringAngle>
      <time>12</time>
    </ksState>
    <ksState>
      <x>14.674756155236617</x>
      <y>20.025843910239058</y>
      <orientation>0.03878624606707765</orientation>
      <velocity>10.0</velocity>
      <steeringAngle>0.07995000000000001</steeringAngle>
      <time>13</time>
    </ksState>
    <ksState>
      <x>15.67364262287583</x>
      <y>20.07237885426426</y>
      <orientation>0.07245687517121892</orientation>
      <velocity>10.0</velocity>
      <steeringAngle>0.10660000000000001</steeringAngle>
      <time>14</time>
    </ksState>
    <ksState>
      <x>16.670160562506176</x>
      <y>20.15510973091637</y>
      <orientation>0.11656633022279633</orientation>
      <velocity>10.0</velocity>
      <steeringAngle>0.13325</steeringAngle>
      <time>15</time>
    </ksState>
    <ksState>
      <x>17.63694919964228</x>
      <y>20.280745441626514</y>
      <orientation>0.1647498844786474</orientation>
      <velocity>9.0</velocity>
      <steeringAngle>0.1066</steeringAngle>
      <time>16</time>
    </ksState>
    <ksState>
      <x>18.49872671949654</x>
      <y>20.432065739973996</y>
      <orientation>0.19883780477545565</orientation>
      <velocity>8.0</velocity>
      <steeringAngle>0.07995</steeringAngle>
      <time>17</time>
    </ksState>
    <ksState>
      <x>19.257507864658496</x>
      <y>20.589714112177194</y>
      <orientation>0.220967177202482</orientation>
      <velocity>7.0</velocity>
      <steeringAngle>0.053299999999999986</steeringAngle>
      <time>18</time>
    </ksState>
    <ksState>
      <x>19.915571804964262</x>
      <y>20.739950216781132</y>
      <orientation>0.23324812189603986</orientation>
      <velocity>6.0</velocity>
      <steeringAngle>0.02664999999999998</steeringAngle>
      <time>19</time>
    </ksState>
    <ksState>
      <x>20.47480285499662</x>
      <y>20.873684428583186</y>
      <orientation>0.237769982880648</orientation>
      <velocity>5.0</velocity>
      <steeringAngle>-2.42861286636753e-17</steeringAngle>
      <time>20</time>
    </ksState>
  </ksTrajectory>
</CommonRoadSolution>
