<?xml version="1.0" ?>
<CommonRoadSolution benchmark_id="KS2:SM1:CHN_Sha-6_4_T-1:2018b" date="2019-11-18">
  <ksTrajectory planningProblem="1">
    <ksState>
      <x>-201.1188</x>
      <y>163.1822</y>
      <orientation>-0.5092</orientation>
      <velocity>8.0</velocity>
      <steeringAngle>0.0</steeringAngle>
      <time>0</time>
    </ksState>
    <ksState>
      <x>-200.40719516234944</x>
      <y>162.78490470046532</y>
      <orientation>-0.5092</orientation>
      <velocity>8.600000000000001</velocity>
      <steeringAngle>0.0</steeringAngle>
      <time>1</time>
    </ksState>
    <ksState>
      <x>-199.64320223849148</x>
      <y>162.3583606672226</y>
      <orientation>-0.5092</orientation>
      <velocity>9.200000000000003</velocity>
      <steeringAngle>0.0</steeringAngle>
      <time>2</time>
    </ksState>
    <ksState>
      <x>-198.82682122842613</x>
      <y>161.90256790027178</y>
      <orientation>-0.5092</orientation>
      <velocity>9.800000000000004</velocity>
      <steeringAngle>0.0</steeringAngle>
      <time>3</time>
    </ksState>
    <ksState>
      <x>-197.9580521321534</x>
      <y>161.4175263996129</y>
      <orientation>-0.5092</orientation>
      <velocity>10.400000000000006</velocity>
      <steeringAngle>0.0</steeringAngle>
      <time>4</time>
    </ksState>
    <ksState>
      <x>-197.03689494967324</x>
      <y>160.90323616524594</y>
      <orientation>-0.5092</orientation>
      <velocity>11.000000000000007</velocity>
      <steeringAngle>0.0</steeringAngle>
      <time>5</time>
    </ksState>
    <ksState>
      <x>-196.06334968098568</x>
      <y>160.3596971971709</y>
      <orientation>-0.5092</orientation>
      <velocity>11.600000000000001</velocity>
      <steeringAngle>0.0</steeringAngle>
      <time>6</time>
    </ksState>
    <ksState>
      <x>-195.03741632609072</x>
      <y>159.78690949538782</y>
      <orientation>-0.5092</orientation>
      <velocity>12.200000000000003</velocity>
      <steeringAngle>0.0</steeringAngle>
      <time>7</time>
    </ksState>
    <ksState>
      <x>-193.95909488498836</x>
      <y>159.18487305989663</y>
      <orientation>-0.5092</orientation>
      <velocity>12.800000000000004</velocity>
      <steeringAngle>0.0</steeringAngle>
      <time>8</time>
    </ksState>
    <ksState>
      <x>-192.82838535767857</x>
      <y>158.5535878906974</y>
      <orientation>-0.5092</orientation>
      <velocity>13.400000000000006</velocity>
      <steeringAngle>0.0</steeringAngle>
      <time>9</time>
    </ksState>
    <ksState>
      <x>-191.6452877441614</x>
      <y>157.89305398779007</y>
      <orientation>-0.5092</orientation>
      <velocity>14.000000000000007</velocity>
      <steeringAngle>0.0</steeringAngle>
      <time>10</time>
    </ksState>
    <ksState>
      <x>-190.41416771828744</x>
      <y>157.20570874565036</y>
      <orientation>-0.5092</orientation>
      <velocity>14.399999999999999</velocity>
      <steeringAngle>0.0</steeringAngle>
      <time>11</time>
    </ksState>
    <ksState>
      <x>-189.14812230160857</x>
      <y>156.49886434770525</y>
      <orientation>-0.5092</orientation>
      <velocity>14.799999999999997</velocity>
      <steeringAngle>0.0</steeringAngle>
      <time>12</time>
    </ksState>
    <ksState>
      <x>-187.84715149412474</x>
      <y>155.77252079395475</y>
      <orientation>-0.5092</orientation>
      <velocity>15.199999999999996</velocity>
      <steeringAngle>0.0</steeringAngle>
      <time>13</time>
    </ksState>
    <ksState>
      <x>-186.51125529583598</x>
      <y>155.0266780843989</y>
      <orientation>-0.5092</orientation>
      <velocity>15.599999999999994</velocity>
      <steeringAngle>0.0</steeringAngle>
      <time>14</time>
    </ksState>
    <ksState>
      <x>-185.14043370674227</x>
      <y>154.26133621903764</y>
      <orientation>-0.5092</orientation>
      <velocity>15.999999999999993</velocity>
      <steeringAngle>0.0</steeringAngle>
      <time>15</time>
    </ksState>
    <ksState>
      <x>-183.73468672684365</x>
      <y>153.476495197871</y>
      <orientation>-0.5092</orientation>
      <velocity>16.4</velocity>
      <steeringAngle>0.0</steeringAngle>
      <time>16</time>
    </ksState>
    <ksState>
      <x>-182.29401435614008</x>
      <y>152.672155020899</y>
      <orientation>-0.5092</orientation>
      <velocity>16.799999999999997</velocity>
      <steeringAngle>0.0</steeringAngle>
      <time>17</time>
    </ksState>
    <ksState>
      <x>-180.81841659463157</x>
      <y>151.8483156881216</y>
      <orientation>-0.5092</orientation>
      <velocity>17.199999999999996</velocity>
      <steeringAngle>0.0</steeringAngle>
      <time>18</time>
    </ksState>
    <ksState>
      <x>-179.30789344231815</x>
      <y>151.0049771995388</y>
      <orientation>-0.5092</orientation>
      <velocity>17.599999999999994</velocity>
      <steeringAngle>0.0</steeringAngle>
      <time>19</time>
    </ksState>
    <ksState>
      <x>-177.76244489919978</x>
      <y>150.14213955515066</y>
      <orientation>-0.5092</orientation>
      <velocity>17.999999999999993</velocity>
      <steeringAngle>0.0</steeringAngle>
      <time>20</time>
    </ksState>
    <ksState>
      <x>-176.1864366391271</x>
      <y>149.26224014943278</y>
      <orientation>-0.5092</orientation>
      <velocity>18.200000000000003</velocity>
      <steeringAngle>0.0</steeringAngle>
      <time>21</time>
    </ksState>
    <ksState>
      <x>-174.59296568365193</x>
      <y>148.37259116581222</y>
      <orientation>-0.5092</orientation>
      <velocity>18.400000000000006</velocity>
      <steeringAngle>0.0</steeringAngle>
      <time>22</time>
    </ksState>
    <ksState>
      <x>-172.98203203277433</x>
      <y>147.47319260428898</y>
      <orientation>-0.5092</orientation>
      <velocity>18.60000000000001</velocity>
      <steeringAngle>0.0</steeringAngle>
      <time>23</time>
    </ksState>
    <ksState>
      <x>-171.35363568649421</x>
      <y>146.56404446486303</y>
      <orientation>-0.5092</orientation>
      <velocity>18.80000000000001</velocity>
      <steeringAngle>0.0</steeringAngle>
      <time>24</time>
    </ksState>
    <ksState>
      <x>-169.70777664481167</x>
      <y>145.6451467475344</y>
      <orientation>-0.5092</orientation>
      <velocity>19.000000000000014</velocity>
      <steeringAngle>0.0</steeringAngle>
      <time>25</time>
    </ksState>
    <ksState>
      <x>-168.07064895083036</x>
      <y>144.73112381915712</y>
      <orientation>-0.5092</orientation>
      <velocity>18.0</velocity>
      <steeringAngle>0.0</steeringAngle>
      <time>26</time>
    </ksState>
    <ksState>
      <x>-166.52083473386136</x>
      <y>143.86584878029328</y>
      <orientation>-0.5092</orientation>
      <velocity>17.0</velocity>
      <steeringAngle>0.0</steeringAngle>
      <time>27</time>
    </ksState>
    <ksState>
      <x>-165.0583339939047</x>
      <y>143.0493216309429</y>
      <orientation>-0.5092</orientation>
      <velocity>16.0</velocity>
      <steeringAngle>0.0</steeringAngle>
      <time>28</time>
    </ksState>
    <ksState>
      <x>-163.6831467309604</x>
      <y>142.28154237110599</y>
      <orientation>-0.5092</orientation>
      <velocity>15.0</velocity>
      <steeringAngle>0.0</steeringAngle>
      <time>29</time>
    </ksState>
    <ksState>
      <x>-162.39527294502844</x>
      <y>141.5625110007825</y>
      <orientation>-0.5092</orientation>
      <velocity>14.0</velocity>
      <steeringAngle>0.0</steeringAngle>
      <time>30</time>
    </ksState>
    <ksState>
      <x>-161.1947126361088</x>
      <y>140.8922275199725</y>
      <orientation>-0.5092</orientation>
      <velocity>13.0</velocity>
      <steeringAngle>0.0</steeringAngle>
      <time>31</time>
    </ksState>
    <ksState>
      <x>-160.0814658042015</x>
      <y>140.27069192867594</y>
      <orientation>-0.5092</orientation>
      <velocity>12.0</velocity>
      <steeringAngle>0.0</steeringAngle>
      <time>32</time>
    </ksState>
    <ksState>
      <x>-159.05553244930653</x>
      <y>139.69790422689283</y>
      <orientation>-0.5092</orientation>
      <velocity>11.0</velocity>
      <steeringAngle>0.0</steeringAngle>
      <time>33</time>
    </ksState>
    <ksState>
      <x>-158.1169125714239</x>
      <y>139.17386441462318</y>
      <orientation>-0.5092</orientation>
      <velocity>10.0</velocity>
      <steeringAngle>0.0</steeringAngle>
      <time>34</time>
    </ksState>
    <ksState>
      <x>-157.26560617055364</x>
      <y>138.698572491867</y>
      <orientation>-0.5092</orientation>
      <velocity>9.0</velocity>
      <steeringAngle>0.0</steeringAngle>
      <time>35</time>
    </ksState>
    <ksState>
      <x>-156.46668785589074</x>
      <y>138.25252930281889</y>
      <orientation>-0.5092</orientation>
      <velocity>9.600000000000001</velocity>
      <steeringAngle>0.0</steeringAngle>
      <time>36</time>
    </ksState>
    <ksState>
      <x>-155.61538145502047</x>
      <y>137.7772373800627</y>
      <orientation>-0.5092</orientation>
      <velocity>10.200000000000003</velocity>
      <steeringAngle>0.0</steeringAngle>
      <time>37</time>
    </ksState>
    <ksState>
      <x>-154.71168696794277</x>
      <y>137.27269672359841</y>
      <orientation>-0.5092</orientation>
      <velocity>10.800000000000004</velocity>
      <steeringAngle>0.0</steeringAngle>
      <time>38</time>
    </ksState>
    <ksState>
      <x>-153.7556043946577</x>
      <y>136.73890733342608</y>
      <orientation>-0.5092</orientation>
      <velocity>11.400000000000006</velocity>
      <steeringAngle>0.0</steeringAngle>
      <time>39</time>
    </ksState>
    <ksState>
      <x>-152.7471337351652</x>
      <y>136.17586920954568</y>
      <orientation>-0.5092</orientation>
      <velocity>12.000000000000007</velocity>
      <steeringAngle>0.0</steeringAngle>
      <time>40</time>
    </ksState>
    <ksState>
      <x>-151.69937201101715</x>
      <y>135.59089453538422</y>
      <orientation>-0.5092</orientation>
      <velocity>12.0</velocity>
      <steeringAngle>0.0</steeringAngle>
      <time>41</time>
    </ksState>
    <ksState>
      <x>-150.6516102868691</x>
      <y>135.00591986122274</y>
      <orientation>-0.5092</orientation>
      <velocity>12.0</velocity>
      <steeringAngle>0.0</steeringAngle>
      <time>42</time>
    </ksState>
    <ksState>
      <x>-149.60384856272105</x>
      <y>134.42094518706128</y>
      <orientation>-0.5092</orientation>
      <velocity>12.0</velocity>
      <steeringAngle>0.0</steeringAngle>
      <time>43</time>
    </ksState>
    <ksState>
      <x>-148.556086838573</x>
      <y>133.83597051289982</y>
      <orientation>-0.5092</orientation>
      <velocity>12.0</velocity>
      <steeringAngle>0.0</steeringAngle>
      <time>44</time>
    </ksState>
    <ksState>
      <x>-147.50832511442496</x>
      <y>133.25099583873836</y>
      <orientation>-0.5092</orientation>
      <velocity>12.0</velocity>
      <steeringAngle>0.0</steeringAngle>
      <time>45</time>
    </ksState>
    <ksState>
      <x>-146.46492906412755</x>
      <y>132.66845855905257</y>
      <orientation>-0.5092</orientation>
      <velocity>11.8</velocity>
      <steeringAngle>0.0</steeringAngle>
      <time>46</time>
    </ksState>
    <ksState>
      <x>-145.43899570923256</x>
      <y>132.09567085726945</y>
      <orientation>-0.5092</orientation>
      <velocity>11.600000000000001</velocity>
      <steeringAngle>0.0</steeringAngle>
      <time>47</time>
    </ksState>
    <ksState>
      <x>-144.43052504974008</x>
      <y>131.53263273338905</y>
      <orientation>-0.5092</orientation>
      <velocity>11.400000000000002</velocity>
      <steeringAngle>0.0</steeringAngle>
      <time>48</time>
    </ksState>
    <ksState>
      <x>-143.43951708565004</x>
      <y>130.97934418741133</y>
      <orientation>-0.5092</orientation>
      <velocity>11.200000000000003</velocity>
      <steeringAngle>0.0</steeringAngle>
      <time>49</time>
    </ksState>
    <ksState>
      <x>-142.46597181696248</x>
      <y>130.43580521933632</y>
      <orientation>-0.5092</orientation>
      <velocity>11.000000000000004</velocity>
      <steeringAngle>0.0</steeringAngle>
      <time>50</time>
    </ksState>
    <ksState>
      <x>-141.50988924367738</x>
      <y>129.902015829164</y>
      <orientation>-0.5092</orientation>
      <velocity>10.8</velocity>
      <steeringAngle>0.0</steeringAngle>
      <time>51</time>
    </ksState>
    <ksState>
      <x>-140.57126936579476</x>
      <y>129.37797601689434</y>
      <orientation>-0.5092</orientation>
      <velocity>10.600000000000001</velocity>
      <steeringAngle>0.0</steeringAngle>
      <time>52</time>
    </ksState>
    <ksState>
      <x>-139.6501121833146</x>
      <y>128.86368578252737</y>
      <orientation>-0.5092</orientation>
      <velocity>10.400000000000002</velocity>
      <steeringAngle>0.0</steeringAngle>
      <time>53</time>
    </ksState>
    <ksState>
      <x>-138.7464176962369</x>
      <y>128.3591451260631</y>
      <orientation>-0.5092</orientation>
      <velocity>10.200000000000003</velocity>
      <steeringAngle>0.0</steeringAngle>
      <time>54</time>
    </ksState>
    <ksState>
      <x>-137.8601859045617</x>
      <y>127.86435404750154</y>
      <orientation>-0.5092</orientation>
      <velocity>10.000000000000004</velocity>
      <steeringAngle>0.0</steeringAngle>
      <time>55</time>
    </ksState>
    <ksState>
      <x>-136.9826854605877</x>
      <y>127.37443775789131</y>
      <orientation>-0.5092</orientation>
      <velocity>10.2</velocity>
      <steeringAngle>0.0</steeringAngle>
      <time>56</time>
    </ksState>
    <ksState>
      <x>-136.08772232121123</x>
      <y>126.87477189037838</y>
      <orientation>-0.5092</orientation>
      <velocity>10.399999999999999</velocity>
      <steeringAngle>0.0</steeringAngle>
      <time>57</time>
    </ksState>
    <ksState>
      <x>-135.17529648643233</x>
      <y>126.36535644496279</y>
      <orientation>-0.5092</orientation>
      <velocity>10.599999999999998</velocity>
      <steeringAngle>0.0</steeringAngle>
      <time>58</time>
    </ksState>
    <ksState>
      <x>-134.24540795625092</x>
      <y>125.84619142164448</y>
      <orientation>-0.5092</orientation>
      <velocity>10.799999999999997</velocity>
      <steeringAngle>0.0</steeringAngle>
      <time>59</time>
    </ksState>
    <ksState>
      <x>-133.29805673066707</x>
      <y>125.31727682042349</y>
      <orientation>-0.5092</orientation>
      <velocity>10.999999999999996</velocity>
      <steeringAngle>0.0</steeringAngle>
      <time>60</time>
    </ksState>
    <ksState>
      <x>-132.34197415738197</x>
      <y>124.78348743025116</y>
      <orientation>-0.5092</orientation>
      <velocity>10.8</velocity>
      <steeringAngle>0.0</steeringAngle>
      <time>61</time>
    </ksState>
    <ksState>
      <x>-131.40335427949935</x>
      <y>124.25944761798151</y>
      <orientation>-0.5092</orientation>
      <velocity>10.600000000000001</velocity>
      <steeringAngle>0.0</steeringAngle>
      <time>62</time>
    </ksState>
    <ksState>
      <x>-130.4821970970192</x>
      <y>123.74515738361455</y>
      <orientation>-0.5092</orientation>
      <velocity>10.400000000000002</velocity>
      <steeringAngle>0.0</steeringAngle>
      <time>63</time>
    </ksState>
    <ksState>
      <x>-129.5785026099415</x>
      <y>123.24061672715028</y>
      <orientation>-0.5092</orientation>
      <velocity>10.200000000000003</velocity>
      <steeringAngle>0.0</steeringAngle>
      <time>64</time>
    </ksState>
    <ksState>
      <x>-128.69227081826628</x>
      <y>122.7458256485887</y>
      <orientation>-0.5092</orientation>
      <velocity>10.000000000000004</velocity>
      <steeringAngle>0.0</steeringAngle>
      <time>65</time>
    </ksState>
    <ksState>
      <x>-127.81913604814291</x>
      <y>122.25834675345415</y>
      <orientation>-0.5092</orientation>
      <velocity>10.0</velocity>
      <steeringAngle>0.0</steeringAngle>
      <time>66</time>
    </ksState>
    <ksState>
      <x>-126.94600127801954</x>
      <y>121.77086785831959</y>
      <orientation>-0.5092</orientation>
      <velocity>10.0</velocity>
      <steeringAngle>0.0</steeringAngle>
      <time>67</time>
    </ksState>
    <ksState>
      <x>-126.07286650789617</x>
      <y>121.28338896318505</y>
      <orientation>-0.5092</orientation>
      <velocity>10.0</velocity>
      <steeringAngle>0.0</steeringAngle>
      <time>68</time>
    </ksState>
    <ksState>
      <x>-125.1997317377728</x>
      <y>120.79591006805049</y>
      <orientation>-0.5092</orientation>
      <velocity>10.0</velocity>
      <steeringAngle>0.0</steeringAngle>
      <time>69</time>
    </ksState>
    <ksState>
      <x>-124.32659696764942</x>
      <y>120.30843117291593</y>
      <orientation>-0.5092</orientation>
      <velocity>10.0</velocity>
      <steeringAngle>0.0</steeringAngle>
      <time>70</time>
    </ksState>
    <ksState>
      <x>-123.46219354522728</x>
      <y>119.82582706673273</y>
      <orientation>-0.5092</orientation>
      <velocity>9.600000000000001</velocity>
      <steeringAngle>0.0</steeringAngle>
      <time>71</time>
    </ksState>
    <ksState>
      <x>-122.63271551361008</x>
      <y>119.3627221163549</y>
      <orientation>-0.5092</orientation>
      <velocity>9.200000000000003</velocity>
      <steeringAngle>0.0</steeringAngle>
      <time>72</time>
    </ksState>
    <ksState>
      <x>-121.83816287279781</x>
      <y>118.91911632178245</y>
      <orientation>-0.5092</orientation>
      <velocity>8.800000000000004</velocity>
      <steeringAngle>0.0</steeringAngle>
      <time>73</time>
    </ksState>
    <ksState>
      <x>-121.07853562279048</x>
      <y>118.49500968301538</y>
      <orientation>-0.5092</orientation>
      <velocity>8.400000000000006</velocity>
      <steeringAngle>0.0</steeringAngle>
      <time>74</time>
    </ksState>
    <ksState>
      <x>-120.35383376358807</x>
      <y>118.0904022000537</y>
      <orientation>-0.5092</orientation>
      <velocity>8.000000000000007</velocity>
      <steeringAngle>0.0</steeringAngle>
      <time>75</time>
    </ksState>
    <ksState>
      <x>-119.64222892593752</x>
      <y>117.69310690051904</y>
      <orientation>-0.5092</orientation>
      <velocity>8.600000000000001</velocity>
      <steeringAngle>0.0</steeringAngle>
      <time>76</time>
    </ksState>
    <ksState>
      <x>-118.87823600207957</x>
      <y>117.2665628672763</y>
      <orientation>-0.5092</orientation>
      <velocity>9.200000000000003</velocity>
      <steeringAngle>0.0</steeringAngle>
      <time>77</time>
    </ksState>
    <ksState>
      <x>-118.06185499201422</x>
      <y>116.8107701003255</y>
      <orientation>-0.5092</orientation>
      <velocity>9.800000000000004</velocity>
      <steeringAngle>0.0</steeringAngle>
      <time>78</time>
    </ksState>
    <ksState>
      <x>-117.19308589574146</x>
      <y>116.32572859966662</y>
      <orientation>-0.5092</orientation>
      <velocity>10.400000000000006</velocity>
      <steeringAngle>0.0</steeringAngle>
      <time>79</time>
    </ksState>
    <ksState>
      <x>-116.2719287132613</x>
      <y>115.81143836529967</y>
      <orientation>-0.5092</orientation>
      <velocity>11.000000000000007</velocity>
      <steeringAngle>0.0</steeringAngle>
      <time>80</time>
    </ksState>
    <ksState>
      <x>-115.32894316152806</x>
      <y>115.28496115855435</y>
      <orientation>-0.5092</orientation>
      <velocity>10.2</velocity>
      <steeringAngle>0.0</steeringAngle>
      <time>81</time>
    </ksState>
    <ksState>
      <x>-114.45580839140469</x>
      <y>114.7974822634198</y>
      <orientation>-0.5092</orientation>
      <velocity>9.399999999999999</velocity>
      <steeringAngle>0.0</steeringAngle>
      <time>82</time>
    </ksState>
    <ksState>
      <x>-113.65252440289119</x>
      <y>114.349001679896</y>
      <orientation>-0.5092</orientation>
      <velocity>8.599999999999998</velocity>
      <steeringAngle>0.0</steeringAngle>
      <time>83</time>
    </ksState>
    <ksState>
      <x>-112.91909119598755</x>
      <y>113.93951940798297</y>
      <orientation>-0.5092</orientation>
      <velocity>7.799999999999997</velocity>
      <steeringAngle>0.0</steeringAngle>
      <time>84</time>
    </ksState>
    <ksState>
      <x>-112.2555087706938</x>
      <y>113.56903544768072</y>
      <orientation>-0.5092</orientation>
      <velocity>6.9999999999999964</velocity>
      <steeringAngle>0.0</steeringAngle>
      <time>85</time>
    </ksState>
    <ksState>
      <x>-111.63121741005558</x>
      <y>113.2204880376595</y>
      <orientation>-0.5092</orientation>
      <velocity>7.6</velocity>
      <steeringAngle>0.0</steeringAngle>
      <time>86</time>
    </ksState>
    <ksState>
      <x>-110.95453796320997</x>
      <y>112.84269189393024</y>
      <orientation>-0.5092</orientation>
      <velocity>8.2</velocity>
      <steeringAngle>0.0</steeringAngle>
      <time>87</time>
    </ksState>
    <ksState>
      <x>-110.22547043015695</x>
      <y>112.43564701649288</y>
      <orientation>-0.5092</orientation>
      <velocity>8.8</velocity>
      <steeringAngle>0.0</steeringAngle>
      <time>88</time>
    </ksState>
    <ksState>
      <x>-109.44401481089653</x>
      <y>111.99935340534745</y>
      <orientation>-0.5092</orientation>
      <velocity>9.400000000000002</velocity>
      <steeringAngle>0.0</steeringAngle>
      <time>89</time>
    </ksState>
    <ksState>
      <x>-108.61017110542872</x>
      <y>111.53381106049396</y>
      <orientation>-0.5092</orientation>
      <velocity>10.000000000000004</velocity>
      <steeringAngle>0.0</steeringAngle>
      <time>90</time>
    </ksState>
    <ksState>
      <x>-107.74576768300658</x>
      <y>111.05120695431076</y>
      <orientation>-0.5092</orientation>
      <velocity>9.600000000000001</velocity>
      <steeringAngle>0.0</steeringAngle>
      <time>91</time>
    </ksState>
    <ksState>
      <x>-106.91628965138938</x>
      <y>110.58810200393293</y>
      <orientation>-0.5092</orientation>
      <velocity>9.200000000000003</velocity>
      <steeringAngle>0.0</steeringAngle>
      <time>92</time>
    </ksState>
    <ksState>
      <x>-106.1217370105771</x>
      <y>110.14449620936048</y>
      <orientation>-0.5092</orientation>
      <velocity>8.800000000000004</velocity>
      <steeringAngle>0.0</steeringAngle>
      <time>93</time>
    </ksState>
    <ksState>
      <x>-105.36210976056978</x>
      <y>109.72038957059341</y>
      <orientation>-0.5092</orientation>
      <velocity>8.400000000000006</velocity>
      <steeringAngle>0.0</steeringAngle>
      <time>94</time>
    </ksState>
    <ksState>
      <x>-104.63740790136737</x>
      <y>109.31578208763173</y>
      <orientation>-0.5092</orientation>
      <velocity>8.000000000000007</velocity>
      <steeringAngle>0.0</steeringAngle>
      <time>95</time>
    </ksState>
    <ksState>
      <x>-103.94326575911929</x>
      <y>108.92823636599977</y>
      <orientation>-0.5092</orientation>
      <velocity>7.800000000000001</velocity>
      <steeringAngle>0.0</steeringAngle>
      <time>96</time>
    </ksState>
    <ksState>
      <x>-103.26658631227367</x>
      <y>108.55044022227048</y>
      <orientation>-0.5092</orientation>
      <velocity>7.600000000000001</velocity>
      <steeringAngle>0.0</steeringAngle>
      <time>97</time>
    </ksState>
    <ksState>
      <x>-102.60736956083053</x>
      <y>108.18239365644389</y>
      <orientation>-0.5092</orientation>
      <velocity>7.400000000000002</velocity>
      <steeringAngle>0.0</steeringAngle>
      <time>98</time>
    </ksState>
    <ksState>
      <x>-101.96561550478985</x>
      <y>107.82409666852</y>
      <orientation>-0.5092</orientation>
      <velocity>7.200000000000003</velocity>
      <steeringAngle>0.0</steeringAngle>
      <time>99</time>
    </ksState>
    <ksState>
      <x>-101.34132414415164</x>
      <y>107.47554925849879</y>
      <orientation>-0.5092</orientation>
      <velocity>7.0000000000000036</velocity>
      <steeringAngle>0.0</steeringAngle>
      <time>100</time>
    </ksState>
    <ksState>
      <x>-100.72576413121466</x>
      <y>107.13187663742893</y>
      <orientation>-0.5092</orientation>
      <velocity>7.199999999999999</velocity>
      <steeringAngle>0.0</steeringAngle>
      <time>101</time>
    </ksState>
    <ksState>
      <x>-100.09274142287522</x>
      <y>106.77845443845638</y>
      <orientation>-0.5092</orientation>
      <velocity>7.399999999999999</velocity>
      <steeringAngle>0.0</steeringAngle>
      <time>102</time>
    </ksState>
    <ksState>
      <x>-99.44225601913331</x>
      <y>106.41528266158113</y>
      <orientation>-0.5092</orientation>
      <velocity>7.599999999999998</velocity>
      <steeringAngle>0.0</steeringAngle>
      <time>103</time>
    </ksState>
    <ksState>
      <x>-98.77430791998893</x>
      <y>106.0423613068032</y>
      <orientation>-0.5092</orientation>
      <velocity>7.799999999999997</velocity>
      <steeringAngle>0.0</steeringAngle>
      <time>104</time>
    </ksState>
    <ksState>
      <x>-98.08889712544209</x>
      <y>105.65969037412258</y>
      <orientation>-0.5092</orientation>
      <velocity>7.9999999999999964</velocity>
      <steeringAngle>0.0</steeringAngle>
      <time>105</time>
    </ksState>
    <ksState>
      <x>-97.394754983194</x>
      <y>105.27214465249061</y>
      <orientation>-0.5092</orientation>
      <velocity>7.800000000000001</velocity>
      <steeringAngle>0.0</steeringAngle>
      <time>106</time>
    </ksState>
    <ksState>
      <x>-96.7180755363484</x>
      <y>104.89434850876133</y>
      <orientation>-0.5092</orientation>
      <velocity>7.600000000000001</velocity>
      <steeringAngle>0.0</steeringAngle>
      <time>107</time>
    </ksState>
    <ksState>
      <x>-96.05885878490525</x>
      <y>104.52630194293474</y>
      <orientation>-0.5092</orientation>
      <velocity>7.400000000000002</velocity>
      <steeringAngle>0.0</steeringAngle>
      <time>108</time>
    </ksState>
    <ksState>
      <x>-95.41710472886457</x>
      <y>104.16800495501084</y>
      <orientation>-0.5092</orientation>
      <velocity>7.200000000000003</velocity>
      <steeringAngle>0.0</steeringAngle>
      <time>109</time>
    </ksState>
    <ksState>
      <x>-94.79281336822636</x>
      <y>103.81945754498963</y>
      <orientation>-0.5092</orientation>
      <velocity>7.0000000000000036</velocity>
      <steeringAngle>0.0</steeringAngle>
      <time>110</time>
    </ksState>
    <ksState>
      <x>-94.18598470299062</x>
      <y>103.48065971287112</y>
      <orientation>-0.5092</orientation>
      <velocity>6.800000000000001</velocity>
      <steeringAngle>0.0</steeringAngle>
      <time>111</time>
    </ksState>
    <ksState>
      <x>-93.59661873315734</x>
      <y>103.1516114586553</y>
      <orientation>-0.5092</orientation>
      <velocity>6.600000000000001</velocity>
      <steeringAngle>0.0</steeringAngle>
      <time>112</time>
    </ksState>
    <ksState>
      <x>-93.02471545872653</x>
      <y>102.83231278234216</y>
      <orientation>-0.5092</orientation>
      <velocity>6.400000000000002</velocity>
      <steeringAngle>0.0</steeringAngle>
      <time>113</time>
    </ksState>
    <ksState>
      <x>-92.4702748796982</x>
      <y>102.52276368393171</y>
      <orientation>-0.5092</orientation>
      <velocity>6.200000000000003</velocity>
      <steeringAngle>0.0</steeringAngle>
      <time>114</time>
    </ksState>
    <ksState>
      <x>-91.93329699607231</x>
      <y>102.22296416342397</y>
      <orientation>-0.5092</orientation>
      <velocity>6.0000000000000036</velocity>
      <steeringAngle>0.0</steeringAngle>
      <time>115</time>
    </ksState>
    <ksState>
      <x>-91.40505046014768</x>
      <y>101.92803943186756</y>
      <orientation>-0.5092</orientation>
      <velocity>6.199999999999999</velocity>
      <steeringAngle>0.0</steeringAngle>
      <time>116</time>
    </ksState>
    <ksState>
      <x>-90.85934122882057</x>
      <y>101.62336512240846</y>
      <orientation>-0.5092</orientation>
      <velocity>6.399999999999999</velocity>
      <steeringAngle>0.0</steeringAngle>
      <time>117</time>
    </ksState>
    <ksState>
      <x>-90.29616930209099</x>
      <y>101.30894123504667</y>
      <orientation>-0.5092</orientation>
      <velocity>6.599999999999998</velocity>
      <steeringAngle>0.0</steeringAngle>
      <time>118</time>
    </ksState>
    <ksState>
      <x>-89.71553467995895</x>
      <y>100.9847677697822</y>
      <orientation>-0.5092</orientation>
      <velocity>6.799999999999997</velocity>
      <steeringAngle>0.0</steeringAngle>
      <time>119</time>
    </ksState>
    <ksState>
      <x>-89.11743736242444</x>
      <y>100.65084472661503</y>
      <orientation>-0.5092</orientation>
      <velocity>6.9999999999999964</velocity>
      <steeringAngle>0.0</steeringAngle>
      <time>120</time>
    </ksState>
    <ksState>
      <x>-88.51934004488993</x>
      <y>100.31692168344786</y>
      <orientation>-0.5092</orientation>
      <velocity>6.4</velocity>
      <steeringAngle>0.0</steeringAngle>
      <time>121</time>
    </ksState>
    <ksState>
      <x>-87.97363081356282</x>
      <y>100.01224737398877</y>
      <orientation>-0.5092</orientation>
      <velocity>5.800000000000001</velocity>
      <steeringAngle>0.0</steeringAngle>
      <time>122</time>
    </ksState>
    <ksState>
      <x>-87.48030966844311</x>
      <y>99.73682179823774</y>
      <orientation>-0.5092</orientation>
      <velocity>5.200000000000001</velocity>
      <steeringAngle>0.0</steeringAngle>
      <time>123</time>
    </ksState>
    <ksState>
      <x>-87.03937660953082</x>
      <y>99.4906449561948</y>
      <orientation>-0.5092</orientation>
      <velocity>4.600000000000001</velocity>
      <steeringAngle>0.0</steeringAngle>
      <time>124</time>
    </ksState>
    <ksState>
      <x>-86.65083163682591</x>
      <y>99.27371684785992</y>
      <orientation>-0.5092</orientation>
      <velocity>4.000000000000002</velocity>
      <steeringAngle>0.0</steeringAngle>
      <time>125</time>
    </ksState>
    <ksState>
      <x>-86.2884807072247</x>
      <y>99.07141310637907</y>
      <orientation>-0.5092</orientation>
      <velocity>4.6</velocity>
      <steeringAngle>0.0</steeringAngle>
      <time>126</time>
    </ksState>
    <ksState>
      <x>-85.87374169141611</x>
      <y>98.83986063119016</y>
      <orientation>-0.5092</orientation>
      <velocity>5.199999999999999</velocity>
      <steeringAngle>0.0</steeringAngle>
      <time>127</time>
    </ksState>
    <ksState>
      <x>-85.4066145894001</x>
      <y>98.57905942229317</y>
      <orientation>-0.5092</orientation>
      <velocity>5.799999999999999</velocity>
      <steeringAngle>0.0</steeringAngle>
      <time>128</time>
    </ksState>
    <ksState>
      <x>-84.8870994011767</x>
      <y>98.28900947968812</y>
      <orientation>-0.5092</orientation>
      <velocity>6.399999999999999</velocity>
      <steeringAngle>0.0</steeringAngle>
      <time>129</time>
    </ksState>
    <ksState>
      <x>-84.31519612674589</x>
      <y>97.96971080337498</y>
      <orientation>-0.5092</orientation>
      <velocity>6.999999999999998</velocity>
      <steeringAngle>0.0</steeringAngle>
      <time>130</time>
    </ksState>
    <ksState>
      <x>-83.71709880921138</x>
      <y>97.6357877602078</y>
      <orientation>-0.5092</orientation>
      <velocity>6.4</velocity>
      <steeringAngle>0.0</steeringAngle>
      <time>131</time>
    </ksState>
    <ksState>
      <x>-83.17138957788427</x>
      <y>97.33111345074872</y>
      <orientation>-0.5092</orientation>
      <velocity>5.800000000000001</velocity>
      <steeringAngle>0.0</steeringAngle>
      <time>132</time>
    </ksState>
    <ksState>
      <x>-82.67806843276456</x>
      <y>97.05568787499769</y>
      <orientation>-0.5092</orientation>
      <velocity>5.200000000000001</velocity>
      <steeringAngle>0.0</steeringAngle>
      <time>133</time>
    </ksState>
    <ksState>
      <x>-82.23713537385227</x>
      <y>96.80951103295475</y>
      <orientation>-0.5092</orientation>
      <velocity>4.600000000000001</velocity>
      <steeringAngle>0.0</steeringAngle>
      <time>134</time>
    </ksState>
    <ksState>
      <x>-81.84859040114736</x>
      <y>96.59258292461986</y>
      <orientation>-0.5092</orientation>
      <velocity>4.000000000000002</velocity>
      <steeringAngle>0.0</steeringAngle>
      <time>135</time>
    </ksState>
    <ksState>
      <x>-81.50370216694863</x>
      <y>96.40002876104171</y>
      <orientation>-0.5092</orientation>
      <velocity>3.8</velocity>
      <steeringAngle>0.0</steeringAngle>
      <time>136</time>
    </ksState>
    <ksState>
      <x>-81.17627662815237</x>
      <y>96.21722417536625</y>
      <orientation>-0.5092</orientation>
      <velocity>3.5999999999999996</velocity>
      <steeringAngle>0.0</steeringAngle>
      <time>137</time>
    </ksState>
    <ksState>
      <x>-80.86631378475857</x>
      <y>96.0441691675935</y>
      <orientation>-0.5092</orientation>
      <velocity>3.3999999999999995</velocity>
      <steeringAngle>0.0</steeringAngle>
      <time>138</time>
    </ksState>
    <ksState>
      <x>-80.57381363676724</x>
      <y>95.88086373772342</y>
      <orientation>-0.5092</orientation>
      <velocity>3.1999999999999993</velocity>
      <steeringAngle>0.0</steeringAngle>
      <time>139</time>
    </ksState>
    <ksState>
      <x>-80.29877618417838</x>
      <y>95.72730788575603</y>
      <orientation>-0.5092</orientation>
      <velocity>2.999999999999999</velocity>
      <steeringAngle>0.0</steeringAngle>
      <time>140</time>
    </ksState>
    <ksState>
      <x>-80.04993277469322</x>
      <y>95.58837640064269</y>
      <orientation>-0.5092</orientation>
      <velocity>2.4000000000000004</velocity>
      <steeringAngle>0.0</steeringAngle>
      <time>141</time>
    </ksState>
    <ksState>
      <x>-79.85347745141546</x>
      <y>95.47869364923741</y>
      <orientation>-0.5092</orientation>
      <velocity>1.8000000000000005</velocity>
      <steeringAngle>0.0</steeringAngle>
      <time>142</time>
    </ksState>
    <ksState>
      <x>-79.7094102143451</x>
      <y>95.39825963154021</y>
      <orientation>-0.5092</orientation>
      <velocity>1.2000000000000004</velocity>
      <steeringAngle>0.0</steeringAngle>
      <time>143</time>
    </ksState>
    <ksState>
      <x>-79.61773106348215</x>
      <y>95.34707434755109</y>
      <orientation>-0.5092</orientation>
      <velocity>0.6000000000000003</velocity>
      <steeringAngle>0.0</steeringAngle>
      <time>144</time>
    </ksState>
    <ksState>
      <x>-79.5784399988266</x>
      <y>95.32513779727003</y>
      <orientation>-0.5092</orientation>
      <velocity>2.220446049250313e-16</velocity>
      <steeringAngle>0.0</steeringAngle>
      <time>145</time>
    </ksState>
    <ksState>
      <x>-79.5784399988266</x>
      <y>95.32513779727003</y>
      <orientation>-0.5092</orientation>
      <velocity>0.0</velocity>
      <steeringAngle>0.0</steeringAngle>
      <time>146</time>
    </ksState>
    <ksState>
      <x>-79.5784399988266</x>
      <y>95.32513779727003</y>
      <orientation>-0.5092</orientation>
      <velocity>0.0</velocity>
      <steeringAngle>0.0</steeringAngle>
      <time>147</time>
    </ksState>
    <ksState>
      <x>-79.5784399988266</x>
      <y>95.32513779727003</y>
      <orientation>-0.5092</orientation>
      <velocity>0.0</velocity>
      <steeringAngle>0.0</steeringAngle>
      <time>148</time>
    </ksState>
    <ksState>
      <x>-79.5784399988266</x>
      <y>95.32513779727003</y>
      <orientation>-0.5092</orientation>
      <velocity>0.0</velocity>
      <steeringAngle>0.0</steeringAngle>
      <time>149</time>
    </ksState>
    <ksState>
      <x>-79.5784399988266</x>
      <y>95.32513779727003</y>
      <orientation>-0.5092</orientation>
      <velocity>0.0</velocity>
      <steeringAngle>0.0</steeringAngle>
      <time>150</time>
    </ksState>
    <ksState>
      <x>-79.5784399988266</x>
      <y>95.32513779727003</y>
      <orientation>-0.5092</orientation>
      <velocity>0.0</velocity>
      <steeringAngle>0.0</steeringAngle>
      <time>151</time>
    </ksState>
    <ksState>
      <x>-79.5784399988266</x>
      <y>95.32513779727003</y>
      <orientation>-0.5092</orientation>
      <velocity>0.0</velocity>
      <steeringAngle>0.0</steeringAngle>
      <time>152</time>
    </ksState>
    <ksState>
      <x>-79.5784399988266</x>
      <y>95.32513779727003</y>
      <orientation>-0.5092</orientation>
      <velocity>0.0</velocity>
      <steeringAngle>0.0</steeringAngle>
      <time>153</time>
    </ksState>
    <ksState>
      <x>-79.5784399988266</x>
      <y>95.32513779727003</y>
      <orientation>-0.5092</orientation>
      <velocity>0.0</velocity>
      <steeringAngle>0.0</steeringAngle>
      <time>154</time>
    </ksState>
    <ksState>
      <x>-79.5784399988266</x>
      <y>95.32513779727003</y>
      <orientation>-0.5092</orientation>
      <velocity>0.0</velocity>
      <steeringAngle>0.0</steeringAngle>
      <time>155</time>
    </ksState>
  </ksTrajectory>
</CommonRoadSolution>
