<?xml version="1.0" ?>
<CommonRoadSolution benchmark_id="KS2:SM1:RUS_Bicycle-8_1_T-1:2018b" date="2019-11-18">
  <ksTrajectory planningProblem="12">
    <ksState>
      <x>2.5</x>
      <y>20.0</y>
      <orientation>0.0</orientation>
      <velocity>11.0</velocity>
      <steeringAngle>0.0</steeringAngle>
      <time>0</time>
    </ksState>
    <ksState>
      <x>3.595</x>
      <y>20.0</y>
      <orientation>0.0</orientation>
      <velocity>10.8</velocity>
      <steeringAngle>0.0</steeringAngle>
      <time>1</time>
    </ksState>
    <ksState>
      <x>4.67</x>
      <y>20.0</y>
      <orientation>0.0</orientation>
      <velocity>10.600000000000001</velocity>
      <steeringAngle>0.0</steeringAngle>
      <time>2</time>
    </ksState>
    <ksState>
      <x>5.7250000000000005</x>
      <y>20.0</y>
      <orientation>0.0</orientation>
      <velocity>10.400000000000002</velocity>
      <steeringAngle>0.0</steeringAngle>
      <time>3</time>
    </ksState>
    <ksState>
      <x>6.760000000000001</x>
      <y>20.0</y>
      <orientation>0.0</orientation>
      <velocity>10.200000000000003</velocity>
      <steeringAngle>0.0</steeringAngle>
      <time>4</time>
    </ksState>
    <ksState>
      <x>7.775</x>
      <y>20.0</y>
      <orientation>0.0</orientation>
      <velocity>10.000000000000004</velocity>
      <steeringAngle>0.0</steeringAngle>
      <time>5</time>
    </ksState>
    <ksState>
      <x>8.775</x>
      <y>20.0</y>
      <orientation>0.0</orientation>
      <velocity>10.0</velocity>
      <steeringAngle>0.0</steeringAngle>
      <time>6</time>
    </ksState>
    <ksState>
      <x>9.775</x>
      <y>20.0</y>
      <orientation>0.0</orientation>
      <velocity>10.0</velocity>
      <steeringAngle>0.0</steeringAngle>
      <time>7</time>
    </ksState>
    <ksState>
      <x>10.775</x>
      <y>20.0</y>
      <orientation>0.0</orientation>
      <velocity>10.0</velocity>
      <steeringAngle>0.0</steeringAngle>
      <time>8</time>
    </ksState>
    <ksState>
      <x>11.775</x>
      <y>20.0</y>
      <orientation>0.0</orientation>
      <velocity>10.0</velocity>
      <steeringAngle>0.0</steeringAngle>
      <time>9</time>
    </ksState>
    <ksState>
      <x>12.775</x>
      <y>20.0</y>
      <orientation>0.0</orientation>
      <velocity>10.0</velocity>
      <steeringAngle>0.0</steeringAngle>
      <time>10</time>
    </ksState>
    <ksState>
      <x>13.775</x>
      <y>20.0</y>
      <orientation>0.0</orientation>
      <velocity>10.0</velocity>
      <steeringAngle>0.0</steeringAngle>
      <time>11</time>
    </ksState>
    <ksState>
      <x>14.775</x>
      <y>20.0</y>
      <orientation>0.0</orientation>
      <velocity>10.0</velocity>
      <steeringAngle>0.0</steeringAngle>
      <time>12</time>
    </ksState>
    <ksState>
      <x>15.775</x>
      <y>20.0</y>
      <orientation>0.0</orientation>
      <velocity>10.0</velocity>
      <steeringAngle>0.0</steeringAngle>
      <time>13</time>
    </ksState>
    <ksState>
      <x>16.775</x>
      <y>20.0</y>
      <orientation>0.0</orientation>
      <velocity>10.0</velocity>
      <steeringAngle>0.0</steeringAngle>
      <time>14</time>
    </ksState>
    <ksState>
      <x>17.775</x>
      <y>20.0</y>
      <orientation>0.0</orientation>
      <velocity>10.0</velocity>
      <steeringAngle>0.0</steeringAngle>
      <time>15</time>
    </ksState>
    <ksState>
      <x>18.75</x>
      <y>20.0</y>
      <orientation>0.0</orientation>
      <velocity>9.0</velocity>
      <steeringAngle>0.0</steeringAngle>
      <time>16</time>
    </ksState>
    <ksState>
      <x>19.625</x>
      <y>20.0</y>
      <orientation>0.0</orientation>
      <velocity>8.0</velocity>
      <steeringAngle>0.0</steeringAngle>
      <time>17</time>
    </ksState>
    <ksState>
      <x>20.4</x>
      <y>20.0</y>
      <orientation>0.0</orientation>
      <velocity>7.0</velocity>
      <steeringAngle>0.0</steeringAngle>
      <time>18</time>
    </ksState>
    <ksState>
      <x>21.075</x>
      <y>20.0</y>
      <orientation>0.0</orientation>
      <velocity>6.0</velocity>
      <steeringAngle>0.0</steeringAngle>
      <time>19</time>
    </ksState>
    <ksState>
      <x>21.65</x>
      <y>20.0</y>
      <orientation>0.0</orientation>
      <velocity>5.0</velocity>
      <steeringAngle>0.0</steeringAngle>
      <time>20</time>
    </ksState>
  </ksTrajectory>
</CommonRoadSolution>
