<?xml version="1.0" ?>
<CommonRoadSolution benchmark_id="KS2:SM1:RUS_Bicycle-2_2_T-1:2018b" date="2019-11-18">
  <ksTrajectory planningProblem="13">
    <ksState>
      <x>2.5</x>
      <y>20.0</y>
      <orientation>0.0</orientation>
      <velocity>7.0</velocity>
      <steeringAngle>0.0</steeringAngle>
      <time>0</time>
    </ksState>
    <ksState>
      <x>3.215</x>
      <y>20.0</y>
      <orientation>0.0</orientation>
      <velocity>7.6</velocity>
      <steeringAngle>0.0</steeringAngle>
      <time>1</time>
    </ksState>
    <ksState>
      <x>3.99</x>
      <y>20.0</y>
      <orientation>0.0</orientation>
      <velocity>8.2</velocity>
      <steeringAngle>0.0</steeringAngle>
      <time>2</time>
    </ksState>
    <ksState>
      <x>4.825</x>
      <y>20.0</y>
      <orientation>0.0</orientation>
      <velocity>8.8</velocity>
      <steeringAngle>0.0</steeringAngle>
      <time>3</time>
    </ksState>
    <ksState>
      <x>5.720000000000001</x>
      <y>20.0</y>
      <orientation>0.0</orientation>
      <velocity>9.400000000000002</velocity>
      <steeringAngle>0.0</steeringAngle>
      <time>4</time>
    </ksState>
    <ksState>
      <x>6.675000000000001</x>
      <y>20.0</y>
      <orientation>0.0</orientation>
      <velocity>10.000000000000004</velocity>
      <steeringAngle>0.0</steeringAngle>
      <time>5</time>
    </ksState>
    <ksState>
      <x>7.675000000000001</x>
      <y>20.0</y>
      <orientation>0.0</orientation>
      <velocity>10.0</velocity>
      <steeringAngle>0.0</steeringAngle>
      <time>6</time>
    </ksState>
    <ksState>
      <x>8.675</x>
      <y>20.0</y>
      <orientation>0.0</orientation>
      <velocity>10.0</velocity>
      <steeringAngle>0.0</steeringAngle>
      <time>7</time>
    </ksState>
    <ksState>
      <x>9.675</x>
      <y>20.0</y>
      <orientation>0.0</orientation>
      <velocity>10.0</velocity>
      <steeringAngle>0.0</steeringAngle>
      <time>8</time>
    </ksState>
    <ksState>
      <x>10.675</x>
      <y>20.0</y>
      <orientation>0.0</orientation>
      <velocity>10.0</velocity>
      <steeringAngle>0.0</steeringAngle>
      <time>9</time>
    </ksState>
    <ksState>
      <x>11.675</x>
      <y>20.0</y>
      <orientation>0.0</orientation>
      <velocity>10.0</velocity>
      <steeringAngle>0.0</steeringAngle>
      <time>10</time>
    </ksState>
    <ksState>
      <x>12.675</x>
      <y>20.0</y>
      <orientation>0.0</orientation>
      <velocity>10.0</velocity>
      <steeringAngle>0.0</steeringAngle>
      <time>11</time>
    </ksState>
    <ksState>
      <x>13.675</x>
      <y>20.0</y>
      <orientation>0.0</orientation>
      <velocity>10.0</velocity>
      <steeringAngle>0.0</steeringAngle>
      <time>12</time>
    </ksState>
    <ksState>
      <x>14.675</x>
      <y>20.0</y>
      <orientation>0.0</orientation>
      <velocity>10.0</velocity>
      <steeringAngle>0.0</steeringAngle>
      <time>13</time>
    </ksState>
    <ksState>
      <x>15.675</x>
      <y>20.0</y>
      <orientation>0.0</orientation>
      <velocity>10.0</velocity>
      <steeringAngle>0.0</steeringAngle>
      <time>14</time>
    </ksState>
    <ksState>
      <x>16.675</x>
      <y>20.0</y>
      <orientation>0.0</orientation>
      <velocity>10.0</velocity>
      <steeringAngle>0.0</steeringAngle>
      <time>15</time>
    </ksState>
    <ksState>
      <x>17.695</x>
      <y>20.0</y>
      <orientation>0.0</orientation>
      <velocity>10.8</velocity>
      <steeringAngle>0.0</steeringAngle>
      <time>16</time>
    </ksState>
    <ksState>
      <x>18.794483449074075</x>
      <y>20.0</y>
      <orientation>0.0</orientation>
      <velocity>11.56576813213239</velocity>
      <steeringAngle>0.0</steeringAngle>
      <time>17</time>
    </ksState>
    <ksState>
      <x>19.969253714516</x>
      <y>20.0</y>
      <orientation>0.0</orientation>
      <velocity>12.282407754525293</velocity>
      <steeringAngle>0.0</steeringAngle>
      <time>18</time>
    </ksState>
    <ksState>
      <x>21.214626411836413</x>
      <y>20.0</y>
      <orientation>0.0</orientation>
      <velocity>12.958385566332575</velocity>
      <steeringAngle>0.0</steeringAngle>
      <time>19</time>
    </ksState>
    <ksState>
      <x>22.526703198835857</x>
      <y>20.0</y>
      <orientation>0.0</orientation>
      <velocity>13.599974492058339</velocity>
      <steeringAngle>0.0</steeringAngle>
      <time>20</time>
    </ksState>
  </ksTrajectory>
</CommonRoadSolution>
