<?xml version="1.0" ?>
<CommonRoadSolution benchmark_id="KS2:SM1:USA_US101-24_2_T-1:2018b" date="2019-11-18">
  <ksTrajectory planningProblem="63">
    <ksState>
      <x>0.0</x>
      <y>0.0</y>
      <orientation>-0.68034</orientation>
      <velocity>18.0</velocity>
      <steeringAngle>0.0</steeringAngle>
      <time>0</time>
    </ksState>
    <ksState>
      <x>1.3798120194251409</x>
      <y>-1.1165768182484868</y>
      <orientation>-0.68034</orientation>
      <velocity>17.0</velocity>
      <steeringAngle>0.0</steeringAngle>
      <time>1</time>
    </ksState>
    <ksState>
      <x>2.681888150431964</x>
      <y>-2.1702479002576225</y>
      <orientation>-0.68034</orientation>
      <velocity>16.0</velocity>
      <steeringAngle>0.0</steeringAngle>
      <time>2</time>
    </ksState>
    <ksState>
      <x>3.9062283930204695</x>
      <y>-3.1610132460274065</y>
      <orientation>-0.68034</orientation>
      <velocity>15.0</velocity>
      <steeringAngle>0.0</steeringAngle>
      <time>3</time>
    </ksState>
    <ksState>
      <x>5.052832747190657</x>
      <y>-4.088872855557839</y>
      <orientation>-0.68034</orientation>
      <velocity>14.0</velocity>
      <steeringAngle>0.0</steeringAngle>
      <time>4</time>
    </ksState>
    <ksState>
      <x>6.121701212942527</x>
      <y>-4.953826728848921</y>
      <orientation>-0.68034</orientation>
      <velocity>13.0</velocity>
      <steeringAngle>0.0</steeringAngle>
      <time>5</time>
    </ksState>
    <ksState>
      <x>7.1128337902760785</x>
      <y>-5.755874865900651</y>
      <orientation>-0.68034</orientation>
      <velocity>12.0</velocity>
      <steeringAngle>0.0</steeringAngle>
      <time>6</time>
    </ksState>
    <ksState>
      <x>8.026230479191312</x>
      <y>-6.495017266713029</y>
      <orientation>-0.68034</orientation>
      <velocity>11.0</velocity>
      <steeringAngle>0.0</steeringAngle>
      <time>7</time>
    </ksState>
    <ksState>
      <x>8.86189127968823</x>
      <y>-7.171253931286056</y>
      <orientation>-0.68034</orientation>
      <velocity>10.0</velocity>
      <steeringAngle>0.0</steeringAngle>
      <time>8</time>
    </ksState>
    <ksState>
      <x>9.619816191766827</x>
      <y>-7.7845848596197325</y>
      <orientation>-0.68034</orientation>
      <velocity>9.0</velocity>
      <steeringAngle>0.0</steeringAngle>
      <time>9</time>
    </ksState>
    <ksState>
      <x>10.30000521542711</x>
      <y>-8.335010051714058</y>
      <orientation>-0.68034</orientation>
      <velocity>8.0</velocity>
      <steeringAngle>0.0</steeringAngle>
      <time>10</time>
    </ksState>
    <ksState>
      <x>10.91411873393182</x>
      <y>-8.831965368004933</y>
      <orientation>-0.68034</orientation>
      <velocity>7.6</velocity>
      <steeringAngle>0.0</steeringAngle>
      <time>11</time>
    </ksState>
    <ksState>
      <x>11.497137897069203</x>
      <y>-9.303758389800068</y>
      <orientation>-0.68034</orientation>
      <velocity>7.199999999999999</velocity>
      <steeringAngle>0.0</steeringAngle>
      <time>12</time>
    </ksState>
    <ksState>
      <x>12.04906270483926</x>
      <y>-9.750389117099463</y>
      <orientation>-0.68034</orientation>
      <velocity>6.799999999999999</velocity>
      <steeringAngle>0.0</steeringAngle>
      <time>13</time>
    </ksState>
    <ksState>
      <x>12.569893157241989</x>
      <y>-10.171857549903118</y>
      <orientation>-0.68034</orientation>
      <velocity>6.399999999999999</velocity>
      <steeringAngle>0.0</steeringAngle>
      <time>14</time>
    </ksState>
    <ksState>
      <x>13.059629254277391</x>
      <y>-10.568163688211031</y>
      <orientation>-0.68034</orientation>
      <velocity>5.999999999999998</velocity>
      <steeringAngle>0.0</steeringAngle>
      <time>15</time>
    </ksState>
    <ksState>
      <x>13.541591762470961</x>
      <y>-10.95817925289501</y>
      <orientation>-0.68034</orientation>
      <velocity>6.800000000000001</velocity>
      <steeringAngle>0.0</steeringAngle>
      <time>16</time>
    </ksState>
    <ksState>
      <x>14.085742981399186</x>
      <y>-11.39851940657047</y>
      <orientation>-0.68034</orientation>
      <velocity>7.600000000000001</velocity>
      <steeringAngle>0.0</steeringAngle>
      <time>17</time>
    </ksState>
    <ksState>
      <x>14.692082911062066</x>
      <y>-11.88918414923741</y>
      <orientation>-0.68034</orientation>
      <velocity>8.400000000000002</velocity>
      <steeringAngle>0.0</steeringAngle>
      <time>18</time>
    </ksState>
    <ksState>
      <x>15.360611551459598</x>
      <y>-12.430173480895833</y>
      <orientation>-0.68034</orientation>
      <velocity>9.200000000000003</velocity>
      <steeringAngle>0.0</steeringAngle>
      <time>19</time>
    </ksState>
    <ksState>
      <x>16.091328902591787</x>
      <y>-13.021487401545736</y>
      <orientation>-0.68034</orientation>
      <velocity>10.000000000000004</velocity>
      <steeringAngle>0.0</steeringAngle>
      <time>20</time>
    </ksState>
    <ksState>
      <x>16.876461375616795</x>
      <y>-13.656835337563185</y>
      <orientation>-0.68034</orientation>
      <velocity>10.399999999999999</velocity>
      <steeringAngle>0.0</steeringAngle>
      <time>21</time>
    </ksState>
    <ksState>
      <x>17.692688204009134</x>
      <y>-14.317345568076373</y>
      <orientation>-0.68034</orientation>
      <velocity>10.799999999999997</velocity>
      <steeringAngle>0.0</steeringAngle>
      <time>22</time>
    </ksState>
    <ksState>
      <x>18.540009387768798</x>
      <y>-15.003018093085304</y>
      <orientation>-0.68034</orientation>
      <velocity>11.199999999999996</velocity>
      <steeringAngle>0.0</steeringAngle>
      <time>23</time>
    </ksState>
    <ksState>
      <x>19.41842492689579</x>
      <y>-15.713852912589974</y>
      <orientation>-0.68034</orientation>
      <velocity>11.599999999999994</velocity>
      <steeringAngle>0.0</steeringAngle>
      <time>24</time>
    </ksState>
    <ksState>
      <x>20.327934821390105</x>
      <y>-16.449850026590383</y>
      <orientation>-0.68034</orientation>
      <velocity>11.999999999999993</velocity>
      <steeringAngle>0.0</steeringAngle>
      <time>25</time>
    </ksState>
    <ksState>
      <x>21.26853907125175</x>
      <y>-17.211009435086535</y>
      <orientation>-0.68034</orientation>
      <velocity>12.399999999999999</velocity>
      <steeringAngle>0.0</steeringAngle>
      <time>26</time>
    </ksState>
    <ksState>
      <x>22.240237676480724</x>
      <y>-17.997331138078426</y>
      <orientation>-0.68034</orientation>
      <velocity>12.799999999999997</velocity>
      <steeringAngle>0.0</steeringAngle>
      <time>27</time>
    </ksState>
    <ksState>
      <x>23.243030637077023</x>
      <y>-18.808815135566057</y>
      <orientation>-0.68034</orientation>
      <velocity>13.199999999999996</velocity>
      <steeringAngle>0.0</steeringAngle>
      <time>28</time>
    </ksState>
    <ksState>
      <x>24.27691795304065</x>
      <y>-19.64546142754943</y>
      <orientation>-0.68034</orientation>
      <velocity>13.599999999999994</velocity>
      <steeringAngle>0.0</steeringAngle>
      <time>29</time>
    </ksState>
    <ksState>
      <x>25.341899624371603</x>
      <y>-20.507270014028546</y>
      <orientation>-0.68034</orientation>
      <velocity>13.999999999999993</velocity>
      <steeringAngle>0.0</steeringAngle>
      <time>30</time>
    </ksState>
    <ksState>
      <x>26.426315267807137</x>
      <y>-21.384805034567496</y>
      <orientation>-0.68034</orientation>
      <velocity>13.8</velocity>
      <steeringAngle>0.0</steeringAngle>
      <time>31</time>
    </ksState>
    <ksState>
      <x>27.495183733559006</x>
      <y>-22.249758907858578</y>
      <orientation>-0.68034</orientation>
      <velocity>13.600000000000001</velocity>
      <steeringAngle>0.0</steeringAngle>
      <time>32</time>
    </ksState>
    <ksState>
      <x>28.548505021627214</x>
      <y>-23.10213163390179</y>
      <orientation>-0.68034</orientation>
      <velocity>13.400000000000002</velocity>
      <steeringAngle>0.0</steeringAngle>
      <time>33</time>
    </ksState>
    <ksState>
      <x>29.586279132011754</x>
      <y>-23.94192321269713</y>
      <orientation>-0.68034</orientation>
      <velocity>13.200000000000003</velocity>
      <steeringAngle>0.0</steeringAngle>
      <time>34</time>
    </ksState>
    <ksState>
      <x>30.608506064712635</x>
      <y>-24.7691336442446</y>
      <orientation>-0.68034</orientation>
      <velocity>13.000000000000004</velocity>
      <steeringAngle>0.0</steeringAngle>
      <time>35</time>
    </ksState>
    <ksState>
      <x>31.6268462029926</x>
      <y>-25.593198788980104</y>
      <orientation>-0.68034</orientation>
      <velocity>13.399999999999999</velocity>
      <steeringAngle>0.0</steeringAngle>
      <time>36</time>
    </ksState>
    <ksState>
      <x>32.67628069663989</x>
      <y>-26.442426228211346</y>
      <orientation>-0.68034</orientation>
      <velocity>13.799999999999997</velocity>
      <steeringAngle>0.0</steeringAngle>
      <time>37</time>
    </ksState>
    <ksState>
      <x>33.756809545654505</x>
      <y>-27.31681596193833</y>
      <orientation>-0.68034</orientation>
      <velocity>14.199999999999996</velocity>
      <steeringAngle>0.0</steeringAngle>
      <time>38</time>
    </ksState>
    <ksState>
      <x>34.86843275003645</x>
      <y>-28.216367990161057</y>
      <orientation>-0.68034</orientation>
      <velocity>14.599999999999994</velocity>
      <steeringAngle>0.0</steeringAngle>
      <time>39</time>
    </ksState>
    <ksState>
      <x>36.01115030978572</x>
      <y>-29.14108231287952</y>
      <orientation>-0.68034</orientation>
      <velocity>14.999999999999993</velocity>
      <steeringAngle>0.0</steeringAngle>
      <time>40</time>
    </ksState>
    <ksState>
      <x>37.169415047218656</x>
      <y>-30.078377782845855</y>
      <orientation>-0.68034</orientation>
      <velocity>14.600000000000001</velocity>
      <steeringAngle>0.0</steeringAngle>
      <time>41</time>
    </ksState>
    <ksState>
      <x>38.296585429284264</x>
      <y>-30.99051095831645</y>
      <orientation>-0.68034</orientation>
      <velocity>14.200000000000003</velocity>
      <steeringAngle>0.0</steeringAngle>
      <time>42</time>
    </ksState>
    <ksState>
      <x>39.39266145598254</x>
      <y>-31.877481839291303</y>
      <orientation>-0.68034</orientation>
      <velocity>13.800000000000004</velocity>
      <steeringAngle>0.0</steeringAngle>
      <time>43</time>
    </ksState>
    <ksState>
      <x>40.457643127313496</x>
      <y>-32.73929042577042</y>
      <orientation>-0.68034</orientation>
      <velocity>13.400000000000006</velocity>
      <steeringAngle>0.0</steeringAngle>
      <time>44</time>
    </ksState>
    <ksState>
      <x>41.49153044327713</x>
      <y>-33.57593671775379</y>
      <orientation>-0.68034</orientation>
      <velocity>13.000000000000007</velocity>
      <steeringAngle>0.0</steeringAngle>
      <time>45</time>
    </ksState>
    <ksState>
      <x>42.505983787136174</x>
      <y>-34.396856575677326</y>
      <orientation>-0.68034</orientation>
      <velocity>13.2</velocity>
      <steeringAngle>0.0</steeringAngle>
      <time>46</time>
    </ksState>
    <ksState>
      <x>43.535984308678884</x>
      <y>-35.23035758084873</y>
      <orientation>-0.68034</orientation>
      <velocity>13.399999999999999</velocity>
      <steeringAngle>0.0</steeringAngle>
      <time>47</time>
    </ksState>
    <ksState>
      <x>44.58153200790526</x>
      <y>-36.07643973326801</y>
      <orientation>-0.68034</orientation>
      <velocity>13.599999999999998</velocity>
      <steeringAngle>0.0</steeringAngle>
      <time>48</time>
    </ksState>
    <ksState>
      <x>45.6426268848153</x>
      <y>-36.93510303293515</y>
      <orientation>-0.68034</orientation>
      <velocity>13.799999999999997</velocity>
      <steeringAngle>0.0</steeringAngle>
      <time>49</time>
    </ksState>
    <ksState>
      <x>46.719268939409</x>
      <y>-37.806347479850174</y>
      <orientation>-0.68034</orientation>
      <velocity>13.999999999999996</velocity>
      <steeringAngle>0.0</steeringAngle>
      <time>50</time>
    </ksState>
    <ksState>
      <x>47.80368458284453</x>
      <y>-38.683882500389124</y>
      <orientation>-0.68034</orientation>
      <velocity>13.8</velocity>
      <steeringAngle>0.0</steeringAngle>
      <time>51</time>
    </ksState>
    <ksState>
      <x>48.8725530485964</x>
      <y>-39.54883637368021</y>
      <orientation>-0.68034</orientation>
      <velocity>13.600000000000001</velocity>
      <steeringAngle>0.0</steeringAngle>
      <time>52</time>
    </ksState>
    <ksState>
      <x>49.925874336664606</x>
      <y>-40.40120909972342</y>
      <orientation>-0.68034</orientation>
      <velocity>13.400000000000002</velocity>
      <steeringAngle>0.0</steeringAngle>
      <time>53</time>
    </ksState>
    <ksState>
      <x>50.96364844704915</x>
      <y>-41.24100067851876</y>
      <orientation>-0.68034</orientation>
      <velocity>13.200000000000003</velocity>
      <steeringAngle>0.0</steeringAngle>
      <time>54</time>
    </ksState>
    <ksState>
      <x>51.98587537975003</x>
      <y>-42.06821111006623</y>
      <orientation>-0.68034</orientation>
      <velocity>13.000000000000004</velocity>
      <steeringAngle>0.0</steeringAngle>
      <time>55</time>
    </ksState>
    <ksState>
      <x>52.99644192918816</x>
      <y>-42.8859856811778</y>
      <orientation>-0.6769813123180064</orientation>
      <velocity>13.0</velocity>
      <steeringAngle>0.026650000000000004</steeringAngle>
      <time>56</time>
    </ksState>
    <ksState>
      <x>54.012473687080245</x>
      <y>-43.69694831640253</y>
      <orientation>-0.6601819069080753</orientation>
      <velocity>13.0</velocity>
      <steeringAngle>0.05330000000000001</steeringAngle>
      <time>57</time>
    </ksState>
    <ksState>
      <x>55.04463211560591</x>
      <y>-44.4872473647794</y>
      <orientation>-0.629917880112799</orientation>
      <velocity>13.0</velocity>
      <steeringAngle>0.07995000000000001</steeringAngle>
      <time>58</time>
    </ksState>
    <ksState>
      <x>56.1027554418648</x>
      <y>-45.24236506298922</y>
      <orientation>-0.5861460622774153</orientation>
      <velocity>13.0</velocity>
      <steeringAngle>0.10660000000000001</steeringAngle>
      <time>59</time>
    </ksState>
    <ksState>
      <x>57.195256754131705</x>
      <y>-45.94673256616435</y>
      <orientation>-0.5288037707103648</orientation>
      <velocity>13.0</velocity>
      <steeringAngle>0.13325</steeringAngle>
      <time>60</time>
    </ksState>
    <ksState>
      <x>58.31524851939845</x>
      <y>-46.57631366859329</y>
      <orientation>-0.46534743860941624</orientation>
      <velocity>12.399999999999999</velocity>
      <steeringAngle>0.1066</steeringAngle>
      <time>61</time>
    </ksState>
    <ksState>
      <x>59.41679336897543</x>
      <y>-47.11201481555192</y>
      <orientation>-0.4176765395497987</orientation>
      <velocity>11.799999999999997</velocity>
      <steeringAngle>0.07995</steeringAngle>
      <time>62</time>
    </ksState>
    <ksState>
      <x>60.48582962441105</x>
      <y>-47.57491059705219</y>
      <orientation>-0.38446974720573357</orientation>
      <velocity>11.199999999999996</velocity>
      <steeringAngle>0.053299999999999986</steeringAngle>
      <time>63</time>
    </ksState>
    <ksState>
      <x>61.51249592423138</x>
      <y>-47.98349394083668</y>
      <orientation>-0.36443251119661374</orientation>
      <velocity>10.599999999999994</velocity>
      <steeringAngle>0.02664999999999998</steeringAngle>
      <time>64</time>
    </ksState>
    <ksState>
      <x>62.48986511115538</x>
      <y>-48.353313195346715</y>
      <orientation>-0.3562931797791012</orientation>
      <velocity>9.999999999999993</velocity>
      <steeringAngle>-2.42861286636753e-17</steeringAngle>
      <time>65</time>
    </ksState>
    <ksState>
      <x>63.40363141404641</x>
      <y>-48.69339574959034</y>
      <orientation>-0.3562931797791012</orientation>
      <velocity>9.0</velocity>
      <steeringAngle>0.0</steeringAngle>
      <time>66</time>
    </ksState>
    <ksState>
      <x>64.2236780961281</x>
      <y>-48.99859804186025</y>
      <orientation>-0.3562931797791012</orientation>
      <velocity>8.0</velocity>
      <steeringAngle>0.0</steeringAngle>
      <time>67</time>
    </ksState>
    <ksState>
      <x>64.95000515740045</x>
      <y>-49.268920072156455</y>
      <orientation>-0.3562931797791012</orientation>
      <velocity>7.0</velocity>
      <steeringAngle>0.0</steeringAngle>
      <time>68</time>
    </ksState>
    <ksState>
      <x>65.58261259786347</x>
      <y>-49.504361840478964</y>
      <orientation>-0.3562931797791012</orientation>
      <velocity>6.0</velocity>
      <steeringAngle>0.0</steeringAngle>
      <time>69</time>
    </ksState>
    <ksState>
      <x>66.12150041751715</x>
      <y>-49.70492334682776</y>
      <orientation>-0.3562931797791012</orientation>
      <velocity>5.0</velocity>
      <steeringAngle>0.0</steeringAngle>
      <time>70</time>
    </ksState>
    <ksState>
      <x>66.59947048364477</x>
      <y>-49.88281268289366</y>
      <orientation>-0.3562931797791012</orientation>
      <velocity>5.4</velocity>
      <steeringAngle>0.0</steeringAngle>
      <time>71</time>
    </ksState>
    <ksState>
      <x>67.11492839809611</x>
      <y>-50.07465412374903</y>
      <orientation>-0.3562931797791012</orientation>
      <velocity>5.800000000000001</velocity>
      <steeringAngle>0.0</steeringAngle>
      <time>72</time>
    </ksState>
    <ksState>
      <x>67.66787416087121</x>
      <y>-50.28044766939389</y>
      <orientation>-0.3562931797791012</orientation>
      <velocity>6.200000000000001</velocity>
      <steeringAngle>0.0</steeringAngle>
      <time>73</time>
    </ksState>
    <ksState>
      <x>68.25830777197002</x>
      <y>-50.50019331982823</y>
      <orientation>-0.3562931797791012</orientation>
      <velocity>6.600000000000001</velocity>
      <steeringAngle>0.0</steeringAngle>
      <time>74</time>
    </ksState>
    <ksState>
      <x>68.88622923139258</x>
      <y>-50.73389107505204</y>
      <orientation>-0.3562931797791012</orientation>
      <velocity>7.000000000000002</velocity>
      <steeringAngle>0.0</steeringAngle>
      <time>75</time>
    </ksState>
    <ksState>
      <x>69.5610105012198</x>
      <y>-50.985028961262714</y>
      <orientation>-0.3562931797791012</orientation>
      <velocity>7.800000000000001</velocity>
      <steeringAngle>0.0</steeringAngle>
      <time>76</time>
    </ksState>
    <ksState>
      <x>70.31076746769449</x>
      <y>-51.26407105705235</y>
      <orientation>-0.3562931797791012</orientation>
      <velocity>8.600000000000001</velocity>
      <steeringAngle>0.0</steeringAngle>
      <time>77</time>
    </ksState>
    <ksState>
      <x>71.13550013081664</x>
      <y>-51.57101736242095</y>
      <orientation>-0.3562931797791012</orientation>
      <velocity>9.400000000000002</velocity>
      <steeringAngle>0.0</steeringAngle>
      <time>78</time>
    </ksState>
    <ksState>
      <x>72.03520849058627</x>
      <y>-51.905867877368514</y>
      <orientation>-0.3562931797791012</orientation>
      <velocity>10.200000000000003</velocity>
      <steeringAngle>0.0</steeringAngle>
      <time>79</time>
    </ksState>
    <ksState>
      <x>73.00989254700336</x>
      <y>-52.26862260189504</y>
      <orientation>-0.3562931797791012</orientation>
      <velocity>10.997021226415097</velocity>
      <steeringAngle>0.0</steeringAngle>
      <time>80</time>
    </ksState>
    <ksState>
      <x>74.02206445174419</x>
      <y>-52.645329431211046</y>
      <orientation>-0.3562931797791012</orientation>
      <velocity>10.2</velocity>
      <steeringAngle>0.0</steeringAngle>
      <time>81</time>
    </ksState>
    <ksState>
      <x>74.95926065983755</x>
      <y>-52.994132050948096</y>
      <orientation>-0.3562931797791012</orientation>
      <velocity>9.399999999999999</velocity>
      <steeringAngle>0.0</steeringAngle>
      <time>82</time>
    </ksState>
    <ksState>
      <x>75.82148117128344</x>
      <y>-53.315030461106176</y>
      <orientation>-0.3562931797791012</orientation>
      <velocity>8.599999999999998</velocity>
      <steeringAngle>0.0</steeringAngle>
      <time>83</time>
    </ksState>
    <ksState>
      <x>76.60872598608186</x>
      <y>-53.60802466168529</y>
      <orientation>-0.3562931797791012</orientation>
      <velocity>7.799999999999997</velocity>
      <steeringAngle>0.0</steeringAngle>
      <time>84</time>
    </ksState>
    <ksState>
      <x>77.32099510423282</x>
      <y>-53.873114652685445</y>
      <orientation>-0.3562931797791012</orientation>
      <velocity>6.9999999999999964</velocity>
      <steeringAngle>0.0</steeringAngle>
      <time>85</time>
    </ksState>
    <ksState>
      <x>77.99109039301958</x>
      <y>-54.12250852579743</y>
      <orientation>-0.3562931797791012</orientation>
      <velocity>7.6</velocity>
      <steeringAngle>0.0</steeringAngle>
      <time>86</time>
    </ksState>
    <ksState>
      <x>78.71741745429193</x>
      <y>-54.39283055609364</y>
      <orientation>-0.3562931797791012</orientation>
      <velocity>8.2</velocity>
      <steeringAngle>0.0</steeringAngle>
      <time>87</time>
    </ksState>
    <ksState>
      <x>79.49997628804988</x>
      <y>-54.68408074357407</y>
      <orientation>-0.3562931797791012</orientation>
      <velocity>8.8</velocity>
      <steeringAngle>0.0</steeringAngle>
      <time>88</time>
    </ksState>
    <ksState>
      <x>80.33876689429344</x>
      <y>-54.99625908823873</y>
      <orientation>-0.3562931797791012</orientation>
      <velocity>9.400000000000002</velocity>
      <steeringAngle>0.0</steeringAngle>
      <time>89</time>
    </ksState>
    <ksState>
      <x>81.23378927302261</x>
      <y>-55.329365590087605</y>
      <orientation>-0.3562931797791012</orientation>
      <velocity>10.000000000000004</velocity>
      <steeringAngle>0.0</steeringAngle>
      <time>90</time>
    </ksState>
    <ksState>
      <x>82.1803574431969</x>
      <y>-55.68165623602202</y>
      <orientation>-0.35892845780651156</orientation>
      <velocity>10.399999999999999</velocity>
      <steeringAngle>-0.026650000000000004</steeringAngle>
      <time>91</time>
    </ksState>
    <ksState>
      <x>83.1624370747288</x>
      <y>-56.05315540900016</y>
      <orientation>-0.3725230719342273</orientation>
      <velocity>10.799999999999997</velocity>
      <steeringAngle>-0.05330000000000001</steeringAngle>
      <time>92</time>
    </ksState>
    <ksState>
      <x>84.17540798566826</x>
      <y>-56.45558909338796</y>
      <orientation>-0.3979242224299818</orientation>
      <velocity>11.199999999999996</velocity>
      <steeringAngle>-0.07995000000000001</steeringAngle>
      <time>93</time>
    </ksState>
    <ksState>
      <x>85.21319595294779</x>
      <y>-56.90257848908113</y>
      <orientation>-0.43599806301839916</orientation>
      <velocity>11.599999999999994</velocity>
      <steeringAngle>-0.10660000000000001</steeringAngle>
      <time>94</time>
    </ksState>
    <ksState>
      <x>86.26759064982052</x>
      <y>-57.409484442315005</y>
      <orientation>-0.4876322946315673</orientation>
      <velocity>11.999999999999993</velocity>
      <steeringAngle>-0.13325</steeringAngle>
      <time>95</time>
    </ksState>
    <ksState>
      <x>87.30133272496583</x>
      <y>-57.97820132382274</y>
      <orientation>-0.5459198234919269</orientation>
      <velocity>11.2</velocity>
      <steeringAngle>-0.1066</steeringAngle>
      <time>96</time>
    </ksState>
    <ksState>
      <x>88.23480917874419</x>
      <y>-58.55997314406419</y>
      <orientation>-0.5887433865188207</orientation>
      <velocity>10.399999999999999</velocity>
      <steeringAngle>-0.07995</steeringAngle>
      <time>97</time>
    </ksState>
    <ksState>
      <x>89.07854143031832</x>
      <y>-59.13307700179697</y>
      <orientation>-0.6178349809677843</orientation>
      <velocity>9.599999999999998</velocity>
      <steeringAngle>-0.053299999999999986</steeringAngle>
      <time>98</time>
    </ksState>
    <ksState>
      <x>89.84210345696695</x>
      <y>-59.68130255781509</y>
      <orientation>-0.6348989762614793</orientation>
      <velocity>8.799999999999997</velocity>
      <steeringAngle>-0.02664999999999998</steeringAngle>
      <time>99</time>
    </ksState>
    <ksState>
      <x>90.53338025749541</x>
      <y>-60.19290060577428</y>
      <orientation>-0.6416171592358787</orientation>
      <velocity>7.9999999999999964</velocity>
      <steeringAngle>2.42861286636753e-17</steeringAngle>
      <time>100</time>
    </ksState>
    <ksState>
      <x>91.15826083799607</x>
      <y>-60.65972419141788</y>
      <orientation>-0.6416171592358787</orientation>
      <velocity>7.199999999999999</velocity>
      <steeringAngle>0.0</steeringAngle>
      <time>101</time>
    </ksState>
    <ksState>
      <x>91.71905110254795</x>
      <y>-61.0786684349442</y>
      <orientation>-0.6416171592358787</orientation>
      <velocity>6.399999999999999</velocity>
      <steeringAngle>0.0</steeringAngle>
      <time>102</time>
    </ksState>
    <ksState>
      <x>92.21575105115105</x>
      <y>-61.44973333635322</y>
      <orientation>-0.6416171592358787</orientation>
      <velocity>5.599999999999998</velocity>
      <steeringAngle>0.0</steeringAngle>
      <time>103</time>
    </ksState>
    <ksState>
      <x>92.64836068380535</x>
      <y>-61.77291889564494</y>
      <orientation>-0.6416171592358787</orientation>
      <velocity>4.799999999999997</velocity>
      <steeringAngle>0.0</steeringAngle>
      <time>104</time>
    </ksState>
    <ksState>
      <x>93.01688000051087</x>
      <y>-62.048225112819374</y>
      <orientation>-0.6416171592358787</orientation>
      <velocity>3.999999999999997</velocity>
      <steeringAngle>0.0</steeringAngle>
      <time>105</time>
    </ksState>
    <ksState>
      <x>93.35735980398879</x>
      <y>-62.302584117817496</y>
      <orientation>-0.6404545365767271</orientation>
      <velocity>5.0</velocity>
      <steeringAngle>0.026650000000000004</steeringAngle>
      <time>106</time>
    </ksState>
    <ksState>
      <x>93.77874142371112</x>
      <y>-62.61573275902454</y>
      <orientation>-0.6336055023042494</orientation>
      <velocity>6.0</velocity>
      <steeringAngle>0.05330000000000001</steeringAngle>
      <time>107</time>
    </ksState>
    <ksState>
      <x>94.2836168589798</x>
      <y>-62.98413748146543</y>
      <orientation>-0.6189906693495402</orientation>
      <velocity>7.0</velocity>
      <steeringAngle>0.07995000000000001</steeringAngle>
      <time>108</time>
    </ksState>
    <ksState>
      <x>94.8764514134827</x>
      <y>-63.40145830833972</y>
      <orientation>-0.5945143889971933</orientation>
      <velocity>8.0</velocity>
      <steeringAngle>0.10660000000000001</steeringAngle>
      <time>109</time>
    </ksState>
    <ksState>
      <x>95.56380056908273</x>
      <y>-63.85767022293956</y>
      <orientation>-0.5580586655725855</orientation>
      <velocity>8.995108823529412</velocity>
      <steeringAngle>0.13325</steeringAngle>
      <time>110</time>
    </ksState>
    <ksState>
      <x>96.34563205955018</x>
      <y>-64.33290705853584</y>
      <orientation>-0.5129412276673007</orientation>
      <velocity>9.600000000000001</velocity>
      <steeringAngle>0.1066</steeringAngle>
      <time>111</time>
    </ksState>
    <ksState>
      <x>97.1999065174652</x>
      <y>-64.80274310056029</y>
      <orientation>-0.4750693793849587</orientation>
      <velocity>10.200000000000003</velocity>
      <steeringAngle>0.07995</steeringAngle>
      <time>112</time>
    </ksState>
    <ksState>
      <x>98.12403770295523</x>
      <y>-65.26872521954014</y>
      <orientation>-0.44564164093864006</orientation>
      <velocity>10.800000000000004</velocity>
      <steeringAngle>0.053299999999999986</steeringAngle>
      <time>113</time>
    </ksState>
    <ksState>
      <x>99.1147348479795</x>
      <y>-65.7351014267393</y>
      <orientation>-0.4258630594840924</orientation>
      <velocity>11.400000000000006</velocity>
      <steeringAngle>0.02664999999999998</steeringAngle>
      <time>114</time>
    </ksState>
    <ksState>
      <x>100.16798774775268</x>
      <y>-66.20909694836418</y>
      <orientation>-0.4169485728746838</orientation>
      <velocity>12.000000000000007</velocity>
      <steeringAngle>-2.42861286636753e-17</steeringAngle>
      <time>115</time>
    </ksState>
    <ksState>
      <x>101.24232425073869</x>
      <y>-66.68493944158205</y>
      <orientation>-0.4199197196702935</orientation>
      <velocity>11.0</velocity>
      <steeringAngle>-0.026650000000000004</steeringAngle>
      <time>116</time>
    </ksState>
    <ksState>
      <x>102.22270552773193</x>
      <y>-67.12592495127454</y>
      <orientation>-0.4337468766715772</orientation>
      <velocity>10.0</velocity>
      <steeringAngle>-0.05330000000000001</steeringAngle>
      <time>117</time>
    </ksState>
    <ksState>
      <x>103.10533008724704</x>
      <y>-67.54013923999993</y>
      <orientation>-0.4563800766956695</orientation>
      <velocity>9.0</velocity>
      <steeringAngle>-0.07995000000000001</steeringAngle>
      <time>118</time>
    </ksState>
    <ksState>
      <x>103.88812134935381</x>
      <y>-67.93106821080369</y>
      <orientation>-0.48577680290994874</orientation>
      <velocity>8.0</velocity>
      <steeringAngle>-0.10660000000000001</steeringAngle>
      <time>119</time>
    </ksState>
    <ksState>
      <x>104.57051211967698</x>
      <y>-68.29839166281243</y>
      <orientation>-0.5198962075678647</orientation>
      <velocity>7.0</velocity>
      <steeringAngle>-0.13325</steeringAngle>
      <time>120</time>
    </ksState>
    <ksState>
      <x>105.15334114781943</x>
      <y>-68.63882914560646</y>
      <orientation>-0.5532742477319567</orientation>
      <velocity>6.0</velocity>
      <steeringAngle>-0.1066</steeringAngle>
      <time>121</time>
    </ksState>
    <ksState>
      <x>105.64073920873996</x>
      <y>-68.94387889117256</y>
      <orientation>-0.5756972479366795</orientation>
      <velocity>5.0</velocity>
      <steeringAngle>-0.07995</steeringAngle>
      <time>122</time>
    </ksState>
    <ksState>
      <x>106.03821825433879</x>
      <y>-69.20394045128407</y>
      <orientation>-0.589285547983199</orientation>
      <velocity>4.0</velocity>
      <steeringAngle>-0.053299999999999986</steeringAngle>
      <time>123</time>
    </ksState>
    <ksState>
      <x>106.34956634064362</x>
      <y>-69.41295425467946</y>
      <orientation>-0.5961370630226204</orientation>
      <velocity>3.0</velocity>
      <steeringAngle>-0.02664999999999998</steeringAngle>
      <time>124</time>
    </ksState>
    <ksState>
      <x>106.57702282781881</x>
      <y>-69.56751330931405</y>
      <orientation>-0.5983334033671939</orientation>
      <velocity>2.0</velocity>
      <steeringAngle>2.42861286636753e-17</steeringAngle>
      <time>125</time>
    </ksState>
    <ksState>
      <x>106.73401517272687</x>
      <y>-69.674533885094</y>
      <orientation>-0.5983334033671939</orientation>
      <velocity>1.6</velocity>
      <steeringAngle>0.0</steeringAngle>
      <time>126</time>
    </ksState>
    <ksState>
      <x>106.85795649765427</x>
      <y>-69.75902381334132</y>
      <orientation>-0.5983334033671939</orientation>
      <velocity>1.2000000000000002</velocity>
      <steeringAngle>0.0</steeringAngle>
      <time>127</time>
    </ksState>
    <ksState>
      <x>106.94884680260105</x>
      <y>-69.82098309405602</y>
      <orientation>-0.5983334033671939</orientation>
      <velocity>0.8000000000000003</velocity>
      <steeringAngle>0.0</steeringAngle>
      <time>128</time>
    </ksState>
    <ksState>
      <x>107.00668608756718</x>
      <y>-69.8604117272381</y>
      <orientation>-0.5983334033671939</orientation>
      <velocity>0.4000000000000003</velocity>
      <steeringAngle>0.0</steeringAngle>
      <time>129</time>
    </ksState>
  </ksTrajectory>
</CommonRoadSolution>
