<?xml version="1.0" ?>
<CommonRoadSolution benchmark_id="KS2:SM1:USA_US101-18_2_T-1:2018b" date="2019-11-18">
  <ksTrajectory planningProblem="373">
    <ksState>
      <x>0.0</x>
      <y>0.0</y>
      <orientation>-0.77413</orientation>
      <velocity>15.0</velocity>
      <steeringAngle>0.0</steeringAngle>
      <time>0</time>
    </ksState>
    <ksState>
      <x>1.0546685369732967</x>
      <y>-1.0311640398688302</y>
      <orientation>-0.7703837714316225</orientation>
      <velocity>14.0</velocity>
      <steeringAngle>0.026650000000000004</steeringAngle>
      <time>1</time>
    </ksState>
    <ksState>
      <x>2.0448167731544387</x>
      <y>-1.9852115935939454</y>
      <orientation>-0.7526798285665086</orientation>
      <velocity>13.0</velocity>
      <steeringAngle>0.05330000000000001</steeringAngle>
      <time>2</time>
    </ksState>
    <ksState>
      <x>2.981091385305705</x>
      <y>-2.850625596403154</y>
      <orientation>-0.723062622358891</orientation>
      <velocity>12.0</velocity>
      <steeringAngle>0.07995000000000001</steeringAngle>
      <time>3</time>
    </ksState>
    <ksState>
      <x>3.869102974549203</x>
      <y>-3.6200023201674116</y>
      <orientation>-0.6835647074133694</orientation>
      <velocity>11.0</velocity>
      <steeringAngle>0.10660000000000001</steeringAngle>
      <time>4</time>
    </ksState>
    <ksState>
      <x>4.710038834026274</x>
      <y>-4.289555535179359</y>
      <orientation>-0.6362124662399802</orientation>
      <velocity>10.0</velocity>
      <steeringAngle>0.13325</steeringAngle>
      <time>5</time>
    </ksState>
    <ksState>
      <x>5.501486644487956</x>
      <y>-4.858831359377561</y>
      <orientation>-0.5880289119841291</orientation>
      <velocity>9.0</velocity>
      <steeringAngle>0.1066</steeringAngle>
      <time>6</time>
    </ksState>
    <ksState>
      <x>6.233857956074758</x>
      <y>-5.337569898021308</y>
      <orientation>-0.5539409916873208</orientation>
      <velocity>8.0</velocity>
      <steeringAngle>0.07995</steeringAngle>
      <time>7</time>
    </ksState>
    <ksState>
      <x>6.895389656626763</x>
      <y>-5.741274796030217</y>
      <orientation>-0.5318116192602945</orientation>
      <velocity>7.0</velocity>
      <steeringAngle>0.053299999999999986</steeringAngle>
      <time>8</time>
    </ksState>
    <ksState>
      <x>7.47835121567831</x>
      <y>-6.081531841990333</y>
      <orientation>-0.5195306745667366</orientation>
      <velocity>6.0</velocity>
      <steeringAngle>0.02664999999999998</steeringAngle>
      <time>9</time>
    </ksState>
    <ksState>
      <x>7.977903492705279</x>
      <y>-6.366262818955926</y>
      <orientation>-0.5150088135821285</orientation>
      <velocity>5.0</velocity>
      <steeringAngle>-2.42861286636753e-17</steeringAngle>
      <time>10</time>
    </ksState>
    <ksState>
      <x>8.4086962414329</x>
      <y>-6.61007136606554</y>
      <orientation>-0.5150088135821285</orientation>
      <velocity>4.800000000000001</velocity>
      <steeringAngle>0.0</steeringAngle>
      <time>11</time>
    </ksState>
    <ksState>
      <x>8.822083222535161</x>
      <y>-6.844029062786888</y>
      <orientation>-0.5150088135821285</orientation>
      <velocity>4.600000000000001</velocity>
      <steeringAngle>0.0</steeringAngle>
      <time>12</time>
    </ksState>
    <ksState>
      <x>9.218064436012066</x>
      <y>-7.068135909119968</y>
      <orientation>-0.5150088135821285</orientation>
      <velocity>4.400000000000002</velocity>
      <steeringAngle>0.0</steeringAngle>
      <time>13</time>
    </ksState>
    <ksState>
      <x>9.596639881863611</x>
      <y>-7.282391905064781</y>
      <orientation>-0.5150088135821285</orientation>
      <velocity>4.200000000000003</velocity>
      <steeringAngle>0.0</steeringAngle>
      <time>14</time>
    </ksState>
    <ksState>
      <x>9.9578095600898</x>
      <y>-7.486797050621326</y>
      <orientation>-0.5150088135821285</orientation>
      <velocity>4.0000000000000036</velocity>
      <steeringAngle>0.0</steeringAngle>
      <time>15</time>
    </ksState>
    <ksState>
      <x>10.327682122128666</x>
      <y>-7.696127621372005</y>
      <orientation>-0.5150088135821285</orientation>
      <velocity>5.0</velocity>
      <steeringAngle>0.0</steeringAngle>
      <time>16</time>
    </ksState>
    <ksState>
      <x>10.784583522294325</x>
      <y>-7.95471244406402</y>
      <orientation>-0.5150088135821285</orientation>
      <velocity>6.0</velocity>
      <steeringAngle>0.0</steeringAngle>
      <time>17</time>
    </ksState>
    <ksState>
      <x>11.328513760586775</x>
      <y>-8.262551518697371</y>
      <orientation>-0.5150088135821285</orientation>
      <velocity>7.0</velocity>
      <steeringAngle>0.0</steeringAngle>
      <time>18</time>
    </ksState>
    <ksState>
      <x>11.959472837006016</x>
      <y>-8.61964484527206</y>
      <orientation>-0.5150088135821285</orientation>
      <velocity>8.0</velocity>
      <steeringAngle>0.0</steeringAngle>
      <time>19</time>
    </ksState>
    <ksState>
      <x>12.67746075155205</x>
      <y>-9.025992423788084</y>
      <orientation>-0.5150088135821285</orientation>
      <velocity>8.995108823529412</velocity>
      <steeringAngle>0.0</steeringAngle>
      <time>20</time>
    </ksState>
    <ksState>
      <x>13.469423178505858</x>
      <y>-9.474206116454244</y>
      <orientation>-0.5150088135821285</orientation>
      <velocity>9.399999999999999</velocity>
      <steeringAngle>0.0</steeringAngle>
      <time>21</time>
    </ksState>
    <ksState>
      <x>14.296197140710383</x>
      <y>-9.942121509896939</y>
      <orientation>-0.5150088135821285</orientation>
      <velocity>9.799999999999997</velocity>
      <steeringAngle>0.0</steeringAngle>
      <time>22</time>
    </ksState>
    <ksState>
      <x>15.157782638165624</x>
      <y>-10.429738604116167</y>
      <orientation>-0.5150088135821285</orientation>
      <velocity>10.199999999999996</velocity>
      <steeringAngle>0.0</steeringAngle>
      <time>23</time>
    </ksState>
    <ksState>
      <x>16.05417967087158</x>
      <y>-10.93705739911193</y>
      <orientation>-0.5150088135821285</orientation>
      <velocity>10.599999999999994</velocity>
      <steeringAngle>0.0</steeringAngle>
      <time>24</time>
    </ksState>
    <ksState>
      <x>16.985388238828257</x>
      <y>-11.464077894884227</y>
      <orientation>-0.5150088135821285</orientation>
      <velocity>10.999999999999993</velocity>
      <steeringAngle>0.0</steeringAngle>
      <time>25</time>
    </ksState>
    <ksState>
      <x>17.947056900129308</x>
      <y>-12.008337378835993</y>
      <orientation>-0.5150088135821285</orientation>
      <velocity>11.2</velocity>
      <steeringAngle>0.0</steeringAngle>
      <time>26</time>
    </ksState>
    <ksState>
      <x>18.92613132905572</x>
      <y>-12.562447713176025</y>
      <orientation>-0.5150088135821285</orientation>
      <velocity>11.399999999999999</velocity>
      <steeringAngle>0.0</steeringAngle>
      <time>27</time>
    </ksState>
    <ksState>
      <x>19.92261152560749</x>
      <y>-13.126408897904325</y>
      <orientation>-0.5150088135821285</orientation>
      <velocity>11.599999999999998</velocity>
      <steeringAngle>0.0</steeringAngle>
      <time>28</time>
    </ksState>
    <ksState>
      <x>20.936497489784617</x>
      <y>-13.700220933020892</y>
      <orientation>-0.5150088135821285</orientation>
      <velocity>11.799999999999997</velocity>
      <steeringAngle>0.0</steeringAngle>
      <time>29</time>
    </ksState>
    <ksState>
      <x>21.9677892215871</x>
      <y>-14.283883818525727</y>
      <orientation>-0.5150088135821285</orientation>
      <velocity>11.999999999999996</velocity>
      <steeringAngle>0.0</steeringAngle>
      <time>30</time>
    </ksState>
    <ksState>
      <x>23.003432395295928</x>
      <y>-14.870009416627628</y>
      <orientation>-0.5150088135821285</orientation>
      <velocity>11.600000000000001</velocity>
      <steeringAngle>0.0</steeringAngle>
      <time>31</time>
    </ksState>
    <ksState>
      <x>24.004264033754033</x>
      <y>-15.436433313952994</y>
      <orientation>-0.5150088135821285</orientation>
      <velocity>11.200000000000003</velocity>
      <steeringAngle>0.0</steeringAngle>
      <time>32</time>
    </ksState>
    <ksState>
      <x>24.970284136961425</x>
      <y>-15.983155510501827</y>
      <orientation>-0.5150088135821285</orientation>
      <velocity>10.800000000000004</velocity>
      <steeringAngle>0.0</steeringAngle>
      <time>33</time>
    </ksState>
    <ksState>
      <x>25.901492704918102</x>
      <y>-16.510176006274126</y>
      <orientation>-0.5150088135821285</orientation>
      <velocity>10.400000000000006</velocity>
      <steeringAngle>0.0</steeringAngle>
      <time>34</time>
    </ksState>
    <ksState>
      <x>26.79788973762406</x>
      <y>-17.01749480126989</y>
      <orientation>-0.5150088135821285</orientation>
      <velocity>10.000000000000007</velocity>
      <steeringAngle>0.0</steeringAngle>
      <time>35</time>
    </ksState>
    <ksState>
      <x>27.646420909360284</x>
      <y>-17.49772375769792</y>
      <orientation>-0.5150088135821285</orientation>
      <velocity>9.0</velocity>
      <steeringAngle>0.0</steeringAngle>
      <time>36</time>
    </ksState>
    <ksState>
      <x>28.407923242969716</x>
      <y>-17.92869846218461</y>
      <orientation>-0.5150088135821285</orientation>
      <velocity>8.0</velocity>
      <steeringAngle>0.0</steeringAngle>
      <time>37</time>
    </ksState>
    <ksState>
      <x>29.082396738452353</x>
      <y>-18.31041891472997</y>
      <orientation>-0.5150088135821285</orientation>
      <velocity>7.0</velocity>
      <steeringAngle>0.0</steeringAngle>
      <time>38</time>
    </ksState>
    <ksState>
      <x>29.6698413958082</x>
      <y>-18.642885115333986</y>
      <orientation>-0.5150088135821285</orientation>
      <velocity>6.0</velocity>
      <steeringAngle>0.0</steeringAngle>
      <time>39</time>
    </ksState>
    <ksState>
      <x>30.170257215037253</x>
      <y>-18.92609706399667</y>
      <orientation>-0.5150088135821285</orientation>
      <velocity>5.0</velocity>
      <steeringAngle>0.0</steeringAngle>
      <time>40</time>
    </ksState>
    <ksState>
      <x>30.614104289483894</x>
      <y>-19.177293748897487</y>
      <orientation>-0.5150088135821285</orientation>
      <velocity>5.4</velocity>
      <steeringAngle>0.0</steeringAngle>
      <time>41</time>
    </ksState>
    <ksState>
      <x>31.09276289918125</x>
      <y>-19.448192134574835</y>
      <orientation>-0.5150088135821285</orientation>
      <velocity>5.800000000000001</velocity>
      <steeringAngle>0.0</steeringAngle>
      <time>42</time>
    </ksState>
    <ksState>
      <x>31.606233044129322</x>
      <y>-19.73879222102872</y>
      <orientation>-0.5150088135821285</orientation>
      <velocity>6.200000000000001</velocity>
      <steeringAngle>0.0</steeringAngle>
      <time>43</time>
    </ksState>
    <ksState>
      <x>32.15451472432811</x>
      <y>-20.04909400825914</y>
      <orientation>-0.5150088135821285</orientation>
      <velocity>6.600000000000001</velocity>
      <steeringAngle>0.0</steeringAngle>
      <time>44</time>
    </ksState>
    <ksState>
      <x>32.73760793977762</x>
      <y>-20.37909749626609</y>
      <orientation>-0.5150088135821285</orientation>
      <velocity>7.000000000000002</velocity>
      <steeringAngle>0.0</steeringAngle>
      <time>45</time>
    </ksState>
    <ksState>
      <x>33.35986413238418</x>
      <y>-20.731265397646645</y>
      <orientation>-0.5150088135821285</orientation>
      <velocity>7.6</velocity>
      <steeringAngle>0.0</steeringAngle>
      <time>46</time>
    </ksState>
    <ksState>
      <x>34.03433762786682</x>
      <y>-21.112985850192</y>
      <orientation>-0.5150088135821285</orientation>
      <velocity>8.2</velocity>
      <steeringAngle>0.0</steeringAngle>
      <time>47</time>
    </ksState>
    <ksState>
      <x>34.761028426225536</x>
      <y>-21.524258853902158</y>
      <orientation>-0.5150088135821285</orientation>
      <velocity>8.8</velocity>
      <steeringAngle>0.0</steeringAngle>
      <time>48</time>
    </ksState>
    <ksState>
      <x>35.53993652746032</x>
      <y>-21.96508440877712</y>
      <orientation>-0.5150088135821285</orientation>
      <velocity>9.400000000000002</velocity>
      <steeringAngle>0.0</steeringAngle>
      <time>49</time>
    </ksState>
    <ksState>
      <x>36.371061931571184</x>
      <y>-22.43546251481688</y>
      <orientation>-0.5150088135821285</orientation>
      <velocity>10.000000000000004</velocity>
      <steeringAngle>0.0</steeringAngle>
      <time>50</time>
    </ksState>
    <ksState>
      <x>37.25440463855812</x>
      <y>-22.935393172021442</y>
      <orientation>-0.5150088135821285</orientation>
      <velocity>10.600000000000001</velocity>
      <steeringAngle>0.0</steeringAngle>
      <time>51</time>
    </ksState>
    <ksState>
      <x>38.18996464842114</x>
      <y>-23.46487638039081</y>
      <orientation>-0.5150088135821285</orientation>
      <velocity>11.200000000000003</velocity>
      <steeringAngle>0.0</steeringAngle>
      <time>52</time>
    </ksState>
    <ksState>
      <x>39.17774196116023</x>
      <y>-24.023912139924974</y>
      <orientation>-0.5150088135821285</orientation>
      <velocity>11.800000000000004</velocity>
      <steeringAngle>0.0</steeringAngle>
      <time>53</time>
    </ksState>
    <ksState>
      <x>40.217736576775394</x>
      <y>-24.612500450623944</y>
      <orientation>-0.5150088135821285</orientation>
      <velocity>12.400000000000006</velocity>
      <steeringAngle>0.0</steeringAngle>
      <time>54</time>
    </ksState>
    <ksState>
      <x>41.30994849526664</x>
      <y>-25.230641312487712</y>
      <orientation>-0.5150088135821285</orientation>
      <velocity>13.000000000000007</velocity>
      <steeringAngle>0.0</steeringAngle>
      <time>55</time>
    </ksState>
    <ksState>
      <x>42.41956618138324</x>
      <y>-25.85863302473975</y>
      <orientation>-0.5150088135821285</orientation>
      <velocity>12.0</velocity>
      <steeringAngle>0.0</steeringAngle>
      <time>56</time>
    </ksState>
    <ksState>
      <x>43.44215502937304</x>
      <y>-26.43737048505045</y>
      <orientation>-0.5150088135821285</orientation>
      <velocity>11.0</velocity>
      <steeringAngle>0.0</steeringAngle>
      <time>57</time>
    </ksState>
    <ksState>
      <x>44.37771503923606</x>
      <y>-26.966853693419814</y>
      <orientation>-0.5150088135821285</orientation>
      <velocity>10.0</velocity>
      <steeringAngle>0.0</steeringAngle>
      <time>58</time>
    </ksState>
    <ksState>
      <x>45.22624621097228</x>
      <y>-27.447082649847843</y>
      <orientation>-0.5150088135821285</orientation>
      <velocity>9.0</velocity>
      <steeringAngle>0.0</steeringAngle>
      <time>59</time>
    </ksState>
    <ksState>
      <x>45.98774854458171</x>
      <y>-27.878057354334537</y>
      <orientation>-0.5150088135821285</orientation>
      <velocity>8.0</velocity>
      <steeringAngle>0.0</steeringAngle>
      <time>60</time>
    </ksState>
    <ksState>
      <x>46.66222204006435</x>
      <y>-28.259777806879892</y>
      <orientation>-0.5150088135821285</orientation>
      <velocity>7.0</velocity>
      <steeringAngle>0.0</steeringAngle>
      <time>61</time>
    </ksState>
    <ksState>
      <x>47.249666697420196</x>
      <y>-28.592244007483913</y>
      <orientation>-0.5150088135821285</orientation>
      <velocity>6.0</velocity>
      <steeringAngle>0.0</steeringAngle>
      <time>62</time>
    </ksState>
    <ksState>
      <x>47.75008251664925</x>
      <y>-28.875455956146595</y>
      <orientation>-0.5150088135821285</orientation>
      <velocity>5.0</velocity>
      <steeringAngle>0.0</steeringAngle>
      <time>63</time>
    </ksState>
    <ksState>
      <x>48.163469497751514</x>
      <y>-29.109413652867943</y>
      <orientation>-0.5150088135821285</orientation>
      <velocity>4.0</velocity>
      <steeringAngle>0.0</steeringAngle>
      <time>64</time>
    </ksState>
    <ksState>
      <x>48.489827640726986</x>
      <y>-29.294117097647955</y>
      <orientation>-0.5150088135821285</orientation>
      <velocity>3.0</velocity>
      <steeringAngle>0.0</steeringAngle>
      <time>65</time>
    </ksState>
    <ksState>
      <x>48.77267136463906</x>
      <y>-29.454193416457297</y>
      <orientation>-0.5159130756503575</orientation>
      <velocity>4.0</velocity>
      <steeringAngle>-0.026650000000000004</steeringAngle>
      <time>66</time>
    </ksState>
    <ksState>
      <x>49.1421246046857</x>
      <y>-29.664262717189832</y>
      <orientation>-0.521469847968225</orientation>
      <velocity>5.0</velocity>
      <steeringAngle>-0.05330000000000001</steeringAngle>
      <time>67</time>
    </ksState>
    <ksState>
      <x>49.59663406931307</x>
      <y>-29.927025552601197</y>
      <orientation>-0.5337566788617593</orientation>
      <velocity>6.0</velocity>
      <steeringAngle>-0.07995000000000001</steeringAngle>
      <time>68</time>
    </ksState>
    <ksState>
      <x>50.13314448514006</x>
      <y>-30.24760799776218</y>
      <orientation>-0.5548658963036919</orientation>
      <velocity>7.0</velocity>
      <steeringAngle>-0.10660000000000001</steeringAngle>
      <time>69</time>
    </ksState>
    <ksState>
      <x>50.74647096412489</x>
      <y>-30.634167113646292</y>
      <orientation>-0.586910674223142</orientation>
      <velocity>8.0</velocity>
      <steeringAngle>-0.13325</steeringAngle>
      <time>70</time>
    </ksState>
    <ksState>
      <x>51.407918196866305</x>
      <y>-31.084076437258734</y>
      <orientation>-0.6263920451344996</orientation>
      <velocity>8.0</velocity>
      <steeringAngle>-0.1066</steeringAngle>
      <time>71</time>
    </ksState>
    <ksState>
      <x>52.052100187737366</x>
      <y>-31.558402791059365</y>
      <orientation>-0.657498498713394</orientation>
      <velocity>8.0</velocity>
      <steeringAngle>-0.07995</steeringAngle>
      <time>72</time>
    </ksState>
    <ksState>
      <x>52.68225673144278</x>
      <y>-32.051229354505</y>
      <orientation>-0.6802746917280791</orientation>
      <velocity>8.0</velocity>
      <steeringAngle>-0.053299999999999986</steeringAngle>
      <time>73</time>
    </ksState>
    <ksState>
      <x>53.30208409769033</x>
      <y>-32.556999144342356</y>
      <orientation>-0.6947531708057763</orientation>
      <velocity>8.0</velocity>
      <steeringAngle>-0.02664999999999998</steeringAngle>
      <time>74</time>
    </ksState>
    <ksState>
      <x>53.91559211288523</x>
      <y>-33.070424095271164</y>
      <orientation>-0.7009545591792021</orientation>
      <velocity>8.0</velocity>
      <steeringAngle>2.42861286636753e-17</steeringAngle>
      <time>75</time>
    </ksState>
    <ksState>
      <x>54.54225816679791</x>
      <y>-33.59928102949205</y>
      <orientation>-0.7009545591792021</orientation>
      <velocity>8.8</velocity>
      <steeringAngle>0.0</steeringAngle>
      <time>76</time>
    </ksState>
    <ksState>
      <x>55.23006237231182</x>
      <y>-34.17973376217351</y>
      <orientation>-0.7009545591792021</orientation>
      <velocity>9.600000000000001</velocity>
      <steeringAngle>0.0</steeringAngle>
      <time>77</time>
    </ksState>
    <ksState>
      <x>55.97900472942697</x>
      <y>-34.811782293315545</y>
      <orientation>-0.7009545591792021</orientation>
      <velocity>10.400000000000002</velocity>
      <steeringAngle>0.0</steeringAngle>
      <time>78</time>
    </ksState>
    <ksState>
      <x>56.78908523814336</x>
      <y>-35.49542662291815</y>
      <orientation>-0.7009545591792021</orientation>
      <velocity>11.189668981481484</velocity>
      <steeringAngle>0.0</steeringAngle>
      <time>79</time>
    </ksState>
    <ksState>
      <x>57.658601090646194</x>
      <y>-36.22922971491583</y>
      <orientation>-0.7009545591792021</orientation>
      <velocity>11.929637176706096</velocity>
      <steeringAngle>0.0</steeringAngle>
      <time>80</time>
    </ksState>
  </ksTrajectory>
</CommonRoadSolution>
