<?xml version="1.0" ?>
<CommonRoadSolution benchmark_id="KS2:SM1:USA_US101-29_1_T-1:2018b" date="2019-11-18">
  <ksTrajectory planningProblem="622">
    <ksState>
      <x>0.0</x>
      <y>0.0</y>
      <orientation>-0.70187</orientation>
      <velocity>16.0</velocity>
      <steeringAngle>0.0</steeringAngle>
      <time>0</time>
    </ksState>
    <ksState>
      <x>1.2141815001614171</x>
      <y>-1.026578435710477</y>
      <orientation>-0.6977879026634232</orientation>
      <velocity>15.600000000000001</velocity>
      <steeringAngle>0.026650000000000004</steeringAngle>
      <time>1</time>
    </ksState>
    <ksState>
      <x>2.405862393825845</x>
      <y>-2.017717986253531</y>
      <orientation>-0.6777837059712768</orientation>
      <velocity>15.200000000000003</velocity>
      <steeringAngle>0.05330000000000001</steeringAngle>
      <time>2</time>
    </ksState>
    <ksState>
      <x>3.5894203330743393</x>
      <y>-2.955347822007434</y>
      <orientation>-0.6426568028764787</orientation>
      <velocity>14.800000000000004</velocity>
      <steeringAngle>0.07995000000000001</steeringAngle>
      <time>3</time>
    </ksState>
    <ksState>
      <x>4.776067590375989</x>
      <y>-3.822805475308659</y>
      <orientation>-0.5931870077941288</orientation>
      <velocity>14.400000000000006</velocity>
      <steeringAngle>0.10660000000000001</steeringAngle>
      <time>4</time>
    </ksState>
    <ksState>
      <x>5.97336378346578</x>
      <y>-4.604422784104936</y>
      <orientation>-0.5301366562731957</orientation>
      <velocity>14.000000000000007</velocity>
      <steeringAngle>0.13325</steeringAngle>
      <time>5</time>
    </ksState>
    <ksState>
      <x>7.184867128848753</x>
      <y>-5.285392918317301</y>
      <orientation>-0.4615115209316583</orientation>
      <velocity>13.600000000000001</velocity>
      <steeringAngle>0.1066</steeringAngle>
      <time>6</time>
    </ksState>
    <ksState>
      <x>8.401808820016633</x>
      <y>-5.869507846595155</y>
      <orientation>-0.40899328583931704</orientation>
      <velocity>13.200000000000003</velocity>
      <steeringAngle>0.07995</steeringAngle>
      <time>7</time>
    </ksState>
    <ksState>
      <x>9.608936800239638</x>
      <y>-6.378194072619409</y>
      <orientation>-0.3716712956001502</orientation>
      <velocity>12.800000000000004</velocity>
      <steeringAngle>0.053299999999999986</steeringAngle>
      <time>8</time>
    </ksState>
    <ksState>
      <x>10.795201054125943</x>
      <y>-6.831632539140001</y>
      <orientation>-0.3486608188756055</orientation>
      <velocity>12.400000000000006</velocity>
      <steeringAngle>0.02664999999999998</steeringAngle>
      <time>9</time>
    </ksState>
    <ksState>
      <x>11.95251702013365</x>
      <y>-7.248170919992372</y>
      <orientation>-0.3391003390149798</orientation>
      <velocity>12.000000000000007</velocity>
      <steeringAngle>-2.42861286636753e-17</steeringAngle>
      <time>10</time>
    </ksState>
    <ksState>
      <x>13.08889746282287</x>
      <y>-7.649000671225303</y>
      <orientation>-0.34222650216514305</orientation>
      <velocity>12.2</velocity>
      <steeringAngle>-0.026650000000000004</steeringAngle>
      <time>11</time>
    </ksState>
    <ksState>
      <x>14.241546703366772</x>
      <y>-8.063741330453619</y>
      <orientation>-0.3580696429112715</orientation>
      <velocity>12.399999999999999</velocity>
      <steeringAngle>-0.05330000000000001</steeringAngle>
      <time>12</time>
    </ksState>
    <ksState>
      <x>15.404725178419282</x>
      <y>-8.507562340683089</y>
      <orientation>-0.3870662325873745</orientation>
      <velocity>12.599999999999998</velocity>
      <steeringAngle>-0.07995000000000001</steeringAngle>
      <time>13</time>
    </ksState>
    <ksState>
      <x>16.571337262929617</x>
      <y>-8.996528592023372</y>
      <orientation>-0.42967259325448204</orientation>
      <velocity>12.799999999999997</velocity>
      <steeringAngle>-0.10660000000000001</steeringAngle>
      <time>14</time>
    </ksState>
    <ksState>
      <x>17.732192561102543</x>
      <y>-9.547299774617807</y>
      <orientation>-0.48636632759717036</orientation>
      <velocity>12.999999999999996</velocity>
      <steeringAngle>-0.13325</steeringAngle>
      <time>15</time>
    </ksState>
    <ksState>
      <x>18.87518897408348</x>
      <y>-10.176663168461593</y>
      <orientation>-0.5507571872047956</orientation>
      <velocity>13.2</velocity>
      <steeringAngle>-0.1066</steeringAngle>
      <time>16</time>
    </ksState>
    <ksState>
      <x>19.994517516867177</x>
      <y>-10.88546461050229</y>
      <orientation>-0.602264203605861</orientation>
      <velocity>13.399999999999999</velocity>
      <steeringAngle>-0.07995</steeringAngle>
      <time>17</time>
    </ksState>
    <ksState>
      <x>21.094791955637508</x>
      <y>-11.658914813473128</y>
      <orientation>-0.64054369102299</orientation>
      <velocity>13.599999999999998</velocity>
      <steeringAngle>-0.053299999999999986</steeringAngle>
      <time>18</time>
    </ksState>
    <ksState>
      <x>22.18339631098086</x>
      <y>-12.482366926397011</y>
      <orientation>-0.6652346503549609</orientation>
      <velocity>13.799999999999997</velocity>
      <steeringAngle>-0.02664999999999998</steeringAngle>
      <time>19</time>
    </ksState>
    <ksState>
      <x>23.270002084100682</x>
      <y>-13.3411384334252</y>
      <orientation>-0.6759578813582128</orientation>
      <velocity>13.999999999999996</velocity>
      <steeringAngle>2.42861286636753e-17</steeringAngle>
      <time>20</time>
    </ksState>
    <ksState>
      <x>24.362153305898516</x>
      <y>-14.217041229816157</y>
      <orientation>-0.6759578813582128</orientation>
      <velocity>14.0</velocity>
      <steeringAngle>0.0</steeringAngle>
      <time>21</time>
    </ksState>
    <ksState>
      <x>25.45430452769635</x>
      <y>-15.092944026207116</y>
      <orientation>-0.6759578813582128</orientation>
      <velocity>14.0</velocity>
      <steeringAngle>0.0</steeringAngle>
      <time>22</time>
    </ksState>
    <ksState>
      <x>26.546455749494182</x>
      <y>-15.968846822598072</y>
      <orientation>-0.6759578813582128</orientation>
      <velocity>14.0</velocity>
      <steeringAngle>0.0</steeringAngle>
      <time>23</time>
    </ksState>
    <ksState>
      <x>27.638606971292017</x>
      <y>-16.84474961898903</y>
      <orientation>-0.6759578813582128</orientation>
      <velocity>14.0</velocity>
      <steeringAngle>0.0</steeringAngle>
      <time>24</time>
    </ksState>
    <ksState>
      <x>28.73075819308985</x>
      <y>-17.720652415379988</y>
      <orientation>-0.6759578813582128</orientation>
      <velocity>14.0</velocity>
      <steeringAngle>0.0</steeringAngle>
      <time>25</time>
    </ksState>
    <ksState>
      <x>29.822909414887686</x>
      <y>-18.596555211770944</y>
      <orientation>-0.6759578813582128</orientation>
      <velocity>14.0</velocity>
      <steeringAngle>0.0</steeringAngle>
      <time>26</time>
    </ksState>
    <ksState>
      <x>30.91506063668552</x>
      <y>-19.4724580081619</y>
      <orientation>-0.6759578813582128</orientation>
      <velocity>14.0</velocity>
      <steeringAngle>0.0</steeringAngle>
      <time>27</time>
    </ksState>
    <ksState>
      <x>32.00721185848335</x>
      <y>-20.34836080455286</y>
      <orientation>-0.6759578813582128</orientation>
      <velocity>14.0</velocity>
      <steeringAngle>0.0</steeringAngle>
      <time>28</time>
    </ksState>
    <ksState>
      <x>33.09936308028119</x>
      <y>-21.224263600943818</y>
      <orientation>-0.6759578813582128</orientation>
      <velocity>14.0</velocity>
      <steeringAngle>0.0</steeringAngle>
      <time>29</time>
    </ksState>
    <ksState>
      <x>34.19151430207902</x>
      <y>-22.100166397334775</y>
      <orientation>-0.6759578813582128</orientation>
      <velocity>14.0</velocity>
      <steeringAngle>0.0</steeringAngle>
      <time>30</time>
    </ksState>
    <ksState>
      <x>35.279764983799005</x>
      <y>-22.972940969452907</y>
      <orientation>-0.6795490935720366</orientation>
      <velocity>13.8</velocity>
      <steeringAngle>-0.026650000000000004</steeringAngle>
      <time>31</time>
    </ksState>
    <ksState>
      <x>36.346233474514044</x>
      <y>-23.840838380870043</y>
      <orientation>-0.6973047636457704</orientation>
      <velocity>13.600000000000001</velocity>
      <steeringAngle>-0.05330000000000001</steeringAngle>
      <time>32</time>
    </ksState>
    <ksState>
      <x>37.37879505809998</x>
      <y>-24.718192782738463</y>
      <orientation>-0.72883622756022</orientation>
      <velocity>13.400000000000002</velocity>
      <steeringAngle>-0.07995000000000001</steeringAngle>
      <time>33</time>
    </ksState>
    <ksState>
      <x>38.365312559027785</x>
      <y>-25.617534308694058</y>
      <orientation>-0.7737735025638797</orientation>
      <velocity>13.200000000000003</velocity>
      <steeringAngle>-0.10660000000000001</steeringAngle>
      <time>34</time>
    </ksState>
    <ksState>
      <x>39.29319470932761</x>
      <y>-26.549164887514628</y>
      <orientation>-0.8317643513552928</orientation>
      <velocity>13.000000000000004</velocity>
      <steeringAngle>-0.13325</steeringAngle>
      <time>35</time>
    </ksState>
    <ksState>
      <x>40.14587897141361</x>
      <y>-27.516922480453605</y>
      <orientation>-0.8954543153329105</orientation>
      <velocity>12.600000000000001</velocity>
      <steeringAngle>-0.1066</steeringAngle>
      <time>36</time>
    </ksState>
    <ksState>
      <x>40.914553915417606</x>
      <y>-28.502504512945873</y>
      <orientation>-0.94408424372789</orientation>
      <velocity>12.200000000000003</velocity>
      <steeringAngle>-0.07995</steeringAngle>
      <time>37</time>
    </ksState>
    <ksState>
      <x>41.61492808171623</x>
      <y>-29.489137464937393</y>
      <orientation>-0.9785592098402212</orientation>
      <velocity>11.800000000000004</velocity>
      <steeringAngle>-0.053299999999999986</steeringAngle>
      <time>38</time>
    </ksState>
    <ksState>
      <x>42.262146262941144</x>
      <y>-30.463795173002254</y>
      <orientation>-0.9997598766800537</orientation>
      <velocity>11.400000000000006</velocity>
      <steeringAngle>-0.02664999999999998</steeringAngle>
      <time>39</time>
    </ksState>
    <ksState>
      <x>42.870135072294616</x>
      <y>-31.416285869934757</y>
      <orientation>-1.008545182994001</orientation>
      <velocity>11.000000000000007</velocity>
      <steeringAngle>2.42861286636753e-17</steeringAngle>
      <time>40</time>
    </ksState>
    <ksState>
      <x>43.46453281226258</x>
      <y>-32.35963963534886</y>
      <orientation>-1.0056257083165758</orientation>
      <velocity>11.600000000000001</velocity>
      <steeringAngle>0.026650000000000004</steeringAngle>
      <time>41</time>
    </ksState>
    <ksState>
      <x>44.09682232086047</x>
      <y>-33.3500045046401</y>
      <orientation>-0.9904028349434426</orientation>
      <velocity>12.200000000000003</velocity>
      <steeringAngle>0.05330000000000001</steeringAngle>
      <time>42</time>
    </ksState>
    <ksState>
      <x>44.78060633808221</x>
      <y>-34.378403117395</y>
      <orientation>-0.9616131174445112</orientation>
      <velocity>12.800000000000004</velocity>
      <steeringAngle>0.07995000000000001</steeringAngle>
      <time>43</time>
    </ksState>
    <ksState>
      <x>45.53220851448101</x>
      <y>-35.43289514912375</y>
      <orientation>-0.9179706082035416</orientation>
      <velocity>13.400000000000006</velocity>
      <steeringAngle>0.10660000000000001</steeringAngle>
      <time>44</time>
    </ksState>
    <ksState>
      <x>46.37024537368701</x>
      <y>-36.49749110561644</y>
      <orientation>-0.8581630428044202</orientation>
      <velocity>14.000000000000007</velocity>
      <steeringAngle>0.13325</steeringAngle>
      <time>45</time>
    </ksState>
    <ksState>
      <x>47.29775966333987</x>
      <y>-37.53246836239704</y>
      <orientation>-0.7895379074628828</orientation>
      <velocity>13.600000000000001</velocity>
      <steeringAngle>0.1066</steeringAngle>
      <time>46</time>
    </ksState>
    <ksState>
      <x>48.261626679139745</x>
      <y>-38.47750682986417</y>
      <orientation>-0.7370196723705416</orientation>
      <velocity>13.200000000000003</velocity>
      <steeringAngle>0.07995</steeringAngle>
      <time>47</time>
    </ksState>
    <ksState>
      <x>49.24050451371796</x>
      <y>-39.34797671570488</y>
      <orientation>-0.6996976821313747</orientation>
      <velocity>12.800000000000004</velocity>
      <steeringAngle>0.053299999999999986</steeringAngle>
      <time>48</time>
    </ksState>
  </ksTrajectory>
</CommonRoadSolution>
