<?xml version="1.0" ?>
<CommonRoadSolution benchmark_id="KS2:SM1:USA_Lanker-1_9_T-1:2018b" date="2019-11-17">
  <ksTrajectory planningProblem="1868">
    <ksState>
      <x>0.0</x>
      <y>0.0</y>
      <orientation>-1.2762</orientation>
      <velocity>4.0</velocity>
      <steeringAngle>0.0</steeringAngle>
      <time>0</time>
    </ksState>
    <ksState>
      <x>0.1175932043786374</x>
      <y>-0.38755236844065866</y>
      <orientation>-1.2751407215772175</orientation>
      <velocity>4.199999999999999</velocity>
      <steeringAngle>0.026650000000000004</steeringAngle>
      <time>1</time>
    </ksState>
    <ksState>
      <x>0.24187049546524086</x>
      <y>-0.7939757218457157</y>
      <orientation>-1.2696356764679697</orientation>
      <velocity>4.399999999999999</velocity>
      <steeringAngle>0.05330000000000001</steeringAngle>
      <time>2</time>
    </ksState>
    <ksState>
      <x>0.37484755449223633</x>
      <y>-1.2186415627905607</y>
      <orientation>-1.2592631032812673</orientation>
      <velocity>4.599999999999998</velocity>
      <steeringAngle>0.07995000000000001</steeringAngle>
      <time>3</time>
    </ksState>
    <ksState>
      <x>0.5189751439976824</x>
      <y>-1.6607382470276466</y>
      <orientation>-1.2435932458974728</orientation>
      <velocity>4.799999999999997</velocity>
      <steeringAngle>0.10660000000000001</steeringAngle>
      <time>4</time>
    </ksState>
    <ksState>
      <x>0.6771584648582811</x>
      <y>-2.119210935520635</y>
      <orientation>-1.2221870755960467</orientation>
      <velocity>4.9999999999999964</velocity>
      <steeringAngle>0.13325</steeringAngle>
      <time>5</time>
    </ksState>
    <ksState>
      <x>0.8509998519481798</x>
      <y>-2.588005793751549</y>
      <orientation>-1.1948811825799448</orientation>
      <velocity>5.0</velocity>
      <steeringAngle>0.15990000000000001</steeringAngle>
      <time>6</time>
    </ksState>
    <ksState>
      <x>1.0381860710481825</x>
      <y>-3.05162853148697</y>
      <orientation>-1.1622845435260585</orientation>
      <velocity>5.0</velocity>
      <steeringAngle>0.18655000000000002</steeringAngle>
      <time>7</time>
    </ksState>
    <ksState>
      <x>1.2409890492709688</x>
      <y>-3.50862965734946</y>
      <orientation>-1.1243495178564133</orientation>
      <velocity>5.0</velocity>
      <steeringAngle>0.21320000000000003</steeringAngle>
      <time>8</time>
    </ksState>
    <ksState>
      <x>1.4615790019823622</x>
      <y>-3.9573083246840435</y>
      <orientation>-1.0810201222810192</orientation>
      <velocity>5.0</velocity>
      <steeringAngle>0.23985000000000004</steeringAngle>
      <time>9</time>
    </ksState>
    <ksState>
      <x>1.7019897590111626</x>
      <y>-4.395677509125719</y>
      <orientation>-1.032231693813232</orientation>
      <velocity>5.0</velocity>
      <steeringAngle>0.2665</steeringAngle>
      <time>10</time>
    </ksState>
    <ksState>
      <x>1.964075848608006</x>
      <y>-4.821432265581945</y>
      <orientation>-0.9806866813875421</orientation>
      <velocity>5.0</velocity>
      <steeringAngle>0.23985000000000004</steeringAngle>
      <time>11</time>
    </ksState>
    <ksState>
      <x>2.247186867977684</x>
      <y>-5.2335160248769235</y>
      <orientation>-0.9346364094551514</orientation>
      <velocity>5.0</velocity>
      <steeringAngle>0.21320000000000003</steeringAngle>
      <time>12</time>
    </ksState>
    <ksState>
      <x>2.5484296270013105</x>
      <y>-5.6325464421312805</y>
      <orientation>-0.8940117306624322</orientation>
      <velocity>5.0</velocity>
      <steeringAngle>0.18655000000000002</steeringAngle>
      <time>13</time>
    </ksState>
    <ksState>
      <x>2.8651140294158175</x>
      <y>-6.019444447144207</y>
      <orientation>-0.8587523675501867</orientation>
      <velocity>5.0</velocity>
      <steeringAngle>0.15990000000000001</steeringAngle>
      <time>14</time>
    </ksState>
    <ksState>
      <x>3.1947440606391515</x>
      <y>-6.395381630835771</y>
      <orientation>-0.8288065468200163</orientation>
      <velocity>5.0</velocity>
      <steeringAngle>0.13325</steeringAngle>
      <time>15</time>
    </ksState>
    <ksState>
      <x>3.5178703877746975</x>
      <y>-6.743526541733613</y>
      <orientation>-0.8052988493837637</orientation>
      <velocity>4.0</velocity>
      <steeringAngle>0.1066</steeringAngle>
      <time>16</time>
    </ksState>
  </ksTrajectory>
</CommonRoadSolution>
