<?xml version="1.0" ?>
<CommonRoadSolution benchmark_id="KS2:SM1:DEU_Ffb-2_1_T-1:2018b" date="2019-11-18">
  <ksTrajectory planningProblem="800">
    <ksState>
      <x>0.0</x>
      <y>0.0</y>
      <orientation>0.0</orientation>
      <velocity>10.0</velocity>
      <steeringAngle>0.0</steeringAngle>
      <time>0</time>
    </ksState>
    <ksState>
      <x>1.0150000000000001</x>
      <y>0.0</y>
      <orientation>0.002661114086502605</orientation>
      <velocity>10.600000000000001</velocity>
      <steeringAngle>0.026650000000000004</steeringAngle>
      <time>1</time>
    </ksState>
    <ksState>
      <x>2.089980070720715</x>
      <y>0.005846275444760434</y>
      <orientation>0.01659172550502582</orientation>
      <velocity>11.200000000000003</velocity>
      <steeringAngle>0.05330000000000001</steeringAngle>
      <time>2</time>
    </ksState>
    <ksState>
      <x>3.2246747559915083</x>
      <y>0.03133659800954999</y>
      <orientation>0.04305344094278214</orientation>
      <velocity>11.800000000000004</velocity>
      <steeringAngle>0.07995000000000001</steeringAngle>
      <time>3</time>
    </ksState>
    <ksState>
      <x>4.417988591804762</x>
      <y>0.09384389709429886</y>
      <orientation>0.08332888727333762</orientation>
      <velocity>12.400000000000006</velocity>
      <steeringAngle>0.10660000000000001</steeringAngle>
      <time>4</time>
    </ksState>
    <ksState>
      <x>5.6670650558092355</x>
      <y>0.21456031208862156</y>
      <orientation>0.1387255071673012</orientation>
      <velocity>13.000000000000007</velocity>
      <steeringAngle>0.13325</steeringAngle>
      <time>5</time>
    </ksState>
    <ksState>
      <x>6.946246740188926</x>
      <y>0.4151612057729533</y>
      <orientation>0.2060357894355035</orientation>
      <velocity>12.8</velocity>
      <steeringAngle>0.13325</steeringAngle>
      <time>6</time>
    </ksState>
    <ksState>
      <x>8.189615444202301</x>
      <y>0.6966031941188929</y>
      <orientation>0.2723065306648146</orientation>
      <velocity>12.600000000000001</velocity>
      <steeringAngle>0.13325</steeringAngle>
      <time>7</time>
    </ksState>
    <ksState>
      <x>9.392546474118893</x>
      <y>1.0537582983142633</y>
      <orientation>0.3375377308552346</orientation>
      <velocity>12.400000000000002</velocity>
      <steeringAngle>0.13325</steeringAngle>
      <time>8</time>
    </ksState>
    <ksState>
      <x>10.550995594942712</x>
      <y>1.4813383358859522</y>
      <orientation>0.4017293900067634</orientation>
      <velocity>12.200000000000003</velocity>
      <steeringAngle>0.13325</steeringAngle>
      <time>9</time>
    </ksState>
    <ksState>
      <x>11.66148575894351</x>
      <y>1.9739493707215285</y>
      <orientation>0.46488150811940104</orientation>
      <velocity>12.000000000000004</velocity>
      <steeringAngle>0.13325</steeringAngle>
      <time>10</time>
    </ksState>
    <ksState>
      <x>12.712295259262572</x>
      <y>2.521382513461569</y>
      <orientation>0.5295569535562475</orientation>
      <velocity>11.399999999999999</velocity>
      <steeringAngle>0.15990000000000001</steeringAngle>
      <time>11</time>
    </ksState>
    <ksState>
      <x>13.67290927498741</x>
      <y>3.106569483803794</y>
      <orientation>0.602859543697888</orientation>
      <velocity>10.799999999999997</velocity>
      <steeringAngle>0.18655000000000002</steeringAngle>
      <time>12</time>
    </ksState>
    <ksState>
      <x>14.538069399954075</x>
      <y>3.7272789222274376</y>
      <orientation>0.6836209124896565</orientation>
      <velocity>10.199999999999996</velocity>
      <steeringAngle>0.21320000000000003</steeringAngle>
      <time>13</time>
    </ksState>
    <ksState>
      <x>15.303503999532175</x>
      <y>4.378180008525591</y>
      <orientation>0.7706723098018355</orientation>
      <velocity>9.599999999999994</velocity>
      <steeringAngle>0.23985000000000004</steeringAngle>
      <time>14</time>
    </ksState>
    <ksState>
      <x>15.96640208026566</x>
      <y>5.051328404479117</y>
      <orientation>0.8628412334062379</orientation>
      <velocity>8.999999999999993</velocity>
      <steeringAngle>0.2665</steeringAngle>
      <time>15</time>
    </ksState>
    <ksState>
      <x>16.53504508598736</x>
      <y>5.748598597954442</y>
      <orientation>0.9581117349137842</orientation>
      <velocity>9.0</velocity>
      <steeringAngle>0.2665</steeringAngle>
      <time>16</time>
    </ksState>
    <ksState>
      <x>17.034780571819102</x>
      <y>6.496799797409404</y>
      <orientation>1.0533822364213306</orientation>
      <velocity>9.0</velocity>
      <steeringAngle>0.2665</steeringAngle>
      <time>17</time>
    </ksState>
    <ksState>
      <x>17.461076134127868</x>
      <y>7.2891461132468525</y>
      <orientation>1.148652737928877</orientation>
      <velocity>9.0</velocity>
      <steeringAngle>0.2665</steeringAngle>
      <time>18</time>
    </ksState>
    <ksState>
      <x>17.810065440403523</x>
      <y>8.118451277086177</y>
      <orientation>1.2439232394364232</orientation>
      <velocity>9.0</velocity>
      <steeringAngle>0.2665</steeringAngle>
      <time>19</time>
    </ksState>
    <ksState>
      <x>18.078583295368777</x>
      <y>8.977193818381403</y>
      <orientation>1.3391937409439696</orientation>
      <velocity>9.0</velocity>
      <steeringAngle>0.2665</steeringAngle>
      <time>20</time>
    </ksState>
    <ksState>
      <x>18.266938318929125</x>
      <y>9.872332166415058</y>
      <orientation>1.4334796223639605</orientation>
      <velocity>9.600000000000001</velocity>
      <steeringAngle>0.23985000000000004</steeringAngle>
      <time>21</time>
    </ksState>
    <ksState>
      <x>18.378019814287423</x>
      <y>10.840729656797526</y>
      <orientation>1.523236714135776</orientation>
      <velocity>10.200000000000003</velocity>
      <steeringAngle>0.21320000000000003</steeringAngle>
      <time>22</time>
    </ksState>
    <ksState>
      <x>18.4047582469124</x>
      <y>11.875147061535564</y>
      <orientation>1.6072893455275878</orientation>
      <velocity>10.800000000000004</velocity>
      <steeringAngle>0.18655000000000002</steeringAngle>
      <time>23</time>
    </ksState>
    <ksState>
      <x>18.34290904018303</x>
      <y>12.96818485792588</y>
      <orientation>1.6844673167512587</orientation>
      <velocity>11.400000000000006</velocity>
      <steeringAngle>0.15990000000000001</steeringAngle>
      <time>24</time>
    </ksState>
    <ksState>
      <x>18.19122983062782</x>
      <y>14.112996968846968</y>
      <orientation>1.7536024858178452</orientation>
      <velocity>12.000000000000007</velocity>
      <steeringAngle>0.13325</steeringAngle>
      <time>25</time>
    </ksState>
    <ksState>
      <x>17.95261464397423</x>
      <y>15.299085859654248</y>
      <orientation>1.81329180593822</orientation>
      <velocity>12.399999999999999</velocity>
      <steeringAngle>0.1066</steeringAngle>
      <time>26</time>
    </ksState>
    <ksState>
      <x>17.63677634119668</x>
      <y>16.508419429736612</y>
      <orientation>1.8618695449772853</orientation>
      <velocity>12.799999999999997</velocity>
      <steeringAngle>0.07995</steeringAngle>
      <time>27</time>
    </ksState>
    <ksState>
      <x>17.254228718777085</x>
      <y>17.74032561861322</y>
      <orientation>1.898570182035845</orientation>
      <velocity>13.199999999999996</velocity>
      <steeringAngle>0.053299999999999986</steeringAngle>
      <time>28</time>
    </ksState>
    <ksState>
      <x>16.817413080053612</x>
      <y>18.996514165054787</y>
      <orientation>1.9226147623138161</orientation>
      <velocity>13.599999999999994</velocity>
      <steeringAngle>0.02664999999999998</steeringAngle>
      <time>29</time>
    </ksState>
    <ksState>
      <x>16.34075684144352</x>
      <y>20.280911163987504</y>
      <orientation>1.9332087946668248</orientation>
      <velocity>13.999999999999993</velocity>
      <steeringAngle>-2.42861286636753e-17</steeringAngle>
      <time>30</time>
    </ksState>
    <ksState>
      <x>15.853276679338006</x>
      <y>21.56659700880092</y>
      <orientation>1.9332087946668248</orientation>
      <velocity>13.0</velocity>
      <steeringAngle>0.0</steeringAngle>
      <time>31</time>
    </ksState>
    <ksState>
      <x>15.401249619931075</x>
      <y>22.758778428536992</y>
      <orientation>1.9332087946668248</orientation>
      <velocity>12.0</velocity>
      <steeringAngle>0.0</steeringAngle>
      <time>32</time>
    </ksState>
    <ksState>
      <x>14.984675663222728</x>
      <y>23.85745542319573</y>
      <orientation>1.9332087946668248</orientation>
      <velocity>11.0</velocity>
      <steeringAngle>0.0</steeringAngle>
      <time>33</time>
    </ksState>
    <ksState>
      <x>14.603554809212962</x>
      <y>24.862627992777128</y>
      <orientation>1.9332087946668248</orientation>
      <velocity>10.0</velocity>
      <steeringAngle>0.0</steeringAngle>
      <time>34</time>
    </ksState>
    <ksState>
      <x>14.257887057901781</x>
      <y>25.774296137281183</y>
      <orientation>1.9332087946668248</orientation>
      <velocity>9.0</velocity>
      <steeringAngle>0.0</steeringAngle>
      <time>35</time>
    </ksState>
  </ksTrajectory>
</CommonRoadSolution>
