<?xml version="1.0" ?>
<CommonRoadSolution benchmark_id="KS2:SM1:USA_US101-4_1_T-1:2018b" date="2019-11-18">
  <ksTrajectory planningProblem="458">
    <ksState>
      <x>0.0</x>
      <y>0.0</y>
      <orientation>-0.76501</orientation>
      <velocity>5.0</velocity>
      <steeringAngle>0.0</steeringAngle>
      <time>0</time>
    </ksState>
    <ksState>
      <x>0.3498670845348175</x>
      <y>-0.3358839429908891</y>
      <orientation>-0.7662242947773361</orientation>
      <velocity>4.4</velocity>
      <steeringAngle>-0.026650000000000004</steeringAngle>
      <time>1</time>
    </ksState>
    <ksState>
      <x>0.6557703824578449</x>
      <y>-0.6309228202750617</y>
      <orientation>-0.7716776126779642</orientation>
      <velocity>3.8000000000000007</velocity>
      <steeringAngle>-0.05330000000000001</steeringAngle>
      <time>2</time>
    </ksState>
    <ksState>
      <x>0.9169005127507415</x>
      <y>-0.8859434887739441</y>
      <orientation>-0.7801359281578343</orientation>
      <velocity>3.200000000000001</velocity>
      <steeringAngle>-0.07995000000000001</steeringAngle>
      <time>3</time>
    </ksState>
    <ksState>
      <x>1.133191739811082</x>
      <y>-1.1009842566452075</y>
      <orientation>-0.7903664254834908</orientation>
      <velocity>2.6000000000000014</velocity>
      <steeringAngle>-0.10660000000000001</steeringAngle>
      <time>4</time>
    </ksState>
    <ksState>
      <x>1.305128082586276</x>
      <y>-1.2755192361066507</y>
      <orientation>-0.8011339881668933</orientation>
      <velocity>2.0000000000000018</velocity>
      <steeringAngle>-0.13325</steeringAngle>
      <time>5</time>
    </ksState>
    <ksState>
      <x>1.443932430944754</x>
      <y>-1.4195091062919996</y>
      <orientation>-0.8110043308947327</orientation>
      <velocity>2.0</velocity>
      <steeringAngle>-0.1066</steeringAngle>
      <time>6</time>
    </ksState>
    <ksState>
      <x>1.5813851588883088</x>
      <y>-1.564790128514718</y>
      <orientation>-0.8187809442894562</orientation>
      <velocity>2.0</velocity>
      <steeringAngle>-0.07995</steeringAngle>
      <time>7</time>
    </ksState>
    <ksState>
      <x>1.717780339766779</x>
      <y>-1.7110647268333026</y>
      <orientation>-0.8244749925431275</orientation>
      <velocity>2.0</velocity>
      <steeringAngle>-0.053299999999999986</steeringAngle>
      <time>8</time>
    </ksState>
    <ksState>
      <x>1.853416813844981</x>
      <y>-1.8580433106594874</y>
      <orientation>-0.8280946123125519</orientation>
      <velocity>2.0</velocity>
      <steeringAngle>-0.02664999999999998</steeringAngle>
      <time>9</time>
    </ksState>
    <ksState>
      <x>1.9885967521860597</x>
      <y>-2.00544199988798</y>
      <orientation>-0.8296449594059083</orientation>
      <velocity>2.0</velocity>
      <steeringAngle>2.42861286636753e-17</steeringAngle>
      <time>10</time>
    </ksState>
    <ksState>
      <x>2.1236242948106248</x>
      <y>-2.152980343150914</y>
      <orientation>-0.8291282382240631</orientation>
      <velocity>2.0</velocity>
      <steeringAngle>0.026650000000000004</steeringAngle>
      <time>11</time>
    </ksState>
    <ksState>
      <x>2.2588042331517038</x>
      <y>-2.3003790323794067</y>
      <orientation>-0.826543714314843</orientation>
      <velocity>2.0</velocity>
      <steeringAngle>0.05330000000000001</steeringAngle>
      <time>12</time>
    </ksState>
    <ksState>
      <x>2.3944407072299057</x>
      <y>-2.4473576162055917</y>
      <orientation>-0.8218877101924927</orientation>
      <velocity>2.0</velocity>
      <steeringAngle>0.07995000000000001</steeringAngle>
      <time>13</time>
    </ksState>
    <ksState>
      <x>2.530835888108376</x>
      <y>-2.593632214524176</y>
      <orientation>-0.8151535843716645</orientation>
      <velocity>2.0</velocity>
      <steeringAngle>0.10660000000000001</steeringAngle>
      <time>14</time>
    </ksState>
    <ksState>
      <x>2.6682886160519304</x>
      <y>-2.7389132367468947</y>
      <orientation>-0.806331693361349</orientation>
      <velocity>2.0</velocity>
      <steeringAngle>0.13325</steeringAngle>
      <time>15</time>
    </ksState>
    <ksState>
      <x>2.8070929644104083</x>
      <y>-2.8829031069322433</y>
      <orientation>-0.7959362829724375</orientation>
      <velocity>2.0</velocity>
      <steeringAngle>0.13325</steeringAngle>
      <time>16</time>
    </ksState>
    <ksState>
      <x>2.9473866197546625</x>
      <y>-3.025442294910017</y>
      <orientation>-0.7855408725835259</orientation>
      <velocity>2.0</velocity>
      <steeringAngle>0.13325</steeringAngle>
      <time>17</time>
    </ksState>
    <ksState>
      <x>3.089154421449485</x>
      <y>-3.1665153973847016</y>
      <orientation>-0.7751454621946143</orientation>
      <velocity>2.0</velocity>
      <steeringAngle>0.13325</steeringAngle>
      <time>18</time>
    </ksState>
    <ksState>
      <x>3.2323810495581284</x>
      <y>-3.3061071694912396</y>
      <orientation>-0.7647500518057029</orientation>
      <velocity>2.0</velocity>
      <steeringAngle>0.13325</steeringAngle>
      <time>19</time>
    </ksState>
    <ksState>
      <x>3.3770510264978366</x>
      <y>-3.4442025264424405</y>
      <orientation>-0.7543546414167913</orientation>
      <velocity>2.0</velocity>
      <steeringAngle>0.13325</steeringAngle>
      <time>20</time>
    </ksState>
    <ksState>
      <x>3.5268100350810423</x>
      <y>-3.584191653446474</y>
      <orientation>-0.7442506668122827</orientation>
      <velocity>2.2</velocity>
      <steeringAngle>0.1066</steeringAngle>
      <time>21</time>
    </ksState>
    <ksState>
      <x>3.692673755358308</x>
      <y>-3.736224422200052</y>
      <orientation>-0.7355150240821972</orientation>
      <velocity>2.4000000000000004</velocity>
      <steeringAngle>0.07995</steeringAngle>
      <time>22</time>
    </ksState>
    <ksState>
      <x>3.874649687314725</x>
      <y>-3.900265733173101</y>
      <orientation>-0.72855280206026</orientation>
      <velocity>2.6000000000000005</velocity>
      <steeringAngle>0.053299999999999986</steeringAngle>
      <time>23</time>
    </ksState>
    <ksState>
      <x>4.072617804332932</x>
      <y>-4.076429003218976</y>
      <orientation>-0.7237697514601229</orientation>
      <velocity>2.8000000000000007</velocity>
      <steeringAngle>0.02664999999999998</steeringAngle>
      <time>24</time>
    </ksState>
    <ksState>
      <x>4.286311323171992</x>
      <y>-4.265002695703862</y>
      <orientation>-0.7215734294703315</orientation>
      <velocity>3.000000000000001</velocity>
      <steeringAngle>-2.42861286636753e-17</steeringAngle>
      <time>25</time>
    </ksState>
    <ksState>
      <x>4.511541514275599</x>
      <y>-4.46317272627214</y>
      <orientation>-0.7223485112430993</orientation>
      <velocity>3.0</velocity>
      <steeringAngle>-0.026650000000000004</steeringAngle>
      <time>26</time>
    </ksState>
    <ksState>
      <x>4.7364641440165824</x>
      <y>-4.661691633541816</y>
      <orientation>-0.7262252971069295</orientation>
      <velocity>3.0</velocity>
      <steeringAngle>-0.05330000000000001</steeringAngle>
      <time>27</time>
    </ksState>
    <ksState>
      <x>4.960460409977198</x>
      <y>-4.861254796927824</y>
      <orientation>-0.7332093032904549</orientation>
      <velocity>3.0</velocity>
      <steeringAngle>-0.07995000000000001</steeringAngle>
      <time>28</time>
    </ksState>
    <ksState>
      <x>5.182900489856942</x>
      <y>-5.062550406000059</y>
      <orientation>-0.7433104920216972</orientation>
      <velocity>3.0</velocity>
      <steeringAngle>-0.10660000000000001</steeringAngle>
      <time>29</time>
    </ksState>
    <ksState>
      <x>5.403136260501423</x>
      <y>-5.266254440707362</y>
      <orientation>-0.7565433285371704</orientation>
      <velocity>3.0</velocity>
      <steeringAngle>-0.13325</steeringAngle>
      <time>30</time>
    </ksState>
    <ksState>
      <x>5.6241033178825965</x>
      <y>-5.476485614127665</y>
      <orientation>-0.7715824745055987</orientation>
      <velocity>3.2</velocity>
      <steeringAngle>-0.1066</steeringAngle>
      <time>31</time>
    </ksState>
    <ksState>
      <x>5.856299575393735</x>
      <y>-5.703881160379955</y>
      <orientation>-0.7842064239330461</orientation>
      <velocity>3.4000000000000004</velocity>
      <steeringAngle>-0.07995</steeringAngle>
      <time>32</time>
    </ksState>
    <ksState>
      <x>6.099887470542198</x>
      <y>-5.948194703771891</y>
      <orientation>-0.794015670081819</orientation>
      <velocity>3.6000000000000005</velocity>
      <steeringAngle>-0.053299999999999986</steeringAngle>
      <time>33</time>
    </ksState>
    <ksState>
      <x>6.355255571173108</x>
      <y>-6.208985177994087</y>
      <orientation>-0.8006085305666681</orientation>
      <velocity>3.8000000000000007</velocity>
      <steeringAngle>-0.02664999999999998</steeringAngle>
      <time>34</time>
    </ksState>
    <ksState>
      <x>6.62304439786765</x>
      <y>-6.485596821640753</y>
      <orientation>-0.8035800261031377</orientation>
      <velocity>4.000000000000001</velocity>
      <steeringAngle>2.42861286636753e-17</steeringAngle>
      <time>35</time>
    </ksState>
    <ksState>
      <x>6.89722736602704</x>
      <y>-6.769935879758534</y>
      <orientation>-0.8025724197985397</orientation>
      <velocity>3.8</velocity>
      <steeringAngle>0.026650000000000004</steeringAngle>
      <time>36</time>
    </ksState>
    <ksState>
      <x>7.158060547159252</x>
      <y>-7.039362894090492</y>
      <orientation>-0.7977393692709068</orientation>
      <velocity>3.5999999999999996</velocity>
      <steeringAngle>0.05330000000000001</steeringAngle>
      <time>37</time>
    </ksState>
    <ksState>
      <x>7.406432079245546</x>
      <y>-7.29300860225966</y>
      <orientation>-0.7894879259682082</orientation>
      <velocity>3.3999999999999995</velocity>
      <steeringAngle>0.07995000000000001</steeringAngle>
      <time>38</time>
    </ksState>
    <ksState>
      <x>7.64295918468035</x>
      <y>-7.530240863898657</y>
      <orientation>-0.7782212800686897</orientation>
      <velocity>3.1999999999999993</velocity>
      <steeringAngle>0.10660000000000001</steeringAngle>
      <time>39</time>
    </ksState>
    <ksState>
      <x>7.868010584667682</x>
      <y>-7.750639988985445</y>
      <orientation>-0.7643398863288541</orientation>
      <velocity>2.999999999999999</velocity>
      <steeringAngle>0.13325</steeringAngle>
      <time>40</time>
    </ksState>
    <ksState>
      <x>8.085368445281992</x>
      <y>-7.957410859138973</y>
      <orientation>-0.7487467707454868</orientation>
      <velocity>3.0</velocity>
      <steeringAngle>0.13325</steeringAngle>
      <time>41</time>
    </ksState>
    <ksState>
      <x>8.305923953086575</x>
      <y>-8.16076744322697</y>
      <orientation>-0.7331536551621194</orientation>
      <velocity>3.0</velocity>
      <steeringAngle>0.13325</steeringAngle>
      <time>42</time>
    </ksState>
    <ksState>
      <x>8.529623482143144</x>
      <y>-8.360660297063085</y>
      <orientation>-0.7175605395787521</orientation>
      <velocity>3.0</velocity>
      <steeringAngle>0.13325</steeringAngle>
      <time>43</time>
    </ksState>
    <ksState>
      <x>8.756412642075052</x>
      <y>-8.55704081863347</y>
      <orientation>-0.7019674239953848</orientation>
      <velocity>3.0</velocity>
      <steeringAngle>0.13325</steeringAngle>
      <time>44</time>
    </ksState>
    <ksState>
      <x>8.986236291291792</x>
      <y>-8.74986125991389</y>
      <orientation>-0.6863743084120175</orientation>
      <velocity>3.0</velocity>
      <steeringAngle>0.13325</steeringAngle>
      <time>45</time>
    </ksState>
    <ksState>
      <x>9.219038550396144</x>
      <y>-8.939074738479206</y>
      <orientation>-0.6707811928286502</orientation>
      <velocity>3.0</velocity>
      <steeringAngle>0.13325</steeringAngle>
      <time>46</time>
    </ksState>
    <ksState>
      <x>9.4547628157707</x>
      <y>-9.124635248902363</y>
      <orientation>-0.6551880772452828</orientation>
      <velocity>3.0</velocity>
      <steeringAngle>0.13325</steeringAngle>
      <time>47</time>
    </ksState>
    <ksState>
      <x>9.693351773340494</x>
      <y>-9.306497673940179</y>
      <orientation>-0.6395949616619155</orientation>
      <velocity>3.0</velocity>
      <steeringAngle>0.13325</steeringAngle>
      <time>48</time>
    </ksState>
    <ksState>
      <x>9.934747412508367</x>
      <y>-9.48461779550316</y>
      <orientation>-0.6240018460785483</orientation>
      <velocity>3.0</velocity>
      <steeringAngle>0.13325</steeringAngle>
      <time>49</time>
    </ksState>
    <ksState>
      <x>10.178891040259671</x>
      <y>-9.658952305406704</y>
      <orientation>-0.608408730495181</orientation>
      <velocity>3.0</velocity>
      <steeringAngle>0.13325</steeringAngle>
      <time>50</time>
    </ksState>
    <ksState>
      <x>10.429848244440784</x>
      <y>-9.83228455397855</y>
      <orientation>-0.5933695845267527</orientation>
      <velocity>3.2</velocity>
      <steeringAngle>0.1066</steeringAngle>
      <time>51</time>
    </ksState>
    <ksState>
      <x>10.699902637941413</x>
      <y>-10.013100651183867</y>
      <orientation>-0.5807456350993053</orientation>
      <velocity>3.4000000000000004</velocity>
      <steeringAngle>0.07995</steeringAngle>
      <time>52</time>
    </ksState>
    <ksState>
      <x>10.98884624756242</x>
      <y>-10.20160996290816</y>
      <orientation>-0.5709363889505324</orientation>
      <velocity>3.6000000000000005</velocity>
      <steeringAngle>0.053299999999999986</steeringAngle>
      <time>53</time>
    </ksState>
    <ksState>
      <x>11.296326739257115</x>
      <y>-10.398283005016285</y>
      <orientation>-0.5643435284656833</orientation>
      <velocity>3.8000000000000007</velocity>
      <steeringAngle>0.02664999999999998</steeringAngle>
      <time>54</time>
    </ksState>
    <ksState>
      <x>11.621833113906007</x>
      <y>-10.603880809397275</y>
      <orientation>-0.5613720329292137</orientation>
      <velocity>4.000000000000001</velocity>
      <steeringAngle>-2.42861286636753e-17</steeringAngle>
      <time>55</time>
    </ksState>
    <ksState>
      <x>11.95621068988955</x>
      <y>-10.814158332398115</y>
      <orientation>-0.5623796392338117</orientation>
      <velocity>3.8</velocity>
      <steeringAngle>-0.026650000000000004</steeringAngle>
      <time>56</time>
    </ksState>
    <ksState>
      <x>12.27326242161108</x>
      <y>-11.014415826249811</y>
      <orientation>-0.5672126897614446</orientation>
      <velocity>3.5999999999999996</velocity>
      <steeringAngle>-0.05330000000000001</steeringAngle>
      <time>57</time>
    </ksState>
    <ksState>
      <x>12.572318927678804</x>
      <y>-11.205700350982202</y>
      <orientation>-0.5754641330641432</orientation>
      <velocity>3.3999999999999995</velocity>
      <steeringAngle>-0.07995000000000001</steeringAngle>
      <time>58</time>
    </ksState>
    <ksState>
      <x>12.85288756934042</x>
      <y>-11.388745304160043</y>
      <orientation>-0.5867307789636617</orientation>
      <velocity>3.1999999999999993</velocity>
      <steeringAngle>-0.10660000000000001</steeringAngle>
      <time>59</time>
    </ksState>
    <ksState>
      <x>13.114632881028928</x>
      <y>-11.563997404816112</y>
      <orientation>-0.6006121727034973</orientation>
      <velocity>2.999999999999999</velocity>
      <steeringAngle>-0.13325</steeringAngle>
      <time>60</time>
    </ksState>
    <ksState>
      <x>13.36146513620218</x>
      <y>-11.734503915310475</y>
      <orientation>-0.6169957085131584</orientation>
      <velocity>3.0</velocity>
      <steeringAngle>-0.15990000000000001</steeringAngle>
      <time>61</time>
    </ksState>
    <ksState>
      <x>13.605331762339691</x>
      <y>-11.909223945085774</y>
      <orientation>-0.6365536919454903</orientation>
      <velocity>3.0</velocity>
      <steeringAngle>-0.18655000000000002</steeringAngle>
      <time>62</time>
    </ksState>
    <ksState>
      <x>13.845590389136603</x>
      <y>-12.088871045208403</y>
      <orientation>-0.6593147073472773</orientation>
      <velocity>3.0</velocity>
      <steeringAngle>-0.21320000000000003</steeringAngle>
      <time>63</time>
    </ksState>
    <ksState>
      <x>14.081547656724036</x>
      <y>-12.274129244454635</y>
      <orientation>-0.6853123446925138</orientation>
      <velocity>3.0</velocity>
      <steeringAngle>-0.23985000000000004</steeringAngle>
      <time>64</time>
    </ksState>
    <ksState>
      <x>14.312451941256679</x>
      <y>-12.465645977179584</y>
      <orientation>-0.7145854017731861</orientation>
      <velocity>3.0</velocity>
      <steeringAngle>-0.2665</steeringAngle>
      <time>65</time>
    </ksState>
    <ksState>
      <x>14.537486442715569</x>
      <y>-12.664023900546953</y>
      <orientation>-0.7463422356090349</orientation>
      <velocity>3.0</velocity>
      <steeringAngle>-0.2665</steeringAngle>
      <time>66</time>
    </ksState>
    <ksState>
      <x>14.756108684552</x>
      <y>-12.869446982747597</y>
      <orientation>-0.7780990694448836</orientation>
      <velocity>3.0</velocity>
      <steeringAngle>-0.2665</steeringAngle>
      <time>67</time>
    </ksState>
    <ksState>
      <x>14.968098205530092</x>
      <y>-13.081708072733207</y>
      <orientation>-0.8098559032807324</orientation>
      <velocity>3.0</velocity>
      <steeringAngle>-0.2665</steeringAngle>
      <time>68</time>
    </ksState>
    <ksState>
      <x>15.173241232927563</x>
      <y>-13.300593123928124</y>
      <orientation>-0.8416127371165812</orientation>
      <velocity>3.0</velocity>
      <steeringAngle>-0.2665</steeringAngle>
      <time>69</time>
    </ksState>
    <ksState>
      <x>15.371330898106653</x>
      <y>-13.52588141007642</y>
      <orientation>-0.87336957095243</orientation>
      <velocity>3.0</velocity>
      <steeringAngle>-0.2665</steeringAngle>
      <time>70</time>
    </ksState>
    <ksState>
      <x>15.559017464043261</x>
      <y>-13.753462756813018</y>
      <orientation>-0.903794958723261</orientation>
      <velocity>2.8</velocity>
      <steeringAngle>-0.23985000000000004</steeringAngle>
      <time>71</time>
    </ksState>
    <ksState>
      <x>15.72772600591008</x>
      <y>-13.970624209882567</y>
      <orientation>-0.9291362544515247</orientation>
      <velocity>2.5999999999999996</velocity>
      <steeringAngle>-0.21320000000000003</steeringAngle>
      <time>72</time>
    </ksState>
    <ksState>
      <x>15.87925293555649</x>
      <y>-14.17571602916168</y>
      <orientation>-0.9498683252055171</orientation>
      <velocity>2.3999999999999995</velocity>
      <steeringAngle>-0.18655000000000002</steeringAngle>
      <time>73</time>
    </ksState>
    <ksState>
      <x>16.015149596731913</x>
      <y>-14.367434659080013</y>
      <orientation>-0.9664535705323214</orientation>
      <velocity>2.1999999999999993</velocity>
      <steeringAngle>-0.15990000000000001</steeringAngle>
      <time>74</time>
    </ksState>
    <ksState>
      <x>16.136721421289458</x>
      <y>-14.544761320683742</y>
      <orientation>-0.9793434990529971</orientation>
      <velocity>1.9999999999999991</velocity>
      <steeringAngle>-0.13325</steeringAngle>
      <time>75</time>
    </ksState>
    <ksState>
      <x>16.242270268404468</x>
      <y>-14.70274612288948</y>
      <orientation>-0.9887465780274981</orientation>
      <velocity>1.6</velocity>
      <steeringAngle>-0.1066</steeringAngle>
      <time>76</time>
    </ksState>
    <ksState>
      <x>16.324536557618618</x>
      <y>-14.828174173802166</y>
      <orientation>-0.9946051327514979</orientation>
      <velocity>1.2000000000000002</velocity>
      <steeringAngle>-0.07995</steeringAngle>
      <time>77</time>
    </ksState>
    <ksState>
      <x>16.384390100551116</x>
      <y>-14.92046470947228</y>
      <orientation>-0.9977628334686371</orientation>
      <velocity>0.8000000000000003</velocity>
      <steeringAngle>-0.053299999999999986</steeringAngle>
      <time>78</time>
    </ksState>
    <ksState>
      <x>16.422322078217263</x>
      <y>-14.979296369729747</y>
      <orientation>-0.9990555915766359</orientation>
      <velocity>0.4000000000000003</velocity>
      <steeringAngle>-0.02664999999999998</steeringAngle>
      <time>79</time>
    </ksState>
    <ksState>
      <x>16.43855324233744</x>
      <y>-15.00452629844064</y>
      <orientation>-0.9993139888771227</orientation>
      <velocity>2.7755575615628914e-16</velocity>
      <steeringAngle>2.42861286636753e-17</steeringAngle>
      <time>80</time>
    </ksState>
    <ksState>
      <x>16.44125763952315</x>
      <y>-15.008731799107853</y>
      <orientation>-0.9992881528180305</orientation>
      <velocity>0.2</velocity>
      <steeringAngle>0.026650000000000004</steeringAngle>
      <time>81</time>
    </ksState>
    <ksState>
      <x>16.45478147272433</x>
      <y>-15.029758114380485</y>
      <orientation>-0.998952155527223</orientation>
      <velocity>0.4</velocity>
      <steeringAngle>0.05330000000000001</steeringAngle>
      <time>82</time>
    </ksState>
    <ksState>
      <x>16.479143437843273</x>
      <y>-15.067593211445924</y>
      <orientation>-0.9978915905852213</orientation>
      <velocity>0.6</velocity>
      <steeringAngle>0.07995000000000001</steeringAngle>
      <time>83</time>
    </ksState>
    <ksState>
      <x>16.514405734520157</x>
      <y>-15.122196961509065</y>
      <orientation>-0.9956899848430832</orientation>
      <velocity>0.7999999999999999</velocity>
      <steeringAngle>0.10660000000000001</steeringAngle>
      <time>84</time>
    </ksState>
    <ksState>
      <x>16.56070191530969</x>
      <y>-15.19348271524716</y>
      <orientation>-0.9919275965622878</orientation>
      <velocity>0.9999999999999999</velocity>
      <steeringAngle>0.13325</steeringAngle>
      <time>85</time>
    </ksState>
    <ksState>
      <x>16.61826458222278</x>
      <y>-15.281297980459238</y>
      <orientation>-0.9861801853584682</orientation>
      <velocity>1.2000000000000002</velocity>
      <steeringAngle>0.15990000000000001</steeringAngle>
      <time>86</time>
    </ksState>
    <ksState>
      <x>16.68745263202597</x>
      <y>-15.385403498354343</y>
      <orientation>-0.9780177430184619</orientation>
      <velocity>1.4000000000000004</velocity>
      <steeringAngle>0.18655000000000002</steeringAngle>
      <time>87</time>
    </ksState>
    <ksState>
      <x>16.768777580241697</x>
      <y>-15.505449801936589</y>
      <orientation>-0.9670031736127397</orientation>
      <velocity>1.6000000000000005</velocity>
      <steeringAngle>0.21320000000000003</steeringAngle>
      <time>88</time>
    </ksState>
    <ksState>
      <x>16.862928282268403</x>
      <y>-15.640950128964286</y>
      <orientation>-0.9526909104747385</orientation>
      <velocity>1.8000000000000007</velocity>
      <steeringAngle>0.23985000000000004</steeringAngle>
      <time>89</time>
    </ksState>
    <ksState>
      <x>16.97079309805552</x>
      <y>-15.791248361590227</y>
      <orientation>-0.9346254565417521</orientation>
      <velocity>2.000000000000001</velocity>
      <steeringAngle>0.2665</steeringAngle>
      <time>90</time>
    </ksState>
    <ksState>
      <x>17.090465183695045</x>
      <y>-15.95149027676066</y>
      <orientation>-0.9128969766495365</orientation>
      <velocity>2.0</velocity>
      <steeringAngle>0.29315</steeringAngle>
      <time>91</time>
    </ksState>
    <ksState>
      <x>17.213678319741696</x>
      <y>-16.109024886256478</y>
      <orientation>-0.8889220788836131</orientation>
      <velocity>2.0</velocity>
      <steeringAngle>0.3198000000000001</steeringAngle>
      <time>92</time>
    </ksState>
    <ksState>
      <x>17.34071994648402</x>
      <y>-16.263487749405723</y>
      <orientation>-0.8626634278835991</orientation>
      <velocity>2.0</velocity>
      <steeringAngle>0.34645000000000015</steeringAngle>
      <time>93</time>
    </ksState>
    <ksState>
      <x>17.471860177836202</x>
      <y>-16.41448536579753</y>
      <orientation>-0.8340794192478513</orientation>
      <velocity>2.0</velocity>
      <steeringAngle>0.3731000000000002</steeringAngle>
      <time>94</time>
    </ksState>
    <ksState>
      <x>17.607348580036756</x>
      <y>-16.561592772547627</y>
      <orientation>-0.8031239018962298</orientation>
      <velocity>2.0</velocity>
      <steeringAngle>0.39975000000000027</steeringAngle>
      <time>95</time>
    </ksState>
  </ksTrajectory>
</CommonRoadSolution>
