<?xml version="1.0" ?>
<CommonRoadSolution benchmark_id="KS2:SM1:USA_Lanker-1_18_T-1:2018b" date="2019-11-18">
  <ksTrajectory planningProblem="11004">
    <ksState>
      <x>0.0</x>
      <y>0.0</y>
      <orientation>-2.1964</orientation>
      <velocity>6.0</velocity>
      <steeringAngle>0.0</steeringAngle>
      <time>0</time>
    </ksState>
    <ksState>
      <x>-0.3542799674182295</x>
      <y>-0.49041890734976584</y>
      <orientation>-2.197975999604628</orientation>
      <velocity>6.199999999999999</velocity>
      <steeringAngle>-0.026650000000000004</steeringAngle>
      <time>1</time>
    </ksState>
    <ksState>
      <x>-0.7218859593218819</x>
      <y>-0.9958789276576036</y>
      <orientation>-2.206065568623096</orientation>
      <velocity>6.399999999999999</velocity>
      <steeringAngle>-0.05330000000000001</steeringAngle>
      <time>2</time>
    </ksState>
    <ksState>
      <x>-1.1063527578470946</x>
      <y>-1.5137647483123093</y>
      <orientation>-2.221094145932148</orientation>
      <velocity>6.599999999999998</velocity>
      <steeringAngle>-0.07995000000000001</steeringAngle>
      <time>3</time>
    </ksState>
    <ksState>
      <x>-1.511682211440582</x>
      <y>-2.04094727288677</y>
      <orientation>-2.243498129136771</orientation>
      <velocity>6.799999999999997</velocity>
      <steeringAngle>-0.10660000000000001</steeringAngle>
      <time>4</time>
    </ksState>
    <ksState>
      <x>-1.9422919249905526</x>
      <y>-2.5736544437427638</y>
      <orientation>-2.273726190448513</orientation>
      <velocity>6.9999999999999964</velocity>
      <steeringAngle>-0.13325</steeringAngle>
      <time>5</time>
    </ksState>
    <ksState>
      <x>-2.383125444165265</x>
      <y>-3.084783746472177</y>
      <orientation>-2.307104230612605</orientation>
      <velocity>6.0</velocity>
      <steeringAngle>-0.1066</steeringAngle>
      <time>6</time>
    </ksState>
    <ksState>
      <x>-2.7717926273181432</x>
      <y>-3.5085171978293195</y>
      <orientation>-2.3295272308173276</orientation>
      <velocity>5.0</velocity>
      <steeringAngle>-0.07995</steeringAngle>
      <time>7</time>
    </ksState>
    <ksState>
      <x>-3.099856640650108</x>
      <y>-3.8520220884703553</y>
      <orientation>-2.343115530863847</orientation>
      <velocity>4.0</velocity>
      <steeringAngle>-0.053299999999999986</steeringAngle>
      <time>8</time>
    </ksState>
    <ksState>
      <x>-3.3620486085744057</x>
      <y>-4.120126122030969</y>
      <orientation>-2.3499670459032687</orientation>
      <velocity>3.0</velocity>
      <steeringAngle>-0.02664999999999998</steeringAngle>
      <time>9</time>
    </ksState>
    <ksState>
      <x>-3.5554260427948337</x>
      <y>-4.315651370686854</y>
      <orientation>-2.352163386247842</orientation>
      <velocity>2.0</velocity>
      <steeringAngle>2.42861286636753e-17</steeringAngle>
      <time>10</time>
    </ksState>
    <ksState>
      <x>-3.6892336611283065</x>
      <y>-4.450542146042041</y>
      <orientation>-2.352163386247842</orientation>
      <velocity>1.6</velocity>
      <steeringAngle>0.0</steeringAngle>
      <time>11</time>
    </ksState>
    <ksState>
      <x>-3.7948712545494696</x>
      <y>-4.557034863427715</y>
      <orientation>-2.352163386247842</orientation>
      <velocity>1.2000000000000002</velocity>
      <steeringAngle>0.0</steeringAngle>
      <time>12</time>
    </ksState>
    <ksState>
      <x>-3.8723388230583224</x>
      <y>-4.635129522843876</y>
      <orientation>-2.352163386247842</orientation>
      <velocity>0.8000000000000003</velocity>
      <steeringAngle>0.0</steeringAngle>
      <time>13</time>
    </ksState>
    <ksState>
      <x>-3.9216363666548655</x>
      <y>-4.684826124290524</y>
      <orientation>-2.352163386247842</orientation>
      <velocity>0.4000000000000003</velocity>
      <steeringAngle>0.0</steeringAngle>
      <time>14</time>
    </ksState>
    <ksState>
      <x>-3.942763885339098</x>
      <y>-4.706124667767659</y>
      <orientation>-2.352163386247842</orientation>
      <velocity>2.7755575615628914e-16</velocity>
      <steeringAngle>0.0</steeringAngle>
      <time>15</time>
    </ksState>
    <ksState>
      <x>-3.942763885339098</x>
      <y>-4.706124667767659</y>
      <orientation>-2.352163386247842</orientation>
      <velocity>0.0</velocity>
      <steeringAngle>0.0</steeringAngle>
      <time>16</time>
    </ksState>
    <ksState>
      <x>-3.942763885339098</x>
      <y>-4.706124667767659</y>
      <orientation>-2.352163386247842</orientation>
      <velocity>0.0</velocity>
      <steeringAngle>0.0</steeringAngle>
      <time>17</time>
    </ksState>
    <ksState>
      <x>-3.942763885339098</x>
      <y>-4.706124667767659</y>
      <orientation>-2.352163386247842</orientation>
      <velocity>0.0</velocity>
      <steeringAngle>0.0</steeringAngle>
      <time>18</time>
    </ksState>
    <ksState>
      <x>-3.942763885339098</x>
      <y>-4.706124667767659</y>
      <orientation>-2.352163386247842</orientation>
      <velocity>0.0</velocity>
      <steeringAngle>0.0</steeringAngle>
      <time>19</time>
    </ksState>
    <ksState>
      <x>-3.942763885339098</x>
      <y>-4.706124667767659</y>
      <orientation>-2.352163386247842</orientation>
      <velocity>0.0</velocity>
      <steeringAngle>0.0</steeringAngle>
      <time>20</time>
    </ksState>
    <ksState>
      <x>-3.942763885339098</x>
      <y>-4.706124667767659</y>
      <orientation>-2.352163386247842</orientation>
      <velocity>0.0</velocity>
      <steeringAngle>0.0</steeringAngle>
      <time>21</time>
    </ksState>
    <ksState>
      <x>-3.942763885339098</x>
      <y>-4.706124667767659</y>
      <orientation>-2.352163386247842</orientation>
      <velocity>0.0</velocity>
      <steeringAngle>0.0</steeringAngle>
      <time>22</time>
    </ksState>
    <ksState>
      <x>-3.942763885339098</x>
      <y>-4.706124667767659</y>
      <orientation>-2.352163386247842</orientation>
      <velocity>0.0</velocity>
      <steeringAngle>0.0</steeringAngle>
      <time>23</time>
    </ksState>
    <ksState>
      <x>-3.942763885339098</x>
      <y>-4.706124667767659</y>
      <orientation>-2.352163386247842</orientation>
      <velocity>0.0</velocity>
      <steeringAngle>0.0</steeringAngle>
      <time>24</time>
    </ksState>
    <ksState>
      <x>-3.942763885339098</x>
      <y>-4.706124667767659</y>
      <orientation>-2.352163386247842</orientation>
      <velocity>0.0</velocity>
      <steeringAngle>0.0</steeringAngle>
      <time>25</time>
    </ksState>
  </ksTrajectory>
</CommonRoadSolution>
