<?xml version="1.0" ?>
<CommonRoadSolution benchmark_id="KS2:SM1:USA_Lanker-1_1_T-1:2018b" date="2019-11-17">
  <ksTrajectory planningProblem="1215">
    <ksState>
      <x>0.0</x>
      <y>0.0</y>
      <orientation>1.1078</orientation>
      <velocity>7.0</velocity>
      <steeringAngle>0.0</steeringAngle>
      <time>0</time>
    </ksState>
    <ksState>
      <x>0.31710799308794224</x>
      <y>0.6352499671151015</y>
      <orientation>1.1078</orientation>
      <velocity>7.4</velocity>
      <steeringAngle>0.0</steeringAngle>
      <time>1</time>
    </ksState>
    <ksState>
      <x>0.6520812252230925</x>
      <y>1.306288664771899</y>
      <orientation>1.1078</orientation>
      <velocity>7.800000000000001</velocity>
      <steeringAngle>0.0</steeringAngle>
      <time>2</time>
    </ksState>
    <ksState>
      <x>1.004919696405451</x>
      <y>2.0131160929703924</y>
      <orientation>1.1078</orientation>
      <velocity>8.2</velocity>
      <steeringAngle>0.0</steeringAngle>
      <time>3</time>
    </ksState>
    <ksState>
      <x>1.3756234066350173</x>
      <y>2.755732251710582</y>
      <orientation>1.1078</orientation>
      <velocity>8.599999999999998</velocity>
      <steeringAngle>0.0</steeringAngle>
      <time>4</time>
    </ksState>
    <ksState>
      <x>1.7641923559117916</x>
      <y>3.5341371409924665</y>
      <orientation>1.1078</orientation>
      <velocity>8.999999999999996</velocity>
      <steeringAngle>0.0</steeringAngle>
      <time>5</time>
    </ksState>
    <ksState>
      <x>2.166160234473972</x>
      <y>4.339383578180623</y>
      <orientation>1.1078</orientation>
      <velocity>9.0</velocity>
      <steeringAngle>0.0</steeringAngle>
      <time>6</time>
    </ksState>
    <ksState>
      <x>2.568128113036152</x>
      <y>5.14463001536878</y>
      <orientation>1.1078</orientation>
      <velocity>9.0</velocity>
      <steeringAngle>0.0</steeringAngle>
      <time>7</time>
    </ksState>
    <ksState>
      <x>2.9700959915983325</x>
      <y>5.949876452556937</y>
      <orientation>1.1078</orientation>
      <velocity>9.0</velocity>
      <steeringAngle>0.0</steeringAngle>
      <time>8</time>
    </ksState>
    <ksState>
      <x>3.3720638701605132</x>
      <y>6.755122889745094</y>
      <orientation>1.1078</orientation>
      <velocity>9.0</velocity>
      <steeringAngle>0.0</steeringAngle>
      <time>9</time>
    </ksState>
    <ksState>
      <x>3.7740317487226935</x>
      <y>7.560369326933252</y>
      <orientation>1.1078</orientation>
      <velocity>9.0</velocity>
      <steeringAngle>0.0</steeringAngle>
      <time>10</time>
    </ksState>
    <ksState>
      <x>4.175999627284874</x>
      <y>8.365615764121408</y>
      <orientation>1.1078</orientation>
      <velocity>9.0</velocity>
      <steeringAngle>0.0</steeringAngle>
      <time>11</time>
    </ksState>
    <ksState>
      <x>4.577967505847054</x>
      <y>9.170862201309566</y>
      <orientation>1.1078</orientation>
      <velocity>9.0</velocity>
      <steeringAngle>0.0</steeringAngle>
      <time>12</time>
    </ksState>
    <ksState>
      <x>4.9799353844092344</x>
      <y>9.976108638497722</y>
      <orientation>1.1078</orientation>
      <velocity>9.0</velocity>
      <steeringAngle>0.0</steeringAngle>
      <time>13</time>
    </ksState>
    <ksState>
      <x>5.381903262971415</x>
      <y>10.78135507568588</y>
      <orientation>1.1078</orientation>
      <velocity>9.0</velocity>
      <steeringAngle>0.0</steeringAngle>
      <time>14</time>
    </ksState>
    <ksState>
      <x>5.783871141533595</x>
      <y>11.586601512874037</y>
      <orientation>1.1078</orientation>
      <velocity>9.0</velocity>
      <steeringAngle>0.0</steeringAngle>
      <time>15</time>
    </ksState>
    <ksState>
      <x>6.185839020095775</x>
      <y>12.391847950062193</y>
      <orientation>1.1078</orientation>
      <velocity>9.0</velocity>
      <steeringAngle>0.0</steeringAngle>
      <time>16</time>
    </ksState>
    <ksState>
      <x>6.587806898657956</x>
      <y>13.19709438725035</y>
      <orientation>1.1078</orientation>
      <velocity>9.0</velocity>
      <steeringAngle>0.0</steeringAngle>
      <time>17</time>
    </ksState>
    <ksState>
      <x>6.989774777220136</x>
      <y>14.002340824438507</y>
      <orientation>1.1078</orientation>
      <velocity>9.0</velocity>
      <steeringAngle>0.0</steeringAngle>
      <time>18</time>
    </ksState>
    <ksState>
      <x>7.391742655782316</x>
      <y>14.807587261626665</y>
      <orientation>1.1078</orientation>
      <velocity>9.0</velocity>
      <steeringAngle>0.0</steeringAngle>
      <time>19</time>
    </ksState>
    <ksState>
      <x>7.793710534344497</x>
      <y>15.612833698814821</y>
      <orientation>1.1078</orientation>
      <velocity>9.0</velocity>
      <steeringAngle>0.0</steeringAngle>
      <time>20</time>
    </ksState>
    <ksState>
      <x>8.195678412906677</x>
      <y>16.418080136002978</y>
      <orientation>1.1078</orientation>
      <velocity>9.0</velocity>
      <steeringAngle>0.0</steeringAngle>
      <time>21</time>
    </ksState>
    <ksState>
      <x>8.597646291468857</x>
      <y>17.223326573191134</y>
      <orientation>1.1078</orientation>
      <velocity>9.0</velocity>
      <steeringAngle>0.0</steeringAngle>
      <time>22</time>
    </ksState>
    <ksState>
      <x>8.999614170031037</x>
      <y>18.02857301037929</y>
      <orientation>1.1078</orientation>
      <velocity>9.0</velocity>
      <steeringAngle>0.0</steeringAngle>
      <time>23</time>
    </ksState>
    <ksState>
      <x>9.401582048593218</x>
      <y>18.83381944756745</y>
      <orientation>1.1078</orientation>
      <velocity>9.0</velocity>
      <steeringAngle>0.0</steeringAngle>
      <time>24</time>
    </ksState>
    <ksState>
      <x>9.803549927155398</x>
      <y>19.639065884755606</y>
      <orientation>1.1078</orientation>
      <velocity>9.0</velocity>
      <steeringAngle>0.0</steeringAngle>
      <time>25</time>
    </ksState>
    <ksState>
      <x>10.205517805717578</x>
      <y>20.444312321943762</y>
      <orientation>1.1078</orientation>
      <velocity>9.0</velocity>
      <steeringAngle>0.0</steeringAngle>
      <time>26</time>
    </ksState>
    <ksState>
      <x>10.607485684279759</x>
      <y>21.24955875913192</y>
      <orientation>1.1078</orientation>
      <velocity>9.0</velocity>
      <steeringAngle>0.0</steeringAngle>
      <time>27</time>
    </ksState>
    <ksState>
      <x>11.009453562841939</x>
      <y>22.054805196320075</y>
      <orientation>1.1078</orientation>
      <velocity>9.0</velocity>
      <steeringAngle>0.0</steeringAngle>
      <time>28</time>
    </ksState>
    <ksState>
      <x>11.41142144140412</x>
      <y>22.860051633508235</y>
      <orientation>1.1078</orientation>
      <velocity>9.0</velocity>
      <steeringAngle>0.0</steeringAngle>
      <time>29</time>
    </ksState>
    <ksState>
      <x>11.8133893199663</x>
      <y>23.66529807069639</y>
      <orientation>1.1078</orientation>
      <velocity>9.0</velocity>
      <steeringAngle>0.0</steeringAngle>
      <time>30</time>
    </ksState>
    <ksState>
      <x>12.208657733885778</x>
      <y>24.45712373393141</y>
      <orientation>1.1078</orientation>
      <velocity>8.399999999999999</velocity>
      <steeringAngle>0.0</steeringAngle>
      <time>31</time>
    </ksState>
    <ksState>
      <x>12.577128289234443</x>
      <y>25.19526630135389</y>
      <orientation>1.1078</orientation>
      <velocity>7.799999999999998</velocity>
      <steeringAngle>0.0</steeringAngle>
      <time>32</time>
    </ksState>
    <ksState>
      <x>12.918800986012295</x>
      <y>25.879725772963823</y>
      <orientation>1.1078</orientation>
      <velocity>7.199999999999998</velocity>
      <steeringAngle>0.0</steeringAngle>
      <time>33</time>
    </ksState>
  </ksTrajectory>
</CommonRoadSolution>
