<?xml version="1.0" ?>
<CommonRoadSolution benchmark_id="KS2:SM1:USA_US101-7_2_T-1:2018b" date="2019-11-17">
  <ksTrajectory planningProblem="450">
    <ksState>
      <x>0.0</x>
      <y>0.0</y>
      <orientation>-0.71</orientation>
      <velocity>16.0</velocity>
      <steeringAngle>0.0</steeringAngle>
      <time>0</time>
    </ksState>
    <ksState>
      <x>1.1944199546850505</x>
      <y>-1.0266381893589203</y>
      <orientation>-0.71</orientation>
      <velocity>15.0</velocity>
      <steeringAngle>0.0</steeringAngle>
      <time>1</time>
    </ksState>
    <ksState>
      <x>2.31300372177105</x>
      <y>-1.9880930016156868</y>
      <orientation>-0.71</orientation>
      <velocity>14.0</velocity>
      <steeringAngle>0.0</steeringAngle>
      <time>2</time>
    </ksState>
    <ksState>
      <x>3.355751301257999</x>
      <y>-2.8843644367703</y>
      <orientation>-0.71</orientation>
      <velocity>13.0</velocity>
      <steeringAngle>0.0</steeringAngle>
      <time>3</time>
    </ksState>
    <ksState>
      <x>4.322662693145897</x>
      <y>-3.715452494822759</y>
      <orientation>-0.71</orientation>
      <velocity>12.0</velocity>
      <steeringAngle>0.0</steeringAngle>
      <time>4</time>
    </ksState>
    <ksState>
      <x>5.213737897434744</x>
      <y>-4.481357175773065</y>
      <orientation>-0.71</orientation>
      <velocity>11.0</velocity>
      <steeringAngle>0.0</steeringAngle>
      <time>5</time>
    </ksState>
    <ksState>
      <x>6.0403523422643985</x>
      <y>-5.19185598618654</y>
      <orientation>-0.71</orientation>
      <velocity>10.600000000000001</velocity>
      <steeringAngle>0.0</steeringAngle>
      <time>6</time>
    </ksState>
    <ksState>
      <x>6.836632312054432</x>
      <y>-5.876281445759153</y>
      <orientation>-0.71</orientation>
      <velocity>10.200000000000003</velocity>
      <steeringAngle>0.0</steeringAngle>
      <time>7</time>
    </ksState>
    <ksState>
      <x>7.602577806804845</x>
      <y>-6.534633554490905</y>
      <orientation>-0.71</orientation>
      <velocity>9.800000000000004</velocity>
      <steeringAngle>0.0</steeringAngle>
      <time>8</time>
    </ksState>
    <ksState>
      <x>8.338188826515639</x>
      <y>-7.166912312381796</y>
      <orientation>-0.71</orientation>
      <velocity>9.400000000000006</velocity>
      <steeringAngle>0.0</steeringAngle>
      <time>9</time>
    </ksState>
    <ksState>
      <x>9.043465371186812</x>
      <y>-7.773117719431825</y>
      <orientation>-0.71</orientation>
      <velocity>9.000000000000007</velocity>
      <steeringAngle>0.0</steeringAngle>
      <time>10</time>
    </ksState>
    <ksState>
      <x>9.72599105957827</x>
      <y>-8.359768113351208</y>
      <orientation>-0.71</orientation>
      <velocity>9.0</velocity>
      <steeringAngle>0.0</steeringAngle>
      <time>11</time>
    </ksState>
    <ksState>
      <x>10.408516747969728</x>
      <y>-8.946418507270591</y>
      <orientation>-0.71</orientation>
      <velocity>9.0</velocity>
      <steeringAngle>0.0</steeringAngle>
      <time>12</time>
    </ksState>
    <ksState>
      <x>11.091042436361185</x>
      <y>-9.533068901189974</y>
      <orientation>-0.71</orientation>
      <velocity>9.0</velocity>
      <steeringAngle>0.0</steeringAngle>
      <time>13</time>
    </ksState>
    <ksState>
      <x>11.773568124752643</x>
      <y>-10.119719295109357</y>
      <orientation>-0.71</orientation>
      <velocity>9.0</velocity>
      <steeringAngle>0.0</steeringAngle>
      <time>14</time>
    </ksState>
    <ksState>
      <x>12.4560938131441</x>
      <y>-10.70636968902874</y>
      <orientation>-0.71</orientation>
      <velocity>9.0</velocity>
      <steeringAngle>0.0</steeringAngle>
      <time>15</time>
    </ksState>
    <ksState>
      <x>13.138619501535558</x>
      <y>-11.293020082948123</y>
      <orientation>-0.71</orientation>
      <velocity>9.0</velocity>
      <steeringAngle>0.0</steeringAngle>
      <time>16</time>
    </ksState>
    <ksState>
      <x>13.821145189927016</x>
      <y>-11.879670476867506</y>
      <orientation>-0.71</orientation>
      <velocity>9.0</velocity>
      <steeringAngle>0.0</steeringAngle>
      <time>17</time>
    </ksState>
    <ksState>
      <x>14.503670878318474</x>
      <y>-12.46632087078689</y>
      <orientation>-0.71</orientation>
      <velocity>9.0</velocity>
      <steeringAngle>0.0</steeringAngle>
      <time>18</time>
    </ksState>
    <ksState>
      <x>15.186196566709931</x>
      <y>-13.052971264706272</y>
      <orientation>-0.71</orientation>
      <velocity>9.0</velocity>
      <steeringAngle>0.0</steeringAngle>
      <time>19</time>
    </ksState>
    <ksState>
      <x>15.868722255101389</x>
      <y>-13.639621658625655</y>
      <orientation>-0.71</orientation>
      <velocity>9.0</velocity>
      <steeringAngle>0.0</steeringAngle>
      <time>20</time>
    </ksState>
    <ksState>
      <x>16.551247943492847</x>
      <y>-14.226272052545038</y>
      <orientation>-0.7076747546816967</orientation>
      <velocity>9.0</velocity>
      <steeringAngle>0.026650000000000004</steeringAngle>
      <time>21</time>
    </ksState>
    <ksState>
      <x>17.23649284153583</x>
      <y>-14.8097401739346</y>
      <orientation>-0.6960443970902059</orientation>
      <velocity>9.0</velocity>
      <steeringAngle>0.05330000000000001</steeringAngle>
      <time>22</time>
    </ksState>
    <ksState>
      <x>17.929809896316034</x>
      <y>-15.383581539298614</y>
      <orientation>-0.6750923785396301</orientation>
      <velocity>9.0</velocity>
      <steeringAngle>0.07995000000000001</steeringAngle>
      <time>23</time>
    </ksState>
    <ksState>
      <x>18.63629154519663</x>
      <y>-15.941115485556747</y>
      <orientation>-0.6447888123459029</orientation>
      <velocity>9.0</velocity>
      <steeringAngle>0.10660000000000001</steeringAngle>
      <time>24</time>
    </ksState>
    <ksState>
      <x>19.36058259861623</x>
      <y>-16.47528013655777</y>
      <orientation>-0.6050903027994833</orientation>
      <velocity>9.0</velocity>
      <steeringAngle>0.13325</steeringAngle>
      <time>25</time>
    </ksState>
    <ksState>
      <x>20.11085133077094</x>
      <y>-16.981254267001752</y>
      <orientation>-0.5556534627699008</orientation>
      <velocity>9.2</velocity>
      <steeringAngle>0.15990000000000001</steeringAngle>
      <time>26</time>
    </ksState>
    <ksState>
      <x>20.903582284089687</x>
      <y>-17.45772634182426</y>
      <orientation>-0.4953363979436762</orientation>
      <velocity>9.399999999999999</velocity>
      <steeringAngle>0.18655000000000002</steeringAngle>
      <time>27</time>
    </ksState>
    <ksState>
      <x>21.742519354626225</x>
      <y>-17.8924049130188</y>
      <orientation>-0.423625787466522</orientation>
      <velocity>9.599999999999998</velocity>
      <steeringAngle>0.21320000000000003</steeringAngle>
      <time>28</time>
    </ksState>
    <ksState>
      <x>22.629890020254948</x>
      <y>-18.271113737045777</y>
      <orientation>-0.3399864914078901</orientation>
      <velocity>9.799999999999997</velocity>
      <steeringAngle>0.23985000000000004</steeringAngle>
      <time>29</time>
    </ksState>
    <ksState>
      <x>23.565671565644095</x>
      <y>-18.577731240038045</y>
      <orientation>-0.24385955192644426</orientation>
      <velocity>9.999999999999996</velocity>
      <steeringAngle>0.2665</steeringAngle>
      <time>30</time>
    </ksState>
  </ksTrajectory>
</CommonRoadSolution>
