<?xml version="1.0" ?>
<CommonRoadSolution benchmark_id="KS2:SM1:CHN_Sha-2_2_T-1:2018b" date="2019-11-18">
  <ksTrajectory planningProblem="2">
    <ksState>
      <x>-90.2451</x>
      <y>105.794</y>
      <orientation>-0.0314</orientation>
      <velocity>1.0</velocity>
      <steeringAngle>0.0</steeringAngle>
      <time>0</time>
    </ksState>
    <ksState>
      <x>-90.12016161743705</x>
      <y>105.79007564495036</y>
      <orientation>-0.03178754088638387</orientation>
      <velocity>2.0</velocity>
      <steeringAngle>-0.026650000000000004</steeringAngle>
      <time>1</time>
    </ksState>
    <ksState>
      <x>-89.89527945633901</x>
      <y>105.78279551685428</y>
      <orientation>-0.034759789295031256</orientation>
      <velocity>3.0</velocity>
      <steeringAngle>-0.05330000000000001</steeringAngle>
      <time>2</time>
    </ksState>
    <ksState>
      <x>-89.57049549019543</x>
      <y>105.77095817881782</y>
      <orientation>-0.042390616066215234</orientation>
      <velocity>4.0</velocity>
      <steeringAngle>-0.07995000000000001</steeringAngle>
      <time>3</time>
    </ksState>
    <ksState>
      <x>-89.1459408732645</x>
      <y>105.7515509665185</y>
      <orientation>-0.05676570768731967</orientation>
      <velocity>5.0</velocity>
      <steeringAngle>-0.10660000000000001</steeringAngle>
      <time>4</time>
    </ksState>
    <ksState>
      <x>-88.62196312383053</x>
      <y>105.71891784632375</y>
      <orientation>-0.07998859459645428</orientation>
      <velocity>6.0</velocity>
      <steeringAngle>-0.13325</steeringAngle>
      <time>5</time>
    </ksState>
    <ksState>
      <x>-88.04420038593615</x>
      <y>105.66822470168538</y>
      <orientation>-0.10866509527329575</orientation>
      <velocity>5.199999999999999</velocity>
      <steeringAngle>-0.1066</steeringAngle>
      <time>6</time>
    </ksState>
    <ksState>
      <x>-87.54744418104347</x>
      <y>105.6114267200252</y>
      <orientation>-0.12815881811601876</orientation>
      <velocity>4.399999999999999</velocity>
      <steeringAngle>-0.07995</steeringAngle>
      <time>7</time>
    </ksState>
    <ksState>
      <x>-87.1310679888589</x>
      <y>105.55639208455666</y>
      <orientation>-0.14016826780396857</orientation>
      <velocity>3.5999999999999988</velocity>
      <steeringAngle>-0.053299999999999986</steeringAngle>
      <time>8</time>
    </ksState>
    <ksState>
      <x>-86.79448687444724</x>
      <y>105.50830098264663</y>
      <orientation>-0.14637340378939057</orientation>
      <velocity>2.799999999999999</velocity>
      <steeringAngle>-0.02664999999999998</steeringAngle>
      <time>9</time>
    </ksState>
    <ksState>
      <x>-86.53729262886033</x>
      <y>105.47020787490679</y>
      <orientation>-0.1484405454837206</orientation>
      <velocity>1.9999999999999991</velocity>
      <steeringAngle>2.42861286636753e-17</steeringAngle>
      <time>10</time>
    </ksState>
    <ksState>
      <x>-86.34938207453209</x>
      <y>105.44210763341218</y>
      <orientation>-0.14797549642005994</orientation>
      <velocity>1.6</velocity>
      <steeringAngle>0.026650000000000004</steeringAngle>
      <time>11</time>
    </ksState>
    <ksState>
      <x>-86.20101282573422</x>
      <y>105.42004947886394</y>
      <orientation>-0.1460629670924547</orientation>
      <velocity>1.2000000000000002</velocity>
      <steeringAngle>0.05330000000000001</steeringAngle>
      <time>12</time>
    </ksState>
    <ksState>
      <x>-86.09217513795163</x>
      <y>105.40410102764886</y>
      <orientation>-0.14352809285410806</orientation>
      <velocity>0.8000000000000003</velocity>
      <steeringAngle>0.07995000000000001</steeringAngle>
      <time>13</time>
    </ksState>
    <ksState>
      <x>-86.02288960239979</x>
      <y>105.39412542189721</y>
      <orientation>-0.14119717851755592</orientation>
      <velocity>0.4000000000000003</velocity>
      <steeringAngle>0.10660000000000001</steeringAngle>
      <time>14</time>
    </ksState>
    <ksState>
      <x>-85.99318699111384</x>
      <y>105.38991178391254</y>
      <orientation>-0.13990006406883118</orientation>
      <velocity>2.7755575615628914e-16</velocity>
      <steeringAngle>0.13325</steeringAngle>
      <time>15</time>
    </ksState>
    <ksState>
      <x>-85.98823584143065</x>
      <y>105.38921456313359</y>
      <orientation>-0.13961383146823195</orientation>
      <velocity>0.2</velocity>
      <steeringAngle>0.15990000000000001</steeringAngle>
      <time>16</time>
    </ksState>
    <ksState>
      <x>-85.9634777936978</x>
      <y>105.3857448349316</y>
      <orientation>-0.1379707169390029</orientation>
      <velocity>0.4</velocity>
      <steeringAngle>0.18655000000000002</steeringAngle>
      <time>17</time>
    </ksState>
    <ksState>
      <x>-85.91890041651929</x>
      <y>105.37959208167813</y>
      <orientation>-0.13454315266720976</orientation>
      <velocity>0.6</velocity>
      <steeringAngle>0.21320000000000003</steeringAngle>
      <time>18</time>
    </ksState>
    <ksState>
      <x>-85.85447612667264</x>
      <y>105.37096049906751</y>
      <orientation>-0.1288967686442874</orientation>
      <velocity>0.7999999999999999</velocity>
      <steeringAngle>0.23985000000000004</steeringAngle>
      <time>19</time>
    </ksState>
    <ksState>
      <x>-85.77015964072608</x>
      <y>105.36020390580023</y>
      <orientation>-0.12058900040485845</orientation>
      <velocity>0.9999999999999999</velocity>
      <steeringAngle>0.2665</steeringAngle>
      <time>20</time>
    </ksState>
    <ksState>
      <x>-85.67582150916911</x>
      <y>105.34901221676522</y>
      <orientation>-0.11028190388943063</orientation>
      <velocity>0.8</velocity>
      <steeringAngle>0.29315</steeringAngle>
      <time>21</time>
    </ksState>
    <ksState>
      <x>-85.60125947274305</x>
      <y>105.34092073744591</y>
      <orientation>-0.10130546915953532</orientation>
      <velocity>0.6000000000000001</velocity>
      <steeringAngle>0.3198000000000001</steeringAngle>
      <time>22</time>
    </ksState>
    <ksState>
      <x>-85.54653190291945</x>
      <y>105.33545429706551</y>
      <orientation>-0.09409873844945188</orientation>
      <velocity>0.40000000000000013</velocity>
      <steeringAngle>0.34645000000000015</steeringAngle>
      <time>23</time>
    </ksState>
    <ksState>
      <x>-85.51168285625656</x>
      <y>105.33220751478576</y>
      <orientation>-0.08911120914204444</orientation>
      <velocity>0.20000000000000015</velocity>
      <steeringAngle>0.3731000000000002</steeringAngle>
      <time>24</time>
    </ksState>
    <ksState>
      <x>-85.49674170326915</x>
      <y>105.33088017450635</y>
      <orientation>-0.08680452079077802</orientation>
      <velocity>1.3877787807814457e-16</velocity>
      <steeringAngle>0.39975000000000027</steeringAngle>
      <time>25</time>
    </ksState>
    <ksState>
      <x>-85.49674170326915</x>
      <y>105.33088017450635</y>
      <orientation>-0.08680452079077802</orientation>
      <velocity>0.0</velocity>
      <steeringAngle>0.3731</steeringAngle>
      <time>26</time>
    </ksState>
    <ksState>
      <x>-85.49674170326915</x>
      <y>105.33088017450635</y>
      <orientation>-0.08680452079077802</orientation>
      <velocity>0.0</velocity>
      <steeringAngle>0.3464499999999999</steeringAngle>
      <time>27</time>
    </ksState>
    <ksState>
      <x>-85.49674170326915</x>
      <y>105.33088017450635</y>
      <orientation>-0.08680452079077802</orientation>
      <velocity>0.0</velocity>
      <steeringAngle>0.31979999999999986</steeringAngle>
      <time>28</time>
    </ksState>
    <ksState>
      <x>-85.49674170326915</x>
      <y>105.33088017450635</y>
      <orientation>-0.08680452079077802</orientation>
      <velocity>0.0</velocity>
      <steeringAngle>0.2931499999999998</steeringAngle>
      <time>29</time>
    </ksState>
    <ksState>
      <x>-85.49674170326915</x>
      <y>105.33088017450635</y>
      <orientation>-0.08680452079077802</orientation>
      <velocity>0.0</velocity>
      <steeringAngle>0.26649999999999974</steeringAngle>
      <time>30</time>
    </ksState>
    <ksState>
      <x>-85.49674170326915</x>
      <y>105.33088017450635</y>
      <orientation>-0.08680452079077802</orientation>
      <velocity>0.0</velocity>
      <steeringAngle>0.23985000000000004</steeringAngle>
      <time>31</time>
    </ksState>
    <ksState>
      <x>-85.49674170326915</x>
      <y>105.33088017450635</y>
      <orientation>-0.08680452079077802</orientation>
      <velocity>0.0</velocity>
      <steeringAngle>0.21320000000000003</steeringAngle>
      <time>32</time>
    </ksState>
    <ksState>
      <x>-85.49674170326915</x>
      <y>105.33088017450635</y>
      <orientation>-0.08680452079077802</orientation>
      <velocity>0.0</velocity>
      <steeringAngle>0.18655000000000002</steeringAngle>
      <time>33</time>
    </ksState>
    <ksState>
      <x>-85.49674170326915</x>
      <y>105.33088017450635</y>
      <orientation>-0.08680452079077802</orientation>
      <velocity>0.0</velocity>
      <steeringAngle>0.15990000000000001</steeringAngle>
      <time>34</time>
    </ksState>
    <ksState>
      <x>-85.49674170326915</x>
      <y>105.33088017450635</y>
      <orientation>-0.08680452079077802</orientation>
      <velocity>0.0</velocity>
      <steeringAngle>0.13325</steeringAngle>
      <time>35</time>
    </ksState>
    <ksState>
      <x>-85.49674170326915</x>
      <y>105.33088017450635</y>
      <orientation>-0.08680452079077802</orientation>
      <velocity>0.0</velocity>
      <steeringAngle>0.1066</steeringAngle>
      <time>36</time>
    </ksState>
    <ksState>
      <x>-85.49674170326915</x>
      <y>105.33088017450635</y>
      <orientation>-0.08680452079077802</orientation>
      <velocity>0.0</velocity>
      <steeringAngle>0.07995</steeringAngle>
      <time>37</time>
    </ksState>
    <ksState>
      <x>-85.49674170326915</x>
      <y>105.33088017450635</y>
      <orientation>-0.08680452079077802</orientation>
      <velocity>0.0</velocity>
      <steeringAngle>0.053299999999999986</steeringAngle>
      <time>38</time>
    </ksState>
    <ksState>
      <x>-85.49674170326915</x>
      <y>105.33088017450635</y>
      <orientation>-0.08680452079077802</orientation>
      <velocity>0.0</velocity>
      <steeringAngle>0.02664999999999998</steeringAngle>
      <time>39</time>
    </ksState>
    <ksState>
      <x>-85.49674170326915</x>
      <y>105.33088017450635</y>
      <orientation>-0.08680452079077802</orientation>
      <velocity>0.0</velocity>
      <steeringAngle>-2.42861286636753e-17</steeringAngle>
      <time>40</time>
    </ksState>
    <ksState>
      <x>-85.49674170326915</x>
      <y>105.33088017450635</y>
      <orientation>-0.08680452079077802</orientation>
      <velocity>0.0</velocity>
      <steeringAngle>0.0</steeringAngle>
      <time>41</time>
    </ksState>
    <ksState>
      <x>-85.49674170326915</x>
      <y>105.33088017450635</y>
      <orientation>-0.08680452079077802</orientation>
      <velocity>0.0</velocity>
      <steeringAngle>0.0</steeringAngle>
      <time>42</time>
    </ksState>
    <ksState>
      <x>-85.49674170326915</x>
      <y>105.33088017450635</y>
      <orientation>-0.08680452079077802</orientation>
      <velocity>0.0</velocity>
      <steeringAngle>0.0</steeringAngle>
      <time>43</time>
    </ksState>
    <ksState>
      <x>-85.49674170326915</x>
      <y>105.33088017450635</y>
      <orientation>-0.08680452079077802</orientation>
      <velocity>0.0</velocity>
      <steeringAngle>0.0</steeringAngle>
      <time>44</time>
    </ksState>
    <ksState>
      <x>-85.49674170326915</x>
      <y>105.33088017450635</y>
      <orientation>-0.08680452079077802</orientation>
      <velocity>0.0</velocity>
      <steeringAngle>0.0</steeringAngle>
      <time>45</time>
    </ksState>
    <ksState>
      <x>-85.49674170326915</x>
      <y>105.33088017450635</y>
      <orientation>-0.08680452079077802</orientation>
      <velocity>0.0</velocity>
      <steeringAngle>0.0</steeringAngle>
      <time>46</time>
    </ksState>
    <ksState>
      <x>-85.49674170326915</x>
      <y>105.33088017450635</y>
      <orientation>-0.08680452079077802</orientation>
      <velocity>0.0</velocity>
      <steeringAngle>0.0</steeringAngle>
      <time>47</time>
    </ksState>
    <ksState>
      <x>-85.49674170326915</x>
      <y>105.33088017450635</y>
      <orientation>-0.08680452079077802</orientation>
      <velocity>0.0</velocity>
      <steeringAngle>0.0</steeringAngle>
      <time>48</time>
    </ksState>
    <ksState>
      <x>-85.49674170326915</x>
      <y>105.33088017450635</y>
      <orientation>-0.08680452079077802</orientation>
      <velocity>0.0</velocity>
      <steeringAngle>0.0</steeringAngle>
      <time>49</time>
    </ksState>
    <ksState>
      <x>-85.49674170326915</x>
      <y>105.33088017450635</y>
      <orientation>-0.08680452079077802</orientation>
      <velocity>0.0</velocity>
      <steeringAngle>0.0</steeringAngle>
      <time>50</time>
    </ksState>
    <ksState>
      <x>-85.49674170326915</x>
      <y>105.33088017450635</y>
      <orientation>-0.08680452079077802</orientation>
      <velocity>0.0</velocity>
      <steeringAngle>0.0</steeringAngle>
      <time>51</time>
    </ksState>
    <ksState>
      <x>-85.49674170326915</x>
      <y>105.33088017450635</y>
      <orientation>-0.08680452079077802</orientation>
      <velocity>0.0</velocity>
      <steeringAngle>0.0</steeringAngle>
      <time>52</time>
    </ksState>
    <ksState>
      <x>-85.49674170326915</x>
      <y>105.33088017450635</y>
      <orientation>-0.08680452079077802</orientation>
      <velocity>0.0</velocity>
      <steeringAngle>0.0</steeringAngle>
      <time>53</time>
    </ksState>
    <ksState>
      <x>-85.49674170326915</x>
      <y>105.33088017450635</y>
      <orientation>-0.08680452079077802</orientation>
      <velocity>0.0</velocity>
      <steeringAngle>0.0</steeringAngle>
      <time>54</time>
    </ksState>
    <ksState>
      <x>-85.49674170326915</x>
      <y>105.33088017450635</y>
      <orientation>-0.08680452079077802</orientation>
      <velocity>0.0</velocity>
      <steeringAngle>0.0</steeringAngle>
      <time>55</time>
    </ksState>
    <ksState>
      <x>-85.49674170326915</x>
      <y>105.33088017450635</y>
      <orientation>-0.08680452079077802</orientation>
      <velocity>0.0</velocity>
      <steeringAngle>0.0</steeringAngle>
      <time>56</time>
    </ksState>
    <ksState>
      <x>-85.49674170326915</x>
      <y>105.33088017450635</y>
      <orientation>-0.08680452079077802</orientation>
      <velocity>0.0</velocity>
      <steeringAngle>0.0</steeringAngle>
      <time>57</time>
    </ksState>
    <ksState>
      <x>-85.49674170326915</x>
      <y>105.33088017450635</y>
      <orientation>-0.08680452079077802</orientation>
      <velocity>0.0</velocity>
      <steeringAngle>0.0</steeringAngle>
      <time>58</time>
    </ksState>
    <ksState>
      <x>-85.49674170326915</x>
      <y>105.33088017450635</y>
      <orientation>-0.08680452079077802</orientation>
      <velocity>0.0</velocity>
      <steeringAngle>0.0</steeringAngle>
      <time>59</time>
    </ksState>
    <ksState>
      <x>-85.49674170326915</x>
      <y>105.33088017450635</y>
      <orientation>-0.08680452079077802</orientation>
      <velocity>0.0</velocity>
      <steeringAngle>0.0</steeringAngle>
      <time>60</time>
    </ksState>
    <ksState>
      <x>-85.49176052900575</x>
      <y>105.33044669675893</y>
      <orientation>-0.08677868473168576</orientation>
      <velocity>0.2</velocity>
      <steeringAngle>0.026650000000000004</steeringAngle>
      <time>61</time>
    </ksState>
    <ksState>
      <x>-85.46685446740378</x>
      <y>105.32828149610377</y>
      <orientation>-0.08644268744087831</orientation>
      <velocity>0.4</velocity>
      <steeringAngle>0.05330000000000001</steeringAngle>
      <time>62</time>
    </ksState>
    <ksState>
      <x>-85.42202159946305</x>
      <y>105.32440672299863</y>
      <orientation>-0.08538212249887653</orientation>
      <velocity>0.6</velocity>
      <steeringAngle>0.07995000000000001</steeringAngle>
      <time>63</time>
    </ksState>
    <ksState>
      <x>-85.35725561731026</x>
      <y>105.31889612923112</y>
      <orientation>-0.08318051675673846</orientation>
      <velocity>0.7999999999999999</velocity>
      <steeringAngle>0.10660000000000001</steeringAngle>
      <time>64</time>
    </ksState>
    <ksState>
      <x>-85.27254336169331</x>
      <y>105.31190836921837</y>
      <orientation>-0.0794181284759431</orientation>
      <velocity>0.9999999999999999</velocity>
      <steeringAngle>0.13325</steeringAngle>
      <time>65</time>
    </ksState>
    <ksState>
      <x>-85.17783367155467</x>
      <y>105.30448816724851</y>
      <orientation>-0.07424318247332198</orientation>
      <velocity>0.8</velocity>
      <steeringAngle>0.15990000000000001</steeringAngle>
      <time>66</time>
    </ksState>
    <ksState>
      <x>-85.10303389358558</x>
      <y>105.29901236087126</y>
      <orientation>-0.06936696919177372</orientation>
      <velocity>0.6000000000000001</velocity>
      <steeringAngle>0.18655000000000002</steeringAngle>
      <time>67</time>
    </ksState>
    <ksState>
      <x>-85.04816241995233</x>
      <y>105.29525499933344</y>
      <orientation>-0.06520752832963787</orientation>
      <velocity>0.40000000000000013</velocity>
      <steeringAngle>0.21320000000000003</steeringAngle>
      <time>68</time>
    </ksState>
    <ksState>
      <x>-85.01323518405212</x>
      <y>105.29299948459541</y>
      <orientation>-0.06218803323748139</orientation>
      <velocity>0.20000000000000015</velocity>
      <steeringAngle>0.23985000000000004</steeringAngle>
      <time>69</time>
    </ksState>
    <ksState>
      <x>-84.99826388741167</x>
      <y>105.29207199770036</y>
      <orientation>-0.06073811578335289</orientation>
      <velocity>1.3877787807814457e-16</velocity>
      <steeringAngle>0.2665</steeringAngle>
      <time>70</time>
    </ksState>
    <ksState>
      <x>-84.99327310737345</x>
      <y>105.2917684938121</y>
      <orientation>-0.0602364960987699</orientation>
      <velocity>0.2</velocity>
      <steeringAngle>0.23985000000000004</steeringAngle>
      <time>71</time>
    </ksState>
    <ksState>
      <x>-84.96831759952273</x>
      <y>105.29027769100071</y>
      <orientation>-0.05794762866759921</orientation>
      <velocity>0.4</velocity>
      <steeringAngle>0.21320000000000003</steeringAngle>
      <time>72</time>
    </ksState>
    <ksState>
      <x>-84.92339073604992</x>
      <y>105.28771341155031</y>
      <orientation>-0.05430489214596012</orientation>
      <velocity>0.6</velocity>
      <steeringAngle>0.18655000000000002</steeringAngle>
      <time>73</time>
    </ksState>
    <ksState>
      <x>-84.85848246881449</x>
      <y>105.28426206649861</y>
      <orientation>-0.0497345196054171</orientation>
      <velocity>0.7999999999999999</velocity>
      <steeringAngle>0.15990000000000001</steeringAngle>
      <time>74</time>
    </ksState>
    <ksState>
      <x>-84.77358211635627</x>
      <y>105.28014880875844</y>
      <orientation>-0.04465695568799058</orientation>
      <velocity>0.9999999999999999</velocity>
      <steeringAngle>0.13325</steeringAngle>
      <time>75</time>
    </ksState>
    <ksState>
      <x>-84.6736761797463</x>
      <y>105.27581441779701</y>
      <orientation>-0.03972178432407088</orientation>
      <velocity>1.0</velocity>
      <steeringAngle>0.1066</steeringAngle>
      <time>76</time>
    </ksState>
    <ksState>
      <x>-84.57375104859095</x>
      <y>105.2719469375577</y>
      <orientation>-0.03583347762670908</orientation>
      <velocity>1.0</velocity>
      <steeringAngle>0.07995</steeringAngle>
      <time>77</time>
    </ksState>
    <ksState>
      <x>-84.47381252135463</x>
      <y>105.26844197802279</y>
      <orientation>-0.032986453499873454</orientation>
      <velocity>1.0</velocity>
      <steeringAngle>0.053299999999999986</steeringAngle>
      <time>78</time>
    </ksState>
    <ksState>
      <x>-84.37386524277512</x>
      <y>105.26519562163537</y>
      <orientation>-0.0311766436151613</orientation>
      <velocity>1.0</velocity>
      <steeringAngle>0.02664999999999998</steeringAngle>
      <time>79</time>
    </ksState>
    <ksState>
      <x>-84.27391303917416</x>
      <y>105.26210429059962</y>
      <orientation>-0.03040147006848306</orientation>
      <velocity>1.0</velocity>
      <steeringAngle>-2.42861286636753e-17</steeringAngle>
      <time>80</time>
    </ksState>
    <ksState>
      <x>-84.17395924808406</x>
      <y>105.25906461188013</y>
      <orientation>-0.030659830659405644</orientation>
      <velocity>1.0</velocity>
      <steeringAngle>-0.026650000000000004</steeringAngle>
      <time>81</time>
    </ksState>
    <ksState>
      <x>-84.07400704448311</x>
      <y>105.25597328084439</y>
      <orientation>-0.03195209261401573</orientation>
      <velocity>1.0</velocity>
      <steeringAngle>-0.05330000000000001</steeringAngle>
      <time>82</time>
    </ksState>
    <ksState>
      <x>-83.97405976590359</x>
      <y>105.25272692445697</y>
      <orientation>-0.034280094675190824</orientation>
      <velocity>1.0</velocity>
      <steeringAngle>-0.07995000000000001</steeringAngle>
      <time>83</time>
    </ksState>
    <ksState>
      <x>-83.87412123866729</x>
      <y>105.24922196492206</y>
      <orientation>-0.037647157585604954</orientation>
      <velocity>1.0</velocity>
      <steeringAngle>-0.10660000000000001</steeringAngle>
      <time>84</time>
    </ksState>
    <ksState>
      <x>-83.77419610751194</x>
      <y>105.24535448468275</y>
      <orientation>-0.042058103090762695</orientation>
      <velocity>1.0</velocity>
      <steeringAngle>-0.13325</steeringAngle>
      <time>85</time>
    </ksState>
    <ksState>
      <x>-83.67429017090197</x>
      <y>105.24102009372132</y>
      <orientation>-0.04699327445468239</orientation>
      <velocity>1.0</velocity>
      <steeringAngle>-0.1066</steeringAngle>
      <time>86</time>
    </ksState>
    <ksState>
      <x>-83.57440554933608</x>
      <y>105.23621888403498</y>
      <orientation>-0.05088158115204419</orientation>
      <velocity>1.0</velocity>
      <steeringAngle>-0.07995</steeringAngle>
      <time>87</time>
    </ksState>
    <ksState>
      <x>-83.4745389786454</x>
      <y>105.2310553555912</y>
      <orientation>-0.05372860527887982</orientation>
      <velocity>1.0</velocity>
      <steeringAngle>-0.053299999999999986</steeringAngle>
      <time>88</time>
    </ksState>
    <ksState>
      <x>-83.37468608618762</x>
      <y>105.22563343775164</y>
      <orientation>-0.055538415163591974</orientation>
      <velocity>1.0</velocity>
      <steeringAngle>-0.02664999999999998</steeringAngle>
      <time>89</time>
    </ksState>
    <ksState>
      <x>-83.27484171340497</x>
      <y>105.22005665051346</y>
      <orientation>-0.056313588710270215</orientation>
      <velocity>1.0</velocity>
      <steeringAngle>2.42861286636753e-17</steeringAngle>
      <time>90</time>
    </ksState>
    <ksState>
      <x>-83.17000815847618</x>
      <y>105.21414684840228</y>
      <orientation>-0.056029392060255374</orientation>
      <velocity>1.2000000000000002</velocity>
      <steeringAngle>0.026650000000000004</steeringAngle>
      <time>91</time>
    </ksState>
    <ksState>
      <x>-83.04520206798935</x>
      <y>105.20718708710001</y>
      <orientation>-0.05440113281483783</orientation>
      <velocity>1.4000000000000004</velocity>
      <steeringAngle>0.05330000000000001</steeringAngle>
      <time>92</time>
    </ksState>
    <ksState>
      <x>-82.90041075065912</x>
      <y>105.19941126454016</y>
      <orientation>-0.051012565811660956</orientation>
      <velocity>1.6000000000000005</velocity>
      <steeringAngle>0.07995000000000001</steeringAngle>
      <time>93</time>
    </ksState>
    <ksState>
      <x>-82.73561488231924</x>
      <y>105.19120883973721</y>
      <orientation>-0.045443897159108765</orientation>
      <velocity>1.8000000000000007</velocity>
      <steeringAngle>0.10660000000000001</steeringAngle>
      <time>94</time>
    </ksState>
    <ksState>
      <x>-82.55079042118552</x>
      <y>105.18315903630791</y>
      <orientation>-0.037270563373155645</orientation>
      <velocity>2.000000000000001</velocity>
      <steeringAngle>0.13325</steeringAngle>
      <time>95</time>
    </ksState>
    <ksState>
      <x>-82.35590872544327</x>
      <y>105.17638644360788</y>
      <orientation>-0.02763385252198543</orientation>
      <velocity>1.7999999999999998</velocity>
      <steeringAngle>0.1066</steeringAngle>
      <time>96</time>
    </ksState>
    <ksState>
      <x>-82.18096736090118</x>
      <y>105.17186844721105</y>
      <orientation>-0.020816268462623782</orientation>
      <velocity>1.5999999999999996</velocity>
      <steeringAngle>0.07995</steeringAngle>
      <time>97</time>
    </ksState>
    <ksState>
      <x>-82.02599729336399</x>
      <y>105.16882852881112</y>
      <orientation>-0.016390393977218514</orientation>
      <velocity>1.3999999999999995</velocity>
      <steeringAngle>0.053299999999999986</steeringAngle>
      <time>98</time>
    </ksState>
    <ksState>
      <x>-81.89101395193376</x>
      <y>105.16671003997645</y>
      <orientation>-0.013934205038506939</orientation>
      <velocity>1.1999999999999993</velocity>
      <steeringAngle>0.02664999999999998</steeringAngle>
      <time>99</time>
    </ksState>
    <ksState>
      <x>-81.7760246513726</x>
      <y>105.16514176474075</y>
      <orientation>-0.01302983284158531</orientation>
      <velocity>0.9999999999999992</velocity>
      <steeringAngle>-2.42861286636753e-17</steeringAngle>
      <time>100</time>
    </ksState>
    <ksState>
      <x>-81.6760331400797</x>
      <y>105.16383881832562</y>
      <orientation>-0.01302983284158531</orientation>
      <velocity>1.0</velocity>
      <steeringAngle>0.0</steeringAngle>
      <time>101</time>
    </ksState>
    <ksState>
      <x>-81.57604162878678</x>
      <y>105.16253587191048</y>
      <orientation>-0.01302983284158531</orientation>
      <velocity>1.0</velocity>
      <steeringAngle>0.0</steeringAngle>
      <time>102</time>
    </ksState>
    <ksState>
      <x>-81.47605011749388</x>
      <y>105.16123292549534</y>
      <orientation>-0.01302983284158531</orientation>
      <velocity>1.0</velocity>
      <steeringAngle>0.0</steeringAngle>
      <time>103</time>
    </ksState>
    <ksState>
      <x>-81.37605860620097</x>
      <y>105.1599299790802</y>
      <orientation>-0.01302983284158531</orientation>
      <velocity>1.0</velocity>
      <steeringAngle>0.0</steeringAngle>
      <time>104</time>
    </ksState>
    <ksState>
      <x>-81.27606709490807</x>
      <y>105.15862703266507</y>
      <orientation>-0.01302983284158531</orientation>
      <velocity>1.0</velocity>
      <steeringAngle>0.0</steeringAngle>
      <time>105</time>
    </ksState>
    <ksState>
      <x>-81.18107515917981</x>
      <y>105.15738923357068</y>
      <orientation>-0.01302983284158531</orientation>
      <velocity>0.8</velocity>
      <steeringAngle>0.0</steeringAngle>
      <time>106</time>
    </ksState>
    <ksState>
      <x>-81.10608152571014</x>
      <y>105.15641202375933</y>
      <orientation>-0.01302983284158531</orientation>
      <velocity>0.6000000000000001</velocity>
      <steeringAngle>0.0</steeringAngle>
      <time>107</time>
    </ksState>
    <ksState>
      <x>-81.05108619449904</x>
      <y>105.15569540323101</y>
      <orientation>-0.01302983284158531</orientation>
      <velocity>0.40000000000000013</velocity>
      <steeringAngle>0.0</steeringAngle>
      <time>108</time>
    </ksState>
    <ksState>
      <x>-81.01608916554652</x>
      <y>105.1552393719857</y>
      <orientation>-0.01302983284158531</orientation>
      <velocity>0.20000000000000015</velocity>
      <steeringAngle>0.0</steeringAngle>
      <time>109</time>
    </ksState>
    <ksState>
      <x>-81.00109043885259</x>
      <y>105.15504393002344</y>
      <orientation>-0.01302983284158531</orientation>
      <velocity>1.3877787807814457e-16</velocity>
      <steeringAngle>0.0</steeringAngle>
      <time>110</time>
    </ksState>
    <ksState>
      <x>-81.00109043885259</x>
      <y>105.15504393002344</y>
      <orientation>-0.01302983284158531</orientation>
      <velocity>0.0</velocity>
      <steeringAngle>0.0</steeringAngle>
      <time>111</time>
    </ksState>
    <ksState>
      <x>-81.00109043885259</x>
      <y>105.15504393002344</y>
      <orientation>-0.01302983284158531</orientation>
      <velocity>0.0</velocity>
      <steeringAngle>0.0</steeringAngle>
      <time>112</time>
    </ksState>
    <ksState>
      <x>-81.00109043885259</x>
      <y>105.15504393002344</y>
      <orientation>-0.01302983284158531</orientation>
      <velocity>0.0</velocity>
      <steeringAngle>0.0</steeringAngle>
      <time>113</time>
    </ksState>
    <ksState>
      <x>-81.00109043885259</x>
      <y>105.15504393002344</y>
      <orientation>-0.01302983284158531</orientation>
      <velocity>0.0</velocity>
      <steeringAngle>0.0</steeringAngle>
      <time>114</time>
    </ksState>
    <ksState>
      <x>-81.00109043885259</x>
      <y>105.15504393002344</y>
      <orientation>-0.01302983284158531</orientation>
      <velocity>0.0</velocity>
      <steeringAngle>0.0</steeringAngle>
      <time>115</time>
    </ksState>
    <ksState>
      <x>-81.00109043885259</x>
      <y>105.15504393002344</y>
      <orientation>-0.01302983284158531</orientation>
      <velocity>0.0</velocity>
      <steeringAngle>0.0</steeringAngle>
      <time>116</time>
    </ksState>
    <ksState>
      <x>-81.00109043885259</x>
      <y>105.15504393002344</y>
      <orientation>-0.01302983284158531</orientation>
      <velocity>0.0</velocity>
      <steeringAngle>0.0</steeringAngle>
      <time>117</time>
    </ksState>
    <ksState>
      <x>-81.00109043885259</x>
      <y>105.15504393002344</y>
      <orientation>-0.01302983284158531</orientation>
      <velocity>0.0</velocity>
      <steeringAngle>0.0</steeringAngle>
      <time>118</time>
    </ksState>
    <ksState>
      <x>-81.00109043885259</x>
      <y>105.15504393002344</y>
      <orientation>-0.01302983284158531</orientation>
      <velocity>0.0</velocity>
      <steeringAngle>0.0</steeringAngle>
      <time>119</time>
    </ksState>
    <ksState>
      <x>-81.00109043885259</x>
      <y>105.15504393002344</y>
      <orientation>-0.01302983284158531</orientation>
      <velocity>0.0</velocity>
      <steeringAngle>0.0</steeringAngle>
      <time>120</time>
    </ksState>
    <ksState>
      <x>-81.00109043885259</x>
      <y>105.15504393002344</y>
      <orientation>-0.01302983284158531</orientation>
      <velocity>0.0</velocity>
      <steeringAngle>0.0</steeringAngle>
      <time>121</time>
    </ksState>
    <ksState>
      <x>-81.00109043885259</x>
      <y>105.15504393002344</y>
      <orientation>-0.01302983284158531</orientation>
      <velocity>0.0</velocity>
      <steeringAngle>0.0</steeringAngle>
      <time>122</time>
    </ksState>
    <ksState>
      <x>-81.00109043885259</x>
      <y>105.15504393002344</y>
      <orientation>-0.01302983284158531</orientation>
      <velocity>0.0</velocity>
      <steeringAngle>0.0</steeringAngle>
      <time>123</time>
    </ksState>
    <ksState>
      <x>-81.00109043885259</x>
      <y>105.15504393002344</y>
      <orientation>-0.01302983284158531</orientation>
      <velocity>0.0</velocity>
      <steeringAngle>0.0</steeringAngle>
      <time>124</time>
    </ksState>
    <ksState>
      <x>-81.00109043885259</x>
      <y>105.15504393002344</y>
      <orientation>-0.01302983284158531</orientation>
      <velocity>0.0</velocity>
      <steeringAngle>0.0</steeringAngle>
      <time>125</time>
    </ksState>
    <ksState>
      <x>-81.00109043885259</x>
      <y>105.15504393002344</y>
      <orientation>-0.01302983284158531</orientation>
      <velocity>0.0</velocity>
      <steeringAngle>0.0</steeringAngle>
      <time>126</time>
    </ksState>
    <ksState>
      <x>-81.00109043885259</x>
      <y>105.15504393002344</y>
      <orientation>-0.01302983284158531</orientation>
      <velocity>0.0</velocity>
      <steeringAngle>0.0</steeringAngle>
      <time>127</time>
    </ksState>
    <ksState>
      <x>-81.00109043885259</x>
      <y>105.15504393002344</y>
      <orientation>-0.01302983284158531</orientation>
      <velocity>0.0</velocity>
      <steeringAngle>0.0</steeringAngle>
      <time>128</time>
    </ksState>
    <ksState>
      <x>-81.00109043885259</x>
      <y>105.15504393002344</y>
      <orientation>-0.01302983284158531</orientation>
      <velocity>0.0</velocity>
      <steeringAngle>0.0</steeringAngle>
      <time>129</time>
    </ksState>
    <ksState>
      <x>-81.00109043885259</x>
      <y>105.15504393002344</y>
      <orientation>-0.01302983284158531</orientation>
      <velocity>0.0</velocity>
      <steeringAngle>0.0</steeringAngle>
      <time>130</time>
    </ksState>
    <ksState>
      <x>-81.00109043885259</x>
      <y>105.15504393002344</y>
      <orientation>-0.01302983284158531</orientation>
      <velocity>0.0</velocity>
      <steeringAngle>0.0</steeringAngle>
      <time>131</time>
    </ksState>
    <ksState>
      <x>-81.00109043885259</x>
      <y>105.15504393002344</y>
      <orientation>-0.01302983284158531</orientation>
      <velocity>0.0</velocity>
      <steeringAngle>0.0</steeringAngle>
      <time>132</time>
    </ksState>
    <ksState>
      <x>-81.00109043885259</x>
      <y>105.15504393002344</y>
      <orientation>-0.01302983284158531</orientation>
      <velocity>0.0</velocity>
      <steeringAngle>0.0</steeringAngle>
      <time>133</time>
    </ksState>
    <ksState>
      <x>-81.00109043885259</x>
      <y>105.15504393002344</y>
      <orientation>-0.01302983284158531</orientation>
      <velocity>0.0</velocity>
      <steeringAngle>0.0</steeringAngle>
      <time>134</time>
    </ksState>
    <ksState>
      <x>-81.00109043885259</x>
      <y>105.15504393002344</y>
      <orientation>-0.01302983284158531</orientation>
      <velocity>0.0</velocity>
      <steeringAngle>0.0</steeringAngle>
      <time>135</time>
    </ksState>
    <ksState>
      <x>-81.00109043885259</x>
      <y>105.15504393002344</y>
      <orientation>-0.01302983284158531</orientation>
      <velocity>0.0</velocity>
      <steeringAngle>0.0</steeringAngle>
      <time>136</time>
    </ksState>
    <ksState>
      <x>-81.00109043885259</x>
      <y>105.15504393002344</y>
      <orientation>-0.01302983284158531</orientation>
      <velocity>0.0</velocity>
      <steeringAngle>0.0</steeringAngle>
      <time>137</time>
    </ksState>
    <ksState>
      <x>-81.00109043885259</x>
      <y>105.15504393002344</y>
      <orientation>-0.01302983284158531</orientation>
      <velocity>0.0</velocity>
      <steeringAngle>0.0</steeringAngle>
      <time>138</time>
    </ksState>
    <ksState>
      <x>-81.00109043885259</x>
      <y>105.15504393002344</y>
      <orientation>-0.01302983284158531</orientation>
      <velocity>0.0</velocity>
      <steeringAngle>0.0</steeringAngle>
      <time>139</time>
    </ksState>
    <ksState>
      <x>-81.00109043885259</x>
      <y>105.15504393002344</y>
      <orientation>-0.01302983284158531</orientation>
      <velocity>0.0</velocity>
      <steeringAngle>0.0</steeringAngle>
      <time>140</time>
    </ksState>
    <ksState>
      <x>-81.00109043885259</x>
      <y>105.15504393002344</y>
      <orientation>-0.01302983284158531</orientation>
      <velocity>0.0</velocity>
      <steeringAngle>0.0</steeringAngle>
      <time>141</time>
    </ksState>
    <ksState>
      <x>-81.00109043885259</x>
      <y>105.15504393002344</y>
      <orientation>-0.01302983284158531</orientation>
      <velocity>0.0</velocity>
      <steeringAngle>0.0</steeringAngle>
      <time>142</time>
    </ksState>
    <ksState>
      <x>-81.00109043885259</x>
      <y>105.15504393002344</y>
      <orientation>-0.01302983284158531</orientation>
      <velocity>0.0</velocity>
      <steeringAngle>0.0</steeringAngle>
      <time>143</time>
    </ksState>
    <ksState>
      <x>-81.00109043885259</x>
      <y>105.15504393002344</y>
      <orientation>-0.01302983284158531</orientation>
      <velocity>0.0</velocity>
      <steeringAngle>0.0</steeringAngle>
      <time>144</time>
    </ksState>
    <ksState>
      <x>-81.00109043885259</x>
      <y>105.15504393002344</y>
      <orientation>-0.01302983284158531</orientation>
      <velocity>0.0</velocity>
      <steeringAngle>0.0</steeringAngle>
      <time>145</time>
    </ksState>
    <ksState>
      <x>-81.00109043885259</x>
      <y>105.15504393002344</y>
      <orientation>-0.01302983284158531</orientation>
      <velocity>0.0</velocity>
      <steeringAngle>0.0</steeringAngle>
      <time>146</time>
    </ksState>
    <ksState>
      <x>-81.00109043885259</x>
      <y>105.15504393002344</y>
      <orientation>-0.01302983284158531</orientation>
      <velocity>0.0</velocity>
      <steeringAngle>0.0</steeringAngle>
      <time>147</time>
    </ksState>
    <ksState>
      <x>-81.00109043885259</x>
      <y>105.15504393002344</y>
      <orientation>-0.01302983284158531</orientation>
      <velocity>0.0</velocity>
      <steeringAngle>0.0</steeringAngle>
      <time>148</time>
    </ksState>
    <ksState>
      <x>-81.00109043885259</x>
      <y>105.15504393002344</y>
      <orientation>-0.01302983284158531</orientation>
      <velocity>0.0</velocity>
      <steeringAngle>0.0</steeringAngle>
      <time>149</time>
    </ksState>
    <ksState>
      <x>-81.00109043885259</x>
      <y>105.15504393002344</y>
      <orientation>-0.01302983284158531</orientation>
      <velocity>0.0</velocity>
      <steeringAngle>0.0</steeringAngle>
      <time>150</time>
    </ksState>
    <ksState>
      <x>-81.00109043885259</x>
      <y>105.15504393002344</y>
      <orientation>-0.01302983284158531</orientation>
      <velocity>0.0</velocity>
      <steeringAngle>0.0</steeringAngle>
      <time>151</time>
    </ksState>
    <ksState>
      <x>-81.00109043885259</x>
      <y>105.15504393002344</y>
      <orientation>-0.01302983284158531</orientation>
      <velocity>0.0</velocity>
      <steeringAngle>0.0</steeringAngle>
      <time>152</time>
    </ksState>
    <ksState>
      <x>-81.00109043885259</x>
      <y>105.15504393002344</y>
      <orientation>-0.01302983284158531</orientation>
      <velocity>0.0</velocity>
      <steeringAngle>0.0</steeringAngle>
      <time>153</time>
    </ksState>
    <ksState>
      <x>-81.00109043885259</x>
      <y>105.15504393002344</y>
      <orientation>-0.01302983284158531</orientation>
      <velocity>0.0</velocity>
      <steeringAngle>0.0</steeringAngle>
      <time>154</time>
    </ksState>
    <ksState>
      <x>-81.00109043885259</x>
      <y>105.15504393002344</y>
      <orientation>-0.01302983284158531</orientation>
      <velocity>0.0</velocity>
      <steeringAngle>0.0</steeringAngle>
      <time>155</time>
    </ksState>
  </ksTrajectory>
</CommonRoadSolution>
