<?xml version="1.0" ?>
<CommonRoadSolution benchmark_id="KS2:SM1:USA_US101-1_1_T-1:2018b" date="2019-11-17">
  <ksTrajectory planningProblem="482">
    <ksState>
      <x>0.0</x>
      <y>0.0</y>
      <orientation>0.0</orientation>
      <velocity>14.0</velocity>
      <steeringAngle>0.0</steeringAngle>
      <time>0</time>
    </ksState>
    <ksState>
      <x>1.4050000000000002</x>
      <y>0.0</y>
      <orientation>0.0</orientation>
      <velocity>14.2</velocity>
      <steeringAngle>0.0</steeringAngle>
      <time>1</time>
    </ksState>
    <ksState>
      <x>2.83</x>
      <y>0.0</y>
      <orientation>0.0</orientation>
      <velocity>14.399999999999999</velocity>
      <steeringAngle>0.0</steeringAngle>
      <time>2</time>
    </ksState>
    <ksState>
      <x>4.2749999999999995</x>
      <y>0.0</y>
      <orientation>0.0</orientation>
      <velocity>14.599999999999998</velocity>
      <steeringAngle>0.0</steeringAngle>
      <time>3</time>
    </ksState>
    <ksState>
      <x>5.739999999999998</x>
      <y>0.0</y>
      <orientation>0.0</orientation>
      <velocity>14.799999999999997</velocity>
      <steeringAngle>0.0</steeringAngle>
      <time>4</time>
    </ksState>
    <ksState>
      <x>7.224999999999999</x>
      <y>0.0</y>
      <orientation>0.0</orientation>
      <velocity>14.999999999999996</velocity>
      <steeringAngle>0.0</steeringAngle>
      <time>5</time>
    </ksState>
    <ksState>
      <x>8.724999999999998</x>
      <y>0.0</y>
      <orientation>0.0</orientation>
      <velocity>15.0</velocity>
      <steeringAngle>0.0</steeringAngle>
      <time>6</time>
    </ksState>
    <ksState>
      <x>10.224999999999998</x>
      <y>0.0</y>
      <orientation>0.0</orientation>
      <velocity>15.0</velocity>
      <steeringAngle>0.0</steeringAngle>
      <time>7</time>
    </ksState>
    <ksState>
      <x>11.724999999999998</x>
      <y>0.0</y>
      <orientation>0.0</orientation>
      <velocity>15.0</velocity>
      <steeringAngle>0.0</steeringAngle>
      <time>8</time>
    </ksState>
    <ksState>
      <x>13.224999999999998</x>
      <y>0.0</y>
      <orientation>0.0</orientation>
      <velocity>15.0</velocity>
      <steeringAngle>0.0</steeringAngle>
      <time>9</time>
    </ksState>
    <ksState>
      <x>14.724999999999998</x>
      <y>0.0</y>
      <orientation>0.0</orientation>
      <velocity>15.0</velocity>
      <steeringAngle>0.0</steeringAngle>
      <time>10</time>
    </ksState>
    <ksState>
      <x>16.224999999999998</x>
      <y>0.0</y>
      <orientation>0.0</orientation>
      <velocity>15.0</velocity>
      <steeringAngle>0.0</steeringAngle>
      <time>11</time>
    </ksState>
    <ksState>
      <x>17.724999999999998</x>
      <y>0.0</y>
      <orientation>0.0</orientation>
      <velocity>15.0</velocity>
      <steeringAngle>0.0</steeringAngle>
      <time>12</time>
    </ksState>
    <ksState>
      <x>19.224999999999998</x>
      <y>0.0</y>
      <orientation>0.0</orientation>
      <velocity>15.0</velocity>
      <steeringAngle>0.0</steeringAngle>
      <time>13</time>
    </ksState>
    <ksState>
      <x>20.724999999999998</x>
      <y>0.0</y>
      <orientation>0.0</orientation>
      <velocity>15.0</velocity>
      <steeringAngle>0.0</steeringAngle>
      <time>14</time>
    </ksState>
    <ksState>
      <x>22.224999999999998</x>
      <y>0.0</y>
      <orientation>0.0</orientation>
      <velocity>15.0</velocity>
      <steeringAngle>0.0</steeringAngle>
      <time>15</time>
    </ksState>
    <ksState>
      <x>23.724999999999998</x>
      <y>0.0</y>
      <orientation>0.0</orientation>
      <velocity>15.0</velocity>
      <steeringAngle>0.0</steeringAngle>
      <time>16</time>
    </ksState>
    <ksState>
      <x>25.224999999999998</x>
      <y>0.0</y>
      <orientation>0.0</orientation>
      <velocity>15.0</velocity>
      <steeringAngle>0.0</steeringAngle>
      <time>17</time>
    </ksState>
    <ksState>
      <x>26.724999999999998</x>
      <y>0.0</y>
      <orientation>0.0</orientation>
      <velocity>15.0</velocity>
      <steeringAngle>0.0</steeringAngle>
      <time>18</time>
    </ksState>
    <ksState>
      <x>28.224999999999998</x>
      <y>0.0</y>
      <orientation>0.0</orientation>
      <velocity>15.0</velocity>
      <steeringAngle>0.0</steeringAngle>
      <time>19</time>
    </ksState>
    <ksState>
      <x>29.724999999999998</x>
      <y>0.0</y>
      <orientation>0.0</orientation>
      <velocity>15.0</velocity>
      <steeringAngle>0.0</steeringAngle>
      <time>20</time>
    </ksState>
    <ksState>
      <x>31.224999999999998</x>
      <y>0.0</y>
      <orientation>0.0</orientation>
      <velocity>15.0</velocity>
      <steeringAngle>0.0</steeringAngle>
      <time>21</time>
    </ksState>
    <ksState>
      <x>32.724999999999994</x>
      <y>0.0</y>
      <orientation>0.0</orientation>
      <velocity>15.0</velocity>
      <steeringAngle>0.0</steeringAngle>
      <time>22</time>
    </ksState>
    <ksState>
      <x>34.224999999999994</x>
      <y>0.0</y>
      <orientation>0.0</orientation>
      <velocity>15.0</velocity>
      <steeringAngle>0.0</steeringAngle>
      <time>23</time>
    </ksState>
    <ksState>
      <x>35.724999999999994</x>
      <y>0.0</y>
      <orientation>0.0</orientation>
      <velocity>15.0</velocity>
      <steeringAngle>0.0</steeringAngle>
      <time>24</time>
    </ksState>
    <ksState>
      <x>37.224999999999994</x>
      <y>0.0</y>
      <orientation>0.0</orientation>
      <velocity>15.0</velocity>
      <steeringAngle>0.0</steeringAngle>
      <time>25</time>
    </ksState>
    <ksState>
      <x>38.724999999999994</x>
      <y>0.0</y>
      <orientation>0.0</orientation>
      <velocity>15.0</velocity>
      <steeringAngle>0.0</steeringAngle>
      <time>26</time>
    </ksState>
    <ksState>
      <x>40.224999999999994</x>
      <y>0.0</y>
      <orientation>0.0</orientation>
      <velocity>15.0</velocity>
      <steeringAngle>0.0</steeringAngle>
      <time>27</time>
    </ksState>
    <ksState>
      <x>41.724999999999994</x>
      <y>0.0</y>
      <orientation>0.0</orientation>
      <velocity>15.0</velocity>
      <steeringAngle>0.0</steeringAngle>
      <time>28</time>
    </ksState>
    <ksState>
      <x>43.224999999999994</x>
      <y>0.0</y>
      <orientation>0.0</orientation>
      <velocity>15.0</velocity>
      <steeringAngle>0.0</steeringAngle>
      <time>29</time>
    </ksState>
    <ksState>
      <x>44.724999999999994</x>
      <y>0.0</y>
      <orientation>0.0</orientation>
      <velocity>15.0</velocity>
      <steeringAngle>0.0</steeringAngle>
      <time>30</time>
    </ksState>
    <ksState>
      <x>46.224999999999994</x>
      <y>0.0</y>
      <orientation>0.0</orientation>
      <velocity>15.0</velocity>
      <steeringAngle>0.0</steeringAngle>
      <time>31</time>
    </ksState>
    <ksState>
      <x>47.724999999999994</x>
      <y>0.0</y>
      <orientation>0.0</orientation>
      <velocity>15.0</velocity>
      <steeringAngle>0.0</steeringAngle>
      <time>32</time>
    </ksState>
    <ksState>
      <x>49.224999999999994</x>
      <y>0.0</y>
      <orientation>0.0</orientation>
      <velocity>15.0</velocity>
      <steeringAngle>0.0</steeringAngle>
      <time>33</time>
    </ksState>
    <ksState>
      <x>50.724999999999994</x>
      <y>0.0</y>
      <orientation>0.0</orientation>
      <velocity>15.0</velocity>
      <steeringAngle>0.0</steeringAngle>
      <time>34</time>
    </ksState>
    <ksState>
      <x>52.224999999999994</x>
      <y>0.0</y>
      <orientation>0.0</orientation>
      <velocity>15.0</velocity>
      <steeringAngle>0.0</steeringAngle>
      <time>35</time>
    </ksState>
    <ksState>
      <x>53.724999999999994</x>
      <y>0.0</y>
      <orientation>0.0</orientation>
      <velocity>15.0</velocity>
      <steeringAngle>0.0</steeringAngle>
      <time>36</time>
    </ksState>
    <ksState>
      <x>55.224999999999994</x>
      <y>0.0</y>
      <orientation>0.0</orientation>
      <velocity>15.0</velocity>
      <steeringAngle>0.0</steeringAngle>
      <time>37</time>
    </ksState>
    <ksState>
      <x>56.724999999999994</x>
      <y>0.0</y>
      <orientation>0.0</orientation>
      <velocity>15.0</velocity>
      <steeringAngle>0.0</steeringAngle>
      <time>38</time>
    </ksState>
    <ksState>
      <x>58.224999999999994</x>
      <y>0.0</y>
      <orientation>0.0</orientation>
      <velocity>15.0</velocity>
      <steeringAngle>0.0</steeringAngle>
      <time>39</time>
    </ksState>
    <ksState>
      <x>59.724999999999994</x>
      <y>0.0</y>
      <orientation>0.0</orientation>
      <velocity>15.0</velocity>
      <steeringAngle>0.0</steeringAngle>
      <time>40</time>
    </ksState>
    <ksState>
      <x>61.209999999999994</x>
      <y>0.0</y>
      <orientation>0.0</orientation>
      <velocity>14.399999999999999</velocity>
      <steeringAngle>0.0</steeringAngle>
      <time>41</time>
    </ksState>
    <ksState>
      <x>62.63499999999999</x>
      <y>0.0</y>
      <orientation>0.0</orientation>
      <velocity>13.799999999999997</velocity>
      <steeringAngle>0.0</steeringAngle>
      <time>42</time>
    </ksState>
    <ksState>
      <x>63.99999999999999</x>
      <y>0.0</y>
      <orientation>0.0</orientation>
      <velocity>13.199999999999996</velocity>
      <steeringAngle>0.0</steeringAngle>
      <time>43</time>
    </ksState>
    <ksState>
      <x>65.30499999999999</x>
      <y>0.0</y>
      <orientation>0.0</orientation>
      <velocity>12.599999999999994</velocity>
      <steeringAngle>0.0</steeringAngle>
      <time>44</time>
    </ksState>
    <ksState>
      <x>66.55</x>
      <y>0.0</y>
      <orientation>0.0</orientation>
      <velocity>11.999999999999993</velocity>
      <steeringAngle>0.0</steeringAngle>
      <time>45</time>
    </ksState>
  </ksTrajectory>
</CommonRoadSolution>
