<?xml version="1.0" ?>
<CommonRoadSolution benchmark_id="KS2:SM1:USA_Lanker-1_8_T-1:2018b" date="2019-11-18">
  <ksTrajectory planningProblem="1880">
    <ksState>
      <x>0.0</x>
      <y>0.0</y>
      <orientation>1.5636</orientation>
      <velocity>4.0</velocity>
      <steeringAngle>0.0</steeringAngle>
      <time>0</time>
    </ksState>
    <ksState>
      <x>0.0029504685197094876</x>
      <y>0.40998938368635135</y>
      <orientation>1.564685114481875</orientation>
      <velocity>4.4</velocity>
      <steeringAngle>0.026650000000000004</steeringAngle>
      <time>1</time>
    </ksState>
    <ksState>
      <x>0.00517748881488006</x>
      <y>0.8599835822373592</y>
      <orientation>1.5705261568819302</orientation>
      <velocity>4.800000000000001</velocity>
      <steeringAngle>0.05330000000000001</steeringAngle>
      <time>2</time>
    </ksState>
    <ksState>
      <x>0.0040686433199227205</x>
      <y>1.3499808183842281</y>
      <orientation>1.5819592950106343</orientation>
      <velocity>5.200000000000001</velocity>
      <steeringAngle>0.07995000000000001</steeringAngle>
      <time>3</time>
    </ksState>
    <ksState>
      <x>-0.004028298698604658</x>
      <y>1.8799146436696297</y>
      <orientation>1.5998307581365667</orientation>
      <velocity>5.600000000000001</velocity>
      <steeringAngle>0.10660000000000001</steeringAngle>
      <time>4</time>
    </ksState>
    <ksState>
      <x>-0.02394272933291389</x>
      <y>2.4495570363500443</y>
      <orientation>1.6249993167187886</orientation>
      <velocity>6.000000000000002</velocity>
      <steeringAngle>0.13325</steeringAngle>
      <time>5</time>
    </ksState>
    <ksState>
      <x>-0.061466197630298314</x>
      <y>3.0533738479634795</y>
      <orientation>1.65805262093871</orientation>
      <velocity>6.199999999999999</velocity>
      <steeringAngle>0.15990000000000001</steeringAngle>
      <time>6</time>
    </ksState>
    <ksState>
      <x>-0.12201014879372978</x>
      <y>3.6754049815059973</y>
      <orientation>1.6988117023326028</orientation>
      <velocity>6.399999999999999</velocity>
      <steeringAngle>0.18655000000000002</steeringAngle>
      <time>7</time>
    </ksState>
    <ksState>
      <x>-0.21189189019827218</x>
      <y>4.314067044960455</y>
      <orientation>1.74776129740797</orientation>
      <velocity>6.599999999999998</velocity>
      <steeringAngle>0.21320000000000003</steeringAngle>
      <time>8</time>
    </ksState>
    <ksState>
      <x>-0.3380718550805482</x>
      <y>4.966921380993745</y>
      <orientation>1.8054029561213654</orientation>
      <velocity>6.799999999999997</velocity>
      <steeringAngle>0.23985000000000004</steeringAngle>
      <time>9</time>
    </ksState>
    <ksState>
      <x>-0.5080824920995487</x>
      <y>5.630396666224835</y>
      <orientation>1.8722568385221388</orientation>
      <velocity>6.9999999999999964</velocity>
      <steeringAngle>0.2665</steeringAngle>
      <time>10</time>
    </ksState>
    <ksState>
      <x>-0.7199295042023748</x>
      <y>6.271169418027477</y>
      <orientation>1.9419117574951898</orientation>
      <velocity>6.0</velocity>
      <steeringAngle>0.23985000000000004</steeringAngle>
      <time>11</time>
    </ksState>
  </ksTrajectory>
</CommonRoadSolution>
