<?xml version="1.0" ?>
<CommonRoadSolution benchmark_id="KS2:SM1:USA_US101-19_2_T-1:2018b" date="2019-11-18">
  <ksTrajectory planningProblem="465">
    <ksState>
      <x>0.0</x>
      <y>0.0</y>
      <orientation>-0.74842</orientation>
      <velocity>12.0</velocity>
      <steeringAngle>0.0</steeringAngle>
      <time>0</time>
    </ksState>
    <ksState>
      <x>0.8609988096379254</x>
      <y>-0.7995661634924754</y>
      <orientation>-0.74842</orientation>
      <velocity>11.0</velocity>
      <steeringAngle>0.0</steeringAngle>
      <time>1</time>
    </ksState>
    <ksState>
      <x>1.6487211248385807</x>
      <y>-1.5310841428579316</y>
      <orientation>-0.74842</orientation>
      <velocity>10.0</velocity>
      <steeringAngle>0.0</steeringAngle>
      <time>2</time>
    </ksState>
    <ksState>
      <x>2.3631669456019653</x>
      <y>-2.1945539380963686</y>
      <orientation>-0.74842</orientation>
      <velocity>9.0</velocity>
      <steeringAngle>0.0</steeringAngle>
      <time>3</time>
    </ksState>
    <ksState>
      <x>3.00433627192808</x>
      <y>-2.7899755492077865</y>
      <orientation>-0.74842</orientation>
      <velocity>8.0</velocity>
      <steeringAngle>0.0</steeringAngle>
      <time>4</time>
    </ksState>
    <ksState>
      <x>3.5722291038169245</x>
      <y>-3.3173489761921853</y>
      <orientation>-0.74842</orientation>
      <velocity>7.0</velocity>
      <steeringAngle>0.0</steeringAngle>
      <time>5</time>
    </ksState>
    <ksState>
      <x>4.066845441268499</x>
      <y>-3.7766742190495646</y>
      <orientation>-0.74842</orientation>
      <velocity>6.0</velocity>
      <steeringAngle>0.0</steeringAngle>
      <time>6</time>
    </ksState>
    <ksState>
      <x>4.488185284282802</x>
      <y>-4.167951277779925</y>
      <orientation>-0.74842</orientation>
      <velocity>5.0</velocity>
      <steeringAngle>0.0</steeringAngle>
      <time>7</time>
    </ksState>
    <ksState>
      <x>4.836248632859836</x>
      <y>-4.491180152383266</y>
      <orientation>-0.74842</orientation>
      <velocity>4.0</velocity>
      <steeringAngle>0.0</steeringAngle>
      <time>8</time>
    </ksState>
    <ksState>
      <x>5.111035486999599</x>
      <y>-4.746360842859588</y>
      <orientation>-0.74842</orientation>
      <velocity>3.0</velocity>
      <steeringAngle>0.0</steeringAngle>
      <time>9</time>
    </ksState>
    <ksState>
      <x>5.3125458467020925</x>
      <y>-4.933493349208891</y>
      <orientation>-0.74842</orientation>
      <velocity>2.0</velocity>
      <steeringAngle>0.0</steeringAngle>
      <time>10</time>
    </ksState>
    <ksState>
      <x>5.47741795918595</x>
      <y>-5.086601763494683</y>
      <orientation>-0.74842</orientation>
      <velocity>3.0</velocity>
      <steeringAngle>0.0</steeringAngle>
      <time>11</time>
    </ksState>
    <ksState>
      <x>5.7155665661070785</x>
      <y>-5.307758361907496</y>
      <orientation>-0.74842</orientation>
      <velocity>4.0</velocity>
      <steeringAngle>0.0</steeringAngle>
      <time>12</time>
    </ksState>
    <ksState>
      <x>6.026991667465477</x>
      <y>-5.596963144447328</y>
      <orientation>-0.74842</orientation>
      <velocity>5.0</velocity>
      <steeringAngle>0.0</steeringAngle>
      <time>13</time>
    </ksState>
    <ksState>
      <x>6.411693263261146</x>
      <y>-5.954216111114178</y>
      <orientation>-0.74842</orientation>
      <velocity>6.0</velocity>
      <steeringAngle>0.0</steeringAngle>
      <time>14</time>
    </ksState>
    <ksState>
      <x>6.869671353494085</x>
      <y>-6.379517261908048</y>
      <orientation>-0.74842</orientation>
      <velocity>7.0</velocity>
      <steeringAngle>0.0</steeringAngle>
      <time>15</time>
    </ksState>
    <ksState>
      <x>7.393598288720567</x>
      <y>-6.866061778416235</y>
      <orientation>-0.74842</orientation>
      <velocity>7.6</velocity>
      <steeringAngle>0.0</steeringAngle>
      <time>16</time>
    </ksState>
    <ksState>
      <x>7.961491120609412</x>
      <y>-7.393435205400634</y>
      <orientation>-0.74842</orientation>
      <velocity>8.2</velocity>
      <steeringAngle>0.0</steeringAngle>
      <time>17</time>
    </ksState>
    <ksState>
      <x>8.573349849160618</x>
      <y>-7.961637542861244</y>
      <orientation>-0.74842</orientation>
      <velocity>8.8</velocity>
      <steeringAngle>0.0</steeringAngle>
      <time>18</time>
    </ksState>
    <ksState>
      <x>9.229174474374187</x>
      <y>-8.570668790798067</y>
      <orientation>-0.74842</orientation>
      <velocity>9.400000000000002</velocity>
      <steeringAngle>0.0</steeringAngle>
      <time>19</time>
    </ksState>
    <ksState>
      <x>9.928964996250118</x>
      <y>-9.220528949211099</y>
      <orientation>-0.74842</orientation>
      <velocity>10.000000000000004</velocity>
      <steeringAngle>0.0</steeringAngle>
      <time>20</time>
    </ksState>
    <ksState>
      <x>10.67272141478841</x>
      <y>-9.911218018100344</y>
      <orientation>-0.74842</orientation>
      <velocity>10.600000000000001</velocity>
      <steeringAngle>0.0</steeringAngle>
      <time>21</time>
    </ksState>
    <ksState>
      <x>11.460443729989066</x>
      <y>-10.6427359974658</y>
      <orientation>-0.74842</orientation>
      <velocity>11.200000000000003</velocity>
      <steeringAngle>0.0</steeringAngle>
      <time>22</time>
    </ksState>
    <ksState>
      <x>12.292131941852084</x>
      <y>-11.415082887307468</y>
      <orientation>-0.74842</orientation>
      <velocity>11.800000000000004</velocity>
      <steeringAngle>0.0</steeringAngle>
      <time>23</time>
    </ksState>
    <ksState>
      <x>13.167786050377464</x>
      <y>-12.228258687625347</y>
      <orientation>-0.74842</orientation>
      <velocity>12.400000000000006</velocity>
      <steeringAngle>0.0</steeringAngle>
      <time>24</time>
    </ksState>
    <ksState>
      <x>14.087406055565205</x>
      <y>-13.082263398419439</y>
      <orientation>-0.74842</orientation>
      <velocity>13.000000000000007</velocity>
      <steeringAngle>0.0</steeringAngle>
      <time>25</time>
    </ksState>
    <ksState>
      <x>15.047328132693446</x>
      <y>-13.97369461048339</y>
      <orientation>-0.74842</orientation>
      <velocity>13.399999999999999</velocity>
      <steeringAngle>0.0</steeringAngle>
      <time>26</time>
    </ksState>
    <ksState>
      <x>16.036560807596594</x>
      <y>-14.892345096198149</y>
      <orientation>-0.74842</orientation>
      <velocity>13.799999999999997</velocity>
      <steeringAngle>0.0</steeringAngle>
      <time>27</time>
    </ksState>
    <ksState>
      <x>17.05510408027465</x>
      <y>-15.838214855563715</y>
      <orientation>-0.74842</orientation>
      <velocity>14.199999999999996</velocity>
      <steeringAngle>0.0</steeringAngle>
      <time>28</time>
    </ksState>
    <ksState>
      <x>18.102957950727614</x>
      <y>-16.81130388858009</y>
      <orientation>-0.74842</orientation>
      <velocity>14.599999999999994</velocity>
      <steeringAngle>0.0</steeringAngle>
      <time>29</time>
    </ksState>
    <ksState>
      <x>19.180122418955484</x>
      <y>-17.81161219524727</y>
      <orientation>-0.74842</orientation>
      <velocity>14.999999999999993</velocity>
      <steeringAngle>0.0</steeringAngle>
      <time>30</time>
    </ksState>
    <ksState>
      <x>20.282933660236402</x>
      <y>-18.83573736635891</y>
      <orientation>-0.74842</orientation>
      <velocity>15.2</velocity>
      <steeringAngle>0.0</steeringAngle>
      <time>31</time>
    </ksState>
    <ksState>
      <x>21.40040020040477</x>
      <y>-19.87347217429595</y>
      <orientation>-0.74842</orientation>
      <velocity>15.399999999999999</velocity>
      <steeringAngle>0.0</steeringAngle>
      <time>32</time>
    </ksState>
    <ksState>
      <x>22.5325220394606</x>
      <y>-20.924816619058397</y>
      <orientation>-0.74842</orientation>
      <velocity>15.599999999999998</velocity>
      <steeringAngle>0.0</steeringAngle>
      <time>33</time>
    </ksState>
    <ksState>
      <x>23.679299177403877</x>
      <y>-21.989770700646247</y>
      <orientation>-0.74842</orientation>
      <velocity>15.799999999999997</velocity>
      <steeringAngle>0.0</steeringAngle>
      <time>34</time>
    </ksState>
    <ksState>
      <x>24.84073161423461</x>
      <y>-23.068334419059504</y>
      <orientation>-0.74842</orientation>
      <velocity>15.999999999999996</velocity>
      <steeringAngle>0.0</steeringAngle>
      <time>35</time>
    </ksState>
    <ksState>
      <x>26.013155525230932</x>
      <y>-24.15710536509181</y>
      <orientation>-0.74842</orientation>
      <velocity>16.0</velocity>
      <steeringAngle>0.0</steeringAngle>
      <time>36</time>
    </ksState>
    <ksState>
      <x>27.185579436227258</x>
      <y>-25.245876311124118</y>
      <orientation>-0.74842</orientation>
      <velocity>16.0</velocity>
      <steeringAngle>0.0</steeringAngle>
      <time>37</time>
    </ksState>
    <ksState>
      <x>28.35800334722358</x>
      <y>-26.334647257156423</y>
      <orientation>-0.74842</orientation>
      <velocity>16.0</velocity>
      <steeringAngle>0.0</steeringAngle>
      <time>38</time>
    </ksState>
    <ksState>
      <x>29.530427258219905</x>
      <y>-27.42341820318873</y>
      <orientation>-0.74842</orientation>
      <velocity>16.0</velocity>
      <steeringAngle>0.0</steeringAngle>
      <time>39</time>
    </ksState>
    <ksState>
      <x>30.702851169216228</x>
      <y>-28.512189149221037</y>
      <orientation>-0.74842</orientation>
      <velocity>16.0</velocity>
      <steeringAngle>0.0</steeringAngle>
      <time>40</time>
    </ksState>
    <ksState>
      <x>31.871611255490688</x>
      <y>-29.597557686046994</y>
      <orientation>-0.74842</orientation>
      <velocity>15.8</velocity>
      <steeringAngle>0.0</steeringAngle>
      <time>41</time>
    </ksState>
    <ksState>
      <x>33.0257160428777</x>
      <y>-30.669316586047543</y>
      <orientation>-0.74842</orientation>
      <velocity>15.600000000000001</velocity>
      <steeringAngle>0.0</steeringAngle>
      <time>42</time>
    </ksState>
    <ksState>
      <x>34.16516553137725</x>
      <y>-31.727465849222693</y>
      <orientation>-0.74842</orientation>
      <velocity>15.400000000000002</velocity>
      <steeringAngle>0.0</steeringAngle>
      <time>43</time>
    </ksState>
    <ksState>
      <x>35.289959720989344</x>
      <y>-32.77200547557244</y>
      <orientation>-0.74842</orientation>
      <velocity>15.200000000000003</velocity>
      <steeringAngle>0.0</steeringAngle>
      <time>44</time>
    </ksState>
    <ksState>
      <x>36.400098611713986</x>
      <y>-33.80293546509678</y>
      <orientation>-0.74842</orientation>
      <velocity>15.000000000000004</velocity>
      <steeringAngle>0.0</steeringAngle>
      <time>45</time>
    </ksState>
    <ksState>
      <x>37.502909852994904</x>
      <y>-34.82706063620842</y>
      <orientation>-0.74842</orientation>
      <velocity>15.2</velocity>
      <steeringAngle>0.0</steeringAngle>
      <time>46</time>
    </ksState>
    <ksState>
      <x>38.620376393163276</x>
      <y>-35.864795444145464</y>
      <orientation>-0.74842</orientation>
      <velocity>15.399999999999999</velocity>
      <steeringAngle>0.0</steeringAngle>
      <time>47</time>
    </ksState>
    <ksState>
      <x>39.7524982322191</x>
      <y>-36.91613988890791</y>
      <orientation>-0.74842</orientation>
      <velocity>15.599999999999998</velocity>
      <steeringAngle>0.0</steeringAngle>
      <time>48</time>
    </ksState>
    <ksState>
      <x>40.89927537016238</x>
      <y>-37.981093970495756</y>
      <orientation>-0.74842</orientation>
      <velocity>15.799999999999997</velocity>
      <steeringAngle>0.0</steeringAngle>
      <time>49</time>
    </ksState>
    <ksState>
      <x>42.06070780699311</x>
      <y>-39.05965768890901</y>
      <orientation>-0.74842</orientation>
      <velocity>15.999999999999996</velocity>
      <steeringAngle>0.0</steeringAngle>
      <time>50</time>
    </ksState>
    <ksState>
      <x>43.23313171798943</x>
      <y>-40.14842863494132</y>
      <orientation>-0.74842</orientation>
      <velocity>16.0</velocity>
      <steeringAngle>0.0</steeringAngle>
      <time>51</time>
    </ksState>
    <ksState>
      <x>44.40555562898575</x>
      <y>-41.23719958097362</y>
      <orientation>-0.74842</orientation>
      <velocity>16.0</velocity>
      <steeringAngle>0.0</steeringAngle>
      <time>52</time>
    </ksState>
    <ksState>
      <x>45.57797953998208</x>
      <y>-42.325970527005936</y>
      <orientation>-0.74842</orientation>
      <velocity>16.0</velocity>
      <steeringAngle>0.0</steeringAngle>
      <time>53</time>
    </ksState>
    <ksState>
      <x>46.7504034509784</x>
      <y>-43.41474147303824</y>
      <orientation>-0.74842</orientation>
      <velocity>16.0</velocity>
      <steeringAngle>0.0</steeringAngle>
      <time>54</time>
    </ksState>
    <ksState>
      <x>47.922827361974726</x>
      <y>-44.503512419070546</y>
      <orientation>-0.74842</orientation>
      <velocity>16.0</velocity>
      <steeringAngle>0.0</steeringAngle>
      <time>55</time>
    </ksState>
    <ksState>
      <x>49.10257892241478</x>
      <y>-45.599088183515555</y>
      <orientation>-0.74842</orientation>
      <velocity>16.4</velocity>
      <steeringAngle>0.0</steeringAngle>
      <time>56</time>
    </ksState>
    <ksState>
      <x>50.311641080629734</x>
      <y>-46.72188322161137</y>
      <orientation>-0.74842</orientation>
      <velocity>16.799999999999997</velocity>
      <steeringAngle>0.0</steeringAngle>
      <time>57</time>
    </ksState>
    <ksState>
      <x>51.5500138366196</x>
      <y>-47.871897533357995</y>
      <orientation>-0.74842</orientation>
      <velocity>17.199999999999996</velocity>
      <steeringAngle>0.0</steeringAngle>
      <time>58</time>
    </ksState>
    <ksState>
      <x>52.81769719038438</x>
      <y>-49.049131118755426</y>
      <orientation>-0.74842</orientation>
      <velocity>17.599999999999994</velocity>
      <steeringAngle>0.0</steeringAngle>
      <time>59</time>
    </ksState>
    <ksState>
      <x>54.11469114192406</x>
      <y>-50.253583977803665</y>
      <orientation>-0.74842</orientation>
      <velocity>17.999999999999993</velocity>
      <steeringAngle>0.0</steeringAngle>
      <time>60</time>
    </ksState>
    <ksState>
      <x>55.4263403923512</x>
      <y>-51.47164647367731</y>
      <orientation>-0.74842</orientation>
      <velocity>17.6</velocity>
      <steeringAngle>0.0</steeringAngle>
      <time>61</time>
    </ksState>
    <ksState>
      <x>56.70867904500343</x>
      <y>-52.66248969590014</y>
      <orientation>-0.74842</orientation>
      <velocity>17.200000000000003</velocity>
      <steeringAngle>0.0</steeringAngle>
      <time>62</time>
    </ksState>
    <ksState>
      <x>57.96170709988075</x>
      <y>-53.82611364447217</y>
      <orientation>-0.74842</orientation>
      <velocity>16.800000000000004</velocity>
      <steeringAngle>0.0</steeringAngle>
      <time>63</time>
    </ksState>
    <ksState>
      <x>59.185424556983165</x>
      <y>-54.962518319393396</y>
      <orientation>-0.74842</orientation>
      <velocity>16.400000000000006</velocity>
      <steeringAngle>0.0</steeringAngle>
      <time>64</time>
    </ksState>
    <ksState>
      <x>60.379831416310665</x>
      <y>-56.071703720663805</y>
      <orientation>-0.74842</orientation>
      <velocity>16.000000000000007</velocity>
      <steeringAngle>0.0</steeringAngle>
      <time>65</time>
    </ksState>
    <ksState>
      <x>61.55591915202885</x>
      <y>-57.16387707590246</y>
      <orientation>-0.74842</orientation>
      <velocity>16.200000000000003</velocity>
      <steeringAngle>0.0</steeringAngle>
      <time>66</time>
    </ksState>
    <ksState>
      <x>62.746662186634495</x>
      <y>-58.26966006796653</y>
      <orientation>-0.74842</orientation>
      <velocity>16.400000000000006</velocity>
      <steeringAngle>0.0</steeringAngle>
      <time>67</time>
    </ksState>
    <ksState>
      <x>63.95206052012759</x>
      <y>-59.38905269685599</y>
      <orientation>-0.74842</orientation>
      <velocity>16.60000000000001</velocity>
      <steeringAngle>0.0</steeringAngle>
      <time>68</time>
    </ksState>
    <ksState>
      <x>65.17211415250814</x>
      <y>-60.52205496257086</y>
      <orientation>-0.74842</orientation>
      <velocity>16.80000000000001</velocity>
      <steeringAngle>0.0</steeringAngle>
      <time>69</time>
    </ksState>
    <ksState>
      <x>66.40682308377615</x>
      <y>-61.668666865111135</y>
      <orientation>-0.74842</orientation>
      <velocity>17.000000000000014</velocity>
      <steeringAngle>0.0</steeringAngle>
      <time>70</time>
    </ksState>
    <ksState>
      <x>67.65252348920974</x>
      <y>-62.82548599527046</y>
      <orientation>-0.74842</orientation>
      <velocity>17.0</velocity>
      <steeringAngle>0.0</steeringAngle>
      <time>71</time>
    </ksState>
    <ksState>
      <x>68.89822389464334</x>
      <y>-63.98230512542979</y>
      <orientation>-0.74842</orientation>
      <velocity>17.0</velocity>
      <steeringAngle>0.0</steeringAngle>
      <time>72</time>
    </ksState>
    <ksState>
      <x>70.14392430007693</x>
      <y>-65.13912425558911</y>
      <orientation>-0.74842</orientation>
      <velocity>17.0</velocity>
      <steeringAngle>0.0</steeringAngle>
      <time>73</time>
    </ksState>
    <ksState>
      <x>71.38962470551053</x>
      <y>-66.29594338574844</y>
      <orientation>-0.74842</orientation>
      <velocity>17.0</velocity>
      <steeringAngle>0.0</steeringAngle>
      <time>74</time>
    </ksState>
    <ksState>
      <x>72.63532511094411</x>
      <y>-67.45276251590776</y>
      <orientation>-0.74842</orientation>
      <velocity>17.0</velocity>
      <steeringAngle>0.0</steeringAngle>
      <time>75</time>
    </ksState>
    <ksState>
      <x>73.87003404221211</x>
      <y>-68.59937441844804</y>
      <orientation>-0.74842</orientation>
      <velocity>16.4</velocity>
      <steeringAngle>0.0</steeringAngle>
      <time>76</time>
    </ksState>
    <ksState>
      <x>75.06077707681776</x>
      <y>-69.7051574105121</y>
      <orientation>-0.74842</orientation>
      <velocity>15.799999999999997</velocity>
      <steeringAngle>0.0</steeringAngle>
      <time>77</time>
    </ksState>
    <ksState>
      <x>76.20755421476103</x>
      <y>-70.77011149209994</y>
      <orientation>-0.74842</orientation>
      <velocity>15.199999999999996</velocity>
      <steeringAngle>0.0</steeringAngle>
      <time>78</time>
    </ksState>
    <ksState>
      <x>77.31036545604195</x>
      <y>-71.79423666321159</y>
      <orientation>-0.74842</orientation>
      <velocity>14.599999999999994</velocity>
      <steeringAngle>0.0</steeringAngle>
      <time>79</time>
    </ksState>
    <ksState>
      <x>78.36921080066051</x>
      <y>-72.77753292384702</y>
      <orientation>-0.74842</orientation>
      <velocity>13.999999999999993</velocity>
      <steeringAngle>0.0</steeringAngle>
      <time>80</time>
    </ksState>
  </ksTrajectory>
</CommonRoadSolution>
