<?xml version="1.0" ?>
<CommonRoadSolution benchmark_id="KS2:SM1:RUS_Bicycle-7_1_T-1:2018b" date="2019-11-18">
  <ksTrajectory planningProblem="10">
    <ksState>
      <x>2.5</x>
      <y>20.0</y>
      <orientation>0.0</orientation>
      <velocity>10.0</velocity>
      <steeringAngle>0.0</steeringAngle>
      <time>0</time>
    </ksState>
    <ksState>
      <x>3.5</x>
      <y>20.0</y>
      <orientation>0.0</orientation>
      <velocity>10.0</velocity>
      <steeringAngle>0.0</steeringAngle>
      <time>1</time>
    </ksState>
    <ksState>
      <x>4.5</x>
      <y>20.0</y>
      <orientation>0.0</orientation>
      <velocity>10.0</velocity>
      <steeringAngle>0.0</steeringAngle>
      <time>2</time>
    </ksState>
    <ksState>
      <x>5.5</x>
      <y>20.0</y>
      <orientation>0.0</orientation>
      <velocity>10.0</velocity>
      <steeringAngle>0.0</steeringAngle>
      <time>3</time>
    </ksState>
    <ksState>
      <x>6.5</x>
      <y>20.0</y>
      <orientation>0.0</orientation>
      <velocity>10.0</velocity>
      <steeringAngle>0.0</steeringAngle>
      <time>4</time>
    </ksState>
    <ksState>
      <x>7.5</x>
      <y>20.0</y>
      <orientation>0.0</orientation>
      <velocity>10.0</velocity>
      <steeringAngle>0.0</steeringAngle>
      <time>5</time>
    </ksState>
    <ksState>
      <x>8.495000000000001</x>
      <y>20.0</y>
      <orientation>0.0</orientation>
      <velocity>9.8</velocity>
      <steeringAngle>0.0</steeringAngle>
      <time>6</time>
    </ksState>
    <ksState>
      <x>9.47</x>
      <y>20.0</y>
      <orientation>0.0</orientation>
      <velocity>9.600000000000001</velocity>
      <steeringAngle>0.0</steeringAngle>
      <time>7</time>
    </ksState>
    <ksState>
      <x>10.425</x>
      <y>20.0</y>
      <orientation>0.0</orientation>
      <velocity>9.400000000000002</velocity>
      <steeringAngle>0.0</steeringAngle>
      <time>8</time>
    </ksState>
    <ksState>
      <x>11.360000000000001</x>
      <y>20.0</y>
      <orientation>0.0</orientation>
      <velocity>9.200000000000003</velocity>
      <steeringAngle>0.0</steeringAngle>
      <time>9</time>
    </ksState>
    <ksState>
      <x>12.275000000000002</x>
      <y>20.0</y>
      <orientation>0.0</orientation>
      <velocity>9.000000000000004</velocity>
      <steeringAngle>0.0</steeringAngle>
      <time>10</time>
    </ksState>
    <ksState>
      <x>13.160000000000002</x>
      <y>20.0</y>
      <orientation>0.0022477371410264723</orientation>
      <velocity>8.399999999999999</velocity>
      <steeringAngle>0.026650000000000004</steeringAngle>
      <time>11</time>
    </ksState>
    <ksState>
      <x>13.98499014761389</x>
      <y>20.003612560713115</y>
      <orientation>0.012870102860094844</orientation>
      <velocity>7.799999999999998</velocity>
      <steeringAngle>0.05330000000000001</steeringAngle>
      <time>12</time>
    </ksState>
    <ksState>
      <x>14.749875650455554</x>
      <y>20.016482982728398</y>
      <orientation>0.030640426584665405</orientation>
      <velocity>7.199999999999998</velocity>
      <steeringAngle>0.07995000000000001</steeringAngle>
      <time>13</time>
    </ksState>
    <ksState>
      <x>15.454404960815538</x>
      <y>20.04193715422588</y>
      <orientation>0.05433917555197835</orientation>
      <velocity>6.599999999999999</velocity>
      <steeringAngle>0.10660000000000001</steeringAngle>
      <time>14</time>
    </ksState>
    <ksState>
      <x>16.098189199277105</x>
      <y>20.081273721049925</y>
      <orientation>0.08275052025601189</orientation>
      <velocity>5.999999999999999</velocity>
      <steeringAngle>0.13325</steeringAngle>
      <time>15</time>
    </ksState>
    <ksState>
      <x>16.690737245411125</x>
      <y>20.135035185909203</y>
      <orientation>0.11212791656286089</orientation>
      <velocity>5.800000000000001</velocity>
      <steeringAngle>0.1066</steeringAngle>
      <time>16</time>
    </ksState>
    <ksState>
      <x>17.26172217354052</x>
      <y>20.202779153704697</y>
      <orientation>0.13449872741166974</orientation>
      <velocity>5.600000000000001</velocity>
      <steeringAngle>0.07995</steeringAngle>
      <time>17</time>
    </ksState>
    <ksState>
      <x>17.811378700389568</x>
      <y>20.279570271765458</y>
      <orientation>0.15031269840441752</orientation>
      <velocity>5.400000000000002</velocity>
      <steeringAngle>0.053299999999999986</steeringAngle>
      <time>18</time>
    </ksState>
    <ksState>
      <x>18.340120463622227</x>
      <y>20.361147937686372</y>
      <orientation>0.16000812688197774</orientation>
      <velocity>5.200000000000003</velocity>
      <steeringAngle>0.02664999999999998</steeringAngle>
      <time>19</time>
    </ksState>
    <ksState>
      <x>18.84843175349228</x>
      <y>20.44387733847416</y>
      <orientation>0.1640131932656123</orientation>
      <velocity>5.0000000000000036</velocity>
      <steeringAngle>-2.42861286636753e-17</steeringAngle>
      <time>20</time>
    </ksState>
  </ksTrajectory>
</CommonRoadSolution>
