<?xml version="1.0" ?>
<CommonRoadSolution benchmark_id="KS2:SM1:CHN_Sha-6_2_T-1:2018b" date="2019-11-18">
  <ksTrajectory planningProblem="0">
    <ksState>
      <x>-15.1635</x>
      <y>59.3627</y>
      <orientation>-0.5092</orientation>
      <velocity>10.0</velocity>
      <steeringAngle>0.0</steeringAngle>
      <time>0</time>
    </ksState>
    <ksState>
      <x>-14.277268208324777</x>
      <y>58.86790892143842</y>
      <orientation>-0.5092</orientation>
      <velocity>10.600000000000001</velocity>
      <steeringAngle>0.0</steeringAngle>
      <time>1</time>
    </ksState>
    <ksState>
      <x>-13.338648330442153</x>
      <y>58.34386910916878</y>
      <orientation>-0.5092</orientation>
      <velocity>11.200000000000003</velocity>
      <steeringAngle>0.0</steeringAngle>
      <time>2</time>
    </ksState>
    <ksState>
      <x>-12.347640366352124</x>
      <y>57.79058056319106</y>
      <orientation>-0.5092</orientation>
      <velocity>11.800000000000004</velocity>
      <steeringAngle>0.0</steeringAngle>
      <time>3</time>
    </ksState>
    <ksState>
      <x>-11.304244316054694</x>
      <y>57.20804328350526</y>
      <orientation>-0.5092</orientation>
      <velocity>12.400000000000006</velocity>
      <steeringAngle>0.0</steeringAngle>
      <time>4</time>
    </ksState>
    <ksState>
      <x>-10.20846017954986</x>
      <y>56.5962572701114</y>
      <orientation>-0.5092</orientation>
      <velocity>13.000000000000007</velocity>
      <steeringAngle>0.0</steeringAngle>
      <time>5</time>
    </ksState>
    <ksState>
      <x>-9.077750652240093</x>
      <y>55.964972100912156</y>
      <orientation>-0.5092</orientation>
      <velocity>12.8</velocity>
      <steeringAngle>0.0</steeringAngle>
      <time>6</time>
    </ksState>
    <ksState>
      <x>-7.9645038203327925</x>
      <y>55.3434365096156</y>
      <orientation>-0.5092</orientation>
      <velocity>12.600000000000001</velocity>
      <steeringAngle>0.0</steeringAngle>
      <time>7</time>
    </ksState>
    <ksState>
      <x>-6.868719683827961</x>
      <y>54.73165049622173</y>
      <orientation>-0.5092</orientation>
      <velocity>12.400000000000002</velocity>
      <steeringAngle>0.0</steeringAngle>
      <time>8</time>
    </ksState>
    <ksState>
      <x>-5.790398242725596</x>
      <y>54.12961406073055</y>
      <orientation>-0.5092</orientation>
      <velocity>12.200000000000003</velocity>
      <steeringAngle>0.0</steeringAngle>
      <time>9</time>
    </ksState>
    <ksState>
      <x>-4.729539497025698</x>
      <y>53.53732720314207</y>
      <orientation>-0.5092</orientation>
      <velocity>12.000000000000004</velocity>
      <steeringAngle>0.0</steeringAngle>
      <time>10</time>
    </ksState>
    <ksState>
      <x>-3.6992404682801183</x>
      <y>52.96210210688329</y>
      <orientation>-0.5092</orientation>
      <velocity>11.2</velocity>
      <steeringAngle>0.0</steeringAngle>
      <time>11</time>
    </ksState>
    <ksState>
      <x>-2.7387922211444087</x>
      <y>52.425875322235285</y>
      <orientation>-0.5092</orientation>
      <velocity>10.399999999999999</velocity>
      <steeringAngle>0.0</steeringAngle>
      <time>12</time>
    </ksState>
    <ksState>
      <x>-1.8481947556185694</x>
      <y>51.92864684919804</y>
      <orientation>-0.5092</orientation>
      <velocity>9.599999999999998</velocity>
      <steeringAngle>0.0</steeringAngle>
      <time>13</time>
    </ksState>
    <ksState>
      <x>-1.027448071702599</x>
      <y>51.47041668777156</y>
      <orientation>-0.5092</orientation>
      <velocity>8.799999999999997</velocity>
      <steeringAngle>0.0</steeringAngle>
      <time>14</time>
    </ksState>
    <ksState>
      <x>-0.27655216939650007</x>
      <y>51.051184837955844</y>
      <orientation>-0.5092</orientation>
      <velocity>7.9999999999999964</velocity>
      <steeringAngle>0.0</steeringAngle>
      <time>15</time>
    </ksState>
    <ksState>
      <x>0.40012727744911347</x>
      <y>50.67338869422657</y>
      <orientation>-0.5092</orientation>
      <velocity>7.0</velocity>
      <steeringAngle>0.0</steeringAngle>
      <time>16</time>
    </ksState>
    <ksState>
      <x>0.9894932472823896</x>
      <y>50.34434044001074</y>
      <orientation>-0.5092</orientation>
      <velocity>6.0</velocity>
      <steeringAngle>0.0</steeringAngle>
      <time>17</time>
    </ksState>
    <ksState>
      <x>1.4915457401033287</x>
      <y>50.06404007530837</y>
      <orientation>-0.5092</orientation>
      <velocity>5.0</velocity>
      <steeringAngle>0.0</steeringAngle>
      <time>18</time>
    </ksState>
    <ksState>
      <x>1.9062847559119307</x>
      <y>49.83248760011946</y>
      <orientation>-0.5092</orientation>
      <velocity>4.0</velocity>
      <steeringAngle>0.0</steeringAngle>
      <time>19</time>
    </ksState>
    <ksState>
      <x>2.233710294708195</x>
      <y>49.649683014444</y>
      <orientation>-0.5092</orientation>
      <velocity>3.0</velocity>
      <steeringAngle>0.0</steeringAngle>
      <time>20</time>
    </ksState>
    <ksState>
      <x>2.4825537041933563</x>
      <y>49.510751529330655</y>
      <orientation>-0.5092</orientation>
      <velocity>2.4000000000000004</velocity>
      <steeringAngle>0.0</steeringAngle>
      <time>21</time>
    </ksState>
    <ksState>
      <x>2.679009027471115</x>
      <y>49.40106877792538</y>
      <orientation>-0.5092</orientation>
      <velocity>1.8000000000000005</velocity>
      <steeringAngle>0.0</steeringAngle>
      <time>22</time>
    </ksState>
    <ksState>
      <x>2.8230762645414713</x>
      <y>49.320634760228174</y>
      <orientation>-0.5092</orientation>
      <velocity>1.2000000000000004</velocity>
      <steeringAngle>0.0</steeringAngle>
      <time>23</time>
    </ksState>
    <ksState>
      <x>2.9147554154044255</x>
      <y>49.269449476239046</y>
      <orientation>-0.5092</orientation>
      <velocity>0.6000000000000003</velocity>
      <steeringAngle>0.0</steeringAngle>
      <time>24</time>
    </ksState>
    <ksState>
      <x>2.9540464800599775</x>
      <y>49.24751292595799</y>
      <orientation>-0.5092</orientation>
      <velocity>2.220446049250313e-16</velocity>
      <steeringAngle>0.0</steeringAngle>
      <time>25</time>
    </ksState>
    <ksState>
      <x>2.9540464800599775</x>
      <y>49.24751292595799</y>
      <orientation>-0.5092</orientation>
      <velocity>0.0</velocity>
      <steeringAngle>0.0</steeringAngle>
      <time>26</time>
    </ksState>
    <ksState>
      <x>2.9540464800599775</x>
      <y>49.24751292595799</y>
      <orientation>-0.5092</orientation>
      <velocity>0.0</velocity>
      <steeringAngle>0.0</steeringAngle>
      <time>27</time>
    </ksState>
    <ksState>
      <x>2.9540464800599775</x>
      <y>49.24751292595799</y>
      <orientation>-0.5092</orientation>
      <velocity>0.0</velocity>
      <steeringAngle>0.0</steeringAngle>
      <time>28</time>
    </ksState>
    <ksState>
      <x>2.9540464800599775</x>
      <y>49.24751292595799</y>
      <orientation>-0.5092</orientation>
      <velocity>0.0</velocity>
      <steeringAngle>0.0</steeringAngle>
      <time>29</time>
    </ksState>
    <ksState>
      <x>2.9540464800599775</x>
      <y>49.24751292595799</y>
      <orientation>-0.5092</orientation>
      <velocity>0.0</velocity>
      <steeringAngle>0.0</steeringAngle>
      <time>30</time>
    </ksState>
    <ksState>
      <x>2.9540464800599775</x>
      <y>49.24751292595799</y>
      <orientation>-0.5092</orientation>
      <velocity>0.0</velocity>
      <steeringAngle>0.0</steeringAngle>
      <time>31</time>
    </ksState>
    <ksState>
      <x>2.9540464800599775</x>
      <y>49.24751292595799</y>
      <orientation>-0.5092</orientation>
      <velocity>0.0</velocity>
      <steeringAngle>0.0</steeringAngle>
      <time>32</time>
    </ksState>
    <ksState>
      <x>2.9540464800599775</x>
      <y>49.24751292595799</y>
      <orientation>-0.5092</orientation>
      <velocity>0.0</velocity>
      <steeringAngle>0.0</steeringAngle>
      <time>33</time>
    </ksState>
    <ksState>
      <x>2.9540464800599775</x>
      <y>49.24751292595799</y>
      <orientation>-0.5092</orientation>
      <velocity>0.0</velocity>
      <steeringAngle>0.0</steeringAngle>
      <time>34</time>
    </ksState>
    <ksState>
      <x>2.9540464800599775</x>
      <y>49.24751292595799</y>
      <orientation>-0.5092</orientation>
      <velocity>0.0</velocity>
      <steeringAngle>0.0</steeringAngle>
      <time>35</time>
    </ksState>
    <ksState>
      <x>2.9540464800599775</x>
      <y>49.24751292595799</y>
      <orientation>-0.5092</orientation>
      <velocity>0.0</velocity>
      <steeringAngle>0.0</steeringAngle>
      <time>36</time>
    </ksState>
    <ksState>
      <x>2.9540464800599775</x>
      <y>49.24751292595799</y>
      <orientation>-0.5092</orientation>
      <velocity>0.0</velocity>
      <steeringAngle>0.0</steeringAngle>
      <time>37</time>
    </ksState>
    <ksState>
      <x>2.9540464800599775</x>
      <y>49.24751292595799</y>
      <orientation>-0.5092</orientation>
      <velocity>0.0</velocity>
      <steeringAngle>0.0</steeringAngle>
      <time>38</time>
    </ksState>
    <ksState>
      <x>2.9540464800599775</x>
      <y>49.24751292595799</y>
      <orientation>-0.5092</orientation>
      <velocity>0.0</velocity>
      <steeringAngle>0.0</steeringAngle>
      <time>39</time>
    </ksState>
    <ksState>
      <x>2.9540464800599775</x>
      <y>49.24751292595799</y>
      <orientation>-0.5092</orientation>
      <velocity>0.0</velocity>
      <steeringAngle>0.0</steeringAngle>
      <time>40</time>
    </ksState>
    <ksState>
      <x>2.9540464800599775</x>
      <y>49.24751292595799</y>
      <orientation>-0.5092</orientation>
      <velocity>0.0</velocity>
      <steeringAngle>0.0</steeringAngle>
      <time>41</time>
    </ksState>
    <ksState>
      <x>2.9540464800599775</x>
      <y>49.24751292595799</y>
      <orientation>-0.5092</orientation>
      <velocity>0.0</velocity>
      <steeringAngle>0.0</steeringAngle>
      <time>42</time>
    </ksState>
    <ksState>
      <x>2.9540464800599775</x>
      <y>49.24751292595799</y>
      <orientation>-0.5092</orientation>
      <velocity>0.0</velocity>
      <steeringAngle>0.0</steeringAngle>
      <time>43</time>
    </ksState>
    <ksState>
      <x>2.9540464800599775</x>
      <y>49.24751292595799</y>
      <orientation>-0.5092</orientation>
      <velocity>0.0</velocity>
      <steeringAngle>0.0</steeringAngle>
      <time>44</time>
    </ksState>
    <ksState>
      <x>2.9540464800599775</x>
      <y>49.24751292595799</y>
      <orientation>-0.5092</orientation>
      <velocity>0.0</velocity>
      <steeringAngle>0.0</steeringAngle>
      <time>45</time>
    </ksState>
    <ksState>
      <x>2.9540464800599775</x>
      <y>49.24751292595799</y>
      <orientation>-0.5092</orientation>
      <velocity>0.0</velocity>
      <steeringAngle>0.0</steeringAngle>
      <time>46</time>
    </ksState>
    <ksState>
      <x>2.9540464800599775</x>
      <y>49.24751292595799</y>
      <orientation>-0.5092</orientation>
      <velocity>0.0</velocity>
      <steeringAngle>0.0</steeringAngle>
      <time>47</time>
    </ksState>
    <ksState>
      <x>2.9540464800599775</x>
      <y>49.24751292595799</y>
      <orientation>-0.5092</orientation>
      <velocity>0.0</velocity>
      <steeringAngle>0.0</steeringAngle>
      <time>48</time>
    </ksState>
    <ksState>
      <x>2.9540464800599775</x>
      <y>49.24751292595799</y>
      <orientation>-0.5092</orientation>
      <velocity>0.0</velocity>
      <steeringAngle>0.0</steeringAngle>
      <time>49</time>
    </ksState>
    <ksState>
      <x>2.9540464800599775</x>
      <y>49.24751292595799</y>
      <orientation>-0.5092</orientation>
      <velocity>0.0</velocity>
      <steeringAngle>0.0</steeringAngle>
      <time>50</time>
    </ksState>
    <ksState>
      <x>2.9540464800599775</x>
      <y>49.24751292595799</y>
      <orientation>-0.5092</orientation>
      <velocity>0.0</velocity>
      <steeringAngle>0.0</steeringAngle>
      <time>51</time>
    </ksState>
    <ksState>
      <x>2.9540464800599775</x>
      <y>49.24751292595799</y>
      <orientation>-0.5092</orientation>
      <velocity>0.0</velocity>
      <steeringAngle>0.0</steeringAngle>
      <time>52</time>
    </ksState>
    <ksState>
      <x>2.9540464800599775</x>
      <y>49.24751292595799</y>
      <orientation>-0.5092</orientation>
      <velocity>0.0</velocity>
      <steeringAngle>0.0</steeringAngle>
      <time>53</time>
    </ksState>
    <ksState>
      <x>2.9540464800599775</x>
      <y>49.24751292595799</y>
      <orientation>-0.5092</orientation>
      <velocity>0.0</velocity>
      <steeringAngle>0.0</steeringAngle>
      <time>54</time>
    </ksState>
    <ksState>
      <x>2.9540464800599775</x>
      <y>49.24751292595799</y>
      <orientation>-0.5092</orientation>
      <velocity>0.0</velocity>
      <steeringAngle>0.0</steeringAngle>
      <time>55</time>
    </ksState>
    <ksState>
      <x>2.9540464800599775</x>
      <y>49.24751292595799</y>
      <orientation>-0.5092</orientation>
      <velocity>0.0</velocity>
      <steeringAngle>0.0</steeringAngle>
      <time>56</time>
    </ksState>
    <ksState>
      <x>2.9540464800599775</x>
      <y>49.24751292595799</y>
      <orientation>-0.5092</orientation>
      <velocity>0.0</velocity>
      <steeringAngle>0.0</steeringAngle>
      <time>57</time>
    </ksState>
    <ksState>
      <x>2.9540464800599775</x>
      <y>49.24751292595799</y>
      <orientation>-0.5092</orientation>
      <velocity>0.0</velocity>
      <steeringAngle>0.0</steeringAngle>
      <time>58</time>
    </ksState>
    <ksState>
      <x>2.9540464800599775</x>
      <y>49.24751292595799</y>
      <orientation>-0.5092</orientation>
      <velocity>0.0</velocity>
      <steeringAngle>0.0</steeringAngle>
      <time>59</time>
    </ksState>
    <ksState>
      <x>2.9540464800599775</x>
      <y>49.24751292595799</y>
      <orientation>-0.5092</orientation>
      <velocity>0.0</velocity>
      <steeringAngle>0.0</steeringAngle>
      <time>60</time>
    </ksState>
    <ksState>
      <x>2.9540464800599775</x>
      <y>49.24751292595799</y>
      <orientation>-0.5092</orientation>
      <velocity>0.0</velocity>
      <steeringAngle>0.0</steeringAngle>
      <time>61</time>
    </ksState>
    <ksState>
      <x>2.9540464800599775</x>
      <y>49.24751292595799</y>
      <orientation>-0.5092</orientation>
      <velocity>0.0</velocity>
      <steeringAngle>0.0</steeringAngle>
      <time>62</time>
    </ksState>
    <ksState>
      <x>2.9540464800599775</x>
      <y>49.24751292595799</y>
      <orientation>-0.5092</orientation>
      <velocity>0.0</velocity>
      <steeringAngle>0.0</steeringAngle>
      <time>63</time>
    </ksState>
    <ksState>
      <x>2.9540464800599775</x>
      <y>49.24751292595799</y>
      <orientation>-0.5092</orientation>
      <velocity>0.0</velocity>
      <steeringAngle>0.0</steeringAngle>
      <time>64</time>
    </ksState>
    <ksState>
      <x>2.9540464800599775</x>
      <y>49.24751292595799</y>
      <orientation>-0.5092</orientation>
      <velocity>0.0</velocity>
      <steeringAngle>0.0</steeringAngle>
      <time>65</time>
    </ksState>
    <ksState>
      <x>2.9540464800599775</x>
      <y>49.24751292595799</y>
      <orientation>-0.5092</orientation>
      <velocity>0.0</velocity>
      <steeringAngle>0.0</steeringAngle>
      <time>66</time>
    </ksState>
    <ksState>
      <x>2.9540464800599775</x>
      <y>49.24751292595799</y>
      <orientation>-0.5092</orientation>
      <velocity>0.0</velocity>
      <steeringAngle>0.0</steeringAngle>
      <time>67</time>
    </ksState>
    <ksState>
      <x>2.9540464800599775</x>
      <y>49.24751292595799</y>
      <orientation>-0.5092</orientation>
      <velocity>0.0</velocity>
      <steeringAngle>0.0</steeringAngle>
      <time>68</time>
    </ksState>
    <ksState>
      <x>2.9540464800599775</x>
      <y>49.24751292595799</y>
      <orientation>-0.5092</orientation>
      <velocity>0.0</velocity>
      <steeringAngle>0.0</steeringAngle>
      <time>69</time>
    </ksState>
    <ksState>
      <x>2.9540464800599775</x>
      <y>49.24751292595799</y>
      <orientation>-0.5092</orientation>
      <velocity>0.0</velocity>
      <steeringAngle>0.0</steeringAngle>
      <time>70</time>
    </ksState>
    <ksState>
      <x>2.9540464800599775</x>
      <y>49.24751292595799</y>
      <orientation>-0.5092</orientation>
      <velocity>0.0</velocity>
      <steeringAngle>0.0</steeringAngle>
      <time>71</time>
    </ksState>
    <ksState>
      <x>2.9540464800599775</x>
      <y>49.24751292595799</y>
      <orientation>-0.5092</orientation>
      <velocity>0.0</velocity>
      <steeringAngle>0.0</steeringAngle>
      <time>72</time>
    </ksState>
    <ksState>
      <x>2.9540464800599775</x>
      <y>49.24751292595799</y>
      <orientation>-0.5092</orientation>
      <velocity>0.0</velocity>
      <steeringAngle>0.0</steeringAngle>
      <time>73</time>
    </ksState>
    <ksState>
      <x>2.9540464800599775</x>
      <y>49.24751292595799</y>
      <orientation>-0.5092</orientation>
      <velocity>0.0</velocity>
      <steeringAngle>0.0</steeringAngle>
      <time>74</time>
    </ksState>
    <ksState>
      <x>2.9540464800599775</x>
      <y>49.24751292595799</y>
      <orientation>-0.5092</orientation>
      <velocity>0.0</velocity>
      <steeringAngle>0.0</steeringAngle>
      <time>75</time>
    </ksState>
    <ksState>
      <x>2.9540464800599775</x>
      <y>49.24751292595799</y>
      <orientation>-0.5092</orientation>
      <velocity>0.0</velocity>
      <steeringAngle>0.0</steeringAngle>
      <time>76</time>
    </ksState>
    <ksState>
      <x>2.9540464800599775</x>
      <y>49.24751292595799</y>
      <orientation>-0.5092</orientation>
      <velocity>0.0</velocity>
      <steeringAngle>0.0</steeringAngle>
      <time>77</time>
    </ksState>
    <ksState>
      <x>2.9540464800599775</x>
      <y>49.24751292595799</y>
      <orientation>-0.5092</orientation>
      <velocity>0.0</velocity>
      <steeringAngle>0.0</steeringAngle>
      <time>78</time>
    </ksState>
    <ksState>
      <x>2.9540464800599775</x>
      <y>49.24751292595799</y>
      <orientation>-0.5092</orientation>
      <velocity>0.0</velocity>
      <steeringAngle>0.0</steeringAngle>
      <time>79</time>
    </ksState>
    <ksState>
      <x>2.9540464800599775</x>
      <y>49.24751292595799</y>
      <orientation>-0.5092</orientation>
      <velocity>0.0</velocity>
      <steeringAngle>0.0</steeringAngle>
      <time>80</time>
    </ksState>
    <ksState>
      <x>2.9540464800599775</x>
      <y>49.24751292595799</y>
      <orientation>-0.5092</orientation>
      <velocity>0.0</velocity>
      <steeringAngle>0.0</steeringAngle>
      <time>81</time>
    </ksState>
    <ksState>
      <x>2.9540464800599775</x>
      <y>49.24751292595799</y>
      <orientation>-0.5092</orientation>
      <velocity>0.0</velocity>
      <steeringAngle>0.0</steeringAngle>
      <time>82</time>
    </ksState>
    <ksState>
      <x>2.9540464800599775</x>
      <y>49.24751292595799</y>
      <orientation>-0.5092</orientation>
      <velocity>0.0</velocity>
      <steeringAngle>0.0</steeringAngle>
      <time>83</time>
    </ksState>
    <ksState>
      <x>2.9540464800599775</x>
      <y>49.24751292595799</y>
      <orientation>-0.5092</orientation>
      <velocity>0.0</velocity>
      <steeringAngle>0.0</steeringAngle>
      <time>84</time>
    </ksState>
    <ksState>
      <x>2.9540464800599775</x>
      <y>49.24751292595799</y>
      <orientation>-0.5092</orientation>
      <velocity>0.0</velocity>
      <steeringAngle>0.0</steeringAngle>
      <time>85</time>
    </ksState>
    <ksState>
      <x>2.9540464800599775</x>
      <y>49.24751292595799</y>
      <orientation>-0.5092</orientation>
      <velocity>0.0</velocity>
      <steeringAngle>0.0</steeringAngle>
      <time>86</time>
    </ksState>
    <ksState>
      <x>2.9540464800599775</x>
      <y>49.24751292595799</y>
      <orientation>-0.5092</orientation>
      <velocity>0.0</velocity>
      <steeringAngle>0.0</steeringAngle>
      <time>87</time>
    </ksState>
    <ksState>
      <x>2.9540464800599775</x>
      <y>49.24751292595799</y>
      <orientation>-0.5092</orientation>
      <velocity>0.0</velocity>
      <steeringAngle>0.0</steeringAngle>
      <time>88</time>
    </ksState>
    <ksState>
      <x>2.9540464800599775</x>
      <y>49.24751292595799</y>
      <orientation>-0.5092</orientation>
      <velocity>0.0</velocity>
      <steeringAngle>0.0</steeringAngle>
      <time>89</time>
    </ksState>
    <ksState>
      <x>2.9540464800599775</x>
      <y>49.24751292595799</y>
      <orientation>-0.5092</orientation>
      <velocity>0.0</velocity>
      <steeringAngle>0.0</steeringAngle>
      <time>90</time>
    </ksState>
    <ksState>
      <x>2.9540464800599775</x>
      <y>49.24751292595799</y>
      <orientation>-0.5092</orientation>
      <velocity>0.0</velocity>
      <steeringAngle>0.0</steeringAngle>
      <time>91</time>
    </ksState>
    <ksState>
      <x>2.9540464800599775</x>
      <y>49.24751292595799</y>
      <orientation>-0.5092</orientation>
      <velocity>0.0</velocity>
      <steeringAngle>0.0</steeringAngle>
      <time>92</time>
    </ksState>
    <ksState>
      <x>2.9540464800599775</x>
      <y>49.24751292595799</y>
      <orientation>-0.5092</orientation>
      <velocity>0.0</velocity>
      <steeringAngle>0.0</steeringAngle>
      <time>93</time>
    </ksState>
    <ksState>
      <x>2.9540464800599775</x>
      <y>49.24751292595799</y>
      <orientation>-0.5092</orientation>
      <velocity>0.0</velocity>
      <steeringAngle>0.0</steeringAngle>
      <time>94</time>
    </ksState>
    <ksState>
      <x>2.9540464800599775</x>
      <y>49.24751292595799</y>
      <orientation>-0.5092</orientation>
      <velocity>0.0</velocity>
      <steeringAngle>0.0</steeringAngle>
      <time>95</time>
    </ksState>
    <ksState>
      <x>2.9540464800599775</x>
      <y>49.24751292595799</y>
      <orientation>-0.5092</orientation>
      <velocity>0.0</velocity>
      <steeringAngle>0.0</steeringAngle>
      <time>96</time>
    </ksState>
    <ksState>
      <x>2.9540464800599775</x>
      <y>49.24751292595799</y>
      <orientation>-0.5092</orientation>
      <velocity>0.0</velocity>
      <steeringAngle>0.0</steeringAngle>
      <time>97</time>
    </ksState>
    <ksState>
      <x>2.9540464800599775</x>
      <y>49.24751292595799</y>
      <orientation>-0.5092</orientation>
      <velocity>0.0</velocity>
      <steeringAngle>0.0</steeringAngle>
      <time>98</time>
    </ksState>
    <ksState>
      <x>2.9540464800599775</x>
      <y>49.24751292595799</y>
      <orientation>-0.5092</orientation>
      <velocity>0.0</velocity>
      <steeringAngle>0.0</steeringAngle>
      <time>99</time>
    </ksState>
    <ksState>
      <x>2.9540464800599775</x>
      <y>49.24751292595799</y>
      <orientation>-0.5092</orientation>
      <velocity>0.0</velocity>
      <steeringAngle>0.0</steeringAngle>
      <time>100</time>
    </ksState>
    <ksState>
      <x>2.9540464800599775</x>
      <y>49.24751292595799</y>
      <orientation>-0.5092</orientation>
      <velocity>0.0</velocity>
      <steeringAngle>0.0</steeringAngle>
      <time>101</time>
    </ksState>
    <ksState>
      <x>2.9540464800599775</x>
      <y>49.24751292595799</y>
      <orientation>-0.5092</orientation>
      <velocity>0.0</velocity>
      <steeringAngle>0.0</steeringAngle>
      <time>102</time>
    </ksState>
    <ksState>
      <x>2.9540464800599775</x>
      <y>49.24751292595799</y>
      <orientation>-0.5092</orientation>
      <velocity>0.0</velocity>
      <steeringAngle>0.0</steeringAngle>
      <time>103</time>
    </ksState>
    <ksState>
      <x>2.9540464800599775</x>
      <y>49.24751292595799</y>
      <orientation>-0.5092</orientation>
      <velocity>0.0</velocity>
      <steeringAngle>0.0</steeringAngle>
      <time>104</time>
    </ksState>
    <ksState>
      <x>2.9540464800599775</x>
      <y>49.24751292595799</y>
      <orientation>-0.5092</orientation>
      <velocity>0.0</velocity>
      <steeringAngle>0.0</steeringAngle>
      <time>105</time>
    </ksState>
    <ksState>
      <x>2.9540464800599775</x>
      <y>49.24751292595799</y>
      <orientation>-0.5092</orientation>
      <velocity>0.0</velocity>
      <steeringAngle>0.0</steeringAngle>
      <time>106</time>
    </ksState>
    <ksState>
      <x>2.9540464800599775</x>
      <y>49.24751292595799</y>
      <orientation>-0.5092</orientation>
      <velocity>0.0</velocity>
      <steeringAngle>0.0</steeringAngle>
      <time>107</time>
    </ksState>
    <ksState>
      <x>2.9540464800599775</x>
      <y>49.24751292595799</y>
      <orientation>-0.5092</orientation>
      <velocity>0.0</velocity>
      <steeringAngle>0.0</steeringAngle>
      <time>108</time>
    </ksState>
    <ksState>
      <x>2.9540464800599775</x>
      <y>49.24751292595799</y>
      <orientation>-0.5092</orientation>
      <velocity>0.0</velocity>
      <steeringAngle>0.0</steeringAngle>
      <time>109</time>
    </ksState>
    <ksState>
      <x>2.9540464800599775</x>
      <y>49.24751292595799</y>
      <orientation>-0.5092</orientation>
      <velocity>0.0</velocity>
      <steeringAngle>0.0</steeringAngle>
      <time>110</time>
    </ksState>
    <ksState>
      <x>2.9540464800599775</x>
      <y>49.24751292595799</y>
      <orientation>-0.5092</orientation>
      <velocity>0.0</velocity>
      <steeringAngle>0.0</steeringAngle>
      <time>111</time>
    </ksState>
    <ksState>
      <x>2.9540464800599775</x>
      <y>49.24751292595799</y>
      <orientation>-0.5092</orientation>
      <velocity>0.0</velocity>
      <steeringAngle>0.0</steeringAngle>
      <time>112</time>
    </ksState>
    <ksState>
      <x>2.9540464800599775</x>
      <y>49.24751292595799</y>
      <orientation>-0.5092</orientation>
      <velocity>0.0</velocity>
      <steeringAngle>0.0</steeringAngle>
      <time>113</time>
    </ksState>
    <ksState>
      <x>2.9540464800599775</x>
      <y>49.24751292595799</y>
      <orientation>-0.5092</orientation>
      <velocity>0.0</velocity>
      <steeringAngle>0.0</steeringAngle>
      <time>114</time>
    </ksState>
    <ksState>
      <x>2.9540464800599775</x>
      <y>49.24751292595799</y>
      <orientation>-0.5092</orientation>
      <velocity>0.0</velocity>
      <steeringAngle>0.0</steeringAngle>
      <time>115</time>
    </ksState>
    <ksState>
      <x>2.9540464800599775</x>
      <y>49.24751292595799</y>
      <orientation>-0.5092</orientation>
      <velocity>0.0</velocity>
      <steeringAngle>0.0</steeringAngle>
      <time>116</time>
    </ksState>
    <ksState>
      <x>2.9540464800599775</x>
      <y>49.24751292595799</y>
      <orientation>-0.5092</orientation>
      <velocity>0.0</velocity>
      <steeringAngle>0.0</steeringAngle>
      <time>117</time>
    </ksState>
    <ksState>
      <x>2.9540464800599775</x>
      <y>49.24751292595799</y>
      <orientation>-0.5092</orientation>
      <velocity>0.0</velocity>
      <steeringAngle>0.0</steeringAngle>
      <time>118</time>
    </ksState>
    <ksState>
      <x>2.9540464800599775</x>
      <y>49.24751292595799</y>
      <orientation>-0.5092</orientation>
      <velocity>0.0</velocity>
      <steeringAngle>0.0</steeringAngle>
      <time>119</time>
    </ksState>
    <ksState>
      <x>2.9540464800599775</x>
      <y>49.24751292595799</y>
      <orientation>-0.5092</orientation>
      <velocity>0.0</velocity>
      <steeringAngle>0.0</steeringAngle>
      <time>120</time>
    </ksState>
    <ksState>
      <x>2.9540464800599775</x>
      <y>49.24751292595799</y>
      <orientation>-0.5092</orientation>
      <velocity>0.0</velocity>
      <steeringAngle>0.0</steeringAngle>
      <time>121</time>
    </ksState>
    <ksState>
      <x>2.9540464800599775</x>
      <y>49.24751292595799</y>
      <orientation>-0.5092</orientation>
      <velocity>0.0</velocity>
      <steeringAngle>0.0</steeringAngle>
      <time>122</time>
    </ksState>
    <ksState>
      <x>2.9540464800599775</x>
      <y>49.24751292595799</y>
      <orientation>-0.5092</orientation>
      <velocity>0.0</velocity>
      <steeringAngle>0.0</steeringAngle>
      <time>123</time>
    </ksState>
    <ksState>
      <x>2.9540464800599775</x>
      <y>49.24751292595799</y>
      <orientation>-0.5092</orientation>
      <velocity>0.0</velocity>
      <steeringAngle>0.0</steeringAngle>
      <time>124</time>
    </ksState>
    <ksState>
      <x>2.9540464800599775</x>
      <y>49.24751292595799</y>
      <orientation>-0.5092</orientation>
      <velocity>0.0</velocity>
      <steeringAngle>0.0</steeringAngle>
      <time>125</time>
    </ksState>
    <ksState>
      <x>2.9540464800599775</x>
      <y>49.24751292595799</y>
      <orientation>-0.5092</orientation>
      <velocity>0.0</velocity>
      <steeringAngle>0.0</steeringAngle>
      <time>126</time>
    </ksState>
    <ksState>
      <x>2.9540464800599775</x>
      <y>49.24751292595799</y>
      <orientation>-0.5092</orientation>
      <velocity>0.0</velocity>
      <steeringAngle>0.0</steeringAngle>
      <time>127</time>
    </ksState>
    <ksState>
      <x>2.9540464800599775</x>
      <y>49.24751292595799</y>
      <orientation>-0.5092</orientation>
      <velocity>0.0</velocity>
      <steeringAngle>0.0</steeringAngle>
      <time>128</time>
    </ksState>
    <ksState>
      <x>2.9540464800599775</x>
      <y>49.24751292595799</y>
      <orientation>-0.5092</orientation>
      <velocity>0.0</velocity>
      <steeringAngle>0.0</steeringAngle>
      <time>129</time>
    </ksState>
    <ksState>
      <x>2.9540464800599775</x>
      <y>49.24751292595799</y>
      <orientation>-0.5092</orientation>
      <velocity>0.0</velocity>
      <steeringAngle>0.0</steeringAngle>
      <time>130</time>
    </ksState>
    <ksState>
      <x>2.9540464800599775</x>
      <y>49.24751292595799</y>
      <orientation>-0.5092</orientation>
      <velocity>0.0</velocity>
      <steeringAngle>0.0</steeringAngle>
      <time>131</time>
    </ksState>
    <ksState>
      <x>2.9540464800599775</x>
      <y>49.24751292595799</y>
      <orientation>-0.5092</orientation>
      <velocity>0.0</velocity>
      <steeringAngle>0.0</steeringAngle>
      <time>132</time>
    </ksState>
    <ksState>
      <x>2.9540464800599775</x>
      <y>49.24751292595799</y>
      <orientation>-0.5092</orientation>
      <velocity>0.0</velocity>
      <steeringAngle>0.0</steeringAngle>
      <time>133</time>
    </ksState>
    <ksState>
      <x>2.9540464800599775</x>
      <y>49.24751292595799</y>
      <orientation>-0.5092</orientation>
      <velocity>0.0</velocity>
      <steeringAngle>0.0</steeringAngle>
      <time>134</time>
    </ksState>
    <ksState>
      <x>2.9540464800599775</x>
      <y>49.24751292595799</y>
      <orientation>-0.5092</orientation>
      <velocity>0.0</velocity>
      <steeringAngle>0.0</steeringAngle>
      <time>135</time>
    </ksState>
    <ksState>
      <x>2.9540464800599775</x>
      <y>49.24751292595799</y>
      <orientation>-0.5092</orientation>
      <velocity>0.0</velocity>
      <steeringAngle>0.0</steeringAngle>
      <time>136</time>
    </ksState>
    <ksState>
      <x>2.9540464800599775</x>
      <y>49.24751292595799</y>
      <orientation>-0.5092</orientation>
      <velocity>0.0</velocity>
      <steeringAngle>0.0</steeringAngle>
      <time>137</time>
    </ksState>
    <ksState>
      <x>2.9540464800599775</x>
      <y>49.24751292595799</y>
      <orientation>-0.5092</orientation>
      <velocity>0.0</velocity>
      <steeringAngle>0.0</steeringAngle>
      <time>138</time>
    </ksState>
    <ksState>
      <x>2.9540464800599775</x>
      <y>49.24751292595799</y>
      <orientation>-0.5092</orientation>
      <velocity>0.0</velocity>
      <steeringAngle>0.0</steeringAngle>
      <time>139</time>
    </ksState>
    <ksState>
      <x>2.9540464800599775</x>
      <y>49.24751292595799</y>
      <orientation>-0.5092</orientation>
      <velocity>0.0</velocity>
      <steeringAngle>0.0</steeringAngle>
      <time>140</time>
    </ksState>
    <ksState>
      <x>2.9540464800599775</x>
      <y>49.24751292595799</y>
      <orientation>-0.5092</orientation>
      <velocity>0.0</velocity>
      <steeringAngle>0.0</steeringAngle>
      <time>141</time>
    </ksState>
    <ksState>
      <x>2.9540464800599775</x>
      <y>49.24751292595799</y>
      <orientation>-0.5092</orientation>
      <velocity>0.0</velocity>
      <steeringAngle>0.0</steeringAngle>
      <time>142</time>
    </ksState>
    <ksState>
      <x>2.9540464800599775</x>
      <y>49.24751292595799</y>
      <orientation>-0.5092</orientation>
      <velocity>0.0</velocity>
      <steeringAngle>0.0</steeringAngle>
      <time>143</time>
    </ksState>
    <ksState>
      <x>2.9540464800599775</x>
      <y>49.24751292595799</y>
      <orientation>-0.5092</orientation>
      <velocity>0.0</velocity>
      <steeringAngle>0.0</steeringAngle>
      <time>144</time>
    </ksState>
    <ksState>
      <x>2.9540464800599775</x>
      <y>49.24751292595799</y>
      <orientation>-0.5092</orientation>
      <velocity>0.0</velocity>
      <steeringAngle>0.0</steeringAngle>
      <time>145</time>
    </ksState>
    <ksState>
      <x>2.9540464800599775</x>
      <y>49.24751292595799</y>
      <orientation>-0.5092</orientation>
      <velocity>0.0</velocity>
      <steeringAngle>0.0</steeringAngle>
      <time>146</time>
    </ksState>
    <ksState>
      <x>2.9540464800599775</x>
      <y>49.24751292595799</y>
      <orientation>-0.5092</orientation>
      <velocity>0.0</velocity>
      <steeringAngle>0.0</steeringAngle>
      <time>147</time>
    </ksState>
    <ksState>
      <x>2.9540464800599775</x>
      <y>49.24751292595799</y>
      <orientation>-0.5092</orientation>
      <velocity>0.0</velocity>
      <steeringAngle>0.0</steeringAngle>
      <time>148</time>
    </ksState>
    <ksState>
      <x>2.9540464800599775</x>
      <y>49.24751292595799</y>
      <orientation>-0.5092</orientation>
      <velocity>0.0</velocity>
      <steeringAngle>0.0</steeringAngle>
      <time>149</time>
    </ksState>
    <ksState>
      <x>2.9540464800599775</x>
      <y>49.24751292595799</y>
      <orientation>-0.5092</orientation>
      <velocity>0.0</velocity>
      <steeringAngle>0.0</steeringAngle>
      <time>150</time>
    </ksState>
    <ksState>
      <x>2.9540464800599775</x>
      <y>49.24751292595799</y>
      <orientation>-0.5092</orientation>
      <velocity>0.0</velocity>
      <steeringAngle>0.0</steeringAngle>
      <time>151</time>
    </ksState>
    <ksState>
      <x>2.9540464800599775</x>
      <y>49.24751292595799</y>
      <orientation>-0.5092</orientation>
      <velocity>0.0</velocity>
      <steeringAngle>0.0</steeringAngle>
      <time>152</time>
    </ksState>
    <ksState>
      <x>2.9540464800599775</x>
      <y>49.24751292595799</y>
      <orientation>-0.5092</orientation>
      <velocity>0.0</velocity>
      <steeringAngle>0.0</steeringAngle>
      <time>153</time>
    </ksState>
    <ksState>
      <x>2.9540464800599775</x>
      <y>49.24751292595799</y>
      <orientation>-0.5092</orientation>
      <velocity>0.0</velocity>
      <steeringAngle>0.0</steeringAngle>
      <time>154</time>
    </ksState>
    <ksState>
      <x>2.9540464800599775</x>
      <y>49.24751292595799</y>
      <orientation>-0.5092</orientation>
      <velocity>0.0</velocity>
      <steeringAngle>0.0</steeringAngle>
      <time>155</time>
    </ksState>
  </ksTrajectory>
</CommonRoadSolution>
