<?xml version="1.0" ?>
<CommonRoadSolution benchmark_id="KS2:SM1:RUS_Bicycle-3_3_T-1:2018b" date="2019-11-18">
  <ksTrajectory planningProblem="9">
    <ksState>
      <x>2.5</x>
      <y>20.0</y>
      <orientation>0.0</orientation>
      <velocity>10.0</velocity>
      <steeringAngle>0.0</steeringAngle>
      <time>0</time>
    </ksState>
    <ksState>
      <x>3.49</x>
      <y>20.0</y>
      <orientation>0.0</orientation>
      <velocity>9.600000000000001</velocity>
      <steeringAngle>0.0</steeringAngle>
      <time>1</time>
    </ksState>
    <ksState>
      <x>4.44</x>
      <y>20.0</y>
      <orientation>0.0</orientation>
      <velocity>9.200000000000003</velocity>
      <steeringAngle>0.0</steeringAngle>
      <time>2</time>
    </ksState>
    <ksState>
      <x>5.3500000000000005</x>
      <y>20.0</y>
      <orientation>0.0</orientation>
      <velocity>8.800000000000004</velocity>
      <steeringAngle>0.0</steeringAngle>
      <time>3</time>
    </ksState>
    <ksState>
      <x>6.220000000000001</x>
      <y>20.0</y>
      <orientation>0.0</orientation>
      <velocity>8.400000000000006</velocity>
      <steeringAngle>0.0</steeringAngle>
      <time>4</time>
    </ksState>
    <ksState>
      <x>7.050000000000002</x>
      <y>20.0</y>
      <orientation>0.0</orientation>
      <velocity>8.000000000000007</velocity>
      <steeringAngle>0.0</steeringAngle>
      <time>5</time>
    </ksState>
    <ksState>
      <x>7.850000000000001</x>
      <y>20.0</y>
      <orientation>0.0</orientation>
      <velocity>8.0</velocity>
      <steeringAngle>0.0</steeringAngle>
      <time>6</time>
    </ksState>
    <ksState>
      <x>8.650000000000002</x>
      <y>20.0</y>
      <orientation>0.0</orientation>
      <velocity>8.0</velocity>
      <steeringAngle>0.0</steeringAngle>
      <time>7</time>
    </ksState>
    <ksState>
      <x>9.450000000000001</x>
      <y>20.0</y>
      <orientation>0.0</orientation>
      <velocity>8.0</velocity>
      <steeringAngle>0.0</steeringAngle>
      <time>8</time>
    </ksState>
    <ksState>
      <x>10.250000000000002</x>
      <y>20.0</y>
      <orientation>0.0</orientation>
      <velocity>8.0</velocity>
      <steeringAngle>0.0</steeringAngle>
      <time>9</time>
    </ksState>
    <ksState>
      <x>11.05</x>
      <y>20.0</y>
      <orientation>0.0</orientation>
      <velocity>8.0</velocity>
      <steeringAngle>0.0</steeringAngle>
      <time>10</time>
    </ksState>
    <ksState>
      <x>11.84</x>
      <y>20.0</y>
      <orientation>0.0</orientation>
      <velocity>7.6</velocity>
      <steeringAngle>0.0</steeringAngle>
      <time>11</time>
    </ksState>
    <ksState>
      <x>12.59</x>
      <y>20.0</y>
      <orientation>0.0</orientation>
      <velocity>7.199999999999999</velocity>
      <steeringAngle>0.0</steeringAngle>
      <time>12</time>
    </ksState>
    <ksState>
      <x>13.3</x>
      <y>20.0</y>
      <orientation>0.0</orientation>
      <velocity>6.799999999999999</velocity>
      <steeringAngle>0.0</steeringAngle>
      <time>13</time>
    </ksState>
    <ksState>
      <x>13.97</x>
      <y>20.0</y>
      <orientation>0.0</orientation>
      <velocity>6.399999999999999</velocity>
      <steeringAngle>0.0</steeringAngle>
      <time>14</time>
    </ksState>
    <ksState>
      <x>14.600000000000001</x>
      <y>20.0</y>
      <orientation>0.0</orientation>
      <velocity>5.999999999999998</velocity>
      <steeringAngle>0.0</steeringAngle>
      <time>15</time>
    </ksState>
    <ksState>
      <x>15.190000000000001</x>
      <y>20.0</y>
      <orientation>0.0014984914273509814</orientation>
      <velocity>5.6</velocity>
      <steeringAngle>0.026650000000000004</steeringAngle>
      <time>16</time>
    </ksState>
    <ksState>
      <x>15.739997080769179</x>
      <y>20.001605587503036</y>
      <orientation>0.008580068573396563</orientation>
      <velocity>5.199999999999999</velocity>
      <steeringAngle>0.05330000000000001</steeringAngle>
      <time>17</time>
    </ksState>
    <ksState>
      <x>16.24996315511751</x>
      <y>20.00732595093149</y>
      <orientation>0.020426951056443602</orientation>
      <velocity>4.799999999999999</velocity>
      <steeringAngle>0.07995000000000001</steeringAngle>
      <time>18</time>
    </ksState>
    <ksState>
      <x>16.719823682103883</x>
      <y>20.018640380806108</y>
      <orientation>0.03622611703465223</orientation>
      <velocity>4.399999999999999</velocity>
      <steeringAngle>0.10660000000000001</steeringAngle>
      <time>19</time>
    </ksState>
    <ksState>
      <x>17.14946339046172</x>
      <y>20.03612955818897</y>
      <orientation>0.05516701350400792</orientation>
      <velocity>3.9999999999999982</velocity>
      <steeringAngle>0.13325</steeringAngle>
      <time>20</time>
    </ksState>
    <ksState>
      <x>17.528772407427248</x>
      <y>20.058950148882932</y>
      <orientation>0.07397317145301</orientation>
      <velocity>3.2</velocity>
      <steeringAngle>0.1066</steeringAngle>
      <time>21</time>
    </ksState>
    <ksState>
      <x>17.827880210520707</x>
      <y>20.082048522861843</y>
      <orientation>0.08569028090100939</orientation>
      <velocity>2.4000000000000004</velocity>
      <steeringAngle>0.07995</steeringAngle>
      <time>22</time>
    </ksState>
    <ksState>
      <x>18.0470403943786</x>
      <y>20.101248705806366</y>
      <orientation>0.09200568233528796</orientation>
      <velocity>1.6000000000000005</velocity>
      <steeringAngle>0.053299999999999986</steeringAngle>
      <time>23</time>
    </ksState>
    <ksState>
      <x>18.186439054096745</x>
      <y>20.114210207333084</y>
      <orientation>0.09459119855128564</orientation>
      <velocity>0.8000000000000006</velocity>
      <steeringAngle>0.02664999999999998</steeringAngle>
      <time>24</time>
    </ksState>
    <ksState>
      <x>18.24617004662476</x>
      <y>20.119885451368848</y>
      <orientation>0.0951079931522592</orientation>
      <velocity>5.551115123125783e-16</velocity>
      <steeringAngle>-2.42861286636753e-17</steeringAngle>
      <time>25</time>
    </ksState>
  </ksTrajectory>
</CommonRoadSolution>
