<?xml version="1.0" ?>
<CommonRoadSolution benchmark_id="KS2:SM1:DEU_Muc-1_2_T-1:2018b" date="2019-11-18">
  <ksTrajectory planningProblem="800">
    <ksState>
      <x>0.0</x>
      <y>0.0</y>
      <orientation>-3.2079</orientation>
      <velocity>10.0</velocity>
      <steeringAngle>0.0</steeringAngle>
      <time>0</time>
    </ksState>
    <ksState>
      <x>-0.9728574114011852</x>
      <y>0.06460229935370193</y>
      <orientation>-3.2079</orientation>
      <velocity>9.0</velocity>
      <steeringAngle>0.0</steeringAngle>
      <time>1</time>
    </ksState>
    <ksState>
      <x>-1.8459345754791718</x>
      <y>0.1225787218506139</y>
      <orientation>-3.2079</orientation>
      <velocity>8.0</velocity>
      <steeringAngle>0.0</steeringAngle>
      <time>2</time>
    </ksState>
    <ksState>
      <x>-2.61923149223396</x>
      <y>0.17392926749073592</y>
      <orientation>-3.2079</orientation>
      <velocity>7.0</velocity>
      <steeringAngle>0.0</steeringAngle>
      <time>3</time>
    </ksState>
    <ksState>
      <x>-3.29274816166555</x>
      <y>0.21865393627406804</y>
      <orientation>-3.2079</orientation>
      <velocity>6.0</velocity>
      <steeringAngle>0.0</steeringAngle>
      <time>4</time>
    </ksState>
    <ksState>
      <x>-3.866484583773941</x>
      <y>0.25675272820061024</y>
      <orientation>-3.2079</orientation>
      <velocity>5.0</velocity>
      <steeringAngle>0.0</steeringAngle>
      <time>5</time>
    </ksState>
    <ksState>
      <x>-4.355407795657613</x>
      <y>0.28921952479888097</y>
      <orientation>-3.2091401308364285</orientation>
      <velocity>4.6</velocity>
      <steeringAngle>-0.026650000000000004</steeringAngle>
      <time>6</time>
    </ksState>
    <ksState>
      <x>-4.80434566534926</x>
      <y>0.32011455965299757</y>
      <orientation>-3.2149294460278637</orientation>
      <velocity>4.199999999999999</velocity>
      <steeringAngle>-0.05330000000000001</steeringAngle>
      <time>7</time>
    </ksState>
    <ksState>
      <x>-5.213178066395609</x>
      <y>0.3510220860276898</y>
      <orientation>-3.224448326449736</orientation>
      <velocity>3.799999999999999</velocity>
      <steeringAngle>-0.07995000000000001</steeringAngle>
      <time>8</time>
    </ksState>
    <ksState>
      <x>-5.581817696966475</x>
      <y>0.3827022236774225</y>
      <orientation>-3.23688042951753</orientation>
      <velocity>3.3999999999999986</velocity>
      <steeringAngle>-0.10660000000000001</steeringAngle>
      <time>9</time>
    </ksState>
    <ksState>
      <x>-5.910209329491054</x>
      <y>0.4152227149743794</y>
      <orientation>-3.2514103804817283</orientation>
      <velocity>2.9999999999999982</velocity>
      <steeringAngle>-0.13325</steeringAngle>
      <time>10</time>
    </ksState>
    <ksState>
      <x>-6.193373083432091</x>
      <y>0.44750363096833895</y>
      <orientation>-3.26551499894348</orientation>
      <velocity>2.4000000000000004</velocity>
      <steeringAngle>-0.1066</steeringAngle>
      <time>11</time>
    </ksState>
    <ksState>
      <x>-6.416581746143585</x>
      <y>0.47583348304286077</y>
      <orientation>-3.2743028310294795</orientation>
      <velocity>1.8000000000000005</velocity>
      <steeringAngle>-0.07995</steeringAngle>
      <time>12</time>
    </ksState>
    <ksState>
      <x>-6.580102848962048</x>
      <y>0.49787426707584465</y>
      <orientation>-3.2790393821051884</orientation>
      <velocity>1.2000000000000004</velocity>
      <steeringAngle>-0.053299999999999986</steeringAngle>
      <time>13</time>
    </ksState>
    <ksState>
      <x>-6.684104912877086</x>
      <y>0.5123161001185089</y>
      <orientation>-3.2809785192671868</orientation>
      <velocity>0.6000000000000003</velocity>
      <steeringAngle>-0.02664999999999998</steeringAngle>
      <time>14</time>
    </ksState>
    <ksState>
      <x>-6.728667833778395</x>
      <y>0.5185727795472624</y>
      <orientation>-3.2813661152179168</orientation>
      <velocity>2.220446049250313e-16</velocity>
      <steeringAngle>2.42861286636753e-17</steeringAngle>
      <time>15</time>
    </ksState>
    <ksState>
      <x>-6.728667833778395</x>
      <y>0.5185727795472624</y>
      <orientation>-3.2813661152179168</orientation>
      <velocity>0.0</velocity>
      <steeringAngle>0.0</steeringAngle>
      <time>16</time>
    </ksState>
    <ksState>
      <x>-6.728667833778395</x>
      <y>0.5185727795472624</y>
      <orientation>-3.2813661152179168</orientation>
      <velocity>0.0</velocity>
      <steeringAngle>0.0</steeringAngle>
      <time>17</time>
    </ksState>
    <ksState>
      <x>-6.728667833778395</x>
      <y>0.5185727795472624</y>
      <orientation>-3.2813661152179168</orientation>
      <velocity>0.0</velocity>
      <steeringAngle>0.0</steeringAngle>
      <time>18</time>
    </ksState>
    <ksState>
      <x>-6.728667833778395</x>
      <y>0.5185727795472624</y>
      <orientation>-3.2813661152179168</orientation>
      <velocity>0.0</velocity>
      <steeringAngle>0.0</steeringAngle>
      <time>19</time>
    </ksState>
    <ksState>
      <x>-6.728667833778395</x>
      <y>0.5185727795472624</y>
      <orientation>-3.2813661152179168</orientation>
      <velocity>0.0</velocity>
      <steeringAngle>0.0</steeringAngle>
      <time>20</time>
    </ksState>
  </ksTrajectory>
</CommonRoadSolution>
