<?xml version="1.0" ?>
<CommonRoadSolution benchmark_id="KS2:SM1:USA_Lanker-1_15_T-1:2018b" date="2019-11-18">
  <ksTrajectory planningProblem="1215">
    <ksState>
      <x>0.0</x>
      <y>0.0</y>
      <orientation>1.1078</orientation>
      <velocity>7.0</velocity>
      <steeringAngle>0.0</steeringAngle>
      <time>0</time>
    </ksState>
    <ksState>
      <x>0.32157430284974425</x>
      <y>0.6441971497505256</y>
      <orientation>1.1078</orientation>
      <velocity>7.800000000000001</velocity>
      <steeringAngle>0.0</steeringAngle>
      <time>1</time>
    </ksState>
    <ksState>
      <x>0.6788790837939046</x>
      <y>1.3599717605844428</y>
      <orientation>1.1078</orientation>
      <velocity>8.600000000000001</velocity>
      <steeringAngle>0.0</steeringAngle>
      <time>2</time>
    </ksState>
    <ksState>
      <x>1.0719143428324809</x>
      <y>2.147323832501752</y>
      <orientation>1.1078</orientation>
      <velocity>9.400000000000002</velocity>
      <steeringAngle>0.0</steeringAngle>
      <time>3</time>
    </ksState>
    <ksState>
      <x>1.5006800799654734</x>
      <y>3.006253365502453</y>
      <orientation>1.1078</orientation>
      <velocity>10.200000000000003</velocity>
      <steeringAngle>0.0</steeringAngle>
      <time>4</time>
    </ksState>
    <ksState>
      <x>1.965176295192882</x>
      <y>3.9367603595865455</y>
      <orientation>1.1078</orientation>
      <velocity>10.997021226415097</velocity>
      <steeringAngle>0.0</steeringAngle>
      <time>5</time>
    </ksState>
    <ksState>
      <x>2.4631698336338053</x>
      <y>4.934371223436318</y>
      <orientation>1.1078</orientation>
      <velocity>11.600000000000001</velocity>
      <steeringAngle>0.0</steeringAngle>
      <time>6</time>
    </ksState>
    <ksState>
      <x>2.987961230645541</x>
      <y>5.985665183098634</y>
      <orientation>1.1078</orientation>
      <velocity>12.200000000000003</velocity>
      <steeringAngle>0.0</steeringAngle>
      <time>7</time>
    </ksState>
    <ksState>
      <x>3.5395504862280887</x>
      <y>7.090642238573494</y>
      <orientation>1.1078</orientation>
      <velocity>12.800000000000004</velocity>
      <steeringAngle>0.0</steeringAngle>
      <time>8</time>
    </ksState>
    <ksState>
      <x>4.117937600381448</x>
      <y>8.249302389860897</y>
      <orientation>1.1078</orientation>
      <velocity>13.400000000000006</velocity>
      <steeringAngle>0.0</steeringAngle>
      <time>9</time>
    </ksState>
    <ksState>
      <x>4.72312257310562</x>
      <y>9.461645636960846</y>
      <orientation>1.1078</orientation>
      <velocity>14.000000000000007</velocity>
      <steeringAngle>0.0</steeringAngle>
      <time>10</time>
    </ksState>
    <ksState>
      <x>5.352872249519702</x>
      <y>10.723198388555625</y>
      <orientation>1.1078</orientation>
      <velocity>14.399999999999999</velocity>
      <steeringAngle>0.0</steeringAngle>
      <time>11</time>
    </ksState>
    <ksState>
      <x>6.000487164980993</x>
      <y>12.0205398706921</y>
      <orientation>1.1078</orientation>
      <velocity>14.799999999999997</velocity>
      <steeringAngle>0.0</steeringAngle>
      <time>12</time>
    </ksState>
    <ksState>
      <x>6.665967319489491</x>
      <y>13.35367008337027</y>
      <orientation>1.1078</orientation>
      <velocity>15.199999999999996</velocity>
      <steeringAngle>0.0</steeringAngle>
      <time>13</time>
    </ksState>
    <ksState>
      <x>7.349312713045197</x>
      <y>14.722589026590136</y>
      <orientation>1.1078</orientation>
      <velocity>15.599999999999994</velocity>
      <steeringAngle>0.0</steeringAngle>
      <time>14</time>
    </ksState>
    <ksState>
      <x>8.050523345648111</x>
      <y>16.1272967003517</y>
      <orientation>1.1078</orientation>
      <velocity>15.999999999999993</velocity>
      <steeringAngle>0.0</steeringAngle>
      <time>15</time>
    </ksState>
    <ksState>
      <x>8.769599217298234</x>
      <y>17.567793104654957</y>
      <orientation>1.1078</orientation>
      <velocity>16.4</velocity>
      <steeringAngle>0.0</steeringAngle>
      <time>16</time>
    </ksState>
    <ksState>
      <x>9.506540327995564</x>
      <y>19.04407823949991</y>
      <orientation>1.1078</orientation>
      <velocity>16.799999999999997</velocity>
      <steeringAngle>0.0</steeringAngle>
      <time>17</time>
    </ksState>
    <ksState>
      <x>10.261346677740102</x>
      <y>20.55615210488656</y>
      <orientation>1.1078</orientation>
      <velocity>17.199999999999996</velocity>
      <steeringAngle>0.0</steeringAngle>
      <time>18</time>
    </ksState>
    <ksState>
      <x>11.034018266531849</x>
      <y>22.104014700814908</y>
      <orientation>1.1078</orientation>
      <velocity>17.599999999999994</velocity>
      <steeringAngle>0.0</steeringAngle>
      <time>19</time>
    </ksState>
    <ksState>
      <x>11.824555094370803</x>
      <y>23.687666027284948</y>
      <orientation>1.1078</orientation>
      <velocity>17.999999999999993</velocity>
      <steeringAngle>0.0</steeringAngle>
      <time>20</time>
    </ksState>
    <ksState>
      <x>12.621791386852461</x>
      <y>25.284738127708124</y>
      <orientation>1.1078</orientation>
      <velocity>17.4</velocity>
      <steeringAngle>0.0</steeringAngle>
      <time>21</time>
    </ksState>
    <ksState>
      <x>13.392229820763307</x>
      <y>26.82812713231876</y>
      <orientation>1.1078</orientation>
      <velocity>16.799999999999997</velocity>
      <steeringAngle>0.0</steeringAngle>
      <time>22</time>
    </ksState>
    <ksState>
      <x>14.13587039610334</x>
      <y>28.31783304111685</y>
      <orientation>1.1078</orientation>
      <velocity>16.199999999999996</velocity>
      <steeringAngle>0.0</steeringAngle>
      <time>23</time>
    </ksState>
    <ksState>
      <x>14.85271311287256</x>
      <y>29.753855854102397</y>
      <orientation>1.1078</orientation>
      <velocity>15.599999999999994</velocity>
      <steeringAngle>0.0</steeringAngle>
      <time>24</time>
    </ksState>
    <ksState>
      <x>15.54275797107097</x>
      <y>31.136195571275397</y>
      <orientation>1.1078</orientation>
      <velocity>14.999999999999993</velocity>
      <steeringAngle>0.0</steeringAngle>
      <time>25</time>
    </ksState>
    <ksState>
      <x>16.201538660936766</x>
      <y>32.455905010000436</y>
      <orientation>1.1115462285683773</orientation>
      <velocity>14.0</velocity>
      <steeringAngle>0.026650000000000004</steeringAngle>
      <time>26</time>
    </ksState>
    <ksState>
      <x>16.80665756986076</x>
      <y>33.69058366068009</y>
      <orientation>1.1292501714334913</orientation>
      <velocity>13.0</velocity>
      <steeringAngle>0.05330000000000001</steeringAngle>
      <time>27</time>
    </ksState>
    <ksState>
      <x>17.343891247374422</x>
      <y>34.84684121043378</y>
      <orientation>1.158867377641109</orientation>
      <velocity>12.0</velocity>
      <steeringAngle>0.07995000000000001</steeringAngle>
      <time>28</time>
    </ksState>
    <ksState>
      <x>17.80447382102177</x>
      <y>35.92775231619289</y>
      <orientation>1.1983652925866304</orientation>
      <velocity>11.0</velocity>
      <steeringAngle>0.10660000000000001</steeringAngle>
      <time>29</time>
    </ksState>
    <ksState>
      <x>18.184437373246542</x>
      <y>36.93328815666204</y>
      <orientation>1.2457175337600197</orientation>
      <velocity>10.0</velocity>
      <steeringAngle>0.13325</steeringAngle>
      <time>30</time>
    </ksState>
    <ksState>
      <x>18.485561571860547</x>
      <y>37.865791309094526</y>
      <orientation>1.29413471989254</orientation>
      <velocity>9.2</velocity>
      <steeringAngle>0.1066</steeringAngle>
      <time>31</time>
    </ksState>
    <ksState>
      <x>18.723292599914824</x>
      <y>38.73378337520202</y>
      <orientation>1.32918166952471</orientation>
      <velocity>8.399999999999999</velocity>
      <steeringAngle>0.07995</steeringAngle>
      <time>32</time>
    </ksState>
    <ksState>
      <x>18.914418805804694</x>
      <y>39.53118049706139</y>
      <orientation>1.3525792157200025</orientation>
      <velocity>7.599999999999998</velocity>
      <steeringAngle>0.053299999999999986</steeringAngle>
      <time>33</time>
    </ksState>
    <ksState>
      <x>19.071855655241873</x>
      <y>40.25423318157057</y>
      <orientation>1.366023591244273</orientation>
      <velocity>6.799999999999997</velocity>
      <steeringAngle>0.02664999999999998</steeringAngle>
      <time>34</time>
    </ksState>
    <ksState>
      <x>19.204961634665473</x>
      <y>40.90067069170473</y>
      <orientation>1.371191427125316</orientation>
      <velocity>5.9999999999999964</velocity>
      <steeringAngle>-2.42861286636753e-17</steeringAngle>
      <time>35</time>
    </ksState>
    <ksState>
      <x>19.318973836800627</x>
      <y>41.4642540642099</y>
      <orientation>1.371191427125316</orientation>
      <velocity>5.0</velocity>
      <steeringAngle>0.0</steeringAngle>
      <time>36</time>
    </ksState>
    <ksState>
      <x>19.413157829868798</x>
      <y>41.92982293714894</y>
      <orientation>1.371191427125316</orientation>
      <velocity>4.0</velocity>
      <steeringAngle>0.0</steeringAngle>
      <time>37</time>
    </ksState>
    <ksState>
      <x>19.487513613869986</x>
      <y>42.297377310521874</y>
      <orientation>1.371191427125316</orientation>
      <velocity>3.0</velocity>
      <steeringAngle>0.0</steeringAngle>
      <time>38</time>
    </ksState>
    <ksState>
      <x>19.542041188804188</x>
      <y>42.566917184328695</y>
      <orientation>1.371191427125316</orientation>
      <velocity>2.0</velocity>
      <steeringAngle>0.0</steeringAngle>
      <time>39</time>
    </ksState>
    <ksState>
      <x>19.57674055467141</x>
      <y>42.738442558569396</y>
      <orientation>1.371191427125316</orientation>
      <velocity>1.0</velocity>
      <steeringAngle>0.0</steeringAngle>
      <time>40</time>
    </ksState>
  </ksTrajectory>
</CommonRoadSolution>
