<?xml version="1.0" ?>
<CommonRoadSolution benchmark_id="KS2:SM1:USA_US101-8_3_T-1:2018b" date="2019-11-18">
  <ksTrajectory planningProblem="37">
    <ksState>
      <x>0.0</x>
      <y>0.0</y>
      <orientation>-0.83</orientation>
      <velocity>12.0</velocity>
      <steeringAngle>0.0</steeringAngle>
      <time>0</time>
    </ksState>
    <ksState>
      <x>0.792979018083739</x>
      <y>-0.8670693610542063</y>
      <orientation>-0.83</orientation>
      <velocity>11.0</velocity>
      <steeringAngle>0.0</steeringAngle>
      <time>1</time>
    </ksState>
    <ksState>
      <x>1.5184704601603514</x>
      <y>-1.6603455849974162</y>
      <orientation>-0.83</orientation>
      <velocity>10.0</velocity>
      <steeringAngle>0.0</steeringAngle>
      <time>2</time>
    </ksState>
    <ksState>
      <x>2.1764743262298367</x>
      <y>-2.37982867182963</y>
      <orientation>-0.83</orientation>
      <velocity>9.0</velocity>
      <steeringAngle>0.0</steeringAngle>
      <time>3</time>
    </ksState>
    <ksState>
      <x>2.766990616292196</x>
      <y>-3.025518621550847</y>
      <orientation>-0.83</orientation>
      <velocity>8.0</velocity>
      <steeringAngle>0.0</steeringAngle>
      <time>4</time>
    </ksState>
    <ksState>
      <x>3.290019330347428</x>
      <y>-3.5974154341610687</y>
      <orientation>-0.83</orientation>
      <velocity>7.0</velocity>
      <steeringAngle>0.0</steeringAngle>
      <time>5</time>
    </ksState>
    <ksState>
      <x>3.7455604683955332</x>
      <y>-4.095519109660294</y>
      <orientation>-0.8283206561590032</orientation>
      <velocity>6.0</velocity>
      <steeringAngle>0.026650000000000004</steeringAngle>
      <time>6</time>
    </ksState>
    <ksState>
      <x>4.134953448558702</x>
      <y>-4.518599851039829</y>
      <orientation>-0.8209548089307699</orientation>
      <velocity>5.0</velocity>
      <steeringAngle>0.05330000000000001</steeringAngle>
      <time>7</time>
    </ksState>
    <ksState>
      <x>4.459526279960778</x>
      <y>-4.865408115890427</y>
      <orientation>-0.809961619212553</orientation>
      <velocity>4.0</velocity>
      <steeringAngle>0.07995000000000001</steeringAngle>
      <time>8</time>
    </ksState>
    <ksState>
      <x>4.7188838201960115</x>
      <y>-5.136253671601177</y>
      <orientation>-0.7974002075503445</orientation>
      <velocity>3.0</velocity>
      <steeringAngle>0.10660000000000001</steeringAngle>
      <time>9</time>
    </ksState>
    <ksState>
      <x>4.911545372264273</x>
      <y>-5.332482619629113</y>
      <orientation>-0.7853355304182172</orientation>
      <velocity>2.0</velocity>
      <steeringAngle>0.13325</steeringAngle>
      <time>10</time>
    </ksState>
    <ksState>
      <x>5.053342139226372</x>
      <y>-5.473526608222429</y>
      <orientation>-0.7754651876903779</orientation>
      <velocity>2.0</velocity>
      <steeringAngle>0.1066</steeringAngle>
      <time>11</time>
    </ksState>
    <ksState>
      <x>5.19645108298271</x>
      <y>-5.613239378054496</y>
      <orientation>-0.7676885742956543</orientation>
      <velocity>2.0</velocity>
      <steeringAngle>0.07995</steeringAngle>
      <time>12</time>
    </ksState>
    <ksState>
      <x>5.34057005526133</x>
      <y>-5.751910302582633</y>
      <orientation>-0.761994526041983</orientation>
      <velocity>2.0</velocity>
      <steeringAngle>0.053299999999999986</steeringAngle>
      <time>13</time>
    </ksState>
    <ksState>
      <x>5.485404817453023</x>
      <y>-5.889833646744502</y>
      <orientation>-0.7583749062725587</orientation>
      <velocity>2.0</velocity>
      <steeringAngle>0.02664999999999998</steeringAngle>
      <time>14</time>
    </ksState>
    <ksState>
      <x>5.6306667885280755</x>
      <y>-6.027307095364831</y>
      <orientation>-0.7568245591792022</orientation>
      <velocity>2.0</velocity>
      <steeringAngle>-2.42861286636753e-17</steeringAngle>
      <time>15</time>
    </ksState>
    <ksState>
      <x>5.776070784914491</x>
      <y>-6.16463035572104</y>
      <orientation>-0.7573412803610474</orientation>
      <velocity>2.0</velocity>
      <steeringAngle>-0.026650000000000004</steeringAngle>
      <time>16</time>
    </ksState>
    <ksState>
      <x>5.9213327559895435</x>
      <y>-6.302103804341369</y>
      <orientation>-0.7599258042702676</orientation>
      <velocity>2.0</velocity>
      <steeringAngle>-0.05330000000000001</steeringAngle>
      <time>17</time>
    </ksState>
    <ksState>
      <x>6.066167518181237</x>
      <y>-6.440027148503239</y>
      <orientation>-0.7645818083926178</orientation>
      <velocity>2.0</velocity>
      <steeringAngle>-0.07995000000000001</steeringAngle>
      <time>18</time>
    </ksState>
    <ksState>
      <x>6.210286490459857</x>
      <y>-6.578698073031376</y>
      <orientation>-0.771315934213446</orientation>
      <velocity>2.0</velocity>
      <steeringAngle>-0.10660000000000001</steeringAngle>
      <time>19</time>
    </ksState>
    <ksState>
      <x>6.3533954342161945</x>
      <y>-6.718410842863443</y>
      <orientation>-0.7801378252237615</orientation>
      <velocity>2.0</velocity>
      <steeringAngle>-0.13325</steeringAngle>
      <time>20</time>
    </ksState>
    <ksState>
      <x>6.495192201178294</x>
      <y>-6.859454831456759</y>
      <orientation>-0.7905332356126731</orientation>
      <velocity>2.0</velocity>
      <steeringAngle>-0.13325</steeringAngle>
      <time>21</time>
    </ksState>
    <ksState>
      <x>6.635515122870073</x>
      <y>-7.001965208226656</y>
      <orientation>-0.8009286460015846</orientation>
      <velocity>2.0</velocity>
      <steeringAngle>-0.13325</steeringAngle>
      <time>22</time>
    </ksState>
    <ksState>
      <x>6.7743490354936995</x>
      <y>-7.145926572991063</y>
      <orientation>-0.8113240563904962</orientation>
      <velocity>2.0</velocity>
      <steeringAngle>-0.13325</steeringAngle>
      <time>23</time>
    </ksState>
    <ksState>
      <x>6.911678936158993</x>
      <y>-7.291323368768948</y>
      <orientation>-0.8217194667794077</orientation>
      <velocity>2.0</velocity>
      <steeringAngle>-0.13325</steeringAngle>
      <time>24</time>
    </ksState>
    <ksState>
      <x>7.0474899845047</x>
      <y>-7.4381398834614565</y>
      <orientation>-0.8321148771683192</orientation>
      <velocity>2.0</velocity>
      <steeringAngle>-0.13325</steeringAngle>
      <time>25</time>
    </ksState>
    <ksState>
      <x>7.175072888500103</x>
      <y>-7.578931784732068</y>
      <orientation>-0.8415179561428202</orientation>
      <velocity>1.6</velocity>
      <steeringAngle>-0.1066</steeringAngle>
      <time>26</time>
    </ksState>
    <ksState>
      <x>7.274849130953206</x>
      <y>-7.690934640672268</y>
      <orientation>-0.84737651086682</orientation>
      <velocity>1.2000000000000002</velocity>
      <steeringAngle>-0.07995</steeringAngle>
      <time>27</time>
    </ksState>
    <ksState>
      <x>7.347593916859777</x>
      <y>-7.7734463713489195</y>
      <orientation>-0.8505342115839593</orientation>
      <velocity>0.8000000000000003</velocity>
      <steeringAngle>-0.053299999999999986</steeringAngle>
      <time>28</time>
    </ksState>
    <ksState>
      <x>7.39374597068841</x>
      <y>-7.826077038318985</y>
      <orientation>-0.851826969691958</orientation>
      <velocity>0.4000000000000003</velocity>
      <steeringAngle>-0.02664999999999998</steeringAngle>
      <time>29</time>
    </ksState>
    <ksState>
      <x>7.413502699331867</x>
      <y>-7.848652947265508</y>
      <orientation>-0.8520853669924449</orientation>
      <velocity>2.7755575615628914e-16</velocity>
      <steeringAngle>2.42861286636753e-17</steeringAngle>
      <time>30</time>
    </ksState>
  </ksTrajectory>
</CommonRoadSolution>
