<?xml version="1.0" ?>
<CommonRoadSolution benchmark_id="KS2:SM1:USA_Lanker-2_26_T-1:2018b" date="2019-11-18">
  <ksTrajectory planningProblem="2858">
    <ksState>
      <x>0.0</x>
      <y>0.0</y>
      <orientation>-2.0424</orientation>
      <velocity>9.0</velocity>
      <steeringAngle>0.0</steeringAngle>
      <time>0</time>
    </ksState>
    <ksState>
      <x>-0.41569867022205</x>
      <y>-0.8151193873142876</y>
      <orientation>-2.0424</orientation>
      <velocity>9.600000000000001</velocity>
      <steeringAngle>0.0</steeringAngle>
      <time>1</time>
    </ksState>
    <ksState>
      <x>-0.8586562696389884</x>
      <y>-1.6836892262557415</y>
      <orientation>-2.0424</orientation>
      <velocity>10.200000000000003</velocity>
      <steeringAngle>0.0</steeringAngle>
      <time>2</time>
    </ksState>
    <ksState>
      <x>-1.3288727982508157</x>
      <y>-2.6057095168243625</y>
      <orientation>-2.0424</orientation>
      <velocity>10.800000000000004</velocity>
      <steeringAngle>0.0</steeringAngle>
      <time>3</time>
    </ksState>
    <ksState>
      <x>-1.8263482560575315</x>
      <y>-3.5811802590201496</y>
      <orientation>-2.0424</orientation>
      <velocity>11.400000000000006</velocity>
      <steeringAngle>0.0</steeringAngle>
      <time>4</time>
    </ksState>
    <ksState>
      <x>-2.3510826430591356</x>
      <y>-4.610101452843103</y>
      <orientation>-2.0424</orientation>
      <velocity>12.000000000000007</velocity>
      <steeringAngle>0.0</steeringAngle>
      <time>5</time>
    </ksState>
    <ksState>
      <x>-2.900804381822721</x>
      <y>-5.688018893990958</y>
      <orientation>-2.0424</orientation>
      <velocity>12.399999999999999</velocity>
      <steeringAngle>0.0</steeringAngle>
      <time>6</time>
    </ksState>
    <ksState>
      <x>-3.468698740049565</x>
      <y>-6.801569969556924</y>
      <orientation>-2.0424</orientation>
      <velocity>12.799999999999997</velocity>
      <steeringAngle>0.0</steeringAngle>
      <time>7</time>
    </ksState>
    <ksState>
      <x>-4.054765717739668</x>
      <y>-7.950754679541002</y>
      <orientation>-2.0424</orientation>
      <velocity>13.199999999999996</velocity>
      <steeringAngle>0.0</steeringAngle>
      <time>8</time>
    </ksState>
    <ksState>
      <x>-4.6590053148930295</x>
      <y>-9.13557302394319</y>
      <orientation>-2.0424</orientation>
      <velocity>13.599999999999994</velocity>
      <steeringAngle>0.0</steeringAngle>
      <time>9</time>
    </ksState>
    <ksState>
      <x>-5.281417531509651</x>
      <y>-10.356025002763488</y>
      <orientation>-2.0424</orientation>
      <velocity>13.999999999999993</velocity>
      <steeringAngle>0.0</steeringAngle>
      <time>10</time>
    </ksState>
    <ksState>
      <x>-5.912916057857902</x>
      <y>-11.594293798792842</y>
      <orientation>-2.0424</orientation>
      <velocity>13.600000000000001</velocity>
      <steeringAngle>0.0</steeringAngle>
      <time>11</time>
    </ksState>
    <ksState>
      <x>-6.526241964742893</x>
      <y>-12.796928960404086</y>
      <orientation>-2.0424</orientation>
      <velocity>13.200000000000003</velocity>
      <steeringAngle>0.0</steeringAngle>
      <time>12</time>
    </ksState>
    <ksState>
      <x>-7.121395252164627</x>
      <y>-13.96393048759722</y>
      <orientation>-2.0424</orientation>
      <velocity>12.800000000000004</velocity>
      <steeringAngle>0.0</steeringAngle>
      <time>13</time>
    </ksState>
    <ksState>
      <x>-7.698375920123101</x>
      <y>-15.095298380372244</y>
      <orientation>-2.0424</orientation>
      <velocity>12.400000000000006</velocity>
      <steeringAngle>0.0</steeringAngle>
      <time>14</time>
    </ksState>
    <ksState>
      <x>-8.257183968618316</x>
      <y>-16.191032638729155</y>
      <orientation>-2.0424</orientation>
      <velocity>12.000000000000007</velocity>
      <steeringAngle>0.0</steeringAngle>
      <time>15</time>
    </ksState>
    <ksState>
      <x>-8.793276242784456</x>
      <y>-17.242224854063426</y>
      <orientation>-2.039403017145298</orientation>
      <velocity>11.2</velocity>
      <steeringAngle>0.026650000000000004</steeringAngle>
      <time>16</time>
    </ksState>
    <ksState>
      <x>-9.287291418696606</x>
      <y>-18.225046747512714</y>
      <orientation>-2.025239862853207</orientation>
      <velocity>10.399999999999999</velocity>
      <steeringAngle>0.05330000000000001</steeringAngle>
      <time>17</time>
    </ksState>
    <ksState>
      <x>-9.730187686452489</x>
      <y>-19.143857287792663</y>
      <orientation>-2.001546097887113</orientation>
      <velocity>9.599999999999998</velocity>
      <steeringAngle>0.07995000000000001</steeringAngle>
      <time>18</time>
    </ksState>
    <ksState>
      <x>-10.116432508230332</x>
      <y>-20.0008087663637</y>
      <orientation>-1.9699477659306956</orientation>
      <velocity>8.799999999999997</velocity>
      <steeringAngle>0.10660000000000001</steeringAngle>
      <time>19</time>
    </ksState>
    <ksState>
      <x>-10.44356813569421</x>
      <y>-20.796120458532425</y>
      <orientation>-1.9320659729919845</orientation>
      <velocity>7.9999999999999964</velocity>
      <steeringAngle>0.13325</steeringAngle>
      <time>20</time>
    </ksState>
    <ksState>
      <x>-10.710179944237327</x>
      <y>-21.52377305912328</y>
      <orientation>-1.8937527614639729</orientation>
      <velocity>7.0</velocity>
      <steeringAngle>0.1066</steeringAngle>
      <time>21</time>
    </ksState>
    <ksState>
      <x>-10.919919241252298</x>
      <y>-22.165341791111597</y>
      <orientation>-1.867441454561888</orientation>
      <velocity>6.0</velocity>
      <steeringAngle>0.07995</steeringAngle>
      <time>22</time>
    </ksState>
    <ksState>
      <x>-11.085544925004804</x>
      <y>-22.715965043733178</y>
      <orientation>-1.851006130388533</orientation>
      <velocity>5.0</velocity>
      <steeringAngle>0.053299999999999986</steeringAngle>
      <time>23</time>
    </ksState>
    <ksState>
      <x>-11.215790533171557</x>
      <y>-23.17275775055578</y>
      <orientation>-1.8423448054643994</orientation>
      <velocity>4.0</velocity>
      <steeringAngle>0.02664999999999998</steeringAngle>
      <time>24</time>
    </ksState>
    <ksState>
      <x>-11.316025731080213</x>
      <y>-23.534113192643915</y>
      <orientation>-1.8393732915731478</orientation>
      <velocity>3.0</velocity>
      <steeringAngle>-2.42861286636753e-17</steeringAngle>
      <time>25</time>
    </ksState>
    <ksState>
      <x>-11.391653241918263</x>
      <y>-23.808895796904885</y>
      <orientation>-1.8400708651686388</orientation>
      <velocity>2.4000000000000004</velocity>
      <steeringAngle>-0.026650000000000004</steeringAngle>
      <time>26</time>
    </ksState>
    <ksState>
      <x>-11.45163600631266</x>
      <y>-24.025753004741922</y>
      <orientation>-1.8429396591600467</orientation>
      <velocity>1.8000000000000005</velocity>
      <steeringAngle>-0.05330000000000001</steeringAngle>
      <time>27</time>
    </ksState>
    <ksState>
      <x>-11.496121894014017</x>
      <y>-24.184642848333837</y>
      <orientation>-1.8467419705175665</orientation>
      <velocity>1.2000000000000004</velocity>
      <steeringAngle>-0.07995000000000001</steeringAngle>
      <time>28</time>
    </ksState>
    <ksState>
      <x>-11.524810559203567</x>
      <y>-24.28564755667907</y>
      <orientation>-1.8502383420223947</orientation>
      <velocity>0.6000000000000003</velocity>
      <steeringAngle>-0.10660000000000001</steeringAngle>
      <time>29</time>
    </ksState>
    <ksState>
      <x>-11.53724037415901</x>
      <y>-24.328896822602474</y>
      <orientation>-1.852184013695482</orientation>
      <velocity>2.220446049250313e-16</velocity>
      <steeringAngle>-0.13325</steeringAngle>
      <time>30</time>
    </ksState>
    <ksState>
      <x>-11.53724037415901</x>
      <y>-24.328896822602474</y>
      <orientation>-1.852184013695482</orientation>
      <velocity>0.0</velocity>
      <steeringAngle>-0.1066</steeringAngle>
      <time>31</time>
    </ksState>
    <ksState>
      <x>-11.53724037415901</x>
      <y>-24.328896822602474</y>
      <orientation>-1.852184013695482</orientation>
      <velocity>0.0</velocity>
      <steeringAngle>-0.07995</steeringAngle>
      <time>32</time>
    </ksState>
    <ksState>
      <x>-11.53724037415901</x>
      <y>-24.328896822602474</y>
      <orientation>-1.852184013695482</orientation>
      <velocity>0.0</velocity>
      <steeringAngle>-0.053299999999999986</steeringAngle>
      <time>33</time>
    </ksState>
    <ksState>
      <x>-11.53724037415901</x>
      <y>-24.328896822602474</y>
      <orientation>-1.852184013695482</orientation>
      <velocity>0.0</velocity>
      <steeringAngle>-0.02664999999999998</steeringAngle>
      <time>34</time>
    </ksState>
    <ksState>
      <x>-11.53724037415901</x>
      <y>-24.328896822602474</y>
      <orientation>-1.852184013695482</orientation>
      <velocity>0.0</velocity>
      <steeringAngle>2.42861286636753e-17</steeringAngle>
      <time>35</time>
    </ksState>
    <ksState>
      <x>-11.53724037415901</x>
      <y>-24.328896822602474</y>
      <orientation>-1.852184013695482</orientation>
      <velocity>0.0</velocity>
      <steeringAngle>0.0</steeringAngle>
      <time>36</time>
    </ksState>
    <ksState>
      <x>-11.53724037415901</x>
      <y>-24.328896822602474</y>
      <orientation>-1.852184013695482</orientation>
      <velocity>0.0</velocity>
      <steeringAngle>0.0</steeringAngle>
      <time>37</time>
    </ksState>
    <ksState>
      <x>-11.53724037415901</x>
      <y>-24.328896822602474</y>
      <orientation>-1.852184013695482</orientation>
      <velocity>0.0</velocity>
      <steeringAngle>0.0</steeringAngle>
      <time>38</time>
    </ksState>
    <ksState>
      <x>-11.53724037415901</x>
      <y>-24.328896822602474</y>
      <orientation>-1.852184013695482</orientation>
      <velocity>0.0</velocity>
      <steeringAngle>0.0</steeringAngle>
      <time>39</time>
    </ksState>
    <ksState>
      <x>-11.53724037415901</x>
      <y>-24.328896822602474</y>
      <orientation>-1.852184013695482</orientation>
      <velocity>0.0</velocity>
      <steeringAngle>0.0</steeringAngle>
      <time>40</time>
    </ksState>
    <ksState>
      <x>-11.53724037415901</x>
      <y>-24.328896822602474</y>
      <orientation>-1.852184013695482</orientation>
      <velocity>0.0</velocity>
      <steeringAngle>0.0</steeringAngle>
      <time>41</time>
    </ksState>
    <ksState>
      <x>-11.53724037415901</x>
      <y>-24.328896822602474</y>
      <orientation>-1.852184013695482</orientation>
      <velocity>0.0</velocity>
      <steeringAngle>0.0</steeringAngle>
      <time>42</time>
    </ksState>
    <ksState>
      <x>-11.53724037415901</x>
      <y>-24.328896822602474</y>
      <orientation>-1.852184013695482</orientation>
      <velocity>0.0</velocity>
      <steeringAngle>0.0</steeringAngle>
      <time>43</time>
    </ksState>
    <ksState>
      <x>-11.53724037415901</x>
      <y>-24.328896822602474</y>
      <orientation>-1.852184013695482</orientation>
      <velocity>0.0</velocity>
      <steeringAngle>0.0</steeringAngle>
      <time>44</time>
    </ksState>
    <ksState>
      <x>-11.53724037415901</x>
      <y>-24.328896822602474</y>
      <orientation>-1.852184013695482</orientation>
      <velocity>0.0</velocity>
      <steeringAngle>0.0</steeringAngle>
      <time>45</time>
    </ksState>
    <ksState>
      <x>-11.53724037415901</x>
      <y>-24.328896822602474</y>
      <orientation>-1.852184013695482</orientation>
      <velocity>0.0</velocity>
      <steeringAngle>0.0</steeringAngle>
      <time>46</time>
    </ksState>
    <ksState>
      <x>-11.53724037415901</x>
      <y>-24.328896822602474</y>
      <orientation>-1.852184013695482</orientation>
      <velocity>0.0</velocity>
      <steeringAngle>0.0</steeringAngle>
      <time>47</time>
    </ksState>
    <ksState>
      <x>-11.53724037415901</x>
      <y>-24.328896822602474</y>
      <orientation>-1.852184013695482</orientation>
      <velocity>0.0</velocity>
      <steeringAngle>0.0</steeringAngle>
      <time>48</time>
    </ksState>
    <ksState>
      <x>-11.53724037415901</x>
      <y>-24.328896822602474</y>
      <orientation>-1.852184013695482</orientation>
      <velocity>0.0</velocity>
      <steeringAngle>0.0</steeringAngle>
      <time>49</time>
    </ksState>
    <ksState>
      <x>-11.53724037415901</x>
      <y>-24.328896822602474</y>
      <orientation>-1.852184013695482</orientation>
      <velocity>0.0</velocity>
      <steeringAngle>0.0</steeringAngle>
      <time>50</time>
    </ksState>
    <ksState>
      <x>-11.53724037415901</x>
      <y>-24.328896822602474</y>
      <orientation>-1.852184013695482</orientation>
      <velocity>0.0</velocity>
      <steeringAngle>0.0</steeringAngle>
      <time>51</time>
    </ksState>
    <ksState>
      <x>-11.53724037415901</x>
      <y>-24.328896822602474</y>
      <orientation>-1.852184013695482</orientation>
      <velocity>0.0</velocity>
      <steeringAngle>0.0</steeringAngle>
      <time>52</time>
    </ksState>
    <ksState>
      <x>-11.53724037415901</x>
      <y>-24.328896822602474</y>
      <orientation>-1.852184013695482</orientation>
      <velocity>0.0</velocity>
      <steeringAngle>0.0</steeringAngle>
      <time>53</time>
    </ksState>
    <ksState>
      <x>-11.53724037415901</x>
      <y>-24.328896822602474</y>
      <orientation>-1.852184013695482</orientation>
      <velocity>0.0</velocity>
      <steeringAngle>0.0</steeringAngle>
      <time>54</time>
    </ksState>
    <ksState>
      <x>-11.53724037415901</x>
      <y>-24.328896822602474</y>
      <orientation>-1.852184013695482</orientation>
      <velocity>0.0</velocity>
      <steeringAngle>0.0</steeringAngle>
      <time>55</time>
    </ksState>
    <ksState>
      <x>-11.53724037415901</x>
      <y>-24.328896822602474</y>
      <orientation>-1.852184013695482</orientation>
      <velocity>0.0</velocity>
      <steeringAngle>0.0</steeringAngle>
      <time>56</time>
    </ksState>
    <ksState>
      <x>-11.53724037415901</x>
      <y>-24.328896822602474</y>
      <orientation>-1.852184013695482</orientation>
      <velocity>0.0</velocity>
      <steeringAngle>0.0</steeringAngle>
      <time>57</time>
    </ksState>
    <ksState>
      <x>-11.53724037415901</x>
      <y>-24.328896822602474</y>
      <orientation>-1.852184013695482</orientation>
      <velocity>0.0</velocity>
      <steeringAngle>0.0</steeringAngle>
      <time>58</time>
    </ksState>
    <ksState>
      <x>-11.53724037415901</x>
      <y>-24.328896822602474</y>
      <orientation>-1.852184013695482</orientation>
      <velocity>0.0</velocity>
      <steeringAngle>0.0</steeringAngle>
      <time>59</time>
    </ksState>
    <ksState>
      <x>-11.53724037415901</x>
      <y>-24.328896822602474</y>
      <orientation>-1.852184013695482</orientation>
      <velocity>0.0</velocity>
      <steeringAngle>0.0</steeringAngle>
      <time>60</time>
    </ksState>
    <ksState>
      <x>-11.53724037415901</x>
      <y>-24.328896822602474</y>
      <orientation>-1.852184013695482</orientation>
      <velocity>0.0</velocity>
      <steeringAngle>0.0</steeringAngle>
      <time>61</time>
    </ksState>
    <ksState>
      <x>-11.53724037415901</x>
      <y>-24.328896822602474</y>
      <orientation>-1.852184013695482</orientation>
      <velocity>0.0</velocity>
      <steeringAngle>0.0</steeringAngle>
      <time>62</time>
    </ksState>
    <ksState>
      <x>-11.53724037415901</x>
      <y>-24.328896822602474</y>
      <orientation>-1.852184013695482</orientation>
      <velocity>0.0</velocity>
      <steeringAngle>0.0</steeringAngle>
      <time>63</time>
    </ksState>
    <ksState>
      <x>-11.53724037415901</x>
      <y>-24.328896822602474</y>
      <orientation>-1.852184013695482</orientation>
      <velocity>0.0</velocity>
      <steeringAngle>0.0</steeringAngle>
      <time>64</time>
    </ksState>
    <ksState>
      <x>-11.53724037415901</x>
      <y>-24.328896822602474</y>
      <orientation>-1.852184013695482</orientation>
      <velocity>0.0</velocity>
      <steeringAngle>0.0</steeringAngle>
      <time>65</time>
    </ksState>
    <ksState>
      <x>-11.53724037415901</x>
      <y>-24.328896822602474</y>
      <orientation>-1.852184013695482</orientation>
      <velocity>0.0</velocity>
      <steeringAngle>0.0</steeringAngle>
      <time>66</time>
    </ksState>
    <ksState>
      <x>-11.53724037415901</x>
      <y>-24.328896822602474</y>
      <orientation>-1.852184013695482</orientation>
      <velocity>0.0</velocity>
      <steeringAngle>0.0</steeringAngle>
      <time>67</time>
    </ksState>
    <ksState>
      <x>-11.53724037415901</x>
      <y>-24.328896822602474</y>
      <orientation>-1.852184013695482</orientation>
      <velocity>0.0</velocity>
      <steeringAngle>0.0</steeringAngle>
      <time>68</time>
    </ksState>
    <ksState>
      <x>-11.53724037415901</x>
      <y>-24.328896822602474</y>
      <orientation>-1.852184013695482</orientation>
      <velocity>0.0</velocity>
      <steeringAngle>0.0</steeringAngle>
      <time>69</time>
    </ksState>
    <ksState>
      <x>-11.53724037415901</x>
      <y>-24.328896822602474</y>
      <orientation>-1.852184013695482</orientation>
      <velocity>0.0</velocity>
      <steeringAngle>0.0</steeringAngle>
      <time>70</time>
    </ksState>
  </ksTrajectory>
</CommonRoadSolution>
