<?xml version="1.0" ?>
<CommonRoadSolution benchmark_id="KS2:SM1:DEU_Gar-1_1_T-1:2018b" date="2019-11-18">
  <ksTrajectory planningProblem="800">
    <ksState>
      <x>0.0</x>
      <y>0.0</y>
      <orientation>0.0</orientation>
      <velocity>17.0</velocity>
      <steeringAngle>0.0</steeringAngle>
      <time>0</time>
    </ksState>
    <ksState>
      <x>1.71</x>
      <y>0.0</y>
      <orientation>0.0</orientation>
      <velocity>17.4</velocity>
      <steeringAngle>0.0</steeringAngle>
      <time>1</time>
    </ksState>
    <ksState>
      <x>3.46</x>
      <y>0.0</y>
      <orientation>0.0</orientation>
      <velocity>17.799999999999997</velocity>
      <steeringAngle>0.0</steeringAngle>
      <time>2</time>
    </ksState>
    <ksState>
      <x>5.25</x>
      <y>0.0</y>
      <orientation>0.0</orientation>
      <velocity>18.199999999999996</velocity>
      <steeringAngle>0.0</steeringAngle>
      <time>3</time>
    </ksState>
    <ksState>
      <x>7.08</x>
      <y>0.0</y>
      <orientation>0.0</orientation>
      <velocity>18.599999999999994</velocity>
      <steeringAngle>0.0</steeringAngle>
      <time>4</time>
    </ksState>
    <ksState>
      <x>8.95</x>
      <y>0.0</y>
      <orientation>0.0</orientation>
      <velocity>18.999999999999993</velocity>
      <steeringAngle>0.0</steeringAngle>
      <time>5</time>
    </ksState>
    <ksState>
      <x>10.83</x>
      <y>0.0</y>
      <orientation>0.0</orientation>
      <velocity>18.200000000000003</velocity>
      <steeringAngle>0.0</steeringAngle>
      <time>6</time>
    </ksState>
    <ksState>
      <x>12.629999999999999</x>
      <y>0.0</y>
      <orientation>0.0</orientation>
      <velocity>17.400000000000006</velocity>
      <steeringAngle>0.0</steeringAngle>
      <time>7</time>
    </ksState>
    <ksState>
      <x>14.350000000000001</x>
      <y>0.0</y>
      <orientation>0.0</orientation>
      <velocity>16.60000000000001</velocity>
      <steeringAngle>0.0</steeringAngle>
      <time>8</time>
    </ksState>
    <ksState>
      <x>15.990000000000002</x>
      <y>0.0</y>
      <orientation>0.0</orientation>
      <velocity>15.80000000000001</velocity>
      <steeringAngle>0.0</steeringAngle>
      <time>9</time>
    </ksState>
    <ksState>
      <x>17.550000000000004</x>
      <y>0.0</y>
      <orientation>0.0</orientation>
      <velocity>15.000000000000009</velocity>
      <steeringAngle>0.0</steeringAngle>
      <time>10</time>
    </ksState>
    <ksState>
      <x>19.025000000000006</x>
      <y>0.0</y>
      <orientation>0.0</orientation>
      <velocity>14.0</velocity>
      <steeringAngle>0.0</steeringAngle>
      <time>11</time>
    </ksState>
    <ksState>
      <x>20.400000000000006</x>
      <y>0.0</y>
      <orientation>0.0</orientation>
      <velocity>13.0</velocity>
      <steeringAngle>0.0</steeringAngle>
      <time>12</time>
    </ksState>
    <ksState>
      <x>21.675000000000004</x>
      <y>0.0</y>
      <orientation>0.0</orientation>
      <velocity>12.0</velocity>
      <steeringAngle>0.0</steeringAngle>
      <time>13</time>
    </ksState>
    <ksState>
      <x>22.850000000000005</x>
      <y>0.0</y>
      <orientation>0.0</orientation>
      <velocity>11.0</velocity>
      <steeringAngle>0.0</steeringAngle>
      <time>14</time>
    </ksState>
    <ksState>
      <x>23.925000000000004</x>
      <y>0.0</y>
      <orientation>0.0</orientation>
      <velocity>10.0</velocity>
      <steeringAngle>0.0</steeringAngle>
      <time>15</time>
    </ksState>
    <ksState>
      <x>24.920000000000005</x>
      <y>0.0</y>
      <orientation>0.0</orientation>
      <velocity>9.8</velocity>
      <steeringAngle>0.0</steeringAngle>
      <time>16</time>
    </ksState>
    <ksState>
      <x>25.895000000000003</x>
      <y>0.0</y>
      <orientation>0.0</orientation>
      <velocity>9.600000000000001</velocity>
      <steeringAngle>0.0</steeringAngle>
      <time>17</time>
    </ksState>
    <ksState>
      <x>26.850000000000005</x>
      <y>0.0</y>
      <orientation>0.0</orientation>
      <velocity>9.400000000000002</velocity>
      <steeringAngle>0.0</steeringAngle>
      <time>18</time>
    </ksState>
    <ksState>
      <x>27.785000000000004</x>
      <y>0.0</y>
      <orientation>0.0</orientation>
      <velocity>9.200000000000003</velocity>
      <steeringAngle>0.0</steeringAngle>
      <time>19</time>
    </ksState>
    <ksState>
      <x>28.700000000000006</x>
      <y>0.0</y>
      <orientation>0.0</orientation>
      <velocity>9.000000000000004</velocity>
      <steeringAngle>0.0</steeringAngle>
      <time>20</time>
    </ksState>
  </ksTrajectory>
</CommonRoadSolution>
