<?xml version="1.0" ?>
<CommonRoadSolution benchmark_id="KS2:SM1:DEU_Muc-25_2_T-1:2018b" date="2019-11-18">
  <ksTrajectory planningProblem="1">
    <ksState>
      <x>-200.8485</x>
      <y>124.1035</y>
      <orientation>-1.3377</orientation>
      <velocity>7.0</velocity>
      <steeringAngle>0.0</steeringAngle>
      <time>0</time>
    </ksState>
    <ksState>
      <x>-200.68218632503485</x>
      <y>123.40297179819825</y>
      <orientation>-1.3377</orientation>
      <velocity>7.800000000000001</velocity>
      <steeringAngle>0.0</steeringAngle>
      <time>1</time>
    </ksState>
    <ksState>
      <x>-200.49739335285133</x>
      <y>122.62460712952965</y>
      <orientation>-1.3377</orientation>
      <velocity>8.600000000000001</velocity>
      <steeringAngle>0.0</steeringAngle>
      <time>2</time>
    </ksState>
    <ksState>
      <x>-200.29412108344948</x>
      <y>121.76840599399418</y>
      <orientation>-1.3377</orientation>
      <velocity>9.400000000000002</velocity>
      <steeringAngle>0.0</steeringAngle>
      <time>3</time>
    </ksState>
    <ksState>
      <x>-200.07236951682927</x>
      <y>120.83436839159187</y>
      <orientation>-1.3377</orientation>
      <velocity>10.200000000000003</velocity>
      <steeringAngle>0.0</steeringAngle>
      <time>4</time>
    </ksState>
    <ksState>
      <x>-199.8321386529907</x>
      <y>119.82249432232267</y>
      <orientation>-1.3377</orientation>
      <velocity>10.997021226415097</velocity>
      <steeringAngle>0.0</steeringAngle>
      <time>5</time>
    </ksState>
    <ksState>
      <x>-199.57458344800992</x>
      <y>118.7376485653658</y>
      <orientation>-1.3377</orientation>
      <velocity>11.600000000000001</velocity>
      <steeringAngle>0.0</steeringAngle>
      <time>6</time>
    </ksState>
    <ksState>
      <x>-199.3031687701154</x>
      <y>117.5944254582588</y>
      <orientation>-1.3377</orientation>
      <velocity>12.200000000000003</velocity>
      <steeringAngle>0.0</steeringAngle>
      <time>7</time>
    </ksState>
    <ksState>
      <x>-199.0178946193071</x>
      <y>116.39282500100163</y>
      <orientation>-1.3377</orientation>
      <velocity>12.800000000000004</velocity>
      <steeringAngle>0.0</steeringAngle>
      <time>8</time>
    </ksState>
    <ksState>
      <x>-198.71876099558506</x>
      <y>115.13284719359433</y>
      <orientation>-1.3377</orientation>
      <velocity>13.400000000000006</velocity>
      <steeringAngle>0.0</steeringAngle>
      <time>9</time>
    </ksState>
    <ksState>
      <x>-198.40576789894925</x>
      <y>113.81449203603688</y>
      <orientation>-1.3377</orientation>
      <velocity>14.000000000000007</velocity>
      <steeringAngle>0.0</steeringAngle>
      <time>10</time>
    </ksState>
    <ksState>
      <x>-198.0800702854758</x>
      <y>112.44262430750847</y>
      <orientation>-1.3377</orientation>
      <velocity>14.399999999999999</velocity>
      <steeringAngle>0.0</steeringAngle>
      <time>11</time>
    </ksState>
    <ksState>
      <x>-197.7451330233932</x>
      <y>111.03183834554662</y>
      <orientation>-1.3377</orientation>
      <velocity>14.799999999999997</velocity>
      <steeringAngle>0.0</steeringAngle>
      <time>12</time>
    </ksState>
    <ksState>
      <x>-197.40095611270144</x>
      <y>109.58213415015135</y>
      <orientation>-1.3377</orientation>
      <velocity>15.199999999999996</velocity>
      <steeringAngle>0.0</steeringAngle>
      <time>13</time>
    </ksState>
    <ksState>
      <x>-197.04753955340047</x>
      <y>108.09351172132264</y>
      <orientation>-1.3377</orientation>
      <velocity>15.599999999999994</velocity>
      <steeringAngle>0.0</steeringAngle>
      <time>14</time>
    </ksState>
    <ksState>
      <x>-196.68488334549033</x>
      <y>106.56597105906052</y>
      <orientation>-1.3377</orientation>
      <velocity>15.999999999999993</velocity>
      <steeringAngle>0.0</steeringAngle>
      <time>15</time>
    </ksState>
    <ksState>
      <x>-196.31298748897103</x>
      <y>104.99951216336495</y>
      <orientation>-1.3377</orientation>
      <velocity>16.4</velocity>
      <steeringAngle>0.0</steeringAngle>
      <time>16</time>
    </ksState>
    <ksState>
      <x>-195.93185198384253</x>
      <y>103.39413503423596</y>
      <orientation>-1.3377</orientation>
      <velocity>16.799999999999997</velocity>
      <steeringAngle>0.0</steeringAngle>
      <time>17</time>
    </ksState>
    <ksState>
      <x>-195.54147683010487</x>
      <y>101.74983967167353</y>
      <orientation>-1.3377</orientation>
      <velocity>17.199999999999996</velocity>
      <steeringAngle>0.0</steeringAngle>
      <time>18</time>
    </ksState>
    <ksState>
      <x>-195.14186202775804</x>
      <y>100.06662607567768</y>
      <orientation>-1.3377</orientation>
      <velocity>17.599999999999994</velocity>
      <steeringAngle>0.0</steeringAngle>
      <time>19</time>
    </ksState>
    <ksState>
      <x>-194.73300757680204</x>
      <y>98.34449424624839</y>
      <orientation>-1.3377</orientation>
      <velocity>17.999999999999993</velocity>
      <steeringAngle>0.0</steeringAngle>
      <time>20</time>
    </ksState>
    <ksState>
      <x>-194.32184321369374</x>
      <y>96.61263285846074</y>
      <orientation>-1.3377</orientation>
      <velocity>17.200000000000003</velocity>
      <steeringAngle>0.0</steeringAngle>
      <time>21</time>
    </ksState>
    <ksState>
      <x>-193.92915814780378</x>
      <y>94.95860793753997</y>
      <orientation>-1.3377</orientation>
      <velocity>16.400000000000006</velocity>
      <steeringAngle>0.0</steeringAngle>
      <time>22</time>
    </ksState>
    <ksState>
      <x>-193.55495237913217</x>
      <y>93.38241948348603</y>
      <orientation>-1.3377</orientation>
      <velocity>15.600000000000007</velocity>
      <steeringAngle>0.0</steeringAngle>
      <time>23</time>
    </ksState>
    <ksState>
      <x>-193.1992259076789</x>
      <y>91.88406749629897</y>
      <orientation>-1.3377</orientation>
      <velocity>14.800000000000006</velocity>
      <steeringAngle>0.0</steeringAngle>
      <time>24</time>
    </ksState>
    <ksState>
      <x>-192.861978733444</x>
      <y>90.46355197597877</y>
      <orientation>-1.3377</orientation>
      <velocity>14.000000000000005</velocity>
      <steeringAngle>0.0</steeringAngle>
      <time>25</time>
    </ksState>
    <ksState>
      <x>-192.54321085642746</x>
      <y>89.12087292252544</y>
      <orientation>-1.3377</orientation>
      <velocity>13.2</velocity>
      <steeringAngle>0.0</steeringAngle>
      <time>26</time>
    </ksState>
    <ksState>
      <x>-192.24292227662926</x>
      <y>87.85603033593895</y>
      <orientation>-1.3377</orientation>
      <velocity>12.399999999999999</velocity>
      <steeringAngle>0.0</steeringAngle>
      <time>27</time>
    </ksState>
    <ksState>
      <x>-191.96111299404942</x>
      <y>86.66902421621933</y>
      <orientation>-1.3377</orientation>
      <velocity>11.599999999999998</velocity>
      <steeringAngle>0.0</steeringAngle>
      <time>28</time>
    </ksState>
    <ksState>
      <x>-191.6977830086879</x>
      <y>85.55985456336657</y>
      <orientation>-1.3377</orientation>
      <velocity>10.799999999999997</velocity>
      <steeringAngle>0.0</steeringAngle>
      <time>29</time>
    </ksState>
    <ksState>
      <x>-191.45293232054476</x>
      <y>84.52852137738067</y>
      <orientation>-1.3377</orientation>
      <velocity>9.999999999999996</velocity>
      <steeringAngle>0.0</steeringAngle>
      <time>30</time>
    </ksState>
    <ksState>
      <x>-191.22656092961995</x>
      <y>83.57502465826163</y>
      <orientation>-1.3352197383271431</orientation>
      <velocity>9.2</velocity>
      <steeringAngle>0.026650000000000004</steeringAngle>
      <time>31</time>
    </ksState>
    <ksState>
      <x>-191.0144645035035</x>
      <y>82.70037585423475</y>
      <orientation>-1.323641107944272</orientation>
      <velocity>8.399999999999999</velocity>
      <steeringAngle>0.05330000000000001</steeringAngle>
      <time>32</time>
    </ksState>
    <ksState>
      <x>-190.81048817123397</x>
      <y>81.90615864638508</y>
      <orientation>-1.3046033471005283</orientation>
      <velocity>7.599999999999998</velocity>
      <steeringAngle>0.07995000000000001</steeringAngle>
      <time>33</time>
    </ksState>
    <ksState>
      <x>-190.61172979107295</x>
      <y>81.19336411774114</y>
      <orientation>-1.2797391409649392</orientation>
      <velocity>6.799999999999997</velocity>
      <steeringAngle>0.10660000000000001</steeringAngle>
      <time>34</time>
    </ksState>
    <ksState>
      <x>-190.41801758436856</x>
      <y>80.56244896662753</y>
      <orientation>-1.2506792390365433</orientation>
      <velocity>5.9999999999999964</velocity>
      <steeringAngle>0.13325</steeringAngle>
      <time>35</time>
    </ksState>
    <ksState>
      <x>-190.22972392775193</x>
      <y>80.00859906784629</y>
      <orientation>-1.2217691064830327</orientation>
      <velocity>5.4</velocity>
      <steeringAngle>0.1066</steeringAngle>
      <time>36</time>
    </ksState>
    <ksState>
      <x>-190.04750342392754</x>
      <y>79.51624548866859</y>
      <orientation>-1.2013163543049477</orientation>
      <velocity>4.800000000000001</velocity>
      <steeringAngle>0.07995</steeringAngle>
      <time>37</time>
    </ksState>
    <ksState>
      <x>-189.87801555505504</x>
      <y>79.08323756707517</y>
      <orientation>-1.188038730848732</orientation>
      <velocity>4.200000000000001</velocity>
      <steeringAngle>0.053299999999999986</steeringAngle>
      <time>38</time>
    </ksState>
    <ksState>
      <x>-189.72597102908145</x>
      <y>78.70786216927974</y>
      <orientation>-1.1806701640325972</orientation>
      <velocity>3.6000000000000014</velocity>
      <steeringAngle>0.02664999999999998</steeringAngle>
      <time>39</time>
    </ksState>
    <ksState>
      <x>-189.59448195771145</x>
      <y>78.38890210704314</y>
      <orientation>-1.1779570474418324</orientation>
      <velocity>3.0000000000000018</velocity>
      <steeringAngle>-2.42861286636753e-17</steeringAngle>
      <time>40</time>
    </ksState>
    <ksState>
      <x>-189.4738958770921</x>
      <y>78.09789695732776</y>
      <orientation>-1.1788096373918768</orientation>
      <velocity>3.5999999999999996</velocity>
      <steeringAngle>-0.026650000000000004</steeringAngle>
      <time>41</time>
    </ksState>
    <ksState>
      <x>-189.33097185164462</x>
      <y>77.7512017000063</y>
      <orientation>-1.1836944151281295</orientation>
      <velocity>4.199999999999999</velocity>
      <steeringAngle>-0.05330000000000001</steeringAngle>
      <time>42</time>
    </ksState>
    <ksState>
      <x>-189.1676625312935</x>
      <y>77.34802162344639</y>
      <orientation>-1.19386011613766</orientation>
      <velocity>4.799999999999999</velocity>
      <steeringAngle>-0.07995000000000001</steeringAngle>
      <time>43</time>
    </ksState>
    <ksState>
      <x>-188.98723660171007</x>
      <y>76.8870790223496</y>
      <orientation>-1.2105661220953168</orientation>
      <velocity>5.399999999999999</velocity>
      <steeringAngle>-0.10660000000000001</steeringAngle>
      <time>44</time>
    </ksState>
    <ksState>
      <x>-188.7945989951689</x>
      <y>76.36659262013116</y>
      <orientation>-1.235086123453176</orientation>
      <velocity>5.999999999999998</velocity>
      <steeringAngle>-0.13325</steeringAngle>
      <time>45</time>
    </ksState>
    <ksState>
      <x>-188.60608390693298</x>
      <y>75.81281805136744</y>
      <orientation>-1.2654926988407422</orientation>
      <velocity>5.4</velocity>
      <steeringAngle>-0.13325</steeringAngle>
      <time>46</time>
    </ksState>
    <ksState>
      <x>-188.45169851463749</x>
      <y>75.3110446054556</y>
      <orientation>-1.292780651111635</orientation>
      <velocity>4.800000000000001</velocity>
      <steeringAngle>-0.13325</steeringAngle>
      <time>47</time>
    </ksState>
    <ksState>
      <x>-188.32678388785573</x>
      <y>74.8631462542363</y>
      <orientation>-1.3169499802658544</orientation>
      <velocity>4.200000000000001</velocity>
      <steeringAngle>-0.13325</steeringAngle>
      <time>48</time>
    </ksState>
    <ksState>
      <x>-188.2271398133764</x>
      <y>74.47060176040341</y>
      <orientation>-1.3380006863034004</orientation>
      <velocity>3.6000000000000014</velocity>
      <steeringAngle>-0.13325</steeringAngle>
      <time>49</time>
    </ksState>
    <ksState>
      <x>-188.14905250008889</x>
      <y>74.13455894793238</y>
      <orientation>-1.3559327692242729</orientation>
      <velocity>3.0000000000000018</velocity>
      <steeringAngle>-0.13325</steeringAngle>
      <time>50</time>
    </ksState>
    <ksState>
      <x>-188.08520386271934</x>
      <y>73.83631921511426</y>
      <orientation>-1.3709719151927011</orientation>
      <velocity>3.2</velocity>
      <steeringAngle>-0.1066</steeringAngle>
      <time>51</time>
    </ksState>
    <ksState>
      <x>-188.02176657975826</x>
      <y>73.51757237577608</y>
      <orientation>-1.3835958646201485</orientation>
      <velocity>3.4000000000000004</velocity>
      <steeringAngle>-0.07995</steeringAngle>
      <time>52</time>
    </ksState>
    <ksState>
      <x>-187.9584675397691</x>
      <y>73.17843022020702</y>
      <orientation>-1.3934051107689214</orientation>
      <velocity>3.6000000000000005</velocity>
      <steeringAngle>-0.053299999999999986</steeringAngle>
      <time>53</time>
    </ksState>
    <ksState>
      <x>-187.89473708750734</x>
      <y>72.81903772206691</y>
      <orientation>-1.3999979712537705</orientation>
      <velocity>3.8000000000000007</velocity>
      <steeringAngle>-0.02664999999999998</steeringAngle>
      <time>54</time>
    </ksState>
    <ksState>
      <x>-187.82967641758162</x>
      <y>72.43957498828115</y>
      <orientation>-1.4029694667902401</orientation>
      <velocity>4.000000000000001</velocity>
      <steeringAngle>2.42861286636753e-17</steeringAngle>
      <time>55</time>
    </ksState>
    <ksState>
      <x>-187.76369556323272</x>
      <y>72.0501247002348</y>
      <orientation>-1.401961860485642</orientation>
      <velocity>3.8</velocity>
      <steeringAngle>0.026650000000000004</steeringAngle>
      <time>56</time>
    </ksState>
    <ksState>
      <x>-187.70032490652844</x>
      <y>71.68051811980061</y>
      <orientation>-1.3971288099580093</orientation>
      <velocity>3.5999999999999996</velocity>
      <steeringAngle>0.05330000000000001</steeringAngle>
      <time>57</time>
    </ksState>
    <ksState>
      <x>-187.63834074518343</x>
      <y>71.33097194693373</y>
      <orientation>-1.3888773666553105</orientation>
      <velocity>3.3999999999999995</velocity>
      <steeringAngle>0.07995000000000001</steeringAngle>
      <time>58</time>
    </ksState>
    <ksState>
      <x>-187.576876836194</x>
      <y>71.00165992853861</y>
      <orientation>-1.3776107207557922</orientation>
      <velocity>3.1999999999999993</velocity>
      <steeringAngle>0.10660000000000001</steeringAngle>
      <time>59</time>
    </ksState>
    <ksState>
      <x>-187.51539197048015</x>
      <y>70.69272058455111</y>
      <orientation>-1.3637293270159565</orientation>
      <velocity>2.999999999999999</velocity>
      <steeringAngle>0.13325</steeringAngle>
      <time>60</time>
    </ksState>
    <ksState>
      <x>-187.45257128532276</x>
      <y>70.39937404233315</y>
      <orientation>-1.3481362114325892</orientation>
      <velocity>3.0</velocity>
      <steeringAngle>0.13325</steeringAngle>
      <time>61</time>
    </ksState>
    <ksState>
      <x>-187.38518423611058</x>
      <y>70.10704269281115</y>
      <orientation>-1.332543095849222</orientation>
      <velocity>3.0</velocity>
      <steeringAngle>0.13325</steeringAngle>
      <time>62</time>
    </ksState>
    <ksState>
      <x>-187.31324720735282</x>
      <y>69.81579761352504</y>
      <orientation>-1.3169499802658546</orientation>
      <velocity>3.0</velocity>
      <steeringAngle>0.13325</steeringAngle>
      <time>63</time>
    </ksState>
    <ksState>
      <x>-187.2367776898421</x>
      <y>69.5257096178986</y>
      <orientation>-1.3013568646824871</orientation>
      <velocity>3.0</velocity>
      <steeringAngle>0.13325</steeringAngle>
      <time>64</time>
    </ksState>
    <ksState>
      <x>-187.15579427640202</x>
      <y>69.23684923802197</y>
      <orientation>-1.2857637490991198</orientation>
      <velocity>3.0</velocity>
      <steeringAngle>0.13325</steeringAngle>
      <time>65</time>
    </ksState>
    <ksState>
      <x>-187.07031665736613</x>
      <y>68.94928670750238</y>
      <orientation>-1.2709582350073607</orientation>
      <velocity>3.0</velocity>
      <steeringAngle>0.1066</steeringAngle>
      <time>66</time>
    </ksState>
    <ksState>
      <x>-186.98081593380465</x>
      <y>68.66294993216717</y>
      <orientation>-1.2592933149152754</orientation>
      <velocity>3.0</velocity>
      <steeringAngle>0.07995</steeringAngle>
      <time>67</time>
    </ksState>
    <ksState>
      <x>-186.88820415624264</x>
      <y>68.37760352860568</y>
      <orientation>-1.2507522425347686</orientation>
      <velocity>3.0</velocity>
      <steeringAngle>0.053299999999999986</steeringAngle>
      <time>68</time>
    </ksState>
    <ksState>
      <x>-186.7933800352219</x>
      <y>68.09298418734866</y>
      <orientation>-1.245322812880632</orientation>
      <velocity>3.0</velocity>
      <steeringAngle>0.02664999999999998</steeringAngle>
      <time>69</time>
    </ksState>
    <ksState>
      <x>-186.69723249421486</x>
      <y>67.80880889589734</y>
      <orientation>-1.2429972922405972</orientation>
      <velocity>3.0</velocity>
      <steeringAngle>-2.42861286636753e-17</steeringAngle>
      <time>70</time>
    </ksState>
    <ksState>
      <x>-186.6022542827997</x>
      <y>67.52951668448361</y>
      <orientation>-1.2437465379542727</orientation>
      <velocity>2.8</velocity>
      <steeringAngle>-0.026650000000000004</steeringAngle>
      <time>71</time>
    </ksState>
    <ksState>
      <x>-186.51409541414824</x>
      <y>67.26903064973138</y>
      <orientation>-1.2472873265272955</orientation>
      <velocity>2.5999999999999996</velocity>
      <steeringAngle>-0.05330000000000001</steeringAngle>
      <time>72</time>
    </ksState>
    <ksState>
      <x>-186.433350937788</x>
      <y>67.02715214302067</y>
      <orientation>-1.253210767768819</orientation>
      <velocity>2.3999999999999995</velocity>
      <steeringAngle>-0.07995000000000001</steeringAngle>
      <time>73</time>
    </ksState>
    <ksState>
      <x>-186.36037414338313</x>
      <y>66.80377086431949</y>
      <orientation>-1.2611103507579233</orientation>
      <velocity>2.1999999999999993</velocity>
      <steeringAngle>-0.10660000000000001</steeringAngle>
      <time>74</time>
    </ksState>
    <ksState>
      <x>-186.29530760950755</x>
      <y>66.59885355035267</y>
      <orientation>-1.2705807989926012</orientation>
      <velocity>1.9999999999999991</velocity>
      <steeringAngle>-0.13325</steeringAngle>
      <time>75</time>
    </ksState>
    <ksState>
      <x>-186.23665930909186</x>
      <y>66.40764657689833</y>
      <orientation>-1.281503156199042</orientation>
      <velocity>2.0</velocity>
      <steeringAngle>-0.15990000000000001</steeringAngle>
      <time>76</time>
    </ksState>
    <ksState>
      <x>-186.1802042762087</x>
      <y>66.21578089946027</y>
      <orientation>-1.2945418118205965</orientation>
      <velocity>2.0</velocity>
      <steeringAngle>-0.18655000000000002</steeringAngle>
      <time>77</time>
    </ksState>
    <ksState>
      <x>-186.12635830705506</x>
      <y>66.02316709942261</y>
      <orientation>-1.3097158220884546</orientation>
      <velocity>2.0</velocity>
      <steeringAngle>-0.21320000000000003</steeringAngle>
      <time>78</time>
    </ksState>
    <ksState>
      <x>-186.07554530361386</x>
      <y>65.82973149259756</y>
      <orientation>-1.3270475803186121</orientation>
      <velocity>2.0</velocity>
      <steeringAngle>-0.23985000000000004</steeringAngle>
      <time>79</time>
    </ksState>
    <ksState>
      <x>-186.02819819162332</x>
      <y>65.63541898212992</y>
      <orientation>-1.3465629517057272</orientation>
      <velocity>2.0</velocity>
      <steeringAngle>-0.2665</steeringAngle>
      <time>80</time>
    </ksState>
    <ksState>
      <x>-185.9858198096766</x>
      <y>65.44508241646415</y>
      <orientation>-1.36667933699142</orientation>
      <velocity>1.7999999999999998</velocity>
      <steeringAngle>-0.23985000000000004</steeringAngle>
      <time>81</time>
    </ksState>
    <ksState>
      <x>-185.95105786834722</x>
      <y>65.27357133750256</y>
      <orientation>-1.3828105783332059</orientation>
      <velocity>1.5999999999999996</velocity>
      <steeringAngle>-0.21320000000000003</steeringAngle>
      <time>82</time>
    </ksState>
    <ksState>
      <x>-185.92258650586183</x>
      <y>65.12120956107768</y>
      <orientation>-1.3954177133286543</orientation>
      <velocity>1.3999999999999995</velocity>
      <steeringAngle>-0.18655000000000002</steeringAngle>
      <time>83</time>
    </ksState>
    <ksState>
      <x>-185.89935961997622</x>
      <y>64.98822312436087</y>
      <orientation>-1.4049510860330094</orientation>
      <velocity>1.1999999999999993</velocity>
      <steeringAngle>-0.15990000000000001</steeringAngle>
      <time>84</time>
    </ksState>
    <ksState>
      <x>-185.88057832932677</x>
      <y>64.8747673327029</y>
      <orientation>-1.4118518504076512</orientation>
      <velocity>0.9999999999999992</velocity>
      <steeringAngle>-0.13325</steeringAngle>
      <time>85</time>
    </ksState>
    <ksState>
      <x>-185.8641005057075</x>
      <y>64.77106842839245</y>
      <orientation>-1.41702065364824</orientation>
      <velocity>1.2000000000000002</velocity>
      <steeringAngle>-0.1066</steeringAngle>
      <time>86</time>
    </ksState>
    <ksState>
      <x>-185.8451141559078</x>
      <y>64.64751886607189</y>
      <orientation>-1.4218679896809638</orientation>
      <velocity>1.4000000000000004</velocity>
      <steeringAngle>-0.07995</steeringAngle>
      <time>87</time>
    </ksState>
    <ksState>
      <x>-185.82376061128718</x>
      <y>64.50409989486378</y>
      <orientation>-1.4259831875760653</orientation>
      <velocity>1.6000000000000005</velocity>
      <steeringAngle>-0.053299999999999986</steeringAngle>
      <time>88</time>
    </ksState>
    <ksState>
      <x>-185.80008908664996</x>
      <y>64.34080678326231</y>
      <orientation>-1.4289564282914904</orientation>
      <velocity>1.8000000000000007</velocity>
      <steeringAngle>-0.02664999999999998</steeringAngle>
      <time>89</time>
    </ksState>
    <ksState>
      <x>-185.77402409670893</x>
      <y>64.15765217944278</y>
      <orientation>-1.4303775767346034</orientation>
      <velocity>2.000000000000001</velocity>
      <steeringAngle>2.42861286636753e-17</steeringAngle>
      <time>90</time>
    </ksState>
    <ksState>
      <x>-185.74743212318185</x>
      <y>63.969522259058124</y>
      <orientation>-1.4299125276709428</orientation>
      <velocity>1.6</velocity>
      <steeringAngle>0.026650000000000004</steeringAngle>
      <time>91</time>
    </ksState>
    <ksState>
      <x>-185.7263120851775</x>
      <y>63.82101656837386</y>
      <orientation>-1.4279999983433376</orientation>
      <velocity>1.2000000000000002</velocity>
      <steeringAngle>0.05330000000000001</steeringAngle>
      <time>92</time>
    </ksState>
    <ksState>
      <x>-185.71059639188152</x>
      <y>63.712145027729626</y>
      <orientation>-1.425465124104991</orientation>
      <velocity>0.8000000000000003</velocity>
      <steeringAngle>0.07995000000000001</steeringAngle>
      <time>93</time>
    </ksState>
    <ksState>
      <x>-185.70042209665758</x>
      <y>63.64288839004403</y>
      <orientation>-1.4231342097684387</orientation>
      <velocity>0.4000000000000003</velocity>
      <steeringAngle>0.10660000000000001</steeringAngle>
      <time>94</time>
    </ksState>
    <ksState>
      <x>-185.69600010611103</x>
      <y>63.61321608204691</y>
      <orientation>-1.421837095319714</orientation>
      <velocity>2.7755575615628914e-16</velocity>
      <steeringAngle>0.13325</steeringAngle>
      <time>95</time>
    </ksState>
    <ksState>
      <x>-185.69525806126148</x>
      <y>63.608271451682434</y>
      <orientation>-1.4215508627191147</orientation>
      <velocity>0.2</velocity>
      <steeringAngle>0.15990000000000001</steeringAngle>
      <time>96</time>
    </ksState>
    <ksState>
      <x>-185.69153148479415</x>
      <y>63.5835507605681</y>
      <orientation>-1.4199077481898856</orientation>
      <velocity>0.4</velocity>
      <steeringAngle>0.18655000000000002</steeringAngle>
      <time>97</time>
    </ksState>
    <ksState>
      <x>-185.6847310604477</x>
      <y>63.53906758220345</y>
      <orientation>-1.4164801839180925</orientation>
      <velocity>0.6</velocity>
      <steeringAngle>0.21320000000000003</steeringAngle>
      <time>98</time>
    </ksState>
    <ksState>
      <x>-185.6746531951417</x>
      <y>63.47485364312878</y>
      <orientation>-1.41083379989517</orientation>
      <velocity>0.7999999999999999</velocity>
      <steeringAngle>0.23985000000000004</steeringAngle>
      <time>99</time>
    </ksState>
    <ksState>
      <x>-185.66094582969143</x>
      <y>63.39096632445959</y>
      <orientation>-1.402526031655741</orientation>
      <velocity>0.9999999999999999</velocity>
      <steeringAngle>0.2665</steeringAngle>
      <time>100</time>
    </ksState>
    <ksState>
      <x>-185.64393731311077</x>
      <y>63.292423743158864</y>
      <orientation>-1.3916617917096332</orientation>
      <velocity>1.0</velocity>
      <steeringAngle>0.29315</steeringAngle>
      <time>101</time>
    </ksState>
    <ksState>
      <x>-185.62583173689765</x>
      <y>63.194076895271024</y>
      <orientation>-1.3796743428266716</orientation>
      <velocity>1.0</velocity>
      <steeringAngle>0.3198000000000001</steeringAngle>
      <time>102</time>
    </ksState>
    <ksState>
      <x>-185.60652068944958</x>
      <y>63.095959718466986</y>
      <orientation>-1.3665450173266644</orientation>
      <velocity>1.0</velocity>
      <steeringAngle>0.34645000000000015</steeringAngle>
      <time>103</time>
    </ksState>
    <ksState>
      <x>-185.58589484239835</x>
      <y>62.99811058991126</y>
      <orientation>-1.3522530130087906</orientation>
      <velocity>1.0</velocity>
      <steeringAngle>0.3731000000000002</steeringAngle>
      <time>104</time>
    </ksState>
    <ksState>
      <x>-185.5638439459472</x>
      <y>62.90057283322518</y>
      <orientation>-1.3367752543329798</orientation>
      <velocity>1.0</velocity>
      <steeringAngle>0.39975000000000027</steeringAngle>
      <time>105</time>
    </ksState>
    <ksState>
      <x>-185.54145610336363</x>
      <y>62.80824930679687</y>
      <orientation>-1.3214840754411856</orientation>
      <velocity>0.8</velocity>
      <steeringAngle>0.3731</steeringAngle>
      <time>106</time>
    </ksState>
    <ksState>
      <x>-185.52274502321214</x>
      <y>62.735621186383575</y>
      <orientation>-1.3103078686335081</orientation>
      <velocity>0.6000000000000001</velocity>
      <steeringAngle>0.3464499999999999</steeringAngle>
      <time>107</time>
    </ksState>
    <ksState>
      <x>-185.50847824204718</x>
      <y>62.6825039036224</y>
      <orientation>-1.3027539776116326</orientation>
      <velocity>0.40000000000000013</velocity>
      <steeringAngle>0.31979999999999986</steeringAngle>
      <time>108</time>
    </ksState>
    <ksState>
      <x>-185.49917155976368</x>
      <y>62.648763961623786</y>
      <orientation>-1.2983451326418907</orientation>
      <velocity>0.20000000000000015</velocity>
      <steeringAngle>0.2931499999999998</steeringAngle>
      <time>109</time>
    </ksState>
    <ksState>
      <x>-185.49512952900577</x>
      <y>62.6343188268423</y>
      <orientation>-1.2966175481875664</orientation>
      <velocity>1.3877787807814457e-16</velocity>
      <steeringAngle>0.26649999999999974</steeringAngle>
      <time>110</time>
    </ksState>
    <ksState>
      <x>-185.49377574659917</x>
      <y>62.62950558747618</y>
      <orientation>-1.2961159285029833</orientation>
      <velocity>0.2</velocity>
      <steeringAngle>0.23985000000000004</steeringAngle>
      <time>111</time>
    </ksState>
    <ksState>
      <x>-185.4869810739529</x>
      <y>62.6054466538186</y>
      <orientation>-1.2938270610718128</orientation>
      <velocity>0.4</velocity>
      <steeringAngle>0.21320000000000003</steeringAngle>
      <time>112</time>
    </ksState>
    <ksState>
      <x>-185.47463583451952</x>
      <y>62.5621731786411</y>
      <orientation>-1.2901843245501736</orientation>
      <velocity>0.6</velocity>
      <steeringAngle>0.18655000000000002</steeringAngle>
      <time>113</time>
    </ksState>
    <ksState>
      <x>-185.45656067197044</x>
      <y>62.49973694367297</y>
      <orientation>-1.2856139520096306</orientation>
      <velocity>0.7999999999999999</velocity>
      <steeringAngle>0.15990000000000001</steeringAngle>
      <time>114</time>
    </ksState>
    <ksState>
      <x>-185.43253943252603</x>
      <y>62.41820186660596</y>
      <orientation>-1.280536388092204</orientation>
      <velocity>0.9999999999999999</velocity>
      <steeringAngle>0.13325</steeringAngle>
      <time>115</time>
    </ksState>
    <ksState>
      <x>-185.40523829627463</x>
      <y>62.327209379208306</y>
      <orientation>-1.2758348486049536</orientation>
      <velocity>0.8</velocity>
      <steeringAngle>0.1066</steeringAngle>
      <time>116</time>
    </ksState>
    <ksState>
      <x>-185.3833800050467</x>
      <y>62.25546531152224</y>
      <orientation>-1.2729055712429538</orientation>
      <velocity>0.6000000000000001</velocity>
      <steeringAngle>0.07995</steeringAngle>
      <time>117</time>
    </ksState>
    <ksState>
      <x>-185.3672149855184</x>
      <y>62.20289448793975</y>
      <orientation>-1.2713267208843841</orientation>
      <velocity>0.40000000000000013</velocity>
      <steeringAngle>0.053299999999999986</steeringAngle>
      <time>118</time>
    </ksState>
    <ksState>
      <x>-185.35688358483907</x>
      <y>62.16945406167681</y>
      <orientation>-1.2706803418303847</orientation>
      <velocity>0.20000000000000015</velocity>
      <steeringAngle>0.02664999999999998</steeringAngle>
      <time>119</time>
    </ksState>
    <ksState>
      <x>-185.35244862599427</x>
      <y>62.15512468138627</y>
      <orientation>-1.2705511431801413</orientation>
      <velocity>1.3877787807814457e-16</velocity>
      <steeringAngle>-2.42861286636753e-17</steeringAngle>
      <time>120</time>
    </ksState>
    <ksState>
      <x>-185.35244862599427</x>
      <y>62.15512468138627</y>
      <orientation>-1.2705511431801413</orientation>
      <velocity>0.0</velocity>
      <steeringAngle>0.0</steeringAngle>
      <time>121</time>
    </ksState>
  </ksTrajectory>
</CommonRoadSolution>
