<?xml version="1.0" ?>
<CommonRoadSolution benchmark_id="KS2:SM1:USA_Peach-1_1_T-1:2018b" date="2019-11-18">
  <ksTrajectory planningProblem="1500">
    <ksState>
      <x>0.0</x>
      <y>0.0</y>
      <orientation>-1.5153</orientation>
      <velocity>13.0</velocity>
      <steeringAngle>0.0</steeringAngle>
      <time>0</time>
    </ksState>
    <ksState>
      <x>0.07238553710592864</x>
      <y>-1.302990918624488</y>
      <orientation>-1.5153</orientation>
      <velocity>13.2</velocity>
      <steeringAngle>0.0</steeringAngle>
      <time>1</time>
    </ksState>
    <ksState>
      <x>0.1458804311023696</x>
      <y>-2.625951046729811</y>
      <orientation>-1.5153</orientation>
      <velocity>13.399999999999999</velocity>
      <steeringAngle>0.0</steeringAngle>
      <time>2</time>
    </ksState>
    <ksState>
      <x>0.22048468198932286</x>
      <y>-3.9688803843159683</y>
      <orientation>-1.5153</orientation>
      <velocity>13.599999999999998</velocity>
      <steeringAngle>0.0</steeringAngle>
      <time>3</time>
    </ksState>
    <ksState>
      <x>0.2961982897667884</x>
      <y>-5.331778931382961</y>
      <orientation>-1.5153</orientation>
      <velocity>13.799999999999997</velocity>
      <steeringAngle>0.0</steeringAngle>
      <time>4</time>
    </ksState>
    <ksState>
      <x>0.3730212544347663</x>
      <y>-6.714646687930788</y>
      <orientation>-1.5153</orientation>
      <velocity>13.999999999999996</velocity>
      <steeringAngle>0.0</steeringAngle>
      <time>5</time>
    </ksState>
    <ksState>
      <x>0.44928954065748805</x>
      <y>-8.087529839738199</y>
      <orientation>-1.5153</orientation>
      <velocity>13.0</velocity>
      <steeringAngle>0.0</steeringAngle>
      <time>6</time>
    </ksState>
    <ksState>
      <x>0.5200110424276482</x>
      <y>-9.360566944141434</y>
      <orientation>-1.5153</orientation>
      <velocity>12.0</velocity>
      <steeringAngle>0.0</steeringAngle>
      <time>7</time>
    </ksState>
    <ksState>
      <x>0.5851857597452468</x>
      <y>-10.533758001140493</y>
      <orientation>-1.5153</orientation>
      <velocity>11.0</velocity>
      <steeringAngle>0.0</steeringAngle>
      <time>8</time>
    </ksState>
    <ksState>
      <x>0.6448136926102839</x>
      <y>-11.60710301073538</y>
      <orientation>-1.5153</orientation>
      <velocity>10.0</velocity>
      <steeringAngle>0.0</steeringAngle>
      <time>9</time>
    </ksState>
    <ksState>
      <x>0.6988948410227591</x>
      <y>-12.580601972926086</y>
      <orientation>-1.5153</orientation>
      <velocity>9.0</velocity>
      <steeringAngle>0.0</steeringAngle>
      <time>10</time>
    </ksState>
    <ksState>
      <x>0.7496479187636976</x>
      <y>-13.49419330667429</y>
      <orientation>-1.5153</orientation>
      <velocity>9.600000000000001</velocity>
      <steeringAngle>0.0</steeringAngle>
      <time>11</time>
    </ksState>
    <ksState>
      <x>0.803729067176173</x>
      <y>-14.467692268865</y>
      <orientation>-1.5153</orientation>
      <velocity>10.200000000000003</velocity>
      <steeringAngle>0.0</steeringAngle>
      <time>12</time>
    </ksState>
    <ksState>
      <x>0.8611382862601854</x>
      <y>-15.501098859498214</y>
      <orientation>-1.5153</orientation>
      <velocity>10.800000000000004</velocity>
      <steeringAngle>0.0</steeringAngle>
      <time>13</time>
    </ksState>
    <ksState>
      <x>0.9218755760157348</x>
      <y>-16.594413078573936</y>
      <orientation>-1.5153</orientation>
      <velocity>11.400000000000006</velocity>
      <steeringAngle>0.0</steeringAngle>
      <time>14</time>
    </ksState>
    <ksState>
      <x>0.9859409364428211</x>
      <y>-17.74763492609216</y>
      <orientation>-1.5153</orientation>
      <velocity>12.000000000000007</velocity>
      <steeringAngle>0.0</steeringAngle>
      <time>15</time>
    </ksState>
    <ksState>
      <x>1.0516703322056757</x>
      <y>-18.930810587831637</y>
      <orientation>-1.5153</orientation>
      <velocity>11.399999999999999</velocity>
      <steeringAngle>0.0</steeringAngle>
      <time>16</time>
    </ksState>
    <ksState>
      <x>1.1140716572969935</x>
      <y>-20.05407862112861</y>
      <orientation>-1.5153</orientation>
      <velocity>10.799999999999997</velocity>
      <steeringAngle>0.0</steeringAngle>
      <time>17</time>
    </ksState>
    <ksState>
      <x>1.1731449117167745</x>
      <y>-21.117439025983078</y>
      <orientation>-1.5153</orientation>
      <velocity>10.199999999999996</velocity>
      <steeringAngle>0.0</steeringAngle>
      <time>18</time>
    </ksState>
    <ksState>
      <x>1.2288900954650184</x>
      <y>-22.120891802395036</y>
      <orientation>-1.5153</orientation>
      <velocity>9.599999999999994</velocity>
      <steeringAngle>0.0</steeringAngle>
      <time>19</time>
    </ksState>
    <ksState>
      <x>1.2813072085417252</x>
      <y>-23.064436950364495</y>
      <orientation>-1.5153</orientation>
      <velocity>8.999999999999993</velocity>
      <steeringAngle>0.0</steeringAngle>
      <time>20</time>
    </ksState>
    <ksState>
      <x>1.3312282686147794</x>
      <y>-23.963051377002074</y>
      <orientation>-1.5153</orientation>
      <velocity>9.0</velocity>
      <steeringAngle>0.0</steeringAngle>
      <time>21</time>
    </ksState>
    <ksState>
      <x>1.3811493286878336</x>
      <y>-24.86166580363965</y>
      <orientation>-1.5153</orientation>
      <velocity>9.0</velocity>
      <steeringAngle>0.0</steeringAngle>
      <time>22</time>
    </ksState>
    <ksState>
      <x>1.431070388760888</x>
      <y>-25.76028023027723</y>
      <orientation>-1.5153</orientation>
      <velocity>9.0</velocity>
      <steeringAngle>0.0</steeringAngle>
      <time>23</time>
    </ksState>
    <ksState>
      <x>1.4809914488339422</x>
      <y>-26.658894656914807</y>
      <orientation>-1.5153</orientation>
      <velocity>9.0</velocity>
      <steeringAngle>0.0</steeringAngle>
      <time>24</time>
    </ksState>
    <ksState>
      <x>1.5309125089069964</x>
      <y>-27.557509083552382</y>
      <orientation>-1.5153</orientation>
      <velocity>9.0</velocity>
      <steeringAngle>0.0</steeringAngle>
      <time>25</time>
    </ksState>
    <ksState>
      <x>1.5800015513121664</x>
      <y>-28.441146603079332</y>
      <orientation>-1.5153</orientation>
      <velocity>8.399999999999999</velocity>
      <steeringAngle>0.0</steeringAngle>
      <time>26</time>
    </ksState>
    <ksState>
      <x>1.6257625230457995</x>
      <y>-29.26487649416378</y>
      <orientation>-1.5153</orientation>
      <velocity>7.799999999999998</velocity>
      <steeringAngle>0.0</steeringAngle>
      <time>27</time>
    </ksState>
    <ksState>
      <x>1.6681954241078956</x>
      <y>-30.02869875680572</y>
      <orientation>-1.5153</orientation>
      <velocity>7.199999999999998</velocity>
      <steeringAngle>0.0</steeringAngle>
      <time>28</time>
    </ksState>
    <ksState>
      <x>1.7073002544984546</x>
      <y>-30.732613391005156</y>
      <orientation>-1.5153</orientation>
      <velocity>6.599999999999999</velocity>
      <steeringAngle>0.0</steeringAngle>
      <time>29</time>
    </ksState>
  </ksTrajectory>
</CommonRoadSolution>
