<?xml version="1.0" ?>
<CommonRoadSolution benchmark_id="KS2:SM1:USA_US101-12_2_T-1:2018b" date="2019-11-17">
  <ksTrajectory planningProblem="308">
    <ksState>
      <x>0.0</x>
      <y>-0.0</y>
      <orientation>-0.77</orientation>
      <velocity>11.0</velocity>
      <steeringAngle>0.0</steeringAngle>
      <time>0</time>
    </ksState>
    <ksState>
      <x>0.7753435231798188</x>
      <y>-0.7518260577175453</y>
      <orientation>-0.77</orientation>
      <velocity>10.2</velocity>
      <steeringAngle>0.0</steeringAngle>
      <time>1</time>
    </ksState>
    <ksState>
      <x>1.493254192790762</x>
      <y>-1.447961296344902</y>
      <orientation>-0.77</orientation>
      <velocity>9.399999999999999</velocity>
      <steeringAngle>0.0</steeringAngle>
      <time>2</time>
    </ksState>
    <ksState>
      <x>2.15373200883283</x>
      <y>-2.08840571588207</y>
      <orientation>-0.77</orientation>
      <velocity>8.599999999999998</velocity>
      <steeringAngle>0.0</steeringAngle>
      <time>3</time>
    </ksState>
    <ksState>
      <x>2.756776971306022</x>
      <y>-2.6731593163290497</y>
      <orientation>-0.77</orientation>
      <velocity>7.799999999999997</velocity>
      <steeringAngle>0.0</steeringAngle>
      <time>4</time>
    </ksState>
    <ksState>
      <x>3.302389080210339</x>
      <y>-3.2022220976858407</y>
      <orientation>-0.77</orientation>
      <velocity>6.9999999999999964</velocity>
      <steeringAngle>0.0</steeringAngle>
      <time>5</time>
    </ksState>
    <ksState>
      <x>3.8049265489379995</x>
      <y>-3.6895167647249902</y>
      <orientation>-0.7718085241364581</orientation>
      <velocity>7.0</velocity>
      <steeringAngle>-0.026650000000000004</steeringAngle>
      <time>6</time>
    </ksState>
    <ksState>
      <x>4.305697189471898</x>
      <y>-4.17862530312878</y>
      <orientation>-0.7808543578187287</orientation>
      <velocity>7.0</velocity>
      <steeringAngle>-0.05330000000000001</steeringAngle>
      <time>7</time>
    </ksState>
    <ksState>
      <x>4.801125608716581</x>
      <y>-4.673139468086025</y>
      <orientation>-0.7971503722469544</orientation>
      <velocity>7.0</velocity>
      <steeringAngle>-0.07995000000000001</steeringAngle>
      <time>8</time>
    </ksState>
    <ksState>
      <x>5.287512318888396</x>
      <y>-5.176541379372513</y>
      <orientation>-0.8207198126198533</orientation>
      <velocity>7.0</velocity>
      <steeringAngle>-0.10660000000000001</steeringAngle>
      <time>9</time>
    </ksState>
    <ksState>
      <x>5.760954821188669</x>
      <y>-5.692124895645961</y>
      <orientation>-0.8515964311559574</orientation>
      <velocity>7.0</velocity>
      <steeringAngle>-0.13325</steeringAngle>
      <time>10</time>
    </ksState>
    <ksState>
      <x>6.217274742325439</x>
      <y>-6.2229088343609344</y>
      <orientation>-0.8879803675171478</orientation>
      <velocity>7.0</velocity>
      <steeringAngle>-0.13325</steeringAngle>
      <time>11</time>
    </ksState>
    <ksState>
      <x>6.6539849122312935</x>
      <y>-6.769940540503138</y>
      <orientation>-0.9243643038783382</orientation>
      <velocity>7.0</velocity>
      <steeringAngle>-0.13325</steeringAngle>
      <time>12</time>
    </ksState>
    <ksState>
      <x>7.0705072817623</x>
      <y>-7.33249593840127</y>
      <orientation>-0.9607482402395287</orientation>
      <velocity>7.0</velocity>
      <steeringAngle>-0.13325</steeringAngle>
      <time>13</time>
    </ksState>
    <ksState>
      <x>7.4662905232514465</x>
      <y>-7.909830404530215</y>
      <orientation>-0.9971321766007191</orientation>
      <velocity>7.0</velocity>
      <steeringAngle>-0.13325</steeringAngle>
      <time>14</time>
    </ksState>
    <ksState>
      <x>7.840810760270632</x>
      <y>-8.5011797531281</y>
      <orientation>-1.0335161129619095</orientation>
      <velocity>7.0</velocity>
      <steeringAngle>-0.13325</steeringAngle>
      <time>15</time>
    </ksState>
    <ksState>
      <x>8.19357226105698</x>
      <y>-9.1057612477068</y>
      <orientation>-1.0680623125093474</orientation>
      <velocity>7.0</velocity>
      <steeringAngle>-0.1066</steeringAngle>
      <time>16</time>
    </ksState>
    <ksState>
      <x>8.526376853219546</x>
      <y>-9.721565817901553</y>
      <orientation>-1.09528045939088</orientation>
      <velocity>7.0</velocity>
      <steeringAngle>-0.07995</steeringAngle>
      <time>17</time>
    </ksState>
    <ksState>
      <x>8.8434418864606</x>
      <y>-10.345629340961906</y>
      <orientation>-1.1152096282787294</orientation>
      <velocity>7.0</velocity>
      <steeringAngle>-0.053299999999999986</steeringAngle>
      <time>18</time>
    </ksState>
    <ksState>
      <x>9.149154637212991</x>
      <y>-10.975338235583902</y>
      <orientation>-1.1278782974717143</orientation>
      <velocity>7.0</velocity>
      <steeringAngle>-0.02664999999999998</steeringAngle>
      <time>19</time>
    </ksState>
    <ksState>
      <x>9.448014065516434</x>
      <y>-11.608332263102614</y>
      <orientation>-1.1333045122984622</orientation>
      <velocity>7.0</velocity>
      <steeringAngle>2.42861286636753e-17</steeringAngle>
      <time>20</time>
    </ksState>
    <ksState>
      <x>9.74458225537046</x>
      <y>-12.242404269081987</y>
      <orientation>-1.1333045122984622</orientation>
      <velocity>7.0</velocity>
      <steeringAngle>0.0</steeringAngle>
      <time>21</time>
    </ksState>
    <ksState>
      <x>10.041150445224487</x>
      <y>-12.87647627506136</y>
      <orientation>-1.1333045122984622</orientation>
      <velocity>7.0</velocity>
      <steeringAngle>0.0</steeringAngle>
      <time>22</time>
    </ksState>
    <ksState>
      <x>10.337718635078513</x>
      <y>-13.510548281040734</y>
      <orientation>-1.1333045122984622</orientation>
      <velocity>7.0</velocity>
      <steeringAngle>0.0</steeringAngle>
      <time>23</time>
    </ksState>
    <ksState>
      <x>10.63428682493254</x>
      <y>-14.144620287020107</y>
      <orientation>-1.1333045122984622</orientation>
      <velocity>7.0</velocity>
      <steeringAngle>0.0</steeringAngle>
      <time>24</time>
    </ksState>
    <ksState>
      <x>10.930855014786566</x>
      <y>-14.77869229299948</y>
      <orientation>-1.1333045122984622</orientation>
      <velocity>7.0</velocity>
      <steeringAngle>0.0</steeringAngle>
      <time>25</time>
    </ksState>
    <ksState>
      <x>11.227423204640592</x>
      <y>-15.412764298978853</y>
      <orientation>-1.1333045122984622</orientation>
      <velocity>7.0</velocity>
      <steeringAngle>0.0</steeringAngle>
      <time>26</time>
    </ksState>
    <ksState>
      <x>11.523991394494619</x>
      <y>-16.046836304958227</y>
      <orientation>-1.1333045122984622</orientation>
      <velocity>7.0</velocity>
      <steeringAngle>0.0</steeringAngle>
      <time>27</time>
    </ksState>
    <ksState>
      <x>11.820559584348645</x>
      <y>-16.6809083109376</y>
      <orientation>-1.1333045122984622</orientation>
      <velocity>7.0</velocity>
      <steeringAngle>0.0</steeringAngle>
      <time>28</time>
    </ksState>
    <ksState>
      <x>12.117127774202672</x>
      <y>-17.314980316916973</y>
      <orientation>-1.1333045122984622</orientation>
      <velocity>7.0</velocity>
      <steeringAngle>0.0</steeringAngle>
      <time>29</time>
    </ksState>
    <ksState>
      <x>12.413695964056698</x>
      <y>-17.949052322896346</y>
      <orientation>-1.1333045122984622</orientation>
      <velocity>7.0</velocity>
      <steeringAngle>0.0</steeringAngle>
      <time>30</time>
    </ksState>
  </ksTrajectory>
</CommonRoadSolution>
