<?xml version="1.0" ?>
<CommonRoadSolution benchmark_id="KS2:SM1:USA_Peach-3_3_T-1:2018b" date="2019-11-18">
  <ksTrajectory planningProblem="1500">
    <ksState>
      <x>-21.759</x>
      <y>13.6344</y>
      <orientation>0.0</orientation>
      <velocity>0.0</velocity>
      <steeringAngle>0.0</steeringAngle>
      <time>0</time>
    </ksState>
    <ksState>
      <x>-21.739</x>
      <y>13.6344</y>
      <orientation>-0.00010334423636903321</orientation>
      <velocity>0.8</velocity>
      <steeringAngle>-0.026650000000000004</steeringAngle>
      <time>1</time>
    </ksState>
    <ksState>
      <x>-21.6390000082259</x>
      <y>13.634364858555873</y>
      <orientation>-0.0014473333995988712</orientation>
      <velocity>1.6</velocity>
      <steeringAngle>-0.05330000000000001</steeringAngle>
      <time>2</time>
    </ksState>
    <ksState>
      <x>-21.45900057323308</x>
      <y>13.63393884134026</y>
      <orientation>-0.0056895931676059774</orientation>
      <velocity>2.4</velocity>
      <steeringAngle>-0.07995000000000001</steeringAngle>
      <time>3</time>
    </ksState>
    <ksState>
      <x>-21.19900872400146</x>
      <y>13.631937633618545</y>
      <orientation>-0.014496016136158228</orientation>
      <velocity>3.1999999999999997</velocity>
      <steeringAngle>-0.10660000000000001</steeringAngle>
      <time>4</time>
    </ksState>
    <ksState>
      <x>-20.85906573423133</x>
      <y>13.625814367568893</y>
      <orientation>-0.02954556925933972</orientation>
      <velocity>3.9999999999999996</velocity>
      <steeringAngle>-0.13325</steeringAngle>
      <time>5</time>
    </ksState>
    <ksState>
      <x>-20.479296578228645</x>
      <y>13.612718648421582</y>
      <orientation>-0.050245353269824156</orientation>
      <velocity>3.2</velocity>
      <steeringAngle>-0.15990000000000001</steeringAngle>
      <time>6</time>
    </ksState>
    <ksState>
      <x>-20.1797525413138</x>
      <y>13.596252703822604</y>
      <orientation>-0.06975020639601723</orientation>
      <velocity>2.4000000000000004</velocity>
      <steeringAngle>-0.18655000000000002</steeringAngle>
      <time>7</time>
    </ksState>
    <ksState>
      <x>-19.96035253945991</x>
      <y>13.580044261554281</y>
      <orientation>-0.08638796984456061</orientation>
      <velocity>1.6000000000000005</velocity>
      <steeringAngle>-0.21320000000000003</steeringAngle>
      <time>8</time>
    </ksState>
    <ksState>
      <x>-19.820910730126542</x>
      <y>13.567563663510466</y>
      <orientation>-0.09846595021318653</orientation>
      <velocity>0.8000000000000006</velocity>
      <steeringAngle>-0.23985000000000004</steeringAngle>
      <time>9</time>
    </ksState>
    <ksState>
      <x>-19.76120896260027</x>
      <y>13.56158976665715</y>
      <orientation>-0.10426562002970054</orientation>
      <velocity>5.551115123125783e-16</velocity>
      <steeringAngle>-0.2665</steeringAngle>
      <time>10</time>
    </ksState>
    <ksState>
      <x>-19.76120896260027</x>
      <y>13.56158976665715</y>
      <orientation>-0.10426562002970054</orientation>
      <velocity>0.0</velocity>
      <steeringAngle>-0.23985000000000004</steeringAngle>
      <time>11</time>
    </ksState>
    <ksState>
      <x>-19.76120896260027</x>
      <y>13.56158976665715</y>
      <orientation>-0.10426562002970054</orientation>
      <velocity>0.0</velocity>
      <steeringAngle>-0.21320000000000003</steeringAngle>
      <time>12</time>
    </ksState>
    <ksState>
      <x>-19.76120896260027</x>
      <y>13.56158976665715</y>
      <orientation>-0.10426562002970054</orientation>
      <velocity>0.0</velocity>
      <steeringAngle>-0.18655000000000002</steeringAngle>
      <time>13</time>
    </ksState>
    <ksState>
      <x>-19.76120896260027</x>
      <y>13.56158976665715</y>
      <orientation>-0.10426562002970054</orientation>
      <velocity>0.0</velocity>
      <steeringAngle>-0.15990000000000001</steeringAngle>
      <time>14</time>
    </ksState>
    <ksState>
      <x>-19.76120896260027</x>
      <y>13.56158976665715</y>
      <orientation>-0.10426562002970054</orientation>
      <velocity>0.0</velocity>
      <steeringAngle>-0.13325</steeringAngle>
      <time>15</time>
    </ksState>
    <ksState>
      <x>-19.756236116285994</x>
      <y>13.56106938263108</y>
      <orientation>-0.10455185263029979</orientation>
      <velocity>0.2</velocity>
      <steeringAngle>-0.15990000000000001</steeringAngle>
      <time>16</time>
    </ksState>
    <ksState>
      <x>-19.731373612368934</x>
      <y>13.558451016668984</y>
      <orientation>-0.10619496715952881</orientation>
      <velocity>0.4</velocity>
      <steeringAngle>-0.18655000000000002</steeringAngle>
      <time>17</time>
    </ksState>
    <ksState>
      <x>-19.68663102025679</x>
      <y>13.55364483525338</y>
      <orientation>-0.10962253143132197</orientation>
      <velocity>0.6</velocity>
      <steeringAngle>-0.21320000000000003</steeringAngle>
      <time>18</time>
    </ksState>
    <ksState>
      <x>-19.622030938526965</x>
      <y>13.546446031108893</y>
      <orientation>-0.11526891545424434</orientation>
      <velocity>0.7999999999999999</velocity>
      <steeringAngle>-0.23985000000000004</steeringAngle>
      <time>19</time>
    </ksState>
    <ksState>
      <x>-19.537614961436056</x>
      <y>13.536500332899083</y>
      <orientation>-0.12357668369367326</orientation>
      <velocity>0.9999999999999999</velocity>
      <steeringAngle>-0.2665</steeringAngle>
      <time>20</time>
    </ksState>
    <ksState>
      <x>-19.41361816978688</x>
      <y>13.5206987314221</y>
      <orientation>-0.13722664079318087</orientation>
      <velocity>2.0</velocity>
      <steeringAngle>-0.29315</steeringAngle>
      <time>21</time>
    </ksState>
    <ksState>
      <x>-19.19094196886856</x>
      <y>13.48847145805161</y>
      <orientation>-0.1642691604414748</orientation>
      <velocity>3.0</velocity>
      <steeringAngle>-0.3198000000000001</steeringAngle>
      <time>22</time>
    </ksState>
    <ksState>
      <x>-18.870900308833058</x>
      <y>13.432003797335899</y>
      <orientation>-0.20701145989109965</orientation>
      <velocity>4.0</velocity>
      <steeringAngle>-0.34645000000000015</steeringAngle>
      <time>23</time>
    </ksState>
    <ksState>
      <x>-18.456355124165615</x>
      <y>13.338505030344033</y>
      <orientation>-0.26782583926130565</orientation>
      <velocity>5.0</velocity>
      <steeringAngle>-0.3731000000000002</steeringAngle>
      <time>24</time>
    </ksState>
    <ksState>
      <x>-17.95302386442558</x>
      <y>13.189563217020291</y>
      <orientation>-0.34915894955983806</orientation>
      <velocity>6.0</velocity>
      <steeringAngle>-0.39975000000000027</steeringAngle>
      <time>25</time>
    </ksState>
    <ksState>
      <x>-17.380784208772013</x>
      <y>12.964755407857663</y>
      <orientation>-0.44800579336566554</orientation>
      <velocity>6.6</velocity>
      <steeringAngle>-0.3731</steeringAngle>
      <time>26</time>
    </ksState>
    <ksState>
      <x>-16.78027032364783</x>
      <y>12.656985196223966</y>
      <orientation>-0.5484138142511037</orientation>
      <velocity>7.199999999999999</velocity>
      <steeringAngle>-0.3464499999999999</steeringAngle>
      <time>27</time>
    </ksState>
    <ksState>
      <x>-16.163310516031444</x>
      <y>12.257932797073128</y>
      <orientation>-0.6491234753624198</orientation>
      <velocity>7.799999999999999</velocity>
      <steeringAngle>-0.31979999999999986</steeringAngle>
      <time>28</time>
    </ksState>
    <ksState>
      <x>-15.542662605927863</x>
      <y>11.76152057493551</y>
      <orientation>-0.7489002507430564</orientation>
      <velocity>8.4</velocity>
      <steeringAngle>-0.2931499999999998</steeringAngle>
      <time>29</time>
    </ksState>
    <ksState>
      <x>-14.931366014966464</x>
      <y>11.16410944246452</y>
      <orientation>-0.8465302522052685</orientation>
      <velocity>9.000000000000002</velocity>
      <steeringAngle>-0.26649999999999974</steeringAngle>
      <time>30</time>
    </ksState>
    <ksState>
      <x>-14.34203344883213</x>
      <y>10.46451141251135</y>
      <orientation>-0.9408161336252594</orientation>
      <velocity>9.600000000000001</velocity>
      <steeringAngle>-0.23985000000000004</steeringAngle>
      <time>31</time>
    </ksState>
    <ksState>
      <x>-13.786135059565366</x>
      <y>9.663818101186273</y>
      <orientation>-1.0305732253970747</orientation>
      <velocity>10.200000000000003</velocity>
      <steeringAngle>-0.21320000000000003</steeringAngle>
      <time>32</time>
    </ksState>
    <ksState>
      <x>-13.273323614744108</x>
      <y>8.765064112007614</y>
      <orientation>-1.1146258567888867</orientation>
      <velocity>10.800000000000004</velocity>
      <steeringAngle>-0.18655000000000002</steeringAngle>
      <time>33</time>
    </ksState>
    <ksState>
      <x>-12.810838693977034</x>
      <y>7.772761412840709</y>
      <orientation>-1.1918038280125576</orientation>
      <velocity>11.400000000000006</velocity>
      <steeringAngle>-0.15990000000000001</steeringAngle>
      <time>34</time>
    </ksState>
    <ksState>
      <x>-12.403012932712066</x>
      <y>6.692354313469576</y>
      <orientation>-1.260938997079144</orientation>
      <velocity>12.000000000000007</velocity>
      <steeringAngle>-0.13325</steeringAngle>
      <time>35</time>
    </ksState>
    <ksState>
      <x>-12.05638771164131</x>
      <y>5.548882069453335</y>
      <orientation>-1.3230515741528905</orientation>
      <velocity>11.8</velocity>
      <steeringAngle>-0.13325</steeringAngle>
      <time>36</time>
    </ksState>
    <ksState>
      <x>-11.785713192874411</x>
      <y>4.405625431471879</y>
      <orientation>-1.384124610187746</orientation>
      <velocity>11.600000000000001</velocity>
      <steeringAngle>-0.13325</steeringAngle>
      <time>37</time>
    </ksState>
    <ksState>
      <x>-11.588436471069246</x>
      <y>3.26773096117062</y>
      <orientation>-1.44415810518371</orientation>
      <velocity>11.400000000000002</velocity>
      <steeringAngle>-0.13325</steeringAngle>
      <time>38</time>
    </ksState>
    <ksState>
      <x>-11.461720015548536</x>
      <y>2.1399520467626205</y>
      <orientation>-1.5031520591407832</orientation>
      <velocity>11.200000000000003</velocity>
      <steeringAngle>-0.13325</steeringAngle>
      <time>39</time>
    </ksState>
    <ksState>
      <x>-11.402485300620219</x>
      <y>1.0266448343288541</y>
      <orientation>-1.561106472058965</orientation>
      <velocity>11.000000000000004</velocity>
      <steeringAngle>-0.13325</steeringAngle>
      <time>40</time>
    </ksState>
    <ksState>
      <x>-11.407265537424655</x>
      <y>-0.05823381942384298</y>
      <orientation>-1.620320738892591</orientation>
      <velocity>10.399999999999999</velocity>
      <steeringAngle>-0.15990000000000001</steeringAngle>
      <time>41</time>
    </ksState>
    <ksState>
      <x>-11.474393222786388</x>
      <y>-1.0808975963715164</y>
      <orientation>-1.6871040012234542</orientation>
      <velocity>9.799999999999997</velocity>
      <steeringAngle>-0.18655000000000002</steeringAngle>
      <time>42</time>
    </ksState>
    <ksState>
      <x>-11.603257525780027</x>
      <y>-2.037098249190082</y>
      <orientation>-1.7602783648812936</orientation>
      <velocity>9.199999999999996</velocity>
      <steeringAngle>-0.21320000000000003</steeringAngle>
      <time>43</time>
    </ksState>
    <ksState>
      <x>-11.790524051061775</x>
      <y>-2.922338922697303</y>
      <orientation>-1.838663883078394</orientation>
      <velocity>8.599999999999994</velocity>
      <steeringAngle>-0.23985000000000004</steeringAngle>
      <time>44</time>
    </ksState>
    <ksState>
      <x>-12.030398022431056</x>
      <y>-3.7323937366665643</y>
      <orientation>-1.9210751209892387</orientation>
      <velocity>7.999999999999994</velocity>
      <steeringAngle>-0.2665</steeringAngle>
      <time>45</time>
    </ksState>
    <ksState>
      <x>-12.31305427214659</x>
      <y>-4.459190109143993</y>
      <orientation>-2.001540662132011</orientation>
      <velocity>7.199999999999999</velocity>
      <steeringAngle>-0.23985000000000004</steeringAngle>
      <time>46</time>
    </ksState>
    <ksState>
      <x>-12.615799498497612</x>
      <y>-5.090223143484015</y>
      <orientation>-2.066065627499153</orientation>
      <velocity>6.399999999999999</velocity>
      <steeringAngle>-0.21320000000000003</steeringAngle>
      <time>47</time>
    </ksState>
    <ksState>
      <x>-12.917504241050645</x>
      <y>-5.631799525805902</y>
      <orientation>-2.1164941674809477</orientation>
      <velocity>5.599999999999998</velocity>
      <steeringAngle>-0.18655000000000002</steeringAngle>
      <time>48</time>
    </ksState>
    <ksState>
      <x>-13.202297772740911</x>
      <y>-6.090560981713313</y>
      <orientation>-2.1546276582983683</orientation>
      <velocity>4.799999999999997</velocity>
      <steeringAngle>-0.15990000000000001</steeringAngle>
      <time>49</time>
    </ksState>
    <ksState>
      <x>-13.45860235717733</x>
      <y>-6.472524417450677</y>
      <orientation>-2.1822307157969347</orientation>
      <velocity>3.999999999999997</velocity>
      <steeringAngle>-0.13325</steeringAngle>
      <time>50</time>
    </ksState>
  </ksTrajectory>
</CommonRoadSolution>
