<?xml version="1.0" ?>
<CommonRoadSolution benchmark_id="KS2:SM1:USA_US101-20_2_T-1:2018b" date="2019-11-18">
  <ksTrajectory planningProblem="473">
    <ksState>
      <x>0.0</x>
      <y>0.0</y>
      <orientation>-0.70293</orientation>
      <velocity>13.0</velocity>
      <steeringAngle>0.0</steeringAngle>
      <time>0</time>
    </ksState>
    <ksState>
      <x>0.9727629701243431</x>
      <y>-0.8242312806214444</y>
      <orientation>-0.70293</orientation>
      <velocity>12.0</velocity>
      <steeringAngle>0.0</steeringAngle>
      <time>1</time>
    </ksState>
    <ksState>
      <x>1.8692308053369733</x>
      <y>-1.583816970605913</y>
      <orientation>-0.70293</orientation>
      <velocity>11.0</velocity>
      <steeringAngle>0.0</steeringAngle>
      <time>2</time>
    </ksState>
    <ksState>
      <x>2.6894035056378898</x>
      <y>-2.278757069953405</y>
      <orientation>-0.70293</orientation>
      <velocity>10.0</velocity>
      <steeringAngle>0.0</steeringAngle>
      <time>3</time>
    </ksState>
    <ksState>
      <x>3.4332810710270936</x>
      <y>-2.9090515786639215</y>
      <orientation>-0.70293</orientation>
      <velocity>9.0</velocity>
      <steeringAngle>0.0</steeringAngle>
      <time>4</time>
    </ksState>
    <ksState>
      <x>4.100863501504584</x>
      <y>-3.4747004967374617</y>
      <orientation>-0.70293</orientation>
      <velocity>8.0</velocity>
      <steeringAngle>0.0</steeringAngle>
      <time>5</time>
    </ksState>
    <ksState>
      <x>4.6921507970703615</x>
      <y>-3.975703824174026</y>
      <orientation>-0.70293</orientation>
      <velocity>7.0</velocity>
      <steeringAngle>0.0</steeringAngle>
      <time>6</time>
    </ksState>
    <ksState>
      <x>5.207142957724425</x>
      <y>-4.412061560973614</y>
      <orientation>-0.70293</orientation>
      <velocity>6.0</velocity>
      <steeringAngle>0.0</steeringAngle>
      <time>7</time>
    </ksState>
    <ksState>
      <x>5.645839983466776</x>
      <y>-4.783773707136226</y>
      <orientation>-0.70293</orientation>
      <velocity>5.0</velocity>
      <steeringAngle>0.0</steeringAngle>
      <time>8</time>
    </ksState>
    <ksState>
      <x>6.008241874297414</x>
      <y>-5.090840262661862</y>
      <orientation>-0.70293</orientation>
      <velocity>4.0</velocity>
      <steeringAngle>0.0</steeringAngle>
      <time>9</time>
    </ksState>
    <ksState>
      <x>6.294348630216338</x>
      <y>-5.333261227550523</y>
      <orientation>-0.70293</orientation>
      <velocity>3.0</velocity>
      <steeringAngle>0.0</steeringAngle>
      <time>10</time>
    </ksState>
    <ksState>
      <x>6.519419278205892</x>
      <y>-5.523965719929602</y>
      <orientation>-0.70293</orientation>
      <velocity>2.8</velocity>
      <steeringAngle>0.0</steeringAngle>
      <time>11</time>
    </ksState>
    <ksState>
      <x>6.729230899213103</x>
      <y>-5.701741094181286</y>
      <orientation>-0.70293</orientation>
      <velocity>2.5999999999999996</velocity>
      <steeringAngle>0.0</steeringAngle>
      <time>12</time>
    </ksState>
    <ksState>
      <x>6.923783493237972</x>
      <y>-5.866587350305575</y>
      <orientation>-0.70293</orientation>
      <velocity>2.3999999999999995</velocity>
      <steeringAngle>0.0</steeringAngle>
      <time>13</time>
    </ksState>
    <ksState>
      <x>7.103077060280498</x>
      <y>-6.018504488302469</y>
      <orientation>-0.70293</orientation>
      <velocity>2.1999999999999993</velocity>
      <steeringAngle>0.0</steeringAngle>
      <time>14</time>
    </ksState>
    <ksState>
      <x>7.267111600340681</x>
      <y>-6.157492508171967</y>
      <orientation>-0.70293</orientation>
      <velocity>1.9999999999999991</velocity>
      <steeringAngle>0.0</steeringAngle>
      <time>15</time>
    </ksState>
    <ksState>
      <x>7.438775653892035</x>
      <y>-6.302945087105163</y>
      <orientation>-0.70293</orientation>
      <velocity>3.0</velocity>
      <steeringAngle>0.0</steeringAngle>
      <time>16</time>
    </ksState>
    <ksState>
      <x>7.686734842355103</x>
      <y>-6.513043256675335</y>
      <orientation>-0.70293</orientation>
      <velocity>4.0</velocity>
      <steeringAngle>0.0</steeringAngle>
      <time>17</time>
    </ksState>
    <ksState>
      <x>8.010989165729885</x>
      <y>-6.787787016882484</y>
      <orientation>-0.70293</orientation>
      <velocity>5.0</velocity>
      <steeringAngle>0.0</steeringAngle>
      <time>18</time>
    </ksState>
    <ksState>
      <x>8.411538624016378</x>
      <y>-7.127176367726608</y>
      <orientation>-0.70293</orientation>
      <velocity>6.0</velocity>
      <steeringAngle>0.0</steeringAngle>
      <time>19</time>
    </ksState>
    <ksState>
      <x>8.888383217214587</x>
      <y>-7.531211309207708</y>
      <orientation>-0.70293</orientation>
      <velocity>7.0</velocity>
      <steeringAngle>0.0</steeringAngle>
      <time>20</time>
    </ksState>
    <ksState>
      <x>9.437708188578922</x>
      <y>-7.996659561793936</y>
      <orientation>-0.70293</orientation>
      <velocity>7.800000000000001</velocity>
      <steeringAngle>0.0</steeringAngle>
      <time>21</time>
    </ksState>
    <ksState>
      <x>10.048069267872627</x>
      <y>-8.513824286889744</y>
      <orientation>-0.70293</orientation>
      <velocity>8.600000000000001</velocity>
      <steeringAngle>0.0</steeringAngle>
      <time>22</time>
    </ksState>
    <ksState>
      <x>10.719466455095704</x>
      <y>-9.082705484495133</y>
      <orientation>-0.70293</orientation>
      <velocity>9.400000000000002</velocity>
      <steeringAngle>0.0</steeringAngle>
      <time>23</time>
    </ksState>
    <ksState>
      <x>11.45189975024815</x>
      <y>-9.703303154610104</y>
      <orientation>-0.70293</orientation>
      <velocity>10.200000000000003</velocity>
      <steeringAngle>0.0</steeringAngle>
      <time>24</time>
    </ksState>
    <ksState>
      <x>12.245369153329968</x>
      <y>-10.375617297234655</y>
      <orientation>-0.70293</orientation>
      <velocity>10.997021226415097</velocity>
      <steeringAngle>0.0</steeringAngle>
      <time>25</time>
    </ksState>
    <ksState>
      <x>13.088430394104398</x>
      <y>-11.08995107377324</y>
      <orientation>-0.70293</orientation>
      <velocity>11.2</velocity>
      <steeringAngle>0.0</steeringAngle>
      <time>26</time>
    </ksState>
    <ksState>
      <x>13.946750661861172</x>
      <y>-11.817213968439221</y>
      <orientation>-0.70293</orientation>
      <velocity>11.399999999999999</velocity>
      <steeringAngle>0.0</steeringAngle>
      <time>27</time>
    </ksState>
    <ksState>
      <x>14.820329956600288</x>
      <y>-12.557405981232595</y>
      <orientation>-0.70293</orientation>
      <velocity>11.599999999999998</velocity>
      <steeringAngle>0.0</steeringAngle>
      <time>28</time>
    </ksState>
    <ksState>
      <x>15.709168278321746</x>
      <y>-13.310527112153366</y>
      <orientation>-0.70293</orientation>
      <velocity>11.799999999999997</velocity>
      <steeringAngle>0.0</steeringAngle>
      <time>29</time>
    </ksState>
    <ksState>
      <x>16.613265627025548</x>
      <y>-14.076577361201533</y>
      <orientation>-0.70293</orientation>
      <velocity>11.999999999999996</velocity>
      <steeringAngle>0.0</steeringAngle>
      <time>30</time>
    </ksState>
    <ksState>
      <x>17.536436759457278</x>
      <y>-14.858789007908943</y>
      <orientation>-0.70293</orientation>
      <velocity>12.399999999999999</velocity>
      <steeringAngle>0.0</steeringAngle>
      <time>31</time>
    </ksState>
    <ksState>
      <x>18.49012594585369</x>
      <y>-15.666858890871143</y>
      <orientation>-0.70293</orientation>
      <velocity>12.799999999999997</velocity>
      <steeringAngle>0.0</steeringAngle>
      <time>32</time>
    </ksState>
    <ksState>
      <x>19.474333186214793</x>
      <y>-16.500787010088136</y>
      <orientation>-0.70293</orientation>
      <velocity>13.199999999999996</velocity>
      <steeringAngle>0.0</steeringAngle>
      <time>33</time>
    </ksState>
    <ksState>
      <x>20.489058480540578</x>
      <y>-17.360573365559915</y>
      <orientation>-0.70293</orientation>
      <velocity>13.599999999999994</velocity>
      <steeringAngle>0.0</steeringAngle>
      <time>34</time>
    </ksState>
    <ksState>
      <x>21.534301828831047</x>
      <y>-18.246217957286486</y>
      <orientation>-0.70293</orientation>
      <velocity>13.999999999999993</velocity>
      <steeringAngle>0.0</steeringAngle>
      <time>35</time>
    </ksState>
    <ksState>
      <x>22.598618960849446</x>
      <y>-19.148023946672303</y>
      <orientation>-0.70293</orientation>
      <velocity>13.8</velocity>
      <steeringAngle>0.0</steeringAngle>
      <time>36</time>
    </ksState>
    <ksState>
      <x>23.647677065885503</x>
      <y>-20.03690081793072</y>
      <orientation>-0.70293</orientation>
      <velocity>13.600000000000001</velocity>
      <steeringAngle>0.0</steeringAngle>
      <time>37</time>
    </ksState>
    <ksState>
      <x>24.681476143939218</x>
      <y>-20.912848571061748</y>
      <orientation>-0.70293</orientation>
      <velocity>13.400000000000002</velocity>
      <steeringAngle>0.0</steeringAngle>
      <time>38</time>
    </ksState>
    <ksState>
      <x>25.700016195010587</x>
      <y>-21.775867206065378</y>
      <orientation>-0.70293</orientation>
      <velocity>13.200000000000003</velocity>
      <steeringAngle>0.0</steeringAngle>
      <time>39</time>
    </ksState>
    <ksState>
      <x>26.703297219099618</x>
      <y>-22.625956722941613</y>
      <orientation>-0.70293</orientation>
      <velocity>13.000000000000004</velocity>
      <steeringAngle>0.0</steeringAngle>
      <time>40</time>
    </ksState>
    <ksState>
      <x>27.698948729697474</x>
      <y>-23.46958168075415</y>
      <orientation>-0.70293</orientation>
      <velocity>13.2</velocity>
      <steeringAngle>0.0</steeringAngle>
      <time>41</time>
    </ksState>
    <ksState>
      <x>28.709859267277675</x>
      <y>-24.326135756694082</y>
      <orientation>-0.70293</orientation>
      <velocity>13.399999999999999</velocity>
      <steeringAngle>0.0</steeringAngle>
      <time>42</time>
    </ksState>
    <ksState>
      <x>29.736028831840216</x>
      <y>-25.19561895076141</y>
      <orientation>-0.70293</orientation>
      <velocity>13.599999999999998</velocity>
      <steeringAngle>0.0</steeringAngle>
      <time>43</time>
    </ksState>
    <ksState>
      <x>30.7774574233851</x>
      <y>-26.078031262956134</y>
      <orientation>-0.70293</orientation>
      <velocity>13.799999999999997</velocity>
      <steeringAngle>0.0</steeringAngle>
      <time>44</time>
    </ksState>
    <ksState>
      <x>31.83414504191233</x>
      <y>-26.97337269327825</y>
      <orientation>-0.70293</orientation>
      <velocity>13.999999999999996</velocity>
      <steeringAngle>0.0</steeringAngle>
      <time>45</time>
    </ksState>
    <ksState>
      <x>32.89846217393073</x>
      <y>-27.875178682664068</y>
      <orientation>-0.70293</orientation>
      <velocity>13.8</velocity>
      <steeringAngle>0.0</steeringAngle>
      <time>46</time>
    </ksState>
    <ksState>
      <x>33.947520278966785</x>
      <y>-28.764055553922486</y>
      <orientation>-0.70293</orientation>
      <velocity>13.600000000000001</velocity>
      <steeringAngle>0.0</steeringAngle>
      <time>47</time>
    </ksState>
    <ksState>
      <x>34.981319357020496</x>
      <y>-29.64000330705351</y>
      <orientation>-0.70293</orientation>
      <velocity>13.400000000000002</velocity>
      <steeringAngle>0.0</steeringAngle>
      <time>48</time>
    </ksState>
    <ksState>
      <x>35.99985940809187</x>
      <y>-30.503021942057142</y>
      <orientation>-0.70293</orientation>
      <velocity>13.200000000000003</velocity>
      <steeringAngle>0.0</steeringAngle>
      <time>49</time>
    </ksState>
    <ksState>
      <x>37.0031404321809</x>
      <y>-31.353111458933377</y>
      <orientation>-0.70293</orientation>
      <velocity>13.000000000000004</velocity>
      <steeringAngle>0.0</steeringAngle>
      <time>50</time>
    </ksState>
    <ksState>
      <x>37.99879194277876</x>
      <y>-32.196736416745914</y>
      <orientation>-0.70293</orientation>
      <velocity>13.2</velocity>
      <steeringAngle>0.0</steeringAngle>
      <time>51</time>
    </ksState>
    <ksState>
      <x>39.00970248035895</x>
      <y>-33.053290492685846</y>
      <orientation>-0.70293</orientation>
      <velocity>13.399999999999999</velocity>
      <steeringAngle>0.0</steeringAngle>
      <time>52</time>
    </ksState>
    <ksState>
      <x>40.0358720449215</x>
      <y>-33.922773686753175</y>
      <orientation>-0.70293</orientation>
      <velocity>13.599999999999998</velocity>
      <steeringAngle>0.0</steeringAngle>
      <time>53</time>
    </ksState>
    <ksState>
      <x>41.07730063646638</x>
      <y>-34.8051859989479</y>
      <orientation>-0.70293</orientation>
      <velocity>13.799999999999997</velocity>
      <steeringAngle>0.0</steeringAngle>
      <time>54</time>
    </ksState>
    <ksState>
      <x>42.13398825499361</x>
      <y>-35.70052742927002</y>
      <orientation>-0.70293</orientation>
      <velocity>13.999999999999996</velocity>
      <steeringAngle>0.0</steeringAngle>
      <time>55</time>
    </ksState>
    <ksState>
      <x>43.19830538701201</x>
      <y>-36.60233341865583</y>
      <orientation>-0.70293</orientation>
      <velocity>13.8</velocity>
      <steeringAngle>0.0</steeringAngle>
      <time>56</time>
    </ksState>
    <ksState>
      <x>44.247363492048066</x>
      <y>-37.49121028991426</y>
      <orientation>-0.70293</orientation>
      <velocity>13.600000000000001</velocity>
      <steeringAngle>0.0</steeringAngle>
      <time>57</time>
    </ksState>
    <ksState>
      <x>45.28116257010178</x>
      <y>-38.36715804304528</y>
      <orientation>-0.70293</orientation>
      <velocity>13.400000000000002</velocity>
      <steeringAngle>0.0</steeringAngle>
      <time>58</time>
    </ksState>
    <ksState>
      <x>46.299702621173154</x>
      <y>-39.230176678048906</y>
      <orientation>-0.70293</orientation>
      <velocity>13.200000000000003</velocity>
      <steeringAngle>0.0</steeringAngle>
      <time>59</time>
    </ksState>
    <ksState>
      <x>47.30298364526218</x>
      <y>-40.080266194925144</y>
      <orientation>-0.70293</orientation>
      <velocity>13.000000000000004</velocity>
      <steeringAngle>0.0</steeringAngle>
      <time>60</time>
    </ksState>
    <ksState>
      <x>48.302449912605624</x>
      <y>-40.92712343226953</y>
      <orientation>-0.70293</orientation>
      <velocity>13.399999999999999</velocity>
      <steeringAngle>0.0</steeringAngle>
      <time>61</time>
    </ksState>
    <ksState>
      <x>49.33243423391375</x>
      <y>-41.799838905868704</y>
      <orientation>-0.70293</orientation>
      <velocity>13.799999999999997</velocity>
      <steeringAngle>0.0</steeringAngle>
      <time>62</time>
    </ksState>
    <ksState>
      <x>50.39293660918656</x>
      <y>-42.698412615722674</y>
      <orientation>-0.70293</orientation>
      <velocity>14.199999999999996</velocity>
      <steeringAngle>0.0</steeringAngle>
      <time>63</time>
    </ksState>
    <ksState>
      <x>51.483957038424066</x>
      <y>-43.62284456183143</y>
      <orientation>-0.70293</orientation>
      <velocity>14.599999999999994</velocity>
      <steeringAngle>0.0</steeringAngle>
      <time>64</time>
    </ksState>
    <ksState>
      <x>52.605495521626246</x>
      <y>-44.57313474419498</y>
      <orientation>-0.70293</orientation>
      <velocity>14.999999999999993</velocity>
      <steeringAngle>0.0</steeringAngle>
      <time>65</time>
    </ksState>
    <ksState>
      <x>53.742293031810775</x>
      <y>-45.53635404468592</y>
      <orientation>-0.70293</orientation>
      <velocity>14.600000000000001</velocity>
      <steeringAngle>0.0</steeringAngle>
      <time>66</time>
    </ksState>
    <ksState>
      <x>54.84857248803061</x>
      <y>-46.47371510892208</y>
      <orientation>-0.70293</orientation>
      <velocity>14.200000000000003</velocity>
      <steeringAngle>0.0</steeringAngle>
      <time>67</time>
    </ksState>
    <ksState>
      <x>55.92433389028577</x>
      <y>-47.38521793690344</y>
      <orientation>-0.70293</orientation>
      <velocity>13.800000000000004</velocity>
      <steeringAngle>0.0</steeringAngle>
      <time>68</time>
    </ksState>
    <ksState>
      <x>56.96957723857624</x>
      <y>-48.27086252863001</y>
      <orientation>-0.70293</orientation>
      <velocity>13.400000000000006</velocity>
      <steeringAngle>0.0</steeringAngle>
      <time>69</time>
    </ksState>
    <ksState>
      <x>57.98430253290203</x>
      <y>-49.130648884101795</y>
      <orientation>-0.70293</orientation>
      <velocity>13.000000000000007</velocity>
      <steeringAngle>0.0</steeringAngle>
      <time>70</time>
    </ksState>
    <ksState>
      <x>58.98376880024547</x>
      <y>-49.97750612144618</y>
      <orientation>-0.70293</orientation>
      <velocity>13.399999999999999</velocity>
      <steeringAngle>0.0</steeringAngle>
      <time>71</time>
    </ksState>
    <ksState>
      <x>60.0137531215536</x>
      <y>-50.850221595045355</y>
      <orientation>-0.70293</orientation>
      <velocity>13.799999999999997</velocity>
      <steeringAngle>0.0</steeringAngle>
      <time>72</time>
    </ksState>
    <ksState>
      <x>61.07425549682641</x>
      <y>-51.748795304899325</y>
      <orientation>-0.70293</orientation>
      <velocity>14.199999999999996</velocity>
      <steeringAngle>0.0</steeringAngle>
      <time>73</time>
    </ksState>
    <ksState>
      <x>62.16527592606391</x>
      <y>-52.67322725100808</y>
      <orientation>-0.70293</orientation>
      <velocity>14.599999999999994</velocity>
      <steeringAngle>0.0</steeringAngle>
      <time>74</time>
    </ksState>
    <ksState>
      <x>63.28681440926609</x>
      <y>-53.62351743337163</y>
      <orientation>-0.70293</orientation>
      <velocity>14.999999999999993</velocity>
      <steeringAngle>0.0</steeringAngle>
      <time>75</time>
    </ksState>
    <ksState>
      <x>64.4274266761962</x>
      <y>-54.58996901339442</y>
      <orientation>-0.6990804271952535</orientation>
      <velocity>14.8</velocity>
      <steeringAngle>0.026650000000000004</steeringAngle>
      <time>76</time>
    </ksState>
    <ksState>
      <x>65.56004349669311</x>
      <y>-55.53483530944691</y>
      <orientation>-0.6800324951669098</orientation>
      <velocity>14.600000000000001</velocity>
      <steeringAngle>0.05330000000000001</steeringAngle>
      <time>77</time>
    </ksState>
    <ksState>
      <x>66.69820227915943</x>
      <y>-56.44120106741638</y>
      <orientation>-0.646173029191285</orientation>
      <velocity>14.400000000000002</velocity>
      <steeringAngle>0.07995000000000001</steeringAngle>
      <time>78</time>
    </ksState>
    <ksState>
      <x>67.85338437911791</x>
      <y>-57.29238949641586</y>
      <orientation>-0.5978686912772112</orientation>
      <velocity>14.200000000000003</velocity>
      <steeringAngle>0.10660000000000001</steeringAngle>
      <time>79</time>
    </ksState>
    <ksState>
      <x>69.03437048781525</x>
      <y>-58.071531606815256</y>
      <orientation>-0.5354668969806404</orientation>
      <velocity>14.000000000000004</velocity>
      <steeringAngle>0.13325</steeringAngle>
      <time>80</time>
    </ksState>
  </ksTrajectory>
</CommonRoadSolution>
