<?xml version="1.0" ?>
<CommonRoadSolution benchmark_id="KS2:SM1:RUS_Bicycle-11_1_T-1:2018b" date="2019-11-18">
  <ksTrajectory planningProblem="5">
    <ksState>
      <x>2.5</x>
      <y>20.0</y>
      <orientation>0.0</orientation>
      <velocity>8.0</velocity>
      <steeringAngle>0.0</steeringAngle>
      <time>0</time>
    </ksState>
    <ksState>
      <x>3.31</x>
      <y>20.0</y>
      <orientation>0.0</orientation>
      <velocity>8.399999999999999</velocity>
      <steeringAngle>0.0</steeringAngle>
      <time>1</time>
    </ksState>
    <ksState>
      <x>4.16</x>
      <y>20.0</y>
      <orientation>0.0</orientation>
      <velocity>8.799999999999997</velocity>
      <steeringAngle>0.0</steeringAngle>
      <time>2</time>
    </ksState>
    <ksState>
      <x>5.049999999999999</x>
      <y>20.0</y>
      <orientation>0.0</orientation>
      <velocity>9.199999999999996</velocity>
      <steeringAngle>0.0</steeringAngle>
      <time>3</time>
    </ksState>
    <ksState>
      <x>5.979999999999999</x>
      <y>20.0</y>
      <orientation>0.0</orientation>
      <velocity>9.599999999999994</velocity>
      <steeringAngle>0.0</steeringAngle>
      <time>4</time>
    </ksState>
    <ksState>
      <x>6.949999999999998</x>
      <y>20.0</y>
      <orientation>0.0</orientation>
      <velocity>9.999999999999993</velocity>
      <steeringAngle>0.0</steeringAngle>
      <time>5</time>
    </ksState>
    <ksState>
      <x>7.949999999999998</x>
      <y>20.0</y>
      <orientation>0.0</orientation>
      <velocity>10.0</velocity>
      <steeringAngle>0.0</steeringAngle>
      <time>6</time>
    </ksState>
    <ksState>
      <x>8.95</x>
      <y>20.0</y>
      <orientation>0.0</orientation>
      <velocity>10.0</velocity>
      <steeringAngle>0.0</steeringAngle>
      <time>7</time>
    </ksState>
    <ksState>
      <x>9.95</x>
      <y>20.0</y>
      <orientation>0.0</orientation>
      <velocity>10.0</velocity>
      <steeringAngle>0.0</steeringAngle>
      <time>8</time>
    </ksState>
    <ksState>
      <x>10.95</x>
      <y>20.0</y>
      <orientation>0.0</orientation>
      <velocity>10.0</velocity>
      <steeringAngle>0.0</steeringAngle>
      <time>9</time>
    </ksState>
    <ksState>
      <x>11.95</x>
      <y>20.0</y>
      <orientation>0.0</orientation>
      <velocity>10.0</velocity>
      <steeringAngle>0.0</steeringAngle>
      <time>10</time>
    </ksState>
    <ksState>
      <x>12.95</x>
      <y>20.0</y>
      <orientation>0.00258360590922583</orientation>
      <velocity>10.0</velocity>
      <steeringAngle>0.026650000000000004</steeringAngle>
      <time>11</time>
    </ksState>
    <ksState>
      <x>13.949983308970591</x>
      <y>20.005167630434556</y>
      <orientation>0.015506225455326665</orientation>
      <velocity>10.0</velocity>
      <steeringAngle>0.05330000000000001</steeringAngle>
      <time>12</time>
    </ksState>
    <ksState>
      <x>14.949756155236615</x>
      <y>20.025843910239058</y>
      <orientation>0.03878624606707765</orientation>
      <velocity>10.0</velocity>
      <steeringAngle>0.07995000000000001</steeringAngle>
      <time>13</time>
    </ksState>
    <ksState>
      <x>15.948642622875829</x>
      <y>20.07237885426426</y>
      <orientation>0.07245687517121892</orientation>
      <velocity>10.0</velocity>
      <steeringAngle>0.10660000000000001</steeringAngle>
      <time>14</time>
    </ksState>
    <ksState>
      <x>16.945160562506175</x>
      <y>20.15510973091637</y>
      <orientation>0.11656633022279633</orientation>
      <velocity>10.0</velocity>
      <steeringAngle>0.13325</steeringAngle>
      <time>15</time>
    </ksState>
    <ksState>
      <x>17.91194919964228</x>
      <y>20.280745441626514</y>
      <orientation>0.1647498844786474</orientation>
      <velocity>9.0</velocity>
      <steeringAngle>0.1066</steeringAngle>
      <time>16</time>
    </ksState>
    <ksState>
      <x>18.773726719496537</x>
      <y>20.432065739973996</y>
      <orientation>0.19883780477545565</orientation>
      <velocity>8.0</velocity>
      <steeringAngle>0.07995</steeringAngle>
      <time>17</time>
    </ksState>
    <ksState>
      <x>19.532507864658495</x>
      <y>20.589714112177194</y>
      <orientation>0.220967177202482</orientation>
      <velocity>7.0</velocity>
      <steeringAngle>0.053299999999999986</steeringAngle>
      <time>18</time>
    </ksState>
    <ksState>
      <x>20.19057180496426</x>
      <y>20.739950216781132</y>
      <orientation>0.23324812189603986</orientation>
      <velocity>6.0</velocity>
      <steeringAngle>0.02664999999999998</steeringAngle>
      <time>19</time>
    </ksState>
    <ksState>
      <x>20.74980285499662</x>
      <y>20.873684428583186</y>
      <orientation>0.237769982880648</orientation>
      <velocity>5.0</velocity>
      <steeringAngle>-2.42861286636753e-17</steeringAngle>
      <time>20</time>
    </ksState>
  </ksTrajectory>
</CommonRoadSolution>
