<?xml version="1.0" ?>
<CommonRoadSolution benchmark_id="KS2:SM1:USA_US101-23_1_T-1:2018b" date="2019-11-18">
  <ksTrajectory planningProblem="97">
    <ksState>
      <x>0.0</x>
      <y>0.0</y>
      <orientation>-0.71162</orientation>
      <velocity>17.0</velocity>
      <steeringAngle>0.0</steeringAngle>
      <time>0</time>
    </ksState>
    <ksState>
      <x>1.287418348055868</x>
      <y>-1.1102044843582197</y>
      <orientation>-0.71162</orientation>
      <velocity>17.0</velocity>
      <steeringAngle>0.0</steeringAngle>
      <time>1</time>
    </ksState>
    <ksState>
      <x>2.574836696111736</x>
      <y>-2.2204089687164394</y>
      <orientation>-0.71162</orientation>
      <velocity>17.0</velocity>
      <steeringAngle>0.0</steeringAngle>
      <time>2</time>
    </ksState>
    <ksState>
      <x>3.862255044167603</x>
      <y>-3.3306134530746587</y>
      <orientation>-0.71162</orientation>
      <velocity>17.0</velocity>
      <steeringAngle>0.0</steeringAngle>
      <time>3</time>
    </ksState>
    <ksState>
      <x>5.1496733922234705</x>
      <y>-4.440817937432878</y>
      <orientation>-0.71162</orientation>
      <velocity>17.0</velocity>
      <steeringAngle>0.0</steeringAngle>
      <time>4</time>
    </ksState>
    <ksState>
      <x>6.437091740279338</x>
      <y>-5.551022421791097</y>
      <orientation>-0.71162</orientation>
      <velocity>17.0</velocity>
      <steeringAngle>0.0</steeringAngle>
      <time>5</time>
    </ksState>
    <ksState>
      <x>7.724510088335206</x>
      <y>-6.661226906149317</y>
      <orientation>-0.71162</orientation>
      <velocity>17.0</velocity>
      <steeringAngle>0.0</steeringAngle>
      <time>6</time>
    </ksState>
    <ksState>
      <x>9.011928436391074</x>
      <y>-7.771431390507536</y>
      <orientation>-0.71162</orientation>
      <velocity>17.0</velocity>
      <steeringAngle>0.0</steeringAngle>
      <time>7</time>
    </ksState>
    <ksState>
      <x>10.299346784446941</x>
      <y>-8.881635874865756</y>
      <orientation>-0.71162</orientation>
      <velocity>17.0</velocity>
      <steeringAngle>0.0</steeringAngle>
      <time>8</time>
    </ksState>
    <ksState>
      <x>11.586765132502808</x>
      <y>-9.991840359223975</y>
      <orientation>-0.71162</orientation>
      <velocity>17.0</velocity>
      <steeringAngle>0.0</steeringAngle>
      <time>9</time>
    </ksState>
    <ksState>
      <x>12.874183480558676</x>
      <y>-11.102044843582194</y>
      <orientation>-0.71162</orientation>
      <velocity>17.0</velocity>
      <steeringAngle>0.0</steeringAngle>
      <time>10</time>
    </ksState>
    <ksState>
      <x>14.161601828614543</x>
      <y>-12.212249327940413</y>
      <orientation>-0.71162</orientation>
      <velocity>17.0</velocity>
      <steeringAngle>0.0</steeringAngle>
      <time>11</time>
    </ksState>
    <ksState>
      <x>15.449020176670412</x>
      <y>-13.322453812298633</y>
      <orientation>-0.71162</orientation>
      <velocity>17.0</velocity>
      <steeringAngle>0.0</steeringAngle>
      <time>12</time>
    </ksState>
    <ksState>
      <x>16.736438524726278</x>
      <y>-14.432658296656852</y>
      <orientation>-0.71162</orientation>
      <velocity>17.0</velocity>
      <steeringAngle>0.0</steeringAngle>
      <time>13</time>
    </ksState>
    <ksState>
      <x>18.023856872782147</x>
      <y>-15.54286278101507</y>
      <orientation>-0.71162</orientation>
      <velocity>17.0</velocity>
      <steeringAngle>0.0</steeringAngle>
      <time>14</time>
    </ksState>
    <ksState>
      <x>19.311275220838013</x>
      <y>-16.65306726537329</y>
      <orientation>-0.71162</orientation>
      <velocity>17.0</velocity>
      <steeringAngle>0.0</steeringAngle>
      <time>15</time>
    </ksState>
    <ksState>
      <x>20.598693568893882</x>
      <y>-17.763271749731512</y>
      <orientation>-0.71162</orientation>
      <velocity>17.0</velocity>
      <steeringAngle>0.0</steeringAngle>
      <time>16</time>
    </ksState>
    <ksState>
      <x>21.886111916949748</x>
      <y>-18.87347623408973</y>
      <orientation>-0.71162</orientation>
      <velocity>17.0</velocity>
      <steeringAngle>0.0</steeringAngle>
      <time>17</time>
    </ksState>
    <ksState>
      <x>23.173530265005617</x>
      <y>-19.98368071844795</y>
      <orientation>-0.71162</orientation>
      <velocity>17.0</velocity>
      <steeringAngle>0.0</steeringAngle>
      <time>18</time>
    </ksState>
    <ksState>
      <x>24.460948613061483</x>
      <y>-21.09388520280617</y>
      <orientation>-0.71162</orientation>
      <velocity>17.0</velocity>
      <steeringAngle>0.0</steeringAngle>
      <time>19</time>
    </ksState>
    <ksState>
      <x>25.748366961117352</x>
      <y>-22.204089687164387</y>
      <orientation>-0.71162</orientation>
      <velocity>17.0</velocity>
      <steeringAngle>0.0</steeringAngle>
      <time>20</time>
    </ksState>
    <ksState>
      <x>27.03578530917322</x>
      <y>-23.314294171522608</y>
      <orientation>-0.71162</orientation>
      <velocity>17.0</velocity>
      <steeringAngle>0.0</steeringAngle>
      <time>21</time>
    </ksState>
    <ksState>
      <x>28.323203657229087</x>
      <y>-24.424498655880825</y>
      <orientation>-0.71162</orientation>
      <velocity>17.0</velocity>
      <steeringAngle>0.0</steeringAngle>
      <time>22</time>
    </ksState>
    <ksState>
      <x>29.610622005284956</x>
      <y>-25.534703140239046</y>
      <orientation>-0.71162</orientation>
      <velocity>17.0</velocity>
      <steeringAngle>0.0</steeringAngle>
      <time>23</time>
    </ksState>
    <ksState>
      <x>30.89804035334082</x>
      <y>-26.644907624597266</y>
      <orientation>-0.71162</orientation>
      <velocity>17.0</velocity>
      <steeringAngle>0.0</steeringAngle>
      <time>24</time>
    </ksState>
    <ksState>
      <x>32.18545870139669</x>
      <y>-27.755112108955483</y>
      <orientation>-0.71162</orientation>
      <velocity>17.0</velocity>
      <steeringAngle>0.0</steeringAngle>
      <time>25</time>
    </ksState>
    <ksState>
      <x>33.472877049452556</x>
      <y>-28.865316593313704</y>
      <orientation>-0.71162</orientation>
      <velocity>17.0</velocity>
      <steeringAngle>0.0</steeringAngle>
      <time>26</time>
    </ksState>
    <ksState>
      <x>34.76029539750843</x>
      <y>-29.97552107767192</y>
      <orientation>-0.71162</orientation>
      <velocity>17.0</velocity>
      <steeringAngle>0.0</steeringAngle>
      <time>27</time>
    </ksState>
    <ksState>
      <x>36.047713745564295</x>
      <y>-31.08572556203014</y>
      <orientation>-0.71162</orientation>
      <velocity>17.0</velocity>
      <steeringAngle>0.0</steeringAngle>
      <time>28</time>
    </ksState>
    <ksState>
      <x>37.33513209362016</x>
      <y>-32.19593004638836</y>
      <orientation>-0.71162</orientation>
      <velocity>17.0</velocity>
      <steeringAngle>0.0</steeringAngle>
      <time>29</time>
    </ksState>
    <ksState>
      <x>38.622550441676026</x>
      <y>-33.30613453074658</y>
      <orientation>-0.71162</orientation>
      <velocity>17.0</velocity>
      <steeringAngle>0.0</steeringAngle>
      <time>30</time>
    </ksState>
    <ksState>
      <x>39.90996878973189</x>
      <y>-34.4163390151048</y>
      <orientation>-0.71162</orientation>
      <velocity>17.0</velocity>
      <steeringAngle>0.0</steeringAngle>
      <time>31</time>
    </ksState>
    <ksState>
      <x>41.197387137787764</x>
      <y>-35.526543499463024</y>
      <orientation>-0.71162</orientation>
      <velocity>17.0</velocity>
      <steeringAngle>0.0</steeringAngle>
      <time>32</time>
    </ksState>
    <ksState>
      <x>42.48480548584363</x>
      <y>-36.636747983821245</y>
      <orientation>-0.71162</orientation>
      <velocity>17.0</velocity>
      <steeringAngle>0.0</steeringAngle>
      <time>33</time>
    </ksState>
    <ksState>
      <x>43.772223833899496</x>
      <y>-37.74695246817946</y>
      <orientation>-0.71162</orientation>
      <velocity>17.0</velocity>
      <steeringAngle>0.0</steeringAngle>
      <time>34</time>
    </ksState>
    <ksState>
      <x>45.05964218195536</x>
      <y>-38.85715695253768</y>
      <orientation>-0.71162</orientation>
      <velocity>17.0</velocity>
      <steeringAngle>0.0</steeringAngle>
      <time>35</time>
    </ksState>
    <ksState>
      <x>46.34706053001123</x>
      <y>-39.9673614368959</y>
      <orientation>-0.71162</orientation>
      <velocity>17.0</velocity>
      <steeringAngle>0.0</steeringAngle>
      <time>36</time>
    </ksState>
    <ksState>
      <x>47.6344788780671</x>
      <y>-41.07756592125412</y>
      <orientation>-0.71162</orientation>
      <velocity>17.0</velocity>
      <steeringAngle>0.0</steeringAngle>
      <time>37</time>
    </ksState>
    <ksState>
      <x>48.921897226122965</x>
      <y>-42.18777040561234</y>
      <orientation>-0.71162</orientation>
      <velocity>17.0</velocity>
      <steeringAngle>0.0</steeringAngle>
      <time>38</time>
    </ksState>
    <ksState>
      <x>50.20931557417883</x>
      <y>-43.297974889970554</y>
      <orientation>-0.71162</orientation>
      <velocity>17.0</velocity>
      <steeringAngle>0.0</steeringAngle>
      <time>39</time>
    </ksState>
    <ksState>
      <x>51.4967339222347</x>
      <y>-44.408179374328775</y>
      <orientation>-0.71162</orientation>
      <velocity>17.0</velocity>
      <steeringAngle>0.0</steeringAngle>
      <time>40</time>
    </ksState>
    <ksState>
      <x>52.78415227029056</x>
      <y>-45.518383858686995</y>
      <orientation>-0.71162</orientation>
      <velocity>17.0</velocity>
      <steeringAngle>0.0</steeringAngle>
      <time>41</time>
    </ksState>
    <ksState>
      <x>54.071570618346435</x>
      <y>-46.628588343045216</y>
      <orientation>-0.71162</orientation>
      <velocity>17.0</velocity>
      <steeringAngle>0.0</steeringAngle>
      <time>42</time>
    </ksState>
    <ksState>
      <x>55.3589889664023</x>
      <y>-47.73879282740344</y>
      <orientation>-0.71162</orientation>
      <velocity>17.0</velocity>
      <steeringAngle>0.0</steeringAngle>
      <time>43</time>
    </ksState>
    <ksState>
      <x>56.646407314458166</x>
      <y>-48.84899731176165</y>
      <orientation>-0.71162</orientation>
      <velocity>17.0</velocity>
      <steeringAngle>0.0</steeringAngle>
      <time>44</time>
    </ksState>
    <ksState>
      <x>57.93382566251403</x>
      <y>-49.95920179611987</y>
      <orientation>-0.71162</orientation>
      <velocity>17.0</velocity>
      <steeringAngle>0.0</steeringAngle>
      <time>45</time>
    </ksState>
    <ksState>
      <x>59.2212440105699</x>
      <y>-51.06940628047809</y>
      <orientation>-0.71162</orientation>
      <velocity>17.0</velocity>
      <steeringAngle>0.0</steeringAngle>
      <time>46</time>
    </ksState>
    <ksState>
      <x>60.50866235862577</x>
      <y>-52.17961076483631</y>
      <orientation>-0.71162</orientation>
      <velocity>17.0</velocity>
      <steeringAngle>0.0</steeringAngle>
      <time>47</time>
    </ksState>
    <ksState>
      <x>61.796080706681636</x>
      <y>-53.28981524919453</y>
      <orientation>-0.71162</orientation>
      <velocity>17.0</velocity>
      <steeringAngle>0.0</steeringAngle>
      <time>48</time>
    </ksState>
    <ksState>
      <x>63.0834990547375</x>
      <y>-54.400019733552746</y>
      <orientation>-0.71162</orientation>
      <velocity>17.0</velocity>
      <steeringAngle>0.0</steeringAngle>
      <time>49</time>
    </ksState>
    <ksState>
      <x>64.37091740279337</x>
      <y>-55.51022421791097</y>
      <orientation>-0.71162</orientation>
      <velocity>17.0</velocity>
      <steeringAngle>0.0</steeringAngle>
      <time>50</time>
    </ksState>
    <ksState>
      <x>65.65833575084923</x>
      <y>-56.62042870226919</y>
      <orientation>-0.71162</orientation>
      <velocity>17.0</velocity>
      <steeringAngle>0.0</steeringAngle>
      <time>51</time>
    </ksState>
    <ksState>
      <x>66.9457540989051</x>
      <y>-57.73063318662741</y>
      <orientation>-0.71162</orientation>
      <velocity>17.0</velocity>
      <steeringAngle>0.0</steeringAngle>
      <time>52</time>
    </ksState>
    <ksState>
      <x>68.23317244696096</x>
      <y>-58.84083767098563</y>
      <orientation>-0.71162</orientation>
      <velocity>17.0</velocity>
      <steeringAngle>0.0</steeringAngle>
      <time>53</time>
    </ksState>
    <ksState>
      <x>69.52059079501684</x>
      <y>-59.95104215534384</y>
      <orientation>-0.71162</orientation>
      <velocity>17.0</velocity>
      <steeringAngle>0.0</steeringAngle>
      <time>54</time>
    </ksState>
    <ksState>
      <x>70.80800914307271</x>
      <y>-61.06124663970206</y>
      <orientation>-0.71162</orientation>
      <velocity>17.0</velocity>
      <steeringAngle>0.0</steeringAngle>
      <time>55</time>
    </ksState>
    <ksState>
      <x>72.09542749112858</x>
      <y>-62.17145112406028</y>
      <orientation>-0.71162</orientation>
      <velocity>17.0</velocity>
      <steeringAngle>0.0</steeringAngle>
      <time>56</time>
    </ksState>
    <ksState>
      <x>73.38284583918444</x>
      <y>-63.281655608418504</y>
      <orientation>-0.71162</orientation>
      <velocity>17.0</velocity>
      <steeringAngle>0.0</steeringAngle>
      <time>57</time>
    </ksState>
    <ksState>
      <x>74.6702641872403</x>
      <y>-64.39186009277672</y>
      <orientation>-0.71162</orientation>
      <velocity>17.0</velocity>
      <steeringAngle>0.0</steeringAngle>
      <time>58</time>
    </ksState>
    <ksState>
      <x>75.95768253529619</x>
      <y>-65.50206457713495</y>
      <orientation>-0.71162</orientation>
      <velocity>17.0</velocity>
      <steeringAngle>0.0</steeringAngle>
      <time>59</time>
    </ksState>
    <ksState>
      <x>77.24510088335205</x>
      <y>-66.61226906149317</y>
      <orientation>-0.71162</orientation>
      <velocity>17.0</velocity>
      <steeringAngle>0.0</steeringAngle>
      <time>60</time>
    </ksState>
    <ksState>
      <x>78.53251923140792</x>
      <y>-67.72247354585139</y>
      <orientation>-0.71162</orientation>
      <velocity>17.0</velocity>
      <steeringAngle>0.0</steeringAngle>
      <time>61</time>
    </ksState>
    <ksState>
      <x>79.81993757946378</x>
      <y>-68.8326780302096</y>
      <orientation>-0.71162</orientation>
      <velocity>17.0</velocity>
      <steeringAngle>0.0</steeringAngle>
      <time>62</time>
    </ksState>
    <ksState>
      <x>81.10735592751965</x>
      <y>-69.94288251456783</y>
      <orientation>-0.71162</orientation>
      <velocity>17.0</velocity>
      <steeringAngle>0.0</steeringAngle>
      <time>63</time>
    </ksState>
    <ksState>
      <x>82.39477427557553</x>
      <y>-71.05308699892605</y>
      <orientation>-0.71162</orientation>
      <velocity>17.0</velocity>
      <steeringAngle>0.0</steeringAngle>
      <time>64</time>
    </ksState>
    <ksState>
      <x>83.6821926236314</x>
      <y>-72.16329148328427</y>
      <orientation>-0.71162</orientation>
      <velocity>17.0</velocity>
      <steeringAngle>0.0</steeringAngle>
      <time>65</time>
    </ksState>
    <ksState>
      <x>84.96961097168726</x>
      <y>-73.27349596764249</y>
      <orientation>-0.71162</orientation>
      <velocity>17.0</velocity>
      <steeringAngle>0.0</steeringAngle>
      <time>66</time>
    </ksState>
    <ksState>
      <x>86.25702931974313</x>
      <y>-74.38370045200071</y>
      <orientation>-0.71162</orientation>
      <velocity>17.0</velocity>
      <steeringAngle>0.0</steeringAngle>
      <time>67</time>
    </ksState>
    <ksState>
      <x>87.54444766779899</x>
      <y>-75.49390493635893</y>
      <orientation>-0.71162</orientation>
      <velocity>17.0</velocity>
      <steeringAngle>0.0</steeringAngle>
      <time>68</time>
    </ksState>
    <ksState>
      <x>88.83186601585487</x>
      <y>-76.60410942071715</y>
      <orientation>-0.71162</orientation>
      <velocity>17.0</velocity>
      <steeringAngle>0.0</steeringAngle>
      <time>69</time>
    </ksState>
    <ksState>
      <x>90.11928436391074</x>
      <y>-77.71431390507537</y>
      <orientation>-0.71162</orientation>
      <velocity>17.0</velocity>
      <steeringAngle>0.0</steeringAngle>
      <time>70</time>
    </ksState>
    <ksState>
      <x>91.4067027119666</x>
      <y>-78.82451838943359</y>
      <orientation>-0.71162</orientation>
      <velocity>17.0</velocity>
      <steeringAngle>0.0</steeringAngle>
      <time>71</time>
    </ksState>
    <ksState>
      <x>92.69412106002247</x>
      <y>-79.93472287379181</y>
      <orientation>-0.71162</orientation>
      <velocity>17.0</velocity>
      <steeringAngle>0.0</steeringAngle>
      <time>72</time>
    </ksState>
    <ksState>
      <x>93.98153940807833</x>
      <y>-81.04492735815003</y>
      <orientation>-0.71162</orientation>
      <velocity>17.0</velocity>
      <steeringAngle>0.0</steeringAngle>
      <time>73</time>
    </ksState>
    <ksState>
      <x>95.26895775613421</x>
      <y>-82.15513184250825</y>
      <orientation>-0.71162</orientation>
      <velocity>17.0</velocity>
      <steeringAngle>0.0</steeringAngle>
      <time>74</time>
    </ksState>
    <ksState>
      <x>96.55637610419008</x>
      <y>-83.26533632686647</y>
      <orientation>-0.71162</orientation>
      <velocity>17.0</velocity>
      <steeringAngle>0.0</steeringAngle>
      <time>75</time>
    </ksState>
    <ksState>
      <x>97.84379445224594</x>
      <y>-84.3755408112247</y>
      <orientation>-0.71162</orientation>
      <velocity>17.0</velocity>
      <steeringAngle>0.0</steeringAngle>
      <time>76</time>
    </ksState>
    <ksState>
      <x>99.13121280030181</x>
      <y>-85.48574529558292</y>
      <orientation>-0.71162</orientation>
      <velocity>17.0</velocity>
      <steeringAngle>0.0</steeringAngle>
      <time>77</time>
    </ksState>
    <ksState>
      <x>100.41863114835768</x>
      <y>-86.59594977994114</y>
      <orientation>-0.71162</orientation>
      <velocity>17.0</velocity>
      <steeringAngle>0.0</steeringAngle>
      <time>78</time>
    </ksState>
    <ksState>
      <x>101.70604949641356</x>
      <y>-87.70615426429936</y>
      <orientation>-0.71162</orientation>
      <velocity>17.0</velocity>
      <steeringAngle>0.0</steeringAngle>
      <time>79</time>
    </ksState>
    <ksState>
      <x>102.99346784446942</x>
      <y>-88.81635874865758</y>
      <orientation>-0.71162</orientation>
      <velocity>17.0</velocity>
      <steeringAngle>0.0</steeringAngle>
      <time>80</time>
    </ksState>
    <ksState>
      <x>104.28088619252529</x>
      <y>-89.9265632330158</y>
      <orientation>-0.71162</orientation>
      <velocity>17.0</velocity>
      <steeringAngle>0.0</steeringAngle>
      <time>81</time>
    </ksState>
    <ksState>
      <x>105.56830454058115</x>
      <y>-91.03676771737402</y>
      <orientation>-0.71162</orientation>
      <velocity>17.0</velocity>
      <steeringAngle>0.0</steeringAngle>
      <time>82</time>
    </ksState>
    <ksState>
      <x>106.85572288863702</x>
      <y>-92.14697220173224</y>
      <orientation>-0.71162</orientation>
      <velocity>17.0</velocity>
      <steeringAngle>0.0</steeringAngle>
      <time>83</time>
    </ksState>
    <ksState>
      <x>108.1431412366929</x>
      <y>-93.25717668609046</y>
      <orientation>-0.71162</orientation>
      <velocity>17.0</velocity>
      <steeringAngle>0.0</steeringAngle>
      <time>84</time>
    </ksState>
    <ksState>
      <x>109.43055958474876</x>
      <y>-94.36738117044868</y>
      <orientation>-0.71162</orientation>
      <velocity>17.0</velocity>
      <steeringAngle>0.0</steeringAngle>
      <time>85</time>
    </ksState>
    <ksState>
      <x>110.71797793280463</x>
      <y>-95.4775856548069</y>
      <orientation>-0.71162</orientation>
      <velocity>17.0</velocity>
      <steeringAngle>0.0</steeringAngle>
      <time>86</time>
    </ksState>
    <ksState>
      <x>112.0053962808605</x>
      <y>-96.58779013916512</y>
      <orientation>-0.71162</orientation>
      <velocity>17.0</velocity>
      <steeringAngle>0.0</steeringAngle>
      <time>87</time>
    </ksState>
    <ksState>
      <x>113.29281462891636</x>
      <y>-97.69799462352334</y>
      <orientation>-0.71162</orientation>
      <velocity>17.0</velocity>
      <steeringAngle>0.0</steeringAngle>
      <time>88</time>
    </ksState>
    <ksState>
      <x>114.58023297697224</x>
      <y>-98.80819910788156</y>
      <orientation>-0.71162</orientation>
      <velocity>17.0</velocity>
      <steeringAngle>0.0</steeringAngle>
      <time>89</time>
    </ksState>
    <ksState>
      <x>115.8676513250281</x>
      <y>-99.91840359223978</y>
      <orientation>-0.71162</orientation>
      <velocity>17.0</velocity>
      <steeringAngle>0.0</steeringAngle>
      <time>90</time>
    </ksState>
    <ksState>
      <x>117.15506967308397</x>
      <y>-101.028608076598</y>
      <orientation>-0.71162</orientation>
      <velocity>17.0</velocity>
      <steeringAngle>0.0</steeringAngle>
      <time>91</time>
    </ksState>
    <ksState>
      <x>118.44248802113984</x>
      <y>-102.13881256095623</y>
      <orientation>-0.71162</orientation>
      <velocity>17.0</velocity>
      <steeringAngle>0.0</steeringAngle>
      <time>92</time>
    </ksState>
    <ksState>
      <x>119.7299063691957</x>
      <y>-103.24901704531445</y>
      <orientation>-0.71162</orientation>
      <velocity>17.0</velocity>
      <steeringAngle>0.0</steeringAngle>
      <time>93</time>
    </ksState>
    <ksState>
      <x>121.01732471725158</x>
      <y>-104.35922152967267</y>
      <orientation>-0.71162</orientation>
      <velocity>17.0</velocity>
      <steeringAngle>0.0</steeringAngle>
      <time>94</time>
    </ksState>
    <ksState>
      <x>122.30474306530745</x>
      <y>-105.46942601403089</y>
      <orientation>-0.71162</orientation>
      <velocity>17.0</velocity>
      <steeringAngle>0.0</steeringAngle>
      <time>95</time>
    </ksState>
    <ksState>
      <x>123.580801839704</x>
      <y>-106.5698345764683</y>
      <orientation>-0.7073053781315929</orientation>
      <velocity>16.4</velocity>
      <steeringAngle>0.026650000000000004</steeringAngle>
      <time>96</time>
    </ksState>
    <ksState>
      <x>124.82040108311055</x>
      <y>-107.62053495989781</y>
      <orientation>-0.6863449167756439</orientation>
      <velocity>15.799999999999997</velocity>
      <steeringAngle>0.05330000000000001</steeringAngle>
      <time>97</time>
    </ksState>
    <ksState>
      <x>126.03898019351536</x>
      <y>-108.60243435861406</y>
      <orientation>-0.6499505765616725</orientation>
      <velocity>15.199999999999996</velocity>
      <steeringAngle>0.07995000000000001</steeringAngle>
      <time>98</time>
    </ksState>
    <ksState>
      <x>127.24760985946129</x>
      <y>-109.4990522756867</y>
      <orientation>-0.5993153243110465</orientation>
      <velocity>14.599999999999994</velocity>
      <steeringAngle>0.10660000000000001</steeringAngle>
      <time>99</time>
    </ksState>
    <ksState>
      <x>128.45272173679396</x>
      <y>-110.29607895849783</y>
      <orientation>-0.5356164155657511</orientation>
      <velocity>13.999999999999993</velocity>
      <steeringAngle>0.13325</steeringAngle>
      <time>100</time>
    </ksState>
    <ksState>
      <x>129.66047535910954</x>
      <y>-110.98367758222167</y>
      <orientation>-0.4669912802242137</orientation>
      <velocity>13.600000000000001</velocity>
      <steeringAngle>0.1066</steeringAngle>
      <time>101</time>
    </ksState>
    <ksState>
      <x>130.87419798611816</x>
      <y>-111.57445225485661</y>
      <orientation>-0.41447304513187244</orientation>
      <velocity>13.200000000000003</velocity>
      <steeringAngle>0.07995</steeringAngle>
      <time>102</time>
    </ksState>
    <ksState>
      <x>132.07852037858694</x>
      <y>-112.08974558120805</y>
      <orientation>-0.3771510548927056</orientation>
      <velocity>12.800000000000004</velocity>
      <steeringAngle>0.053299999999999986</steeringAngle>
      <time>103</time>
    </ksState>
    <ksState>
      <x>133.26228210087214</x>
      <y>-112.54967764991095</y>
      <orientation>-0.3541405781681609</orientation>
      <velocity>12.400000000000006</velocity>
      <steeringAngle>0.02664999999999998</steeringAngle>
      <time>104</time>
    </ksState>
    <ksState>
      <x>134.4172981724792</x>
      <y>-112.9725515581021</y>
      <orientation>-0.3445800983075352</orientation>
      <velocity>12.000000000000007</velocity>
      <steeringAngle>-2.42861286636753e-17</steeringAngle>
      <time>105</time>
    </ksState>
    <ksState>
      <x>135.53264076658888</x>
      <y>-113.37284632170102</y>
      <orientation>-0.34760291722132947</orientation>
      <velocity>11.399999999999999</velocity>
      <steeringAngle>-0.026650000000000004</steeringAngle>
      <time>106</time>
    </ksState>
    <ksState>
      <x>136.58923381328543</x>
      <y>-113.75914303750724</y>
      <orientation>-0.36210206880422807</orientation>
      <velocity>10.799999999999997</velocity>
      <steeringAngle>-0.05330000000000001</steeringAngle>
      <time>107</time>
    </ksState>
    <ksState>
      <x>137.58306494039752</x>
      <y>-114.14188225971503</y>
      <orientation>-0.3868563987123239</orientation>
      <velocity>10.199999999999996</velocity>
      <steeringAngle>-0.07995000000000001</steeringAngle>
      <time>108</time>
    </ksState>
    <ksState>
      <x>138.51077865885975</x>
      <y>-114.52828733310423</y>
      <orientation>-0.42065633641087924</orientation>
      <velocity>9.599999999999994</velocity>
      <steeringAngle>-0.10660000000000001</steeringAngle>
      <time>109</time>
    </ksState>
    <ksState>
      <x>139.36952880822034</x>
      <y>-114.9226027507234</y>
      <orientation>-0.462300517630386</orientation>
      <velocity>8.999999999999993</velocity>
      <steeringAngle>-0.13325</steeringAngle>
      <time>110</time>
    </ksState>
    <ksState>
      <x>140.1835159048109</x>
      <y>-115.34037725446699</y>
      <orientation>-0.5074179555356708</orientation>
      <velocity>9.600000000000001</velocity>
      <steeringAngle>-0.1066</steeringAngle>
      <time>111</time>
    </ksState>
    <ksState>
      <x>141.0307919349273</x>
      <y>-115.82271954436226</y>
      <orientation>-0.5452898038180128</orientation>
      <velocity>10.200000000000003</velocity>
      <steeringAngle>-0.07995</steeringAngle>
      <time>112</time>
    </ksState>
    <ksState>
      <x>141.91132253180524</x>
      <y>-116.3666162727638</y>
      <orientation>-0.5747175422643315</orientation>
      <velocity>10.800000000000004</velocity>
      <steeringAngle>-0.053299999999999986</steeringAngle>
      <time>113</time>
    </ksState>
    <ksState>
      <x>142.82700698959286</x>
      <y>-116.96704076723992</y>
      <orientation>-0.594496123718879</orientation>
      <velocity>11.400000000000006</velocity>
      <steeringAngle>-0.02664999999999998</steeringAngle>
      <time>114</time>
    </ksState>
    <ksState>
      <x>143.78190576220067</x>
      <y>-117.61679592071943</y>
      <orientation>-0.6034106103282878</orientation>
      <velocity>12.000000000000007</velocity>
      <steeringAngle>2.42861286636753e-17</steeringAngle>
      <time>115</time>
    </ksState>
    <ksState>
      <x>144.77822586415311</x>
      <y>-118.30341536003458</y>
      <orientation>-0.6034106103282878</orientation>
      <velocity>12.399999999999999</velocity>
      <steeringAngle>0.0</steeringAngle>
      <time>116</time>
    </ksState>
    <ksState>
      <x>145.807482167823</x>
      <y>-119.01273296263288</y>
      <orientation>-0.6034106103282878</orientation>
      <velocity>12.799999999999997</velocity>
      <steeringAngle>0.0</steeringAngle>
      <time>117</time>
    </ksState>
    <ksState>
      <x>146.8696746732103</x>
      <y>-119.74474872851434</y>
      <orientation>-0.6034106103282878</orientation>
      <velocity>13.199999999999996</velocity>
      <steeringAngle>0.0</steeringAngle>
      <time>118</time>
    </ksState>
    <ksState>
      <x>147.9648033803151</x>
      <y>-120.49946265767892</y>
      <orientation>-0.6034106103282878</orientation>
      <velocity>13.599999999999994</velocity>
      <steeringAngle>0.0</steeringAngle>
      <time>119</time>
    </ksState>
    <ksState>
      <x>149.09286828913727</x>
      <y>-121.27687475012667</y>
      <orientation>-0.6034106103282878</orientation>
      <velocity>13.999999999999993</velocity>
      <steeringAngle>0.0</steeringAngle>
      <time>120</time>
    </ksState>
    <ksState>
      <x>150.24975237446222</x>
      <y>-122.07414773544716</y>
      <orientation>-0.6034106103282878</orientation>
      <velocity>14.2</velocity>
      <steeringAngle>0.0</steeringAngle>
      <time>121</time>
    </ksState>
    <ksState>
      <x>151.4231045606459</x>
      <y>-122.88276980240923</y>
      <orientation>-0.6034106103282878</orientation>
      <velocity>14.399999999999999</velocity>
      <steeringAngle>0.0</steeringAngle>
      <time>122</time>
    </ksState>
    <ksState>
      <x>152.61292484768828</x>
      <y>-123.70274095101286</y>
      <orientation>-0.6034106103282878</orientation>
      <velocity>14.599999999999998</velocity>
      <steeringAngle>0.0</steeringAngle>
      <time>123</time>
    </ksState>
    <ksState>
      <x>153.8192132355894</x>
      <y>-124.53406118125807</y>
      <orientation>-0.6034106103282878</orientation>
      <velocity>14.799999999999997</velocity>
      <steeringAngle>0.0</steeringAngle>
      <time>124</time>
    </ksState>
    <ksState>
      <x>155.0419697243492</x>
      <y>-125.37673049314485</y>
      <orientation>-0.6034106103282878</orientation>
      <velocity>14.999999999999996</velocity>
      <steeringAngle>0.0</steeringAngle>
      <time>125</time>
    </ksState>
    <ksState>
      <x>156.2853113391824</x>
      <y>-126.2335861570836</y>
      <orientation>-0.6034106103282878</orientation>
      <velocity>15.399999999999999</velocity>
      <steeringAngle>0.0</steeringAngle>
      <time>126</time>
    </ksState>
    <ksState>
      <x>157.5615891557331</x>
      <y>-127.11313998430549</y>
      <orientation>-0.6034106103282878</orientation>
      <velocity>15.799999999999997</velocity>
      <steeringAngle>0.0</steeringAngle>
      <time>127</time>
    </ksState>
    <ksState>
      <x>158.87080317400117</x>
      <y>-128.01539197481054</y>
      <orientation>-0.6034106103282878</orientation>
      <velocity>16.199999999999996</velocity>
      <steeringAngle>0.0</steeringAngle>
      <time>128</time>
    </ksState>
    <ksState>
      <x>160.2129533939867</x>
      <y>-128.94034212859873</y>
      <orientation>-0.6034106103282878</orientation>
      <velocity>16.599999999999994</velocity>
      <steeringAngle>0.0</steeringAngle>
      <time>129</time>
    </ksState>
    <ksState>
      <x>161.58803981568968</x>
      <y>-129.88799044567006</y>
      <orientation>-0.6034106103282878</orientation>
      <velocity>16.999999999999993</velocity>
      <steeringAngle>0.0</steeringAngle>
      <time>130</time>
    </ksState>
    <ksState>
      <x>162.98782838868073</x>
      <y>-130.85266238520376</y>
      <orientation>-0.6034106103282878</orientation>
      <velocity>17.0</velocity>
      <steeringAngle>0.0</steeringAngle>
      <time>131</time>
    </ksState>
    <ksState>
      <x>164.38761696167177</x>
      <y>-131.81733432473743</y>
      <orientation>-0.6034106103282878</orientation>
      <velocity>17.0</velocity>
      <steeringAngle>0.0</steeringAngle>
      <time>132</time>
    </ksState>
    <ksState>
      <x>165.7874055346628</x>
      <y>-132.78200626427113</y>
      <orientation>-0.6034106103282878</orientation>
      <velocity>17.0</velocity>
      <steeringAngle>0.0</steeringAngle>
      <time>133</time>
    </ksState>
    <ksState>
      <x>167.18719410765385</x>
      <y>-133.7466782038048</y>
      <orientation>-0.6034106103282878</orientation>
      <velocity>17.0</velocity>
      <steeringAngle>0.0</steeringAngle>
      <time>134</time>
    </ksState>
    <ksState>
      <x>168.58698268064492</x>
      <y>-134.7113501433385</y>
      <orientation>-0.6034106103282878</orientation>
      <velocity>17.0</velocity>
      <steeringAngle>0.0</steeringAngle>
      <time>135</time>
    </ksState>
    <ksState>
      <x>169.97442017799193</x>
      <y>-135.66751027164102</y>
      <orientation>-0.6077252321966949</orientation>
      <velocity>16.4</velocity>
      <steeringAngle>-0.026650000000000004</steeringAngle>
      <time>136</time>
    </ksState>
    <ksState>
      <x>171.30454274868373</x>
      <y>-136.60097239027746</y>
      <orientation>-0.6286856935526439</orientation>
      <velocity>15.799999999999997</velocity>
      <steeringAngle>-0.05330000000000001</steeringAngle>
      <time>137</time>
    </ksState>
    <ksState>
      <x>172.56278463461155</x>
      <y>-137.53150386960053</y>
      <orientation>-0.6650800337666153</orientation>
      <velocity>15.199999999999996</velocity>
      <steeringAngle>-0.07995000000000001</steeringAngle>
      <time>138</time>
    </ksState>
  </ksTrajectory>
</CommonRoadSolution>
