<?xml version="1.0" ?>
<CommonRoadSolution benchmark_id="KS2:SM1:DEU_Muc-10_1_T-1:2018b" date="2019-11-17">
  <ksTrajectory planningProblem="0">
    <ksState>
      <x>-87.1584</x>
      <y>-69.9892</y>
      <orientation>-0.8943</orientation>
      <velocity>9.0</velocity>
      <steeringAngle>0.0</steeringAngle>
      <time>0</time>
    </ksState>
    <ksState>
      <x>-86.58555069935214</x>
      <y>-70.70269048959833</y>
      <orientation>-0.8918972465044199</orientation>
      <velocity>9.600000000000001</velocity>
      <steeringAngle>0.026650000000000004</steeringAngle>
      <time>1</time>
    </ksState>
    <ksState>
      <x>-85.97140501371992</x>
      <y>-71.45995149359932</y>
      <orientation>-0.8792588970405069</orientation>
      <velocity>10.200000000000003</velocity>
      <steeringAngle>0.05330000000000001</steeringAngle>
      <time>2</time>
    </ksState>
    <ksState>
      <x>-85.30711477686627</x>
      <y>-72.2536225070144</y>
      <orientation>-0.8551251836639256</orientation>
      <velocity>10.800000000000004</velocity>
      <steeringAngle>0.07995000000000001</steeringAngle>
      <time>3</time>
    </ksState>
    <ksState>
      <x>-84.58168396404146</x>
      <y>-73.07379979673387</y>
      <orientation>-0.8182168002437843</orientation>
      <velocity>11.400000000000006</velocity>
      <steeringAngle>0.10660000000000001</steeringAngle>
      <time>4</time>
    </ksState>
    <ksState>
      <x>-83.78222757123133</x>
      <y>-73.90729122851575</y>
      <orientation>-0.7672311258549784</orientation>
      <velocity>12.000000000000007</velocity>
      <steeringAngle>0.13325</steeringAngle>
      <time>5</time>
    </ksState>
    <ksState>
      <x>-82.9167654670879</x>
      <y>-74.71652481532654</y>
      <orientation>-0.7025556804181319</orientation>
      <velocity>11.399999999999999</velocity>
      <steeringAngle>0.15990000000000001</steeringAngle>
      <time>6</time>
    </ksState>
    <ksState>
      <x>-82.04566129915996</x>
      <y>-75.42814311616195</y>
      <orientation>-0.6292530902764915</orientation>
      <velocity>10.799999999999997</velocity>
      <steeringAngle>0.18655000000000002</steeringAngle>
      <time>7</time>
    </ksState>
    <ksState>
      <x>-81.17276675334615</x>
      <y>-76.03792780002097</y>
      <orientation>-0.5484917214847229</orientation>
      <velocity>10.199999999999996</velocity>
      <steeringAngle>0.21320000000000003</steeringAngle>
      <time>8</time>
    </ksState>
    <ksState>
      <x>-80.30452905386474</x>
      <y>-76.54362103467479</y>
      <orientation>-0.461440324172544</orientation>
      <velocity>9.599999999999994</velocity>
      <steeringAngle>0.23985000000000004</steeringAngle>
      <time>9</time>
    </ksState>
    <ksState>
      <x>-79.44937518439153</x>
      <y>-76.94521098467345</y>
      <orientation>-0.3692714005681416</orientation>
      <velocity>8.999999999999993</velocity>
      <steeringAngle>0.2665</steeringAngle>
      <time>10</time>
    </ksState>
    <ksState>
      <x>-78.612272860791</x>
      <y>-77.24672466526563</y>
      <orientation>-0.27260752791453147</orientation>
      <velocity>8.600000000000001</velocity>
      <steeringAngle>0.29315</steeringAngle>
      <time>11</time>
    </ksState>
    <ksState>
      <x>-77.78848483320785</x>
      <y>-77.45508954121843</y>
      <orientation>-0.17074251627400866</orientation>
      <velocity>8.200000000000003</velocity>
      <steeringAngle>0.3198000000000001</steeringAngle>
      <time>12</time>
    </ksState>
    <ksState>
      <x>-76.98723264330984</x>
      <y>-77.57188178785889</y>
      <orientation>-0.0644237763537926</orientation>
      <velocity>7.800000000000003</velocity>
      <steeringAngle>0.34645000000000015</steeringAngle>
      <time>13</time>
    </ksState>
    <ksState>
      <x>-76.21806005297299</x>
      <y>-77.60072479274936</y>
      <orientation>0.045595312486139294</orientation>
      <velocity>7.400000000000003</velocity>
      <steeringAngle>0.3731000000000002</steeringAngle>
      <time>14</time>
    </ksState>
    <ksState>
      <x>-75.49030670973147</x>
      <y>-77.54729181256026</y>
      <orientation>0.1585529999193474</orientation>
      <velocity>7.000000000000003</velocity>
      <steeringAngle>0.39975000000000027</steeringAngle>
      <time>15</time>
    </ksState>
    <ksState>
      <x>-74.81747368786348</x>
      <y>-77.42026689856158</y>
      <orientation>0.27282685707630194</orientation>
      <velocity>6.4</velocity>
      <steeringAngle>0.4264</steeringAngle>
      <time>16</time>
    </ksState>
    <ksState>
      <x>-74.22068706556816</x>
      <y>-77.23544074728326</y>
      <orientation>0.3848323213053505</orientation>
      <velocity>5.800000000000001</velocity>
      <steeringAngle>0.45304999999999995</steeringAngle>
      <time>17</time>
    </ksState>
    <ksState>
      <x>-73.70304088027521</x>
      <y>-77.00954588569257</y>
      <orientation>0.493256807952629</orientation>
      <velocity>5.200000000000001</velocity>
      <steeringAngle>0.4796999999999999</steeringAngle>
      <time>18</time>
    </ksState>
    <ksState>
      <x>-73.26461749321722</x>
      <y>-76.75927653862561</y>
      <orientation>0.5967474373165161</orientation>
      <velocity>4.600000000000001</velocity>
      <steeringAngle>0.5063499999999999</steeringAngle>
      <time>19</time>
    </ksState>
    <ksState>
      <x>-72.90271862701057</x>
      <y>-76.50056189461922</y>
      <orientation>0.693904894384096</orientation>
      <velocity>4.000000000000002</velocity>
      <steeringAngle>0.5329999999999999</steeringAngle>
      <time>20</time>
    </ksState>
    <ksState>
      <x>-72.61600176286159</x>
      <y>-76.25132687375142</y>
      <orientation>0.7795899432973469</orientation>
      <velocity>3.2</velocity>
      <steeringAngle>0.50635</steeringAngle>
      <time>21</time>
    </ksState>
    <ksState>
      <x>-72.40608572838718</x>
      <y>-76.03706361678437</y>
      <orientation>0.843163802188847</orientation>
      <velocity>2.4000000000000004</velocity>
      <steeringAngle>0.4797</steeringAngle>
      <time>22</time>
    </ksState>
    <ksState>
      <x>-72.26158990363892</x>
      <y>-75.87119039631007</y>
      <orientation>0.8868911207074569</orientation>
      <velocity>1.6000000000000005</velocity>
      <steeringAngle>0.45305000000000006</steeringAngle>
      <time>23</time>
    </ksState>
    <ksState>
      <x>-72.17384105376544</x>
      <y>-75.76210765394238</y>
      <orientation>0.9129379350814908</orientation>
      <velocity>0.8000000000000006</velocity>
      <steeringAngle>0.4264000000000001</steeringAngle>
      <time>24</time>
    </ksState>
    <ksState>
      <x>-72.1372674501641</x>
      <y>-75.7145436780397</y>
      <orientation>0.923382909906416</orientation>
      <velocity>5.551115123125783e-16</velocity>
      <steeringAngle>0.39975000000000016</steeringAngle>
      <time>25</time>
    </ksState>
    <ksState>
      <x>-72.1372674501641</x>
      <y>-75.7145436780397</y>
      <orientation>0.923382909906416</orientation>
      <velocity>0.0</velocity>
      <steeringAngle>0.3731</steeringAngle>
      <time>26</time>
    </ksState>
    <ksState>
      <x>-72.1372674501641</x>
      <y>-75.7145436780397</y>
      <orientation>0.923382909906416</orientation>
      <velocity>0.0</velocity>
      <steeringAngle>0.3464499999999999</steeringAngle>
      <time>27</time>
    </ksState>
    <ksState>
      <x>-72.1372674501641</x>
      <y>-75.7145436780397</y>
      <orientation>0.923382909906416</orientation>
      <velocity>0.0</velocity>
      <steeringAngle>0.31979999999999986</steeringAngle>
      <time>28</time>
    </ksState>
    <ksState>
      <x>-72.1372674501641</x>
      <y>-75.7145436780397</y>
      <orientation>0.923382909906416</orientation>
      <velocity>0.0</velocity>
      <steeringAngle>0.2931499999999998</steeringAngle>
      <time>29</time>
    </ksState>
    <ksState>
      <x>-72.1372674501641</x>
      <y>-75.7145436780397</y>
      <orientation>0.923382909906416</orientation>
      <velocity>0.0</velocity>
      <steeringAngle>0.26649999999999974</steeringAngle>
      <time>30</time>
    </ksState>
    <ksState>
      <x>-72.1372674501641</x>
      <y>-75.7145436780397</y>
      <orientation>0.923382909906416</orientation>
      <velocity>0.0</velocity>
      <steeringAngle>0.23985000000000004</steeringAngle>
      <time>31</time>
    </ksState>
    <ksState>
      <x>-72.1372674501641</x>
      <y>-75.7145436780397</y>
      <orientation>0.923382909906416</orientation>
      <velocity>0.0</velocity>
      <steeringAngle>0.21320000000000003</steeringAngle>
      <time>32</time>
    </ksState>
    <ksState>
      <x>-72.1372674501641</x>
      <y>-75.7145436780397</y>
      <orientation>0.923382909906416</orientation>
      <velocity>0.0</velocity>
      <steeringAngle>0.18655000000000002</steeringAngle>
      <time>33</time>
    </ksState>
    <ksState>
      <x>-72.1372674501641</x>
      <y>-75.7145436780397</y>
      <orientation>0.923382909906416</orientation>
      <velocity>0.0</velocity>
      <steeringAngle>0.15990000000000001</steeringAngle>
      <time>34</time>
    </ksState>
    <ksState>
      <x>-72.1372674501641</x>
      <y>-75.7145436780397</y>
      <orientation>0.923382909906416</orientation>
      <velocity>0.0</velocity>
      <steeringAngle>0.13325</steeringAngle>
      <time>35</time>
    </ksState>
    <ksState>
      <x>-72.1372674501641</x>
      <y>-75.7145436780397</y>
      <orientation>0.923382909906416</orientation>
      <velocity>0.0</velocity>
      <steeringAngle>0.1066</steeringAngle>
      <time>36</time>
    </ksState>
    <ksState>
      <x>-72.1372674501641</x>
      <y>-75.7145436780397</y>
      <orientation>0.923382909906416</orientation>
      <velocity>0.0</velocity>
      <steeringAngle>0.07995</steeringAngle>
      <time>37</time>
    </ksState>
    <ksState>
      <x>-72.1372674501641</x>
      <y>-75.7145436780397</y>
      <orientation>0.923382909906416</orientation>
      <velocity>0.0</velocity>
      <steeringAngle>0.053299999999999986</steeringAngle>
      <time>38</time>
    </ksState>
    <ksState>
      <x>-72.1372674501641</x>
      <y>-75.7145436780397</y>
      <orientation>0.923382909906416</orientation>
      <velocity>0.0</velocity>
      <steeringAngle>0.02664999999999998</steeringAngle>
      <time>39</time>
    </ksState>
    <ksState>
      <x>-72.1372674501641</x>
      <y>-75.7145436780397</y>
      <orientation>0.923382909906416</orientation>
      <velocity>0.0</velocity>
      <steeringAngle>-2.42861286636753e-17</steeringAngle>
      <time>40</time>
    </ksState>
    <ksState>
      <x>-72.12218931899783</x>
      <y>-75.69460251557278</y>
      <orientation>0.9232537296109548</orientation>
      <velocity>1.0</velocity>
      <steeringAngle>-0.026650000000000004</steeringAngle>
      <time>41</time>
    </ksState>
    <ksState>
      <x>-72.0467548752794</x>
      <y>-75.59492983275906</y>
      <orientation>0.9215737431569174</orientation>
      <velocity>2.0</velocity>
      <steeringAngle>-0.05330000000000001</steeringAngle>
      <time>42</time>
    </ksState>
    <ksState>
      <x>-71.9105214058195</x>
      <y>-75.41586172196371</y>
      <orientation>0.9162709184469086</orientation>
      <velocity>3.0</velocity>
      <steeringAngle>-0.07995000000000001</steeringAngle>
      <time>43</time>
    </ksState>
    <ksState>
      <x>-71.71202116778448</x>
      <y>-75.15852520020638</y>
      <orientation>0.9052628897362183</orientation>
      <velocity>4.0</velocity>
      <steeringAngle>-0.10660000000000001</steeringAngle>
      <time>44</time>
    </ksState>
    <ksState>
      <x>-71.44812878391302</x>
      <y>-74.82538452298785</y>
      <orientation>0.8864509483322414</orientation>
      <velocity>5.0</velocity>
      <steeringAngle>-0.13325</steeringAngle>
      <time>45</time>
    </ksState>
    <ksState>
      <x>-71.11669852578783</x>
      <y>-74.42470686360853</y>
      <orientation>0.8594228813210714</orientation>
      <velocity>5.800000000000001</velocity>
      <steeringAngle>-0.13325</steeringAngle>
      <time>46</time>
    </ksState>
    <ksState>
      <x>-70.72145737791806</x>
      <y>-73.97330459331954</y>
      <orientation>0.8282366501543367</orientation>
      <velocity>6.600000000000001</velocity>
      <steeringAngle>-0.13325</steeringAngle>
      <time>47</time>
    </ksState>
    <ksState>
      <x>-70.25726985862109</x>
      <y>-73.4764183216264</y>
      <orientation>0.7928922548320374</orientation>
      <velocity>7.400000000000002</velocity>
      <steeringAngle>-0.13325</steeringAngle>
      <time>48</time>
    </ksState>
    <ksState>
      <x>-69.71861893194526</x>
      <y>-72.94031962610055</y>
      <orientation>0.7533896953541734</orientation>
      <velocity>8.200000000000003</velocity>
      <steeringAngle>-0.13325</steeringAngle>
      <time>49</time>
    </ksState>
    <ksState>
      <x>-69.09974743232017</x>
      <y>-72.37241293933732</y>
      <orientation>0.7097289717207449</orientation>
      <velocity>9.000000000000004</velocity>
      <steeringAngle>-0.13325</steeringAngle>
      <time>50</time>
    </ksState>
    <ksState>
      <x>-68.42963741991106</x>
      <y>-71.80985365570847</y>
      <orientation>0.6664805888288136</orientation>
      <velocity>8.0</velocity>
      <steeringAngle>-0.1066</steeringAngle>
      <time>51</time>
    </ksState>
    <ksState>
      <x>-67.8166786505657</x>
      <y>-71.33565408917501</y>
      <orientation>0.6362809752293671</orientation>
      <velocity>7.0</velocity>
      <steeringAngle>-0.07995</steeringAngle>
      <time>52</time>
    </ksState>
    <ksState>
      <x>-67.27168419168086</x>
      <y>-70.9374172369546</y>
      <orientation>0.6169986269291764</orientation>
      <velocity>6.0</velocity>
      <steeringAngle>-0.053299999999999986</steeringAngle>
      <time>53</time>
    </ksState>
    <ksState>
      <x>-66.80172029333377</x>
      <y>-70.60612317324329</y>
      <orientation>0.6065274921203306</orientation>
      <velocity>5.0</velocity>
      <steeringAngle>-0.02664999999999998</steeringAngle>
      <time>54</time>
    </ksState>
    <ksState>
      <x>-66.41111412382641</x>
      <y>-70.33584286552599</y>
      <orientation>0.6027808046824007</orientation>
      <velocity>4.0</velocity>
      <steeringAngle>2.42861286636753e-17</steeringAngle>
      <time>55</time>
    </ksState>
    <ksState>
      <x>-66.06101516103436</x>
      <y>-70.09489532714484</y>
      <orientation>0.6039434273415523</orientation>
      <velocity>5.0</velocity>
      <steeringAngle>0.026650000000000004</steeringAngle>
      <time>56</time>
    </ksState>
    <ksState>
      <x>-65.62929061813406</x>
      <y>-69.79616725684149</y>
      <orientation>0.61079246161403</orientation>
      <velocity>6.0</velocity>
      <steeringAngle>0.05330000000000001</steeringAngle>
      <time>57</time>
    </ksState>
    <ksState>
      <x>-65.11845640787253</x>
      <y>-69.43607052777976</y>
      <orientation>0.6254072945687392</orientation>
      <velocity>7.0</velocity>
      <steeringAngle>0.07995000000000001</steeringAngle>
      <time>58</time>
    </ksState>
    <ksState>
      <x>-64.53308605059357</x>
      <y>-69.00834277981991</y>
      <orientation>0.6498835749210861</orientation>
      <velocity>8.0</velocity>
      <steeringAngle>0.10660000000000001</steeringAngle>
      <time>59</time>
    </ksState>
    <ksState>
      <x>-63.880573367145345</x>
      <y>-68.50356028144449</y>
      <orientation>0.6863392983456938</orientation>
      <velocity>8.995108823529412</velocity>
      <steeringAngle>0.13325</steeringAngle>
      <time>60</time>
    </ksState>
    <ksState>
      <x>-63.21008754220218</x>
      <y>-67.94144896250647</y>
      <orientation>0.7295876812376252</orientation>
      <velocity>8.0</velocity>
      <steeringAngle>0.1066</steeringAngle>
      <time>61</time>
    </ksState>
    <ksState>
      <x>-62.636551247656314</x>
      <y>-67.42025820984823</y>
      <orientation>0.7597872948370716</orientation>
      <velocity>7.0</velocity>
      <steeringAngle>0.07995</steeringAngle>
      <time>62</time>
    </ksState>
    <ksState>
      <x>-62.1496359866768</x>
      <y>-66.95279154867669</y>
      <orientation>0.7790696431372623</orientation>
      <velocity>6.0</velocity>
      <steeringAngle>0.053299999999999986</steeringAngle>
      <time>63</time>
    </ksState>
    <ksState>
      <x>-61.74168757152857</x>
      <y>-66.54757566426692</y>
      <orientation>0.7895407779461081</orientation>
      <velocity>5.0</velocity>
      <steeringAngle>0.02664999999999998</steeringAngle>
      <time>64</time>
    </ksState>
    <ksState>
      <x>-61.407619482449704</x>
      <y>-66.20990254384397</y>
      <orientation>0.793287465384038</orientation>
      <velocity>4.0</velocity>
      <steeringAngle>-2.42861286636753e-17</steeringAngle>
      <time>65</time>
    </ksState>
    <ksState>
      <x>-61.10947932420667</x>
      <y>-65.90702064269631</y>
      <orientation>0.7921248427248865</orientation>
      <velocity>5.0</velocity>
      <steeringAngle>-0.026650000000000004</steeringAngle>
      <time>66</time>
    </ksState>
    <ksState>
      <x>-60.740248590372694</x>
      <y>-65.53380059216035</y>
      <orientation>0.7852758084524087</orientation>
      <velocity>6.0</velocity>
      <steeringAngle>-0.05330000000000001</steeringAngle>
      <time>67</time>
    </ksState>
    <ksState>
      <x>-60.29683115459981</x>
      <y>-65.09334375851252</y>
      <orientation>0.7706609754976995</orientation>
      <velocity>7.0</velocity>
      <steeringAngle>-0.07995000000000001</steeringAngle>
      <time>68</time>
    </ksState>
    <ksState>
      <x>-59.77385507072089</x>
      <y>-64.59124267581464</y>
      <orientation>0.7461846951453527</orientation>
      <velocity>8.0</velocity>
      <steeringAngle>-0.10660000000000001</steeringAngle>
      <time>69</time>
    </ksState>
    <ksState>
      <x>-59.1633254387084</x>
      <y>-64.03641681019408</y>
      <orientation>0.7097289717207449</orientation>
      <velocity>8.995108823529412</velocity>
      <steeringAngle>-0.13325</steeringAngle>
      <time>70</time>
    </ksState>
    <ksState>
      <x>-58.48161186107605</x>
      <y>-63.46435188223619</y>
      <orientation>0.6657796931988059</orientation>
      <velocity>8.600000000000001</velocity>
      <steeringAngle>-0.1066</steeringAngle>
      <time>71</time>
    </ksState>
    <ksState>
      <x>-57.80856600216352</x>
      <y>-62.94526443004367</y>
      <orientation>0.6327029915932737</orientation>
      <velocity>8.200000000000003</velocity>
      <steeringAngle>-0.07995</steeringAngle>
      <time>72</time>
    </ksState>
    <ksState>
      <x>-57.1523693805244</x>
      <y>-62.47041773361945</y>
      <orientation>0.609616121988285</orientation>
      <velocity>7.800000000000003</velocity>
      <steeringAngle>-0.053299999999999986</steeringAngle>
      <time>73</time>
    </ksState>
    <ksState>
      <x>-56.51932592203427</x>
      <y>-62.03207274054589</y>
      <orientation>0.595654694687301</orientation>
      <velocity>7.400000000000003</velocity>
      <steeringAngle>-0.02664999999999998</steeringAngle>
      <time>74</time>
    </ksState>
    <ksState>
      <x>-55.91427526195104</x>
      <y>-61.62364679801635</y>
      <orientation>0.5899700825600666</orientation>
      <velocity>7.000000000000003</velocity>
      <steeringAngle>2.42861286636753e-17</steeringAngle>
      <time>75</time>
    </ksState>
    <ksState>
      <x>-55.32429556217674</x>
      <y>-61.22864812225373</y>
      <orientation>0.5918302788147092</orientation>
      <velocity>7.4</velocity>
      <steeringAngle>0.026650000000000004</steeringAngle>
      <time>76</time>
    </ksState>
    <ksState>
      <x>-54.70266787857989</x>
      <y>-60.809032862103585</y>
      <orientation>0.6015481070785946</orientation>
      <velocity>7.800000000000001</velocity>
      <steeringAngle>0.05330000000000001</steeringAngle>
      <time>77</time>
    </ksState>
    <ksState>
      <x>-54.053181136410714</x>
      <y>-60.359303146257844</y>
      <orientation>0.6199652513908239</orientation>
      <velocity>8.2</velocity>
      <steeringAngle>0.07995000000000001</steeringAngle>
      <time>78</time>
    </ksState>
    <ksState>
      <x>-53.3807812072569</x>
      <y>-59.872733114096675</y>
      <orientation>0.6479379032479989</orientation>
      <velocity>8.599999999999998</velocity>
      <steeringAngle>0.10660000000000001</steeringAngle>
      <time>79</time>
    </ksState>
    <ksState>
      <x>-52.691897693472455</x>
      <y>-59.34143350173262</y>
      <orientation>0.6863392983456938</orientation>
      <velocity>8.999999999999996</velocity>
      <steeringAngle>0.13325</steeringAngle>
      <time>80</time>
    </ksState>
    <ksState>
      <x>-52.00624109825888</x>
      <y>-58.76628961860321</y>
      <orientation>0.730522208744302</orientation>
      <velocity>8.8</velocity>
      <steeringAngle>0.1066</steeringAngle>
      <time>81</time>
    </ksState>
    <ksState>
      <x>-51.359871148484736</x>
      <y>-58.176571809209584</y>
      <orientation>0.7645579396851963</orientation>
      <velocity>8.600000000000001</velocity>
      <steeringAngle>0.07995</steeringAngle>
      <time>82</time>
    </ksState>
    <ksState>
      <x>-50.74678493999899</x>
      <y>-57.58065429234827</y>
      <orientation>0.7889129830584509</orientation>
      <velocity>8.400000000000002</velocity>
      <steeringAngle>0.053299999999999986</steeringAngle>
      <time>83</time>
    </ksState>
    <ksState>
      <x>-50.160999314265105</x>
      <y>-56.98561896360249</y>
      <orientation>0.8040378411901475</orientation>
      <velocity>8.200000000000003</velocity>
      <steeringAngle>0.02664999999999998</steeringAngle>
      <time>84</time>
    </ksState>
    <ksState>
      <x>-49.596787234949055</x>
      <y>-56.397497592300915</y>
      <orientation>0.8103684282138168</orientation>
      <velocity>8.000000000000004</velocity>
      <steeringAngle>-2.42861286636753e-17</steeringAngle>
      <time>85</time>
    </ksState>
    <ksState>
      <x>-49.035063531208635</x>
      <y>-55.80699655025599</y>
      <orientation>0.8082240353091594</orientation>
      <velocity>8.600000000000001</velocity>
      <steeringAngle>-0.026650000000000004</steeringAngle>
      <time>86</time>
    </ksState>
    <ksState>
      <x>-48.429200773180106</x>
      <y>-55.175687166168274</y>
      <orientation>0.7968779477998563</orientation>
      <velocity>9.200000000000003</velocity>
      <steeringAngle>-0.05330000000000001</steeringAngle>
      <time>87</time>
    </ksState>
    <ksState>
      <x>-47.77247149703966</x>
      <y>-54.5101709218851</y>
      <orientation>0.7750722364844502</orientation>
      <velocity>9.800000000000004</velocity>
      <steeringAngle>-0.07995000000000001</steeringAngle>
      <time>88</time>
    </ksState>
    <ksState>
      <x>-47.05633527244049</x>
      <y>-53.81943467426505</y>
      <orientation>0.741530915974723</orientation>
      <velocity>10.400000000000006</velocity>
      <steeringAngle>-0.10660000000000001</steeringAngle>
      <time>89</time>
    </ksState>
    <ksState>
      <x>-46.270636845654884</x>
      <y>-53.115464875879674</y>
      <orientation>0.6949561870910749</orientation>
      <velocity>11.000000000000007</velocity>
      <steeringAngle>-0.13325</steeringAngle>
      <time>90</time>
    </ksState>
    <ksState>
      <x>-45.42764367301145</x>
      <y>-52.43256879673679</y>
      <orientation>0.6413701977179658</orientation>
      <velocity>10.399999999999999</velocity>
      <steeringAngle>-0.1066</steeringAngle>
      <time>91</time>
    </ksState>
    <ksState>
      <x>-44.59991074012112</x>
      <y>-51.82811784862804</y>
      <orientation>0.6014759120530718</orientation>
      <velocity>9.799999999999997</velocity>
      <steeringAngle>-0.07995</steeringAngle>
      <time>92</time>
    </ksState>
    <ksState>
      <x>-43.80022073878643</x>
      <y>-51.2880558482046</y>
      <orientation>0.5739631679626779</orientation>
      <velocity>9.199999999999996</velocity>
      <steeringAngle>-0.053299999999999986</steeringAngle>
      <time>93</time>
    </ksState>
    <ksState>
      <x>-43.03795949302713</x>
      <y>-50.80024004646271</y>
      <orientation>0.5575455517229824</orientation>
      <velocity>8.599999999999994</velocity>
      <steeringAngle>-0.02664999999999998</steeringAngle>
      <time>94</time>
    </ksState>
    <ksState>
      <x>-42.31995694129311</x>
      <y>-50.35471360444404</y>
      <orientation>0.5509565673988264</orientation>
      <velocity>7.999999999999994</velocity>
      <steeringAngle>2.42861286636753e-17</steeringAngle>
      <time>95</time>
    </ksState>
    <ksState>
      <x>-41.62555726186805</x>
      <y>-49.92805907767281</y>
      <orientation>0.5531009603034838</orientation>
      <velocity>8.600000000000001</velocity>
      <steeringAngle>0.026650000000000004</steeringAngle>
      <time>96</time>
    </ksState>
    <ksState>
      <x>-40.882062871332806</x>
      <y>-49.466716134467035</y>
      <orientation>0.5644470478127869</orientation>
      <velocity>9.200000000000003</velocity>
      <steeringAngle>0.05330000000000001</steeringAngle>
      <time>97</time>
    </ksState>
    <ksState>
      <x>-40.094532021865284</x>
      <y>-48.96273163601326</y>
      <orientation>0.586252759128193</orientation>
      <velocity>9.800000000000004</velocity>
      <steeringAngle>0.07995000000000001</steeringAngle>
      <time>98</time>
    </ksState>
    <ksState>
      <x>-39.26997920534018</x>
      <y>-48.40588308504101</y>
      <orientation>0.6197940796379202</orientation>
      <velocity>10.400000000000006</velocity>
      <steeringAngle>0.10660000000000001</steeringAngle>
      <time>99</time>
    </ksState>
    <ksState>
      <x>-38.418017150213714</x>
      <y>-47.783744714968236</y>
      <orientation>0.6663688085215683</orientation>
      <velocity>11.000000000000007</velocity>
      <steeringAngle>0.13325</steeringAngle>
      <time>100</time>
    </ksState>
    <ksState>
      <x>-37.57859454154843</x>
      <y>-47.10438363619953</y>
      <orientation>0.7197211660180083</orientation>
      <velocity>10.2</velocity>
      <steeringAngle>0.1066</steeringAngle>
      <time>101</time>
    </ksState>
    <ksState>
      <x>-36.833521945903634</x>
      <y>-46.43748414815425</y>
      <orientation>0.7586564223475403</orientation>
      <velocity>9.399999999999999</velocity>
      <steeringAngle>0.07995</steeringAngle>
      <time>102</time>
    </ksState>
    <ksState>
      <x>-36.17037687244946</x>
      <y>-45.799837288286554</y>
      <orientation>0.7849009926696682</orientation>
      <velocity>8.599999999999998</velocity>
      <steeringAngle>0.053299999999999986</steeringAngle>
      <time>103</time>
    </ksState>
    <ksState>
      <x>-35.57870103398939</x>
      <y>-45.20359425758659</y>
      <orientation>0.800155178078651</orientation>
      <velocity>7.799999999999997</velocity>
      <steeringAngle>0.02664999999999998</steeringAngle>
      <time>104</time>
    </ksState>
    <ksState>
      <x>-35.05036074791508</x>
      <y>-44.6572846409543</y>
      <orientation>0.8060981875063722</orientation>
      <velocity>6.9999999999999964</velocity>
      <steeringAngle>-2.42861286636753e-17</steeringAngle>
      <time>105</time>
    </ksState>
    <ksState>
      <x>-34.55189091669845</x>
      <y>-44.137738851473856</y>
      <orientation>0.8041863191335451</orientation>
      <velocity>7.800000000000001</velocity>
      <steeringAngle>-0.026650000000000004</steeringAngle>
      <time>106</time>
    </ksState>
    <ksState>
      <x>-33.99574477233149</x>
      <y>-43.562674622262385</y>
      <orientation>0.7937964962880446</orientation>
      <velocity>8.600000000000001</velocity>
      <steeringAngle>-0.05330000000000001</steeringAngle>
      <time>107</time>
    </ksState>
    <ksState>
      <x>-33.375896901016375</x>
      <y>-42.93803608288536</y>
      <orientation>0.7732582220918118</orientation>
      <velocity>9.400000000000002</velocity>
      <steeringAngle>-0.07995000000000001</steeringAngle>
      <time>108</time>
    </ksState>
    <ksState>
      <x>-32.68392383405372</x>
      <y>-42.27266087097921</y>
      <orientation>0.7408823587503607</orientation>
      <velocity>10.200000000000003</velocity>
      <steeringAngle>-0.10660000000000001</steeringAngle>
      <time>109</time>
    </ksState>
    <ksState>
      <x>-31.909053981083645</x>
      <y>-41.57907909772175</y>
      <orientation>0.694956187091075</orientation>
      <velocity>10.997021226415097</velocity>
      <steeringAngle>-0.13325</steeringAngle>
      <time>110</time>
    </ksState>
    <ksState>
      <x>-31.069991165502188</x>
      <y>-40.89927369704247</y>
      <orientation>0.641603829594635</orientation>
      <velocity>10.2</velocity>
      <steeringAngle>-0.1066</steeringAngle>
      <time>111</time>
    </ksState>
    <ksState>
      <x>-30.262736949961408</x>
      <y>-40.30916461269655</y>
      <orientation>0.602668573265103</orientation>
      <velocity>9.399999999999999</velocity>
      <steeringAngle>-0.07995</steeringAngle>
      <time>112</time>
    </ksState>
    <ksState>
      <x>-29.5011321686355</x>
      <y>-39.793109321659635</y>
      <orientation>0.576424002942975</orientation>
      <velocity>8.599999999999998</velocity>
      <steeringAngle>-0.053299999999999986</steeringAngle>
      <time>113</time>
    </ksState>
    <ksState>
      <x>-28.794887683528064</x>
      <y>-39.33835138964412</y>
      <orientation>0.5611698175339923</orientation>
      <velocity>7.799999999999997</velocity>
      <steeringAngle>-0.02664999999999998</steeringAngle>
      <time>114</time>
    </ksState>
    <ksState>
      <x>-28.150655290340346</x>
      <y>-38.93516126243162</y>
      <orientation>0.5552268081062711</orientation>
      <velocity>6.9999999999999964</velocity>
      <steeringAngle>2.42861286636753e-17</steeringAngle>
      <time>115</time>
    </ksState>
    <ksState>
      <x>-27.538813039893373</x>
      <y>-38.555623305742195</y>
      <orientation>0.5571386764790982</orientation>
      <velocity>7.800000000000001</velocity>
      <steeringAngle>0.026650000000000004</steeringAngle>
      <time>116</time>
    </ksState>
    <ksState>
      <x>-26.860672553171728</x>
      <y>-38.13121444405132</y>
      <orientation>0.5675284993245987</orientation>
      <velocity>8.600000000000001</velocity>
      <steeringAngle>0.05330000000000001</steeringAngle>
      <time>117</time>
    </ksState>
    <ksState>
      <x>-26.120795085404893</x>
      <y>-37.654804934133765</y>
      <orientation>0.5880667735208315</orientation>
      <velocity>9.400000000000002</velocity>
      <steeringAngle>0.07995000000000001</steeringAngle>
      <time>118</time>
    </ksState>
    <ksState>
      <x>-25.326073492365097</x>
      <y>-37.1163177127653</y>
      <orientation>0.6204426368622826</orientation>
      <velocity>10.200000000000003</velocity>
      <steeringAngle>0.10660000000000001</steeringAngle>
      <time>119</time>
    </ksState>
    <ksState>
      <x>-24.486524114497726</x>
      <y>-36.502611099342126</y>
      <orientation>0.6663688085215683</orientation>
      <velocity>10.997021226415097</velocity>
      <steeringAngle>0.13325</steeringAngle>
      <time>120</time>
    </ksState>
    <ksState>
      <x>-23.647101505832445</x>
      <y>-35.82325002057342</y>
      <orientation>0.7197211660180083</orientation>
      <velocity>10.2</velocity>
      <steeringAngle>0.1066</steeringAngle>
      <time>121</time>
    </ksState>
    <ksState>
      <x>-22.90202891018765</x>
      <y>-35.15635053252814</y>
      <orientation>0.7586564223475403</orientation>
      <velocity>9.399999999999999</velocity>
      <steeringAngle>0.07995</steeringAngle>
      <time>122</time>
    </ksState>
    <ksState>
      <x>-22.23888383673347</x>
      <y>-34.51870367266044</y>
      <orientation>0.7849009926696682</orientation>
      <velocity>8.599999999999998</velocity>
      <steeringAngle>0.053299999999999986</steeringAngle>
      <time>123</time>
    </ksState>
    <ksState>
      <x>-21.647207998273405</x>
      <y>-33.92246064196048</y>
      <orientation>0.800155178078651</orientation>
      <velocity>7.799999999999997</velocity>
      <steeringAngle>0.02664999999999998</steeringAngle>
      <time>124</time>
    </ksState>
    <ksState>
      <x>-21.11886771219909</x>
      <y>-33.37615102532819</y>
      <orientation>0.8060981875063722</orientation>
      <velocity>6.9999999999999964</velocity>
      <steeringAngle>-2.42861286636753e-17</steeringAngle>
      <time>125</time>
    </ksState>
    <ksState>
      <x>-20.62039788098246</x>
      <y>-32.856605235847745</y>
      <orientation>0.8041863191335451</orientation>
      <velocity>7.800000000000001</velocity>
      <steeringAngle>-0.026650000000000004</steeringAngle>
      <time>126</time>
    </ksState>
    <ksState>
      <x>-20.0642517366155</x>
      <y>-32.281541006636274</y>
      <orientation>0.7937964962880446</orientation>
      <velocity>8.600000000000001</velocity>
      <steeringAngle>-0.05330000000000001</steeringAngle>
      <time>127</time>
    </ksState>
    <ksState>
      <x>-19.444403865300384</x>
      <y>-31.65690246725925</y>
      <orientation>0.7732582220918118</orientation>
      <velocity>9.400000000000002</velocity>
      <steeringAngle>-0.07995000000000001</steeringAngle>
      <time>128</time>
    </ksState>
    <ksState>
      <x>-18.752430798337738</x>
      <y>-30.9915272553531</y>
      <orientation>0.7408823587503607</orientation>
      <velocity>10.200000000000003</velocity>
      <steeringAngle>-0.10660000000000001</steeringAngle>
      <time>129</time>
    </ksState>
    <ksState>
      <x>-17.977560945367657</x>
      <y>-30.297945482095646</y>
      <orientation>0.694956187091075</orientation>
      <velocity>10.997021226415097</velocity>
      <steeringAngle>-0.13325</steeringAngle>
      <time>130</time>
    </ksState>
    <ksState>
      <x>-17.1384981297862</x>
      <y>-29.61814008141636</y>
      <orientation>0.641603829594635</orientation>
      <velocity>10.2</velocity>
      <steeringAngle>-0.1066</steeringAngle>
      <time>131</time>
    </ksState>
    <ksState>
      <x>-16.33124391424542</x>
      <y>-29.028030997070445</y>
      <orientation>0.602668573265103</orientation>
      <velocity>9.399999999999999</velocity>
      <steeringAngle>-0.07995</steeringAngle>
      <time>132</time>
    </ksState>
    <ksState>
      <x>-15.569639132919512</x>
      <y>-28.51197570603353</y>
      <orientation>0.576424002942975</orientation>
      <velocity>8.599999999999998</velocity>
      <steeringAngle>-0.053299999999999986</steeringAngle>
      <time>133</time>
    </ksState>
    <ksState>
      <x>-14.863394647812076</x>
      <y>-28.057217774018007</y>
      <orientation>0.5611698175339923</orientation>
      <velocity>7.799999999999997</velocity>
      <steeringAngle>-0.02664999999999998</steeringAngle>
      <time>134</time>
    </ksState>
    <ksState>
      <x>-14.219162254624358</x>
      <y>-27.654027646805513</y>
      <orientation>0.5552268081062711</orientation>
      <velocity>6.9999999999999964</velocity>
      <steeringAngle>2.42861286636753e-17</steeringAngle>
      <time>135</time>
    </ksState>
    <ksState>
      <x>-13.628564526762352</x>
      <y>-27.287668091390024</y>
      <orientation>0.5570094961836369</orientation>
      <velocity>6.800000000000001</velocity>
      <steeringAngle>0.026650000000000004</steeringAngle>
      <time>136</time>
    </ksState>
    <ksState>
      <x>-13.05622177295224</x>
      <y>-26.92983102589746</y>
      <orientation>0.5657193325751001</orientation>
      <velocity>6.600000000000001</velocity>
      <steeringAngle>0.05330000000000001</steeringAngle>
      <time>137</time>
    </ksState>
    <ksState>
      <x>-12.50446431186917</x>
      <y>-26.5768668552262</y>
      <orientation>0.580954782061324</orientation>
      <velocity>6.400000000000002</velocity>
      <steeringAngle>0.07995000000000001</steeringAngle>
      <time>138</time>
    </ksState>
    <ksState>
      <x>-11.975374718213235</x>
      <y>-26.225755420983912</y>
      <orientation>0.6023226166920849</orientation>
      <velocity>6.200000000000003</velocity>
      <steeringAngle>0.10660000000000001</steeringAngle>
      <time>139</time>
    </ksState>
    <ksState>
      <x>-11.470844627307445</x>
      <y>-25.874103967961087</y>
      <orientation>0.6294368469473937</orientation>
      <velocity>6.0000000000000036</velocity>
      <steeringAngle>0.13325</steeringAngle>
      <time>140</time>
    </ksState>
    <ksState>
      <x>-10.980621536178402</x>
      <y>-25.51111814334327</y>
      <orientation>0.6595151388842502</orientation>
      <velocity>6.4</velocity>
      <steeringAngle>0.1066</steeringAngle>
      <time>141</time>
    </ksState>
    <ksState>
      <x>-10.469641086898992</x>
      <y>-25.10939639389444</y>
      <orientation>0.6847630377391449</orientation>
      <velocity>6.800000000000001</velocity>
      <steeringAngle>0.07995</steeringAngle>
      <time>142</time>
    </ksState>
    <ksState>
      <x>-9.937541941616578</x>
      <y>-24.67012743067983</y>
      <orientation>0.7043815300366907</orientation>
      <velocity>7.200000000000001</velocity>
      <steeringAngle>0.053299999999999986</steeringAngle>
      <time>143</time>
    </ksState>
    <ksState>
      <x>-9.383065224354828</x>
      <y>-24.195313591077124</y>
      <orientation>0.7175672510063891</orientation>
      <velocity>7.600000000000001</velocity>
      <steeringAngle>0.02664999999999998</steeringAngle>
      <time>144</time>
    </ksState>
    <ksState>
      <x>-8.803950883630469</x>
      <y>-23.687845075774764</y>
      <orientation>0.7235102420793281</orientation>
      <velocity>8.000000000000002</velocity>
      <steeringAngle>-2.42861286636753e-17</steeringAngle>
      <time>145</time>
    </ksState>
    <ksState>
      <x>-8.204361681808663</x>
      <y>-23.15822937636746</y>
      <orientation>0.7235102420793281</orientation>
      <velocity>8.0</velocity>
      <steeringAngle>0.0</steeringAngle>
      <time>146</time>
    </ksState>
    <ksState>
      <x>-7.604772479986858</x>
      <y>-22.62861367696015</y>
      <orientation>0.7235102420793281</orientation>
      <velocity>8.0</velocity>
      <steeringAngle>0.0</steeringAngle>
      <time>147</time>
    </ksState>
    <ksState>
      <x>-7.0051832781650525</x>
      <y>-22.098997977552845</y>
      <orientation>0.7235102420793281</orientation>
      <velocity>8.0</velocity>
      <steeringAngle>0.0</steeringAngle>
      <time>148</time>
    </ksState>
    <ksState>
      <x>-6.405594076343247</x>
      <y>-21.56938227814554</y>
      <orientation>0.7235102420793281</orientation>
      <velocity>8.0</velocity>
      <steeringAngle>0.0</steeringAngle>
      <time>149</time>
    </ksState>
    <ksState>
      <x>-5.806004874521442</x>
      <y>-21.039766578738234</y>
      <orientation>0.7235102420793281</orientation>
      <velocity>8.0</velocity>
      <steeringAngle>0.0</steeringAngle>
      <time>150</time>
    </ksState>
    <ksState>
      <x>-5.198920807676863</x>
      <y>-20.503530683088336</y>
      <orientation>0.7235102420793281</orientation>
      <velocity>8.399999999999999</velocity>
      <steeringAngle>0.0</steeringAngle>
      <time>151</time>
    </ksState>
    <ksState>
      <x>-4.5618572807411955</x>
      <y>-19.940814002468073</y>
      <orientation>0.7235102420793281</orientation>
      <velocity>8.799999999999997</velocity>
      <steeringAngle>0.0</steeringAngle>
      <time>152</time>
    </ksState>
    <ksState>
      <x>-3.894814293714437</x>
      <y>-19.351616536877447</y>
      <orientation>0.7235102420793281</orientation>
      <velocity>9.199999999999996</velocity>
      <steeringAngle>0.0</steeringAngle>
      <time>153</time>
    </ksState>
    <ksState>
      <x>-3.197791846596588</x>
      <y>-18.735938286316454</y>
      <orientation>0.7235102420793281</orientation>
      <velocity>9.599999999999994</velocity>
      <steeringAngle>0.0</steeringAngle>
      <time>154</time>
    </ksState>
    <ksState>
      <x>-2.4707899393876493</x>
      <y>-18.093779250785094</y>
      <orientation>0.7235102420793281</orientation>
      <velocity>9.999999999999993</velocity>
      <steeringAngle>0.0</steeringAngle>
      <time>155</time>
    </ksState>
    <ksState>
      <x>-1.728798302133165</x>
      <y>-17.438379822768553</y>
      <orientation>0.7235102420793281</orientation>
      <velocity>9.600000000000001</velocity>
      <steeringAngle>0.0</steeringAngle>
      <time>156</time>
    </ksState>
    <ksState>
      <x>-1.0167861249697705</x>
      <y>-16.809461179722376</y>
      <orientation>0.7235102420793281</orientation>
      <velocity>9.200000000000003</velocity>
      <steeringAngle>0.0</steeringAngle>
      <time>157</time>
    </ksState>
    <ksState>
      <x>-0.33475340789746655</x>
      <y>-16.207023321646567</y>
      <orientation>0.7235102420793281</orientation>
      <velocity>8.800000000000004</velocity>
      <steeringAngle>0.0</steeringAngle>
      <time>158</time>
    </ksState>
    <ksState>
      <x>0.31729984908374753</x>
      <y>-15.631066248541119</y>
      <orientation>0.7235102420793281</orientation>
      <velocity>8.400000000000006</velocity>
      <steeringAngle>0.0</steeringAngle>
      <time>159</time>
    </ksState>
    <ksState>
      <x>0.9393736459738711</x>
      <y>-15.081589960406038</y>
      <orientation>0.7235102420793281</orientation>
      <velocity>8.000000000000007</velocity>
      <steeringAngle>0.0</steeringAngle>
      <time>160</time>
    </ksState>
    <ksState>
      <x>1.5389628477956767</x>
      <y>-14.551974260998731</y>
      <orientation>0.7235102420793281</orientation>
      <velocity>8.0</velocity>
      <steeringAngle>0.0</steeringAngle>
      <time>161</time>
    </ksState>
    <ksState>
      <x>2.1385520496174824</x>
      <y>-14.022358561591426</y>
      <orientation>0.7235102420793281</orientation>
      <velocity>8.0</velocity>
      <steeringAngle>0.0</steeringAngle>
      <time>162</time>
    </ksState>
    <ksState>
      <x>2.7381412514392878</x>
      <y>-13.49274286218412</y>
      <orientation>0.7235102420793281</orientation>
      <velocity>8.0</velocity>
      <steeringAngle>0.0</steeringAngle>
      <time>163</time>
    </ksState>
    <ksState>
      <x>3.337730453261093</x>
      <y>-12.963127162776814</y>
      <orientation>0.7235102420793281</orientation>
      <velocity>8.0</velocity>
      <steeringAngle>0.0</steeringAngle>
      <time>164</time>
    </ksState>
    <ksState>
      <x>3.9373196550828986</x>
      <y>-12.433511463369507</y>
      <orientation>0.7235102420793281</orientation>
      <velocity>8.0</velocity>
      <steeringAngle>0.0</steeringAngle>
      <time>165</time>
    </ksState>
    <ksState>
      <x>4.544403721927477</x>
      <y>-11.89727556771961</y>
      <orientation>0.7235102420793281</orientation>
      <velocity>8.399999999999999</velocity>
      <steeringAngle>0.0</steeringAngle>
      <time>166</time>
    </ksState>
    <ksState>
      <x>5.181467248863145</x>
      <y>-11.334558887099346</y>
      <orientation>0.7235102420793281</orientation>
      <velocity>8.799999999999997</velocity>
      <steeringAngle>0.0</steeringAngle>
      <time>167</time>
    </ksState>
    <ksState>
      <x>5.848510235889903</x>
      <y>-10.745361421508719</y>
      <orientation>0.7235102420793281</orientation>
      <velocity>9.199999999999996</velocity>
      <steeringAngle>0.0</steeringAngle>
      <time>168</time>
    </ksState>
    <ksState>
      <x>6.545532683007752</x>
      <y>-10.129683170947725</y>
      <orientation>0.7235102420793281</orientation>
      <velocity>9.599999999999994</velocity>
      <steeringAngle>0.0</steeringAngle>
      <time>169</time>
    </ksState>
    <ksState>
      <x>7.272534590216691</x>
      <y>-9.487524135416368</y>
      <orientation>0.7235102420793281</orientation>
      <velocity>9.999999999999993</velocity>
      <steeringAngle>0.0</steeringAngle>
      <time>170</time>
    </ksState>
    <ksState>
      <x>8.022021092493947</x>
      <y>-8.825504511157236</y>
      <orientation>0.7235102420793281</orientation>
      <velocity>10.0</velocity>
      <steeringAngle>0.0</steeringAngle>
      <time>171</time>
    </ksState>
    <ksState>
      <x>8.771507594771204</x>
      <y>-8.163484886898104</y>
      <orientation>0.7235102420793281</orientation>
      <velocity>10.0</velocity>
      <steeringAngle>0.0</steeringAngle>
      <time>172</time>
    </ksState>
    <ksState>
      <x>9.520994097048462</x>
      <y>-7.50146526263897</y>
      <orientation>0.7235102420793281</orientation>
      <velocity>10.0</velocity>
      <steeringAngle>0.0</steeringAngle>
      <time>173</time>
    </ksState>
    <ksState>
      <x>10.270480599325719</x>
      <y>-6.839445638379837</y>
      <orientation>0.7235102420793281</orientation>
      <velocity>10.0</velocity>
      <steeringAngle>0.0</steeringAngle>
      <time>174</time>
    </ksState>
    <ksState>
      <x>11.019967101602976</x>
      <y>-6.177426014120705</y>
      <orientation>0.7235102420793281</orientation>
      <velocity>10.0</velocity>
      <steeringAngle>0.0</steeringAngle>
      <time>175</time>
    </ksState>
    <ksState>
      <x>11.754463873834688</x>
      <y>-5.528646782346755</y>
      <orientation>0.7210299804064714</orientation>
      <velocity>9.2</velocity>
      <steeringAngle>-0.026650000000000004</steeringAngle>
      <time>176</time>
    </ksState>
    <ksState>
      <x>12.43185478313458</x>
      <y>-4.9360786593812165</y>
      <orientation>0.7094513500236004</orientation>
      <velocity>8.399999999999999</velocity>
      <steeringAngle>-0.05330000000000001</steeringAngle>
      <time>177</time>
    </ksState>
    <ksState>
      <x>13.056257170333813</x>
      <y>-4.404562924684168</y>
      <orientation>0.6904135891798564</orientation>
      <velocity>7.599999999999998</velocity>
      <steeringAngle>-0.07995000000000001</steeringAngle>
      <time>178</time>
    </ksState>
    <ksState>
      <x>13.629471625918239</x>
      <y>-3.936582025866678</y>
      <orientation>0.6655493830442675</orientation>
      <velocity>6.799999999999997</velocity>
      <steeringAngle>-0.10660000000000001</steeringAngle>
      <time>179</time>
    </ksState>
    <ksState>
      <x>14.151375340717488</x>
      <y>-3.532608190810814</y>
      <orientation>0.6364894811158716</orientation>
      <velocity>5.9999999999999964</velocity>
      <steeringAngle>-0.13325</steeringAngle>
      <time>180</time>
    </ksState>
    <ksState>
      <x>14.652905862992263</x>
      <y>-3.1681307652335917</y>
      <orientation>0.6059439254256767</orientation>
      <velocity>6.800000000000001</velocity>
      <steeringAngle>-0.1066</steeringAngle>
      <time>181</time>
    </ksState>
    <ksState>
      <x>15.231144231184501</x>
      <y>-2.7736487886519576</y>
      <orientation>0.5787779679000581</orientation>
      <velocity>7.600000000000001</velocity>
      <steeringAngle>-0.07995</steeringAngle>
      <time>182</time>
    </ksState>
    <ksState>
      <x>15.886666680082637</x>
      <y>-2.350956070158692</y>
      <orientation>0.5566231280659804</orientation>
      <velocity>8.400000000000002</velocity>
      <steeringAngle>-0.053299999999999986</steeringAngle>
      <time>183</time>
    </ksState>
    <ksState>
      <x>16.61885018901353</x>
      <y>-1.8998536889220636</y>
      <orientation>0.5411105454348565</orientation>
      <velocity>9.200000000000003</velocity>
      <steeringAngle>-0.02664999999999998</steeringAngle>
      <time>184</time>
    </ksState>
    <ksState>
      <x>17.42573004235471</x>
      <y>-1.4176297672201152</y>
      <orientation>0.5338756045690476</orientation>
      <velocity>10.000000000000004</velocity>
      <steeringAngle>2.42861286636753e-17</steeringAngle>
      <time>185</time>
    </ksState>
    <ksState>
      <x>18.277962977157326</x>
      <y>-0.9138450663431223</y>
      <orientation>0.5364075383600889</orientation>
      <velocity>9.600000000000001</velocity>
      <steeringAngle>0.026650000000000004</steeringAngle>
      <time>186</time>
    </ksState>
    <ksState>
      <x>19.093338958222876</x>
      <y>-0.42634485480628936</y>
      <orientation>0.5486581633245748</orientation>
      <velocity>9.200000000000003</velocity>
      <steeringAngle>0.05330000000000001</steeringAngle>
      <time>187</time>
    </ksState>
    <ksState>
      <x>19.867523083465223</x>
      <y>0.05190214744239929</y>
      <orientation>0.5698170540523223</orientation>
      <velocity>8.800000000000004</velocity>
      <steeringAngle>0.07995000000000001</steeringAngle>
      <time>188</time>
    </ksState>
    <ksState>
      <x>20.596858028226002</x>
      <y>0.5261754700057726</y>
      <orientation>0.5990844716721875</orientation>
      <velocity>8.400000000000006</velocity>
      <steeringAngle>0.10660000000000001</steeringAngle>
      <time>189</time>
    </ksState>
    <ksState>
      <x>21.278235178369048</x>
      <y>1.0000666855842186</y>
      <orientation>0.6356691501621741</orientation>
      <velocity>8.000000000000007</velocity>
      <steeringAngle>0.13325</steeringAngle>
      <time>190</time>
    </ksState>
    <ksState>
      <x>21.91696810631335</x>
      <y>1.481679691984979</y>
      <orientation>0.6751505210735317</orientation>
      <velocity>8.0</velocity>
      <steeringAngle>0.1066</steeringAngle>
      <time>191</time>
    </ksState>
    <ksState>
      <x>22.53726624591284</x>
      <y>1.9868392165728221</y>
      <orientation>0.7062569746524261</orientation>
      <velocity>8.0</velocity>
      <steeringAngle>0.07995</steeringAngle>
      <time>192</time>
    </ksState>
    <ksState>
      <x>23.142653922363834</x>
      <y>2.5097933755711512</y>
      <orientation>0.7290331676671111</orientation>
      <velocity>8.0</velocity>
      <steeringAngle>0.053299999999999986</steeringAngle>
      <time>193</time>
    </ksState>
    <ksState>
      <x>23.737093855197173</x>
      <y>3.0451719430489703</y>
      <orientation>0.7435116467448083</orientation>
      <velocity>8.0</velocity>
      <steeringAngle>0.02664999999999998</steeringAngle>
      <time>194</time>
    </ksState>
  </ksTrajectory>
</CommonRoadSolution>
