<?xml version="1.0" ?>
<CommonRoadSolution benchmark_id="KS2:SM1:USA_US101-8_4_T-1:2018b" date="2019-11-18">
  <ksTrajectory planningProblem="37">
    <ksState>
      <x>0.0</x>
      <y>0.0</y>
      <orientation>-0.83367</orientation>
      <velocity>12.0</velocity>
      <steeringAngle>0.0</steeringAngle>
      <time>0</time>
    </ksState>
    <ksState>
      <x>0.789791540400442</x>
      <y>-0.869973748288934</y>
      <orientation>-0.8306988532043903</orientation>
      <velocity>11.0</velocity>
      <steeringAngle>0.026650000000000004</steeringAngle>
      <time>1</time>
    </ksState>
    <ksState>
      <x>1.5169265221168462</x>
      <y>-1.661737845985926</y>
      <orientation>-0.8168716962031066</orientation>
      <velocity>10.0</velocity>
      <steeringAngle>0.05330000000000001</steeringAngle>
      <time>2</time>
    </ksState>
    <ksState>
      <x>2.187883321601796</x>
      <y>-2.3691391205596033</y>
      <orientation>-0.7942384961790143</orientation>
      <velocity>9.0</velocity>
      <steeringAngle>0.07995000000000001</steeringAngle>
      <time>3</time>
    </ksState>
    <ksState>
      <x>2.805317113543776</x>
      <y>-2.989109388243881</y>
      <orientation>-0.7648417699647351</orientation>
      <velocity>8.0</velocity>
      <steeringAngle>0.10660000000000001</steeringAngle>
      <time>4</time>
    </ksState>
    <ksState>
      <x>3.3687454537580015</x>
      <y>-3.521211058285726</y>
      <orientation>-0.7307223653068191</orientation>
      <velocity>7.0</velocity>
      <steeringAngle>0.13325</steeringAngle>
      <time>5</time>
    </ksState>
    <ksState>
      <x>3.8753185900919385</x>
      <y>-3.967272728104392</y>
      <orientation>-0.6973443251427272</orientation>
      <velocity>6.0</velocity>
      <steeringAngle>0.1066</steeringAngle>
      <time>6</time>
    </ksState>
    <ksState>
      <x>4.318266919376612</x>
      <y>-4.333891050945661</y>
      <orientation>-0.6749213249380043</orientation>
      <velocity>5.0</velocity>
      <steeringAngle>0.07995</steeringAngle>
      <time>7</time>
    </ksState>
    <ksState>
      <x>4.690212698840591</x>
      <y>-4.629319458308119</y>
      <orientation>-0.6613330248914848</orientation>
      <velocity>4.0</velocity>
      <steeringAngle>0.053299999999999986</steeringAngle>
      <time>8</time>
    </ksState>
    <ksState>
      <x>4.986596542635612</x>
      <y>-4.859060656165133</y>
      <orientation>-0.6544815098520634</orientation>
      <velocity>3.0</velocity>
      <steeringAngle>0.02664999999999998</steeringAngle>
      <time>9</time>
    </ksState>
    <ksState>
      <x>5.204889409460003</x>
      <y>-5.026312499865614</y>
      <orientation>-0.6522851695074899</orientation>
      <velocity>2.0</velocity>
      <steeringAngle>-2.42861286636753e-17</steeringAngle>
      <time>10</time>
    </ksState>
    <ksState>
      <x>5.355882175315059</x>
      <y>-5.141643261848011</y>
      <orientation>-0.6522851695074899</orientation>
      <velocity>1.6</velocity>
      <steeringAngle>0.0</steeringAngle>
      <time>11</time>
    </ksState>
    <ksState>
      <x>5.475086990463787</x>
      <y>-5.232693863413062</y>
      <orientation>-0.6522851695074899</orientation>
      <velocity>1.2000000000000002</velocity>
      <steeringAngle>0.0</steeringAngle>
      <time>12</time>
    </ksState>
    <ksState>
      <x>5.562503854906187</x>
      <y>-5.299464304560766</y>
      <orientation>-0.6522851695074899</orientation>
      <velocity>0.8000000000000003</velocity>
      <steeringAngle>0.0</steeringAngle>
      <time>13</time>
    </ksState>
    <ksState>
      <x>5.61813276864226</x>
      <y>-5.341954585291123</y>
      <orientation>-0.6522851695074899</orientation>
      <velocity>0.4000000000000003</velocity>
      <steeringAngle>0.0</steeringAngle>
      <time>14</time>
    </ksState>
    <ksState>
      <x>5.641973731672005</x>
      <y>-5.3601647056041335</y>
      <orientation>-0.6522851695074899</orientation>
      <velocity>2.7755575615628914e-16</velocity>
      <steeringAngle>0.0</steeringAngle>
      <time>15</time>
    </ksState>
    <ksState>
      <x>5.641973731672005</x>
      <y>-5.3601647056041335</y>
      <orientation>-0.6522851695074899</orientation>
      <velocity>0.0</velocity>
      <steeringAngle>0.0</steeringAngle>
      <time>16</time>
    </ksState>
    <ksState>
      <x>5.641973731672005</x>
      <y>-5.3601647056041335</y>
      <orientation>-0.6522851695074899</orientation>
      <velocity>0.0</velocity>
      <steeringAngle>0.0</steeringAngle>
      <time>17</time>
    </ksState>
    <ksState>
      <x>5.641973731672005</x>
      <y>-5.3601647056041335</y>
      <orientation>-0.6522851695074899</orientation>
      <velocity>0.0</velocity>
      <steeringAngle>0.0</steeringAngle>
      <time>18</time>
    </ksState>
    <ksState>
      <x>5.641973731672005</x>
      <y>-5.3601647056041335</y>
      <orientation>-0.6522851695074899</orientation>
      <velocity>0.0</velocity>
      <steeringAngle>0.0</steeringAngle>
      <time>19</time>
    </ksState>
    <ksState>
      <x>5.641973731672005</x>
      <y>-5.3601647056041335</y>
      <orientation>-0.6522851695074899</orientation>
      <velocity>0.0</velocity>
      <steeringAngle>0.0</steeringAngle>
      <time>20</time>
    </ksState>
    <ksState>
      <x>5.641973731672005</x>
      <y>-5.3601647056041335</y>
      <orientation>-0.6522851695074899</orientation>
      <velocity>0.0</velocity>
      <steeringAngle>0.0</steeringAngle>
      <time>21</time>
    </ksState>
    <ksState>
      <x>5.641973731672005</x>
      <y>-5.3601647056041335</y>
      <orientation>-0.6522851695074899</orientation>
      <velocity>0.0</velocity>
      <steeringAngle>0.0</steeringAngle>
      <time>22</time>
    </ksState>
    <ksState>
      <x>5.641973731672005</x>
      <y>-5.3601647056041335</y>
      <orientation>-0.6522851695074899</orientation>
      <velocity>0.0</velocity>
      <steeringAngle>0.0</steeringAngle>
      <time>23</time>
    </ksState>
    <ksState>
      <x>5.641973731672005</x>
      <y>-5.3601647056041335</y>
      <orientation>-0.6522851695074899</orientation>
      <velocity>0.0</velocity>
      <steeringAngle>0.0</steeringAngle>
      <time>24</time>
    </ksState>
    <ksState>
      <x>5.641973731672005</x>
      <y>-5.3601647056041335</y>
      <orientation>-0.6522851695074899</orientation>
      <velocity>0.0</velocity>
      <steeringAngle>0.0</steeringAngle>
      <time>25</time>
    </ksState>
    <ksState>
      <x>5.641973731672005</x>
      <y>-5.3601647056041335</y>
      <orientation>-0.6522851695074899</orientation>
      <velocity>0.0</velocity>
      <steeringAngle>0.0</steeringAngle>
      <time>26</time>
    </ksState>
    <ksState>
      <x>5.641973731672005</x>
      <y>-5.3601647056041335</y>
      <orientation>-0.6522851695074899</orientation>
      <velocity>0.0</velocity>
      <steeringAngle>0.0</steeringAngle>
      <time>27</time>
    </ksState>
    <ksState>
      <x>5.641973731672005</x>
      <y>-5.3601647056041335</y>
      <orientation>-0.6522851695074899</orientation>
      <velocity>0.0</velocity>
      <steeringAngle>0.0</steeringAngle>
      <time>28</time>
    </ksState>
    <ksState>
      <x>5.641973731672005</x>
      <y>-5.3601647056041335</y>
      <orientation>-0.6522851695074899</orientation>
      <velocity>0.0</velocity>
      <steeringAngle>0.0</steeringAngle>
      <time>29</time>
    </ksState>
    <ksState>
      <x>5.641973731672005</x>
      <y>-5.3601647056041335</y>
      <orientation>-0.6522851695074899</orientation>
      <velocity>0.0</velocity>
      <steeringAngle>0.0</steeringAngle>
      <time>30</time>
    </ksState>
    <ksState>
      <x>5.641973731672005</x>
      <y>-5.3601647056041335</y>
      <orientation>-0.6522851695074899</orientation>
      <velocity>0.0</velocity>
      <steeringAngle>0.0</steeringAngle>
      <time>31</time>
    </ksState>
    <ksState>
      <x>5.641973731672005</x>
      <y>-5.3601647056041335</y>
      <orientation>-0.6522851695074899</orientation>
      <velocity>0.0</velocity>
      <steeringAngle>0.0</steeringAngle>
      <time>32</time>
    </ksState>
    <ksState>
      <x>5.641973731672005</x>
      <y>-5.3601647056041335</y>
      <orientation>-0.6522851695074899</orientation>
      <velocity>0.0</velocity>
      <steeringAngle>0.0</steeringAngle>
      <time>33</time>
    </ksState>
    <ksState>
      <x>5.641973731672005</x>
      <y>-5.3601647056041335</y>
      <orientation>-0.6522851695074899</orientation>
      <velocity>0.0</velocity>
      <steeringAngle>0.0</steeringAngle>
      <time>34</time>
    </ksState>
    <ksState>
      <x>5.641973731672005</x>
      <y>-5.3601647056041335</y>
      <orientation>-0.6522851695074899</orientation>
      <velocity>0.0</velocity>
      <steeringAngle>0.0</steeringAngle>
      <time>35</time>
    </ksState>
    <ksState>
      <x>5.641973731672005</x>
      <y>-5.3601647056041335</y>
      <orientation>-0.6522851695074899</orientation>
      <velocity>0.0</velocity>
      <steeringAngle>0.0</steeringAngle>
      <time>36</time>
    </ksState>
    <ksState>
      <x>5.641973731672005</x>
      <y>-5.3601647056041335</y>
      <orientation>-0.6522851695074899</orientation>
      <velocity>0.0</velocity>
      <steeringAngle>0.0</steeringAngle>
      <time>37</time>
    </ksState>
    <ksState>
      <x>5.641973731672005</x>
      <y>-5.3601647056041335</y>
      <orientation>-0.6522851695074899</orientation>
      <velocity>0.0</velocity>
      <steeringAngle>0.0</steeringAngle>
      <time>38</time>
    </ksState>
    <ksState>
      <x>5.641973731672005</x>
      <y>-5.3601647056041335</y>
      <orientation>-0.6522851695074899</orientation>
      <velocity>0.0</velocity>
      <steeringAngle>0.0</steeringAngle>
      <time>39</time>
    </ksState>
    <ksState>
      <x>5.641973731672005</x>
      <y>-5.3601647056041335</y>
      <orientation>-0.6522851695074899</orientation>
      <velocity>0.0</velocity>
      <steeringAngle>0.0</steeringAngle>
      <time>40</time>
    </ksState>
    <ksState>
      <x>5.641973731672005</x>
      <y>-5.3601647056041335</y>
      <orientation>-0.6522851695074899</orientation>
      <velocity>0.0</velocity>
      <steeringAngle>0.0</steeringAngle>
      <time>41</time>
    </ksState>
    <ksState>
      <x>5.641973731672005</x>
      <y>-5.3601647056041335</y>
      <orientation>-0.6522851695074899</orientation>
      <velocity>0.0</velocity>
      <steeringAngle>0.0</steeringAngle>
      <time>42</time>
    </ksState>
    <ksState>
      <x>5.641973731672005</x>
      <y>-5.3601647056041335</y>
      <orientation>-0.6522851695074899</orientation>
      <velocity>0.0</velocity>
      <steeringAngle>0.0</steeringAngle>
      <time>43</time>
    </ksState>
    <ksState>
      <x>5.641973731672005</x>
      <y>-5.3601647056041335</y>
      <orientation>-0.6522851695074899</orientation>
      <velocity>0.0</velocity>
      <steeringAngle>0.0</steeringAngle>
      <time>44</time>
    </ksState>
    <ksState>
      <x>5.641973731672005</x>
      <y>-5.3601647056041335</y>
      <orientation>-0.6522851695074899</orientation>
      <velocity>0.0</velocity>
      <steeringAngle>0.0</steeringAngle>
      <time>45</time>
    </ksState>
    <ksState>
      <x>5.641973731672005</x>
      <y>-5.3601647056041335</y>
      <orientation>-0.6522851695074899</orientation>
      <velocity>0.0</velocity>
      <steeringAngle>0.0</steeringAngle>
      <time>46</time>
    </ksState>
    <ksState>
      <x>5.641973731672005</x>
      <y>-5.3601647056041335</y>
      <orientation>-0.6522851695074899</orientation>
      <velocity>0.0</velocity>
      <steeringAngle>0.0</steeringAngle>
      <time>47</time>
    </ksState>
    <ksState>
      <x>5.641973731672005</x>
      <y>-5.3601647056041335</y>
      <orientation>-0.6522851695074899</orientation>
      <velocity>0.0</velocity>
      <steeringAngle>0.0</steeringAngle>
      <time>48</time>
    </ksState>
    <ksState>
      <x>5.641973731672005</x>
      <y>-5.3601647056041335</y>
      <orientation>-0.6522851695074899</orientation>
      <velocity>0.0</velocity>
      <steeringAngle>0.0</steeringAngle>
      <time>49</time>
    </ksState>
    <ksState>
      <x>5.641973731672005</x>
      <y>-5.3601647056041335</y>
      <orientation>-0.6522851695074899</orientation>
      <velocity>0.0</velocity>
      <steeringAngle>0.0</steeringAngle>
      <time>50</time>
    </ksState>
    <ksState>
      <x>5.641973731672005</x>
      <y>-5.3601647056041335</y>
      <orientation>-0.6522851695074899</orientation>
      <velocity>0.0</velocity>
      <steeringAngle>0.0</steeringAngle>
      <time>51</time>
    </ksState>
    <ksState>
      <x>5.641973731672005</x>
      <y>-5.3601647056041335</y>
      <orientation>-0.6522851695074899</orientation>
      <velocity>0.0</velocity>
      <steeringAngle>0.0</steeringAngle>
      <time>52</time>
    </ksState>
    <ksState>
      <x>5.641973731672005</x>
      <y>-5.3601647056041335</y>
      <orientation>-0.6522851695074899</orientation>
      <velocity>0.0</velocity>
      <steeringAngle>0.0</steeringAngle>
      <time>53</time>
    </ksState>
    <ksState>
      <x>5.641973731672005</x>
      <y>-5.3601647056041335</y>
      <orientation>-0.6522851695074899</orientation>
      <velocity>0.0</velocity>
      <steeringAngle>0.0</steeringAngle>
      <time>54</time>
    </ksState>
    <ksState>
      <x>5.641973731672005</x>
      <y>-5.3601647056041335</y>
      <orientation>-0.6522851695074899</orientation>
      <velocity>0.0</velocity>
      <steeringAngle>0.0</steeringAngle>
      <time>55</time>
    </ksState>
    <ksState>
      <x>5.641973731672005</x>
      <y>-5.3601647056041335</y>
      <orientation>-0.6522851695074899</orientation>
      <velocity>0.0</velocity>
      <steeringAngle>0.0</steeringAngle>
      <time>56</time>
    </ksState>
    <ksState>
      <x>5.641973731672005</x>
      <y>-5.3601647056041335</y>
      <orientation>-0.6522851695074899</orientation>
      <velocity>0.0</velocity>
      <steeringAngle>0.0</steeringAngle>
      <time>57</time>
    </ksState>
    <ksState>
      <x>5.641973731672005</x>
      <y>-5.3601647056041335</y>
      <orientation>-0.6522851695074899</orientation>
      <velocity>0.0</velocity>
      <steeringAngle>0.0</steeringAngle>
      <time>58</time>
    </ksState>
    <ksState>
      <x>5.641973731672005</x>
      <y>-5.3601647056041335</y>
      <orientation>-0.6522851695074899</orientation>
      <velocity>0.0</velocity>
      <steeringAngle>0.0</steeringAngle>
      <time>59</time>
    </ksState>
    <ksState>
      <x>5.641973731672005</x>
      <y>-5.3601647056041335</y>
      <orientation>-0.6522851695074899</orientation>
      <velocity>0.0</velocity>
      <steeringAngle>0.0</steeringAngle>
      <time>60</time>
    </ksState>
    <ksState>
      <x>5.641973731672005</x>
      <y>-5.3601647056041335</y>
      <orientation>-0.6522851695074899</orientation>
      <velocity>0.0</velocity>
      <steeringAngle>0.0</steeringAngle>
      <time>61</time>
    </ksState>
    <ksState>
      <x>5.641973731672005</x>
      <y>-5.3601647056041335</y>
      <orientation>-0.6522851695074899</orientation>
      <velocity>0.0</velocity>
      <steeringAngle>0.0</steeringAngle>
      <time>62</time>
    </ksState>
    <ksState>
      <x>5.641973731672005</x>
      <y>-5.3601647056041335</y>
      <orientation>-0.6522851695074899</orientation>
      <velocity>0.0</velocity>
      <steeringAngle>0.0</steeringAngle>
      <time>63</time>
    </ksState>
    <ksState>
      <x>5.641973731672005</x>
      <y>-5.3601647056041335</y>
      <orientation>-0.6522851695074899</orientation>
      <velocity>0.0</velocity>
      <steeringAngle>0.0</steeringAngle>
      <time>64</time>
    </ksState>
    <ksState>
      <x>5.641973731672005</x>
      <y>-5.3601647056041335</y>
      <orientation>-0.6522851695074899</orientation>
      <velocity>0.0</velocity>
      <steeringAngle>0.0</steeringAngle>
      <time>65</time>
    </ksState>
    <ksState>
      <x>5.641973731672005</x>
      <y>-5.3601647056041335</y>
      <orientation>-0.6522851695074899</orientation>
      <velocity>0.0</velocity>
      <steeringAngle>0.0</steeringAngle>
      <time>66</time>
    </ksState>
    <ksState>
      <x>5.641973731672005</x>
      <y>-5.3601647056041335</y>
      <orientation>-0.6522851695074899</orientation>
      <velocity>0.0</velocity>
      <steeringAngle>0.0</steeringAngle>
      <time>67</time>
    </ksState>
    <ksState>
      <x>5.641973731672005</x>
      <y>-5.3601647056041335</y>
      <orientation>-0.6522851695074899</orientation>
      <velocity>0.0</velocity>
      <steeringAngle>0.0</steeringAngle>
      <time>68</time>
    </ksState>
    <ksState>
      <x>5.641973731672005</x>
      <y>-5.3601647056041335</y>
      <orientation>-0.6522851695074899</orientation>
      <velocity>0.0</velocity>
      <steeringAngle>0.0</steeringAngle>
      <time>69</time>
    </ksState>
    <ksState>
      <x>5.641973731672005</x>
      <y>-5.3601647056041335</y>
      <orientation>-0.6522851695074899</orientation>
      <velocity>0.0</velocity>
      <steeringAngle>0.0</steeringAngle>
      <time>70</time>
    </ksState>
    <ksState>
      <x>5.641973731672005</x>
      <y>-5.3601647056041335</y>
      <orientation>-0.6522851695074899</orientation>
      <velocity>0.0</velocity>
      <steeringAngle>0.0</steeringAngle>
      <time>71</time>
    </ksState>
    <ksState>
      <x>5.641973731672005</x>
      <y>-5.3601647056041335</y>
      <orientation>-0.6522851695074899</orientation>
      <velocity>0.0</velocity>
      <steeringAngle>0.0</steeringAngle>
      <time>72</time>
    </ksState>
    <ksState>
      <x>5.641973731672005</x>
      <y>-5.3601647056041335</y>
      <orientation>-0.6522851695074899</orientation>
      <velocity>0.0</velocity>
      <steeringAngle>0.0</steeringAngle>
      <time>73</time>
    </ksState>
    <ksState>
      <x>5.641973731672005</x>
      <y>-5.3601647056041335</y>
      <orientation>-0.6522851695074899</orientation>
      <velocity>0.0</velocity>
      <steeringAngle>0.0</steeringAngle>
      <time>74</time>
    </ksState>
    <ksState>
      <x>5.641973731672005</x>
      <y>-5.3601647056041335</y>
      <orientation>-0.6522851695074899</orientation>
      <velocity>0.0</velocity>
      <steeringAngle>0.0</steeringAngle>
      <time>75</time>
    </ksState>
  </ksTrajectory>
</CommonRoadSolution>
