<?xml version="1.0" ?>
<CommonRoadSolution benchmark_id="KS2:SM1:DEU_Muc-17_2_T-1:2018b" date="2019-11-18">
  <ksTrajectory planningProblem="1">
    <ksState>
      <x>686504.81</x>
      <y>5334919.6</y>
      <orientation>-4.7</orientation>
      <velocity>6.0</velocity>
      <steeringAngle>0.0</steeringAngle>
      <time>0</time>
    </ksState>
    <ksState>
      <x>686504.8023190288</x>
      <y>5334920.219952419</y>
      <orientation>-4.7</orientation>
      <velocity>6.800000000000001</velocity>
      <steeringAngle>0.0</steeringAngle>
      <time>1</time>
    </ksState>
    <ksState>
      <x>686504.7936469642</x>
      <y>5334920.9198987</y>
      <orientation>-4.7</orientation>
      <velocity>7.600000000000001</velocity>
      <steeringAngle>0.0</steeringAngle>
      <time>2</time>
    </ksState>
    <ksState>
      <x>686504.7839838067</x>
      <y>5334921.69983884</y>
      <orientation>-4.7</orientation>
      <velocity>8.400000000000002</velocity>
      <steeringAngle>0.0</steeringAngle>
      <time>3</time>
    </ksState>
    <ksState>
      <x>686504.7733295562</x>
      <y>5334922.559772842</y>
      <orientation>-4.7</orientation>
      <velocity>9.200000000000003</velocity>
      <steeringAngle>0.0</steeringAngle>
      <time>4</time>
    </ksState>
    <ksState>
      <x>686504.7616842126</x>
      <y>5334923.499700705</y>
      <orientation>-4.7</orientation>
      <velocity>10.000000000000004</velocity>
      <steeringAngle>0.0</steeringAngle>
      <time>5</time>
    </ksState>
    <ksState>
      <x>686504.7491097192</x>
      <y>5334924.514622811</y>
      <orientation>-4.7</orientation>
      <velocity>10.600000000000001</velocity>
      <steeringAngle>0.0</steeringAngle>
      <time>6</time>
    </ksState>
    <ksState>
      <x>686504.735791906</x>
      <y>5334925.589540313</y>
      <orientation>-4.7</orientation>
      <velocity>11.200000000000003</velocity>
      <steeringAngle>0.0</steeringAngle>
      <time>7</time>
    </ksState>
    <ksState>
      <x>686504.721730773</x>
      <y>5334926.72445321</y>
      <orientation>-4.7</orientation>
      <velocity>11.800000000000004</velocity>
      <steeringAngle>0.0</steeringAngle>
      <time>8</time>
    </ksState>
    <ksState>
      <x>686504.7069263201</x>
      <y>5334927.919361503</y>
      <orientation>-4.7</orientation>
      <velocity>12.400000000000006</velocity>
      <steeringAngle>0.0</steeringAngle>
      <time>9</time>
    </ksState>
    <ksState>
      <x>686504.6913785475</x>
      <y>5334929.174265191</y>
      <orientation>-4.7</orientation>
      <velocity>13.000000000000007</velocity>
      <steeringAngle>0.0</steeringAngle>
      <time>10</time>
    </ksState>
    <ksState>
      <x>686504.675273285</x>
      <y>5334930.474165426</y>
      <orientation>-4.7</orientation>
      <velocity>13.0</velocity>
      <steeringAngle>0.0</steeringAngle>
      <time>11</time>
    </ksState>
    <ksState>
      <x>686504.6591680225</x>
      <y>5334931.77406566</y>
      <orientation>-4.7</orientation>
      <velocity>13.0</velocity>
      <steeringAngle>0.0</steeringAngle>
      <time>12</time>
    </ksState>
    <ksState>
      <x>686504.64306276</x>
      <y>5334933.073965896</y>
      <orientation>-4.7</orientation>
      <velocity>13.0</velocity>
      <steeringAngle>0.0</steeringAngle>
      <time>13</time>
    </ksState>
    <ksState>
      <x>686504.6269574974</x>
      <y>5334934.373866131</y>
      <orientation>-4.7</orientation>
      <velocity>13.0</velocity>
      <steeringAngle>0.0</steeringAngle>
      <time>14</time>
    </ksState>
    <ksState>
      <x>686504.610852235</x>
      <y>5334935.673766365</y>
      <orientation>-4.7</orientation>
      <velocity>13.0</velocity>
      <steeringAngle>0.0</steeringAngle>
      <time>15</time>
    </ksState>
    <ksState>
      <x>686504.5949947458</x>
      <y>5334936.953668135</y>
      <orientation>-4.7</orientation>
      <velocity>12.2</velocity>
      <steeringAngle>0.0</steeringAngle>
      <time>16</time>
    </ksState>
    <ksState>
      <x>686504.5801283496</x>
      <y>5334938.153576044</y>
      <orientation>-4.7</orientation>
      <velocity>11.399999999999999</velocity>
      <steeringAngle>0.0</steeringAngle>
      <time>17</time>
    </ksState>
    <ksState>
      <x>686504.5662530465</x>
      <y>5334939.273490093</y>
      <orientation>-4.7</orientation>
      <velocity>10.599999999999998</velocity>
      <steeringAngle>0.0</steeringAngle>
      <time>18</time>
    </ksState>
    <ksState>
      <x>686504.5533688365</x>
      <y>5334940.31341028</y>
      <orientation>-4.7</orientation>
      <velocity>9.799999999999997</velocity>
      <steeringAngle>0.0</steeringAngle>
      <time>19</time>
    </ksState>
    <ksState>
      <x>686504.5414757197</x>
      <y>5334941.273336608</y>
      <orientation>-4.7</orientation>
      <velocity>8.999999999999996</velocity>
      <steeringAngle>0.0</steeringAngle>
      <time>20</time>
    </ksState>
    <ksState>
      <x>686504.5303878658</x>
      <y>5334942.168267923</y>
      <orientation>-4.7</orientation>
      <velocity>8.8</velocity>
      <steeringAngle>0.0</steeringAngle>
      <time>21</time>
    </ksState>
    <ksState>
      <x>686504.5195477853</x>
      <y>5334943.043200774</y>
      <orientation>-4.7</orientation>
      <velocity>8.600000000000001</velocity>
      <steeringAngle>0.0</steeringAngle>
      <time>22</time>
    </ksState>
    <ksState>
      <x>686504.5089554781</x>
      <y>5334943.898135159</y>
      <orientation>-4.7</orientation>
      <velocity>8.400000000000002</velocity>
      <steeringAngle>0.0</steeringAngle>
      <time>23</time>
    </ksState>
    <ksState>
      <x>686504.498610944</x>
      <y>5334944.7330710795</y>
      <orientation>-4.7</orientation>
      <velocity>8.200000000000003</velocity>
      <steeringAngle>0.0</steeringAngle>
      <time>24</time>
    </ksState>
    <ksState>
      <x>686504.4885141833</x>
      <y>5334945.548008534</y>
      <orientation>-4.7</orientation>
      <velocity>8.000000000000004</velocity>
      <steeringAngle>0.0</steeringAngle>
      <time>25</time>
    </ksState>
    <ksState>
      <x>686504.4784174226</x>
      <y>5334946.362945989</y>
      <orientation>-4.7</orientation>
      <velocity>8.600000000000001</velocity>
      <steeringAngle>0.0</steeringAngle>
      <time>26</time>
    </ksState>
    <ksState>
      <x>686504.4675773421</x>
      <y>5334947.2378788395</y>
      <orientation>-4.7</orientation>
      <velocity>9.200000000000003</velocity>
      <steeringAngle>0.0</steeringAngle>
      <time>27</time>
    </ksState>
    <ksState>
      <x>686504.4559939418</x>
      <y>5334948.172807085</y>
      <orientation>-4.7</orientation>
      <velocity>9.800000000000004</velocity>
      <steeringAngle>0.0</steeringAngle>
      <time>28</time>
    </ksState>
    <ksState>
      <x>686504.4436672216</x>
      <y>5334949.167730726</y>
      <orientation>-4.7</orientation>
      <velocity>10.400000000000006</velocity>
      <steeringAngle>0.0</steeringAngle>
      <time>29</time>
    </ksState>
    <ksState>
      <x>686504.4305971817</x>
      <y>5334950.222649763</y>
      <orientation>-4.7</orientation>
      <velocity>11.000000000000007</velocity>
      <steeringAngle>0.0</steeringAngle>
      <time>30</time>
    </ksState>
    <ksState>
      <x>686504.4167838219</x>
      <y>5334951.3375641955</y>
      <orientation>-4.7</orientation>
      <velocity>11.600000000000001</velocity>
      <steeringAngle>0.0</steeringAngle>
      <time>31</time>
    </ksState>
    <ksState>
      <x>686504.4022271424</x>
      <y>5334952.512474023</y>
      <orientation>-4.7</orientation>
      <velocity>12.200000000000003</velocity>
      <steeringAngle>0.0</steeringAngle>
      <time>32</time>
    </ksState>
    <ksState>
      <x>686504.386927143</x>
      <y>5334953.747379246</y>
      <orientation>-4.7</orientation>
      <velocity>12.800000000000004</velocity>
      <steeringAngle>0.0</steeringAngle>
      <time>33</time>
    </ksState>
    <ksState>
      <x>686504.3708838237</x>
      <y>5334955.042279865</y>
      <orientation>-4.7</orientation>
      <velocity>13.400000000000006</velocity>
      <steeringAngle>0.0</steeringAngle>
      <time>34</time>
    </ksState>
    <ksState>
      <x>686504.3540971847</x>
      <y>5334956.397175879</y>
      <orientation>-4.7</orientation>
      <velocity>14.000000000000007</velocity>
      <steeringAngle>0.0</steeringAngle>
      <time>35</time>
    </ksState>
    <ksState>
      <x>686504.3368769425</x>
      <y>5334957.787069207</y>
      <orientation>-4.703565376154732</orientation>
      <velocity>13.600000000000001</velocity>
      <steeringAngle>-0.026650000000000004</steeringAngle>
      <time>36</time>
    </ksState>
    <ksState>
      <x>686504.329674355</x>
      <y>5334959.137041657</y>
      <orientation>-4.720985048937658</orientation>
      <velocity>13.200000000000003</velocity>
      <steeringAngle>-0.05330000000000001</steeringAngle>
      <time>37</time>
    </ksState>
    <ksState>
      <x>686504.3498087581</x>
      <y>5334960.44685639</y>
      <orientation>-4.751455947910106</orientation>
      <velocity>12.800000000000004</velocity>
      <steeringAngle>-0.07995000000000001</steeringAngle>
      <time>38</time>
    </ksState>
    <ksState>
      <x>686504.4119224208</x>
      <y>5334961.715273708</y>
      <orientation>-4.794191617171627</orientation>
      <velocity>12.400000000000006</velocity>
      <steeringAngle>-0.10660000000000001</steeringAngle>
      <time>39</time>
    </ksState>
    <ksState>
      <x>686504.5280492695</x>
      <y>5334962.93967735</y>
      <orientation>-4.8484200776822455</orientation>
      <velocity>12.000000000000007</velocity>
      <steeringAngle>-0.13325</steeringAngle>
      <time>40</time>
    </ksState>
    <ksState>
      <x>686504.7076155344</x>
      <y>5334964.115905087</y>
      <orientation>-4.907174870295943</orientation>
      <velocity>11.600000000000001</velocity>
      <steeringAngle>-0.1066</steeringAngle>
      <time>41</time>
    </ksState>
    <ksState>
      <x>686504.9436302622</x>
      <y>5334965.241340821</y>
      <orientation>-4.951916491993561</orientation>
      <velocity>11.200000000000003</velocity>
      <steeringAngle>-0.07995</steeringAngle>
      <time>42</time>
    </ksState>
    <ksState>
      <x>686505.2162461521</x>
      <y>5334966.317299626</y>
      <orientation>-4.983544433979056</orientation>
      <velocity>10.800000000000004</velocity>
      <steeringAngle>-0.053299999999999986</steeringAngle>
      <time>43</time>
    </ksState>
    <ksState>
      <x>686505.5085355185</x>
      <y>5334967.346586375</y>
      <orientation>-5.002935290934177</orientation>
      <velocity>10.400000000000006</velocity>
      <steeringAngle>-0.02664999999999998</steeringAngle>
      <time>44</time>
    </ksState>
    <ksState>
      <x>686505.8062296335</x>
      <y>5334968.332624179</y>
      <orientation>-5.010945423701446</orientation>
      <velocity>10.000000000000007</velocity>
      <steeringAngle>2.42861286636753e-17</steeringAngle>
      <time>45</time>
    </ksState>
    <ksState>
      <x>686506.0988997463</x>
      <y>5334969.283607462</y>
      <orientation>-5.008387653851313</orientation>
      <velocity>9.8</velocity>
      <steeringAngle>0.026650000000000004</steeringAngle>
      <time>46</time>
    </ksState>
    <ksState>
      <x>686506.380951213</x>
      <y>5334970.216916561</y>
      <orientation>-4.995801031596019</orientation>
      <velocity>9.600000000000001</velocity>
      <steeringAngle>0.05330000000000001</steeringAngle>
      <time>47</time>
    </ksState>
    <ksState>
      <x>686506.6434659262</x>
      <y>5334971.135115094</y>
      <orientation>-4.97358157592627</orientation>
      <velocity>9.400000000000002</velocity>
      <steeringAngle>0.07995000000000001</steeringAngle>
      <time>48</time>
    </ksState>
    <ksState>
      <x>686506.8783415584</x>
      <y>5334972.040107823</y>
      <orientation>-4.942112552564266</orientation>
      <velocity>9.200000000000003</velocity>
      <steeringAngle>0.10660000000000001</steeringAngle>
      <time>49</time>
    </ksState>
    <ksState>
      <x>686507.0782201125</x>
      <y>5334972.932966893</y>
      <orientation>-4.901765485793485</orientation>
      <velocity>9.000000000000004</velocity>
      <steeringAngle>0.13325</steeringAngle>
      <time>50</time>
    </ksState>
    <ksState>
      <x>686507.2372826313</x>
      <y>5334973.818736805</y>
      <orientation>-4.854986139043382</orientation>
      <velocity>9.0</velocity>
      <steeringAngle>0.13325</steeringAngle>
      <time>51</time>
    </ksState>
    <ksState>
      <x>686507.3547505159</x>
      <y>5334974.710975852</y>
      <orientation>-4.808206792293281</orientation>
      <velocity>9.0</velocity>
      <steeringAngle>0.13325</steeringAngle>
      <time>52</time>
    </ksState>
    <ksState>
      <x>686507.4303667572</x>
      <y>5334975.607731898</y>
      <orientation>-4.761427445543179</orientation>
      <velocity>9.0</velocity>
      <steeringAngle>0.13325</steeringAngle>
      <time>53</time>
    </ksState>
    <ksState>
      <x>686507.463965914</x>
      <y>5334976.507042923</y>
      <orientation>-4.714648098793077</orientation>
      <velocity>9.0</velocity>
      <steeringAngle>0.13325</steeringAngle>
      <time>54</time>
    </ksState>
    <ksState>
      <x>686507.4554744742</x>
      <y>5334977.406941315</y>
      <orientation>-4.667868752042975</orientation>
      <velocity>9.0</velocity>
      <steeringAngle>0.13325</steeringAngle>
      <time>55</time>
    </ksState>
    <ksState>
      <x>686507.404571728</x>
      <y>5334978.310446656</y>
      <orientation>-4.623218577891029</orientation>
      <velocity>9.2</velocity>
      <steeringAngle>0.1066</steeringAngle>
      <time>56</time>
    </ksState>
    <ksState>
      <x>686507.313366458</x>
      <y>5334979.230896914</y>
      <orientation>-4.58726478827941</orientation>
      <velocity>9.399999999999999</velocity>
      <steeringAngle>0.07995</steeringAngle>
      <time>57</time>
    </ksState>
    <ksState>
      <x>686507.1885573225</x>
      <y>5334980.16759328</y>
      <orientation>-4.560373397369624</orientation>
      <velocity>9.599999999999998</velocity>
      <steeringAngle>0.053299999999999986</steeringAngle>
      <time>58</time>
    </ksState>
    <ksState>
      <x>686507.0376698753</x>
      <y>5334981.120711858</y>
      <orientation>-4.542921677576501</orientation>
      <velocity>9.799999999999997</velocity>
      <steeringAngle>0.02664999999999998</steeringAngle>
      <time>59</time>
    </ksState>
    <ksState>
      <x>686506.8690723641</x>
      <y>5334982.091172397</y>
      <orientation>-4.535299140759962</orientation>
      <velocity>9.999999999999996</velocity>
      <steeringAngle>-2.42861286636753e-17</steeringAngle>
      <time>60</time>
    </ksState>
    <ksState>
      <x>686506.6964300012</x>
      <y>5334983.055845717</y>
      <orientation>-4.535299140759962</orientation>
      <velocity>9.2</velocity>
      <steeringAngle>0.0</steeringAngle>
      <time>61</time>
    </ksState>
    <ksState>
      <x>686506.5378808924</x>
      <y>5334983.941770195</y>
      <orientation>-4.535299140759962</orientation>
      <velocity>8.399999999999999</velocity>
      <steeringAngle>0.0</steeringAngle>
      <time>62</time>
    </ksState>
    <ksState>
      <x>686506.3934250377</x>
      <y>5334984.74894583</y>
      <orientation>-4.535299140759962</orientation>
      <velocity>7.599999999999998</velocity>
      <steeringAngle>0.0</steeringAngle>
      <time>63</time>
    </ksState>
    <ksState>
      <x>686506.2630624372</x>
      <y>5334985.477372623</y>
      <orientation>-4.535299140759962</orientation>
      <velocity>6.799999999999997</velocity>
      <steeringAngle>0.0</steeringAngle>
      <time>64</time>
    </ksState>
    <ksState>
      <x>686506.1467930907</x>
      <y>5334986.127050573</y>
      <orientation>-4.535299140759962</orientation>
      <velocity>5.9999999999999964</velocity>
      <steeringAngle>0.0</steeringAngle>
      <time>65</time>
    </ksState>
    <ksState>
      <x>686506.0384511998</x>
      <y>5334986.732432299</y>
      <orientation>-4.536926812482775</orientation>
      <velocity>6.6</velocity>
      <steeringAngle>-0.026650000000000004</steeringAngle>
      <time>66</time>
    </ksState>
    <ksState>
      <x>686505.9217800837</x>
      <y>5334987.397271774</y>
      <orientation>-4.5456883760828575</orientation>
      <velocity>7.199999999999999</velocity>
      <steeringAngle>-0.05330000000000001</steeringAngle>
      <time>67</time>
    </ksState>
    <ksState>
      <x>686505.8025775877</x>
      <y>5334988.122536055</y>
      <orientation>-4.5628380832759134</orientation>
      <velocity>7.799999999999999</velocity>
      <steeringAngle>-0.07995000000000001</steeringAngle>
      <time>68</time>
    </ksState>
    <ksState>
      <x>686505.6889839863</x>
      <y>5334988.909364057</y>
      <orientation>-4.589645277964812</orientation>
      <velocity>8.4</velocity>
      <steeringAngle>-0.10660000000000001</steeringAngle>
      <time>69</time>
    </ksState>
    <ksState>
      <x>686505.5918328003</x>
      <y>5334989.758793962</y>
      <orientation>-4.627398115838145</orientation>
      <velocity>9.000000000000002</velocity>
      <steeringAngle>-0.13325</steeringAngle>
      <time>70</time>
    </ksState>
    <ksState>
      <x>686505.5271611764</x>
      <y>5334990.636354061</y>
      <orientation>-4.670880130606745</orientation>
      <velocity>8.2</velocity>
      <steeringAngle>-0.1066</steeringAngle>
      <time>71</time>
    </ksState>
    <ksState>
      <x>686505.5005945952</x>
      <y>5334991.435883886</y>
      <orientation>-4.702038773541553</orientation>
      <velocity>7.399999999999999</velocity>
      <steeringAngle>-0.07995</steeringAngle>
      <time>72</time>
    </ksState>
    <ksState>
      <x>686505.4971657763</x>
      <y>5334992.155863838</y>
      <orientation>-4.72258929561001</orientation>
      <velocity>6.599999999999998</velocity>
      <steeringAngle>-0.053299999999999986</steeringAngle>
      <time>73</time>
    </ksState>
    <ksState>
      <x>686505.505809967</x>
      <y>5334992.795801735</y>
      <orientation>-4.734223861249569</orientation>
      <velocity>5.799999999999997</velocity>
      <steeringAngle>-0.02664999999999998</steeringAngle>
      <time>74</time>
    </ksState>
    <ksState>
      <x>686505.5188456372</x>
      <y>5334993.355649363</y>
      <orientation>-4.738616523583934</orientation>
      <velocity>4.9999999999999964</velocity>
      <steeringAngle>2.42861286636753e-17</steeringAngle>
      <time>75</time>
    </ksState>
    <ksState>
      <x>686505.5315645373</x>
      <y>5334993.840482561</y>
      <orientation>-4.737402228806598</orientation>
      <velocity>4.4</velocity>
      <steeringAngle>0.026650000000000004</steeringAngle>
      <time>76</time>
    </ksState>
    <ksState>
      <x>686505.5417280272</x>
      <y>5334994.265360744</y>
      <orientation>-4.731948910905969</orientation>
      <velocity>3.8000000000000007</velocity>
      <steeringAngle>0.05330000000000001</steeringAngle>
      <time>77</time>
    </ksState>
    <ksState>
      <x>686505.5481792034</x>
      <y>5334994.630303025</y>
      <orientation>-4.7234905954260995</orientation>
      <velocity>3.200000000000001</velocity>
      <steeringAngle>0.07995000000000001</steeringAngle>
      <time>78</time>
    </ksState>
    <ksState>
      <x>686505.5508443842</x>
      <y>5334994.93529044</y>
      <orientation>-4.713260098100443</orientation>
      <velocity>2.6000000000000014</velocity>
      <steeringAngle>0.10660000000000001</steeringAngle>
      <time>79</time>
    </ksState>
    <ksState>
      <x>686505.5504374965</x>
      <y>5334995.1802892145</y>
      <orientation>-4.702492535417041</orientation>
      <velocity>2.0000000000000018</velocity>
      <steeringAngle>0.13325</steeringAngle>
      <time>80</time>
    </ksState>
    <ksState>
      <x>686505.5480894463</x>
      <y>5334995.370274065</y>
      <orientation>-4.693089456442539</orientation>
      <velocity>1.6</velocity>
      <steeringAngle>0.1066</steeringAngle>
      <time>81</time>
    </ksState>
  </ksTrajectory>
</CommonRoadSolution>
