<?xml version="1.0" ?>
<CommonRoadSolution benchmark_id="KS2:SM1:USA_US101-14_5_T-1:2018b" date="2019-11-18">
  <ksTrajectory planningProblem="51">
    <ksState>
      <x>0.0</x>
      <y>0.0</y>
      <orientation>-0.68379</orientation>
      <velocity>15.0</velocity>
      <steeringAngle>0.0</steeringAngle>
      <time>0</time>
    </ksState>
    <ksState>
      <x>1.1433964211451224</x>
      <y>-0.931809864786012</y>
      <orientation>-0.6800437714316225</orientation>
      <velocity>14.0</velocity>
      <steeringAngle>0.026650000000000004</steeringAngle>
      <time>1</time>
    </ksState>
    <ksState>
      <x>2.215578416772365</x>
      <y>-1.7926385542674252</y>
      <orientation>-0.6623398285665086</orientation>
      <velocity>13.0</velocity>
      <steeringAngle>0.05330000000000001</steeringAngle>
      <time>2</time>
    </ksState>
    <ksState>
      <x>3.2261102107724953</x>
      <y>-2.570055455892376</y>
      <orientation>-0.632722622358891</orientation>
      <velocity>12.0</velocity>
      <steeringAngle>0.07995000000000001</steeringAngle>
      <time>3</time>
    </ksState>
    <ksState>
      <x>4.179911581507332</x>
      <y>-3.256180860527223</y>
      <orientation>-0.5932247074133694</orientation>
      <velocity>11.0</velocity>
      <steeringAngle>0.10660000000000001</steeringAngle>
      <time>4</time>
    </ksState>
    <ksState>
      <x>5.077823397554075</x>
      <y>-3.8471368640426395</y>
      <orientation>-0.5458724662399802</orientation>
      <velocity>10.0</velocity>
      <steeringAngle>0.13325</steeringAngle>
      <time>5</time>
    </ksState>
    <ksState>
      <x>5.9174022288658925</x>
      <y>-4.3426890678660275</y>
      <orientation>-0.4976889119841291</orientation>
      <velocity>9.0</velocity>
      <steeringAngle>0.1066</steeringAngle>
      <time>6</time>
    </ksState>
    <ksState>
      <x>6.689977450874258</x>
      <y>-4.7534029010356065</y>
      <orientation>-0.4636009916873209</orientation>
      <velocity>8.0</velocity>
      <steeringAngle>0.07995</steeringAngle>
      <time>7</time>
    </ksState>
    <ksState>
      <x>7.385232614954592</x>
      <y>-5.095780021081964</y>
      <orientation>-0.44147161926029455</orientation>
      <velocity>7.0</velocity>
      <steeringAngle>0.053299999999999986</steeringAngle>
      <time>8</time>
    </ksState>
    <ksState>
      <x>7.996513951876432</x>
      <y>-5.382056397662992</y>
      <orientation>-0.42919067456673665</orientation>
      <velocity>6.0</velocity>
      <steeringAngle>0.02664999999999998</steeringAngle>
      <time>9</time>
    </ksState>
    <ksState>
      <x>8.519716735397875</x>
      <y>-5.620558083279731</y>
      <orientation>-0.42466881358212855</orientation>
      <velocity>5.0</velocity>
      <steeringAngle>-2.42861286636753e-17</steeringAngle>
      <time>10</time>
    </ksState>
    <ksState>
      <x>8.957080849652693</x>
      <y>-5.818327220311016</y>
      <orientation>-0.4234803548638847</orientation>
      <velocity>4.199999999999999</velocity>
      <steeringAngle>0.026650000000000004</steeringAngle>
      <time>11</time>
    </ksState>
    <ksState>
      <x>9.321915623100395</x>
      <y>-5.982325391312758</y>
      <orientation>-0.41836303425406407</orientation>
      <velocity>3.3999999999999995</velocity>
      <steeringAngle>0.05330000000000001</steeringAngle>
      <time>12</time>
    </ksState>
    <ksState>
      <x>9.61453075581436</x>
      <y>-6.111847855469641</y>
      <orientation>-0.4109652837161957</orientation>
      <velocity>2.5999999999999996</velocity>
      <steeringAngle>0.07995000000000001</steeringAngle>
      <time>13</time>
    </ksState>
    <ksState>
      <x>9.83472396516173</x>
      <y>-6.207318884048337</y>
      <orientation>-0.4029363921326773</orientation>
      <velocity>1.7999999999999998</velocity>
      <steeringAngle>0.10660000000000001</steeringAngle>
      <time>14</time>
    </ksState>
    <ksState>
      <x>9.982012183961423</x>
      <y>-6.269817626020595</y>
      <orientation>-0.3959312177300701</orientation>
      <velocity>0.9999999999999999</velocity>
      <steeringAngle>0.13325</steeringAngle>
      <time>15</time>
    </ksState>
    <ksState>
      <x>10.09741685017617</x>
      <y>-6.317846135140143</y>
      <orientation>-0.3894340862370004</orientation>
      <velocity>2.0</velocity>
      <steeringAngle>0.13325</steeringAngle>
      <time>16</time>
    </ksState>
    <ksState>
      <x>10.305814875049332</x>
      <y>-6.402669041998987</y>
      <orientation>-0.3777392495494749</orientation>
      <velocity>3.0</velocity>
      <steeringAngle>0.13325</steeringAngle>
      <time>17</time>
    </ksState>
    <ksState>
      <x>10.608400909925171</x>
      <y>-6.521265398880104</y>
      <orientation>-0.36084670766749366</orientation>
      <velocity>4.0</velocity>
      <steeringAngle>0.13325</steeringAngle>
      <time>18</time>
    </ksState>
    <ksState>
      <x>11.006844573290817</x>
      <y>-6.669126090960469</y>
      <orientation>-0.3387564605910566</orientation>
      <velocity>5.0</velocity>
      <steeringAngle>0.13325</steeringAngle>
      <time>19</time>
    </ksState>
    <ksState>
      <x>11.503173679062746</x>
      <y>-6.840213233755094</y>
      <orientation>-0.31146850832016376</orientation>
      <velocity>6.0</velocity>
      <steeringAngle>0.13325</steeringAngle>
      <time>20</time>
    </ksState>
    <ksState>
      <x>12.094834172217249</x>
      <y>-7.025455019993454</y>
      <orientation>-0.28092295262996886</orientation>
      <velocity>6.800000000000001</velocity>
      <steeringAngle>0.1066</steeringAngle>
      <time>21</time>
    </ksState>
    <ksState>
      <x>12.76876771065052</x>
      <y>-7.21463542614638</y>
      <orientation>-0.2537569951043503</orientation>
      <velocity>7.600000000000001</velocity>
      <steeringAngle>0.07995</steeringAngle>
      <time>22</time>
    </ksState>
    <ksState>
      <x>13.52494754516426</x>
      <y>-7.405870551453976</y>
      <orientation>-0.23160215527027256</orientation>
      <velocity>8.400000000000002</velocity>
      <steeringAngle>0.053299999999999986</steeringAngle>
      <time>23</time>
    </ksState>
    <ksState>
      <x>14.36284679506014</x>
      <y>-7.599547850411883</y>
      <orientation>-0.21608957263914866</orientation>
      <velocity>9.200000000000003</velocity>
      <steeringAngle>0.02664999999999998</steeringAngle>
      <time>24</time>
    </ksState>
    <ksState>
      <x>15.281469589589907</x>
      <y>-7.798864607760123</y>
      <orientation>-0.20885463177333982</orientation>
      <velocity>10.000000000000004</velocity>
      <steeringAngle>-2.42861286636753e-17</steeringAngle>
      <time>25</time>
    </ksState>
    <ksState>
      <x>16.269521316448763</x>
      <y>-8.00827756115898</y>
      <orientation>-0.21148990980075016</orientation>
      <velocity>10.399999999999999</velocity>
      <steeringAngle>-0.026650000000000004</steeringAngle>
      <time>26</time>
    </ksState>
    <ksState>
      <x>17.295521054866022</x>
      <y>-8.231473831201722</y>
      <orientation>-0.22508452392846592</orientation>
      <velocity>10.799999999999997</velocity>
      <steeringAngle>-0.05330000000000001</steeringAngle>
      <time>27</time>
    </ksState>
    <ksState>
      <x>18.356621354246023</x>
      <y>-8.480730910128504</y>
      <orientation>-0.25048567442422043</orientation>
      <velocity>11.199999999999996</velocity>
      <steeringAngle>-0.07995000000000001</steeringAngle>
      <time>28</time>
    </ksState>
    <ksState>
      <x>19.448814914884096</x>
      <y>-8.770414549626915</y>
      <orientation>-0.2885595150126378</orientation>
      <velocity>11.599999999999994</velocity>
      <steeringAngle>-0.10660000000000001</steeringAngle>
      <time>29</time>
    </ksState>
    <ksState>
      <x>20.566237071480728</x>
      <y>-9.11692507784247</y>
      <orientation>-0.3401937466258059</orientation>
      <velocity>11.999999999999993</velocity>
      <steeringAngle>-0.13325</steeringAngle>
      <time>30</time>
    </ksState>
    <ksState>
      <x>21.676970143489807</x>
      <y>-9.529424404479872</y>
      <orientation>-0.40178655318010686</orientation>
      <velocity>11.399999999999999</velocity>
      <steeringAngle>-0.13325</steeringAngle>
      <time>31</time>
    </ksState>
    <ksState>
      <x>22.7057259754941</x>
      <y>-9.984406580871536</y>
      <orientation>-0.4602607366177343</orientation>
      <velocity>10.799999999999997</velocity>
      <steeringAngle>-0.13325</steeringAngle>
      <time>32</time>
    </ksState>
    <ksState>
      <x>23.653168934403773</x>
      <y>-10.470568606983072</y>
      <orientation>-0.5156162969386883</orientation>
      <velocity>10.199999999999996</velocity>
      <steeringAngle>-0.13325</steeringAngle>
      <time>33</time>
    </ksState>
    <ksState>
      <x>24.520887465290407</x>
      <y>-10.977433645733772</y>
      <orientation>-0.5678532341429688</orientation>
      <velocity>9.599999999999994</velocity>
      <steeringAngle>-0.13325</steeringAngle>
      <time>34</time>
    </ksState>
    <ksState>
      <x>25.311216007846664</x>
      <y>-11.495378498758217</y>
      <orientation>-0.6169715482305759</orientation>
      <velocity>8.999999999999993</velocity>
      <steeringAngle>-0.13325</steeringAngle>
      <time>35</time>
    </ksState>
    <ksState>
      <x>26.047116262659888</x>
      <y>-12.030577130321007</y>
      <orientation>-0.6642706655001234</orientation>
      <velocity>9.399999999999999</velocity>
      <steeringAngle>-0.13325</steeringAngle>
      <time>36</time>
    </ksState>
    <ksState>
      <x>26.78777358336996</x>
      <y>-12.625381387985598</y>
      <orientation>-0.7136488648474533</orientation>
      <velocity>9.799999999999997</velocity>
      <steeringAngle>-0.13325</steeringAngle>
      <time>37</time>
    </ksState>
    <ksState>
      <x>27.52773461386448</x>
      <y>-13.282951734679543</y>
      <orientation>-0.7651061462725655</orientation>
      <velocity>10.199999999999996</velocity>
      <steeringAngle>-0.13325</steeringAngle>
      <time>38</time>
    </ksState>
    <ksState>
      <x>28.261004862450555</x>
      <y>-14.006158759064828</y>
      <orientation>-0.8186425097754599</orientation>
      <velocity>10.599999999999994</velocity>
      <steeringAngle>-0.13325</steeringAngle>
      <time>39</time>
    </ksState>
    <ksState>
      <x>28.981041658573197</x>
      <y>-14.797505606881185</y>
      <orientation>-0.8742579553561367</orientation>
      <velocity>10.999999999999993</velocity>
      <steeringAngle>-0.13325</steeringAngle>
      <time>40</time>
    </ksState>
    <ksState>
      <x>29.68385201186523</x>
      <y>-15.662970030081516</y>
      <orientation>-0.929245735989261</orientation>
      <velocity>11.600000000000001</velocity>
      <steeringAngle>-0.1066</steeringAngle>
      <time>41</time>
    </ksState>
    <ksState>
      <x>30.37544319197584</x>
      <y>-16.612773579420946</y>
      <orientation>-0.9748941976663266</orientation>
      <velocity>12.200000000000003</velocity>
      <steeringAngle>-0.07995</steeringAngle>
      <time>42</time>
    </ksState>
    <ksState>
      <x>31.058728434033075</x>
      <y>-17.64146661229147</y>
      <orientation>-1.0100159843663163</orientation>
      <velocity>12.800000000000004</velocity>
      <steeringAngle>-0.053299999999999986</steeringAngle>
      <time>43</time>
    </ksState>
    <ksState>
      <x>31.74009635277873</x>
      <y>-18.74268833275884</y>
      <orientation>-1.0334141855902883</orientation>
      <velocity>13.400000000000006</velocity>
      <steeringAngle>-0.02664999999999998</steeringAngle>
      <time>44</time>
    </ksState>
    <ksState>
      <x>32.42962220714378</x>
      <y>-19.909117535561002</y>
      <orientation>-1.0438790192930536</orientation>
      <velocity>14.000000000000007</velocity>
      <steeringAngle>2.42861286636753e-17</steeringAngle>
      <time>45</time>
    </ksState>
    <ksState>
      <x>33.12107007207555</x>
      <y>-21.09761442242327</y>
      <orientation>-1.0438790192930536</orientation>
      <velocity>13.0</velocity>
      <steeringAngle>0.0</steeringAngle>
      <time>46</time>
    </ksState>
    <ksState>
      <x>33.76223081955773</x>
      <y>-22.199675172059187</y>
      <orientation>-1.0438790192930536</orientation>
      <velocity>12.0</velocity>
      <steeringAngle>0.0</steeringAngle>
      <time>47</time>
    </ksState>
    <ksState>
      <x>34.35310444959033</x>
      <y>-23.215299784468762</y>
      <orientation>-1.0438790192930536</orientation>
      <velocity>11.0</velocity>
      <steeringAngle>0.0</steeringAngle>
      <time>48</time>
    </ksState>
    <ksState>
      <x>34.89369096217335</x>
      <y>-24.14448825965199</y>
      <orientation>-1.0438790192930536</orientation>
      <velocity>10.0</velocity>
      <steeringAngle>0.0</steeringAngle>
      <time>49</time>
    </ksState>
    <ksState>
      <x>35.383990357306786</x>
      <y>-24.987240597608867</y>
      <orientation>-1.0438790192930536</orientation>
      <velocity>9.0</velocity>
      <steeringAngle>0.0</steeringAngle>
      <time>50</time>
    </ksState>
    <ksState>
      <x>35.824002634990634</x>
      <y>-25.7435567983394</y>
      <orientation>-1.0438790192930536</orientation>
      <velocity>8.0</velocity>
      <steeringAngle>0.0</steeringAngle>
      <time>51</time>
    </ksState>
    <ksState>
      <x>36.213727795224905</x>
      <y>-26.413436861843586</y>
      <orientation>-1.0438790192930536</orientation>
      <velocity>7.0</velocity>
      <steeringAngle>0.0</steeringAngle>
      <time>52</time>
    </ksState>
    <ksState>
      <x>36.55316583800959</x>
      <y>-26.996880788121427</y>
      <orientation>-1.0438790192930536</orientation>
      <velocity>6.0</velocity>
      <steeringAngle>0.0</steeringAngle>
      <time>53</time>
    </ksState>
    <ksState>
      <x>36.8423167633447</x>
      <y>-27.49388857717292</y>
      <orientation>-1.0438790192930536</orientation>
      <velocity>5.0</velocity>
      <steeringAngle>0.0</steeringAngle>
      <time>54</time>
    </ksState>
    <ksState>
      <x>37.08118057123021</x>
      <y>-27.90446022899807</y>
      <orientation>-1.0438790192930536</orientation>
      <velocity>4.0</velocity>
      <steeringAngle>0.0</steeringAngle>
      <time>55</time>
    </ksState>
    <ksState>
      <x>37.27227161753863</x>
      <y>-28.232917550458186</y>
      <orientation>-1.0438790192930536</orientation>
      <velocity>3.2</velocity>
      <steeringAngle>0.0</steeringAngle>
      <time>56</time>
    </ksState>
    <ksState>
      <x>37.42313296988738</x>
      <y>-28.492225962137226</y>
      <orientation>-1.0438790192930536</orientation>
      <velocity>2.4000000000000004</velocity>
      <steeringAngle>0.0</steeringAngle>
      <time>57</time>
    </ksState>
    <ksState>
      <x>37.53376462827646</x>
      <y>-28.68238546403519</y>
      <orientation>-1.0438790192930536</orientation>
      <velocity>1.6000000000000005</velocity>
      <steeringAngle>0.0</steeringAngle>
      <time>58</time>
    </ksState>
    <ksState>
      <x>37.60416659270588</x>
      <y>-28.803396056152074</y>
      <orientation>-1.0438790192930536</orientation>
      <velocity>0.8000000000000006</velocity>
      <steeringAngle>0.0</steeringAngle>
      <time>59</time>
    </ksState>
    <ksState>
      <x>37.63433886317563</x>
      <y>-28.855257738487882</y>
      <orientation>-1.0438790192930536</orientation>
      <velocity>5.551115123125783e-16</velocity>
      <steeringAngle>0.0</steeringAngle>
      <time>60</time>
    </ksState>
    <ksState>
      <x>37.63433886317563</x>
      <y>-28.855257738487882</y>
      <orientation>-1.0438790192930536</orientation>
      <velocity>0.0</velocity>
      <steeringAngle>0.0</steeringAngle>
      <time>61</time>
    </ksState>
    <ksState>
      <x>37.63433886317563</x>
      <y>-28.855257738487882</y>
      <orientation>-1.0438790192930536</orientation>
      <velocity>0.0</velocity>
      <steeringAngle>0.0</steeringAngle>
      <time>62</time>
    </ksState>
    <ksState>
      <x>37.63433886317563</x>
      <y>-28.855257738487882</y>
      <orientation>-1.0438790192930536</orientation>
      <velocity>0.0</velocity>
      <steeringAngle>0.0</steeringAngle>
      <time>63</time>
    </ksState>
    <ksState>
      <x>37.63433886317563</x>
      <y>-28.855257738487882</y>
      <orientation>-1.0438790192930536</orientation>
      <velocity>0.0</velocity>
      <steeringAngle>0.0</steeringAngle>
      <time>64</time>
    </ksState>
    <ksState>
      <x>37.63433886317563</x>
      <y>-28.855257738487882</y>
      <orientation>-1.0438790192930536</orientation>
      <velocity>0.0</velocity>
      <steeringAngle>0.0</steeringAngle>
      <time>65</time>
    </ksState>
    <ksState>
      <x>37.63433886317563</x>
      <y>-28.855257738487882</y>
      <orientation>-1.0438790192930536</orientation>
      <velocity>0.0</velocity>
      <steeringAngle>0.0</steeringAngle>
      <time>66</time>
    </ksState>
  </ksTrajectory>
</CommonRoadSolution>
