<?xml version="1.0" ?>
<CommonRoadSolution benchmark_id="KS2:SM1:USA_Peach-3_2_T-1:2018b" date="2019-11-17">
  <ksTrajectory planningProblem="1500">
    <ksState>
      <x>-21.759</x>
      <y>13.6344</y>
      <orientation>0.0</orientation>
      <velocity>0.0</velocity>
      <steeringAngle>0.0</steeringAngle>
      <time>0</time>
    </ksState>
    <ksState>
      <x>-21.749</x>
      <y>13.6344</y>
      <orientation>-5.1672118184516606e-05</orientation>
      <velocity>0.4</velocity>
      <steeringAngle>-0.026650000000000004</steeringAngle>
      <time>1</time>
    </ksState>
    <ksState>
      <x>-21.69900000102824</x>
      <y>13.634391214638708</y>
      <orientation>-0.0007236666997994356</orientation>
      <velocity>0.8</velocity>
      <steeringAngle>-0.05330000000000001</steeringAngle>
      <time>2</time>
    </ksState>
    <ksState>
      <x>-21.609000071654172</x>
      <y>13.63428471023392</y>
      <orientation>-0.0028447965838029887</orientation>
      <velocity>1.2</velocity>
      <steeringAngle>-0.07995000000000001</steeringAngle>
      <time>3</time>
    </ksState>
    <ksState>
      <x>-21.479001090505015</x>
      <y>13.633784403958451</y>
      <orientation>-0.007248008068079114</orientation>
      <velocity>1.5999999999999999</velocity>
      <steeringAngle>-0.10660000000000001</steeringAngle>
      <time>4</time>
    </ksState>
    <ksState>
      <x>-21.309008216951632</x>
      <y>13.632253519114249</y>
      <orientation>-0.01477278462966986</orientation>
      <velocity>1.9999999999999998</velocity>
      <steeringAngle>-0.13325</steeringAngle>
      <time>5</time>
    </ksState>
    <ksState>
      <x>-21.114038071853912</x>
      <y>13.62887922395404</y>
      <orientation>-0.025408909235511326</orientation>
      <velocity>1.7999999999999998</velocity>
      <steeringAngle>-0.15990000000000001</steeringAngle>
      <time>6</time>
    </ksState>
    <ksState>
      <x>-20.93910806020254</x>
      <y>13.623954928199826</y>
      <orientation>-0.036804450327836885</orientation>
      <velocity>1.5999999999999996</velocity>
      <steeringAngle>-0.18655000000000002</steeringAngle>
      <time>7</time>
    </ksState>
    <ksState>
      <x>-20.78423047005755</x>
      <y>13.61781274744504</y>
      <orientation>-0.048550896323901735</orientation>
      <velocity>1.3999999999999995</velocity>
      <steeringAngle>-0.21320000000000003</steeringAngle>
      <time>8</time>
    </ksState>
    <ksState>
      <x>-20.649409206896884</x>
      <y>13.61087950232656</y>
      <orientation>-0.060236270531137046</orientation>
      <velocity>1.1999999999999993</velocity>
      <steeringAngle>-0.23985000000000004</steeringAngle>
      <time>9</time>
    </ksState>
    <ksState>
      <x>-20.53463750469097</x>
      <y>13.603644204134467</y>
      <orientation>-0.07144387367882296</orientation>
      <velocity>0.9999999999999992</velocity>
      <steeringAngle>-0.2665</steeringAngle>
      <time>10</time>
    </ksState>
    <ksState>
      <x>-20.434912196824154</x>
      <y>13.596241979026212</y>
      <orientation>-0.08230811362493075</orientation>
      <velocity>1.0</velocity>
      <steeringAngle>-0.29315</steeringAngle>
      <time>11</time>
    </ksState>
    <ksState>
      <x>-20.33527564709738</x>
      <y>13.587728910365211</y>
      <orientation>-0.09429556250789249</orientation>
      <velocity>1.0</velocity>
      <steeringAngle>-0.3198000000000001</steeringAngle>
      <time>12</time>
    </ksState>
    <ksState>
      <x>-20.235751153504093</x>
      <y>13.577993813419758</y>
      <orientation>-0.10742488800789951</orientation>
      <velocity>1.0</velocity>
      <steeringAngle>-0.34645000000000015</steeringAngle>
      <time>13</time>
    </ksState>
    <ksState>
      <x>-20.136366344108186</x>
      <y>13.566924161797706</y>
      <orientation>-0.12171689232577336</orientation>
      <velocity>1.0</velocity>
      <steeringAngle>-0.3731000000000002</steeringAngle>
      <time>14</time>
    </ksState>
    <ksState>
      <x>-20.037153681181778</x>
      <y>13.554406033794596</y>
      <orientation>-0.13719465100158412</orientation>
      <velocity>1.0</velocity>
      <steeringAngle>-0.39975000000000027</steeringAngle>
      <time>15</time>
    </ksState>
    <ksState>
      <x>-19.93815100039099</x>
      <y>13.540324079056512</y>
      <orientation>-0.15388367109500722</orientation>
      <velocity>1.0</velocity>
      <steeringAngle>-0.4264</steeringAngle>
      <time>16</time>
    </ksState>
    <ksState>
      <x>-19.83940208916025</x>
      <y>13.524561509288228</y>
      <orientation>-0.17181207116356545</orientation>
      <velocity>1.0</velocity>
      <steeringAngle>-0.45304999999999995</steeringAngle>
      <time>17</time>
    </ksState>
    <ksState>
      <x>-19.740957308687534</x>
      <y>13.507000117394204</y>
      <orientation>-0.1910107859107364</orientation>
      <velocity>1.0</velocity>
      <steeringAngle>-0.4796999999999999</steeringAngle>
      <time>18</time>
    </ksState>
    <ksState>
      <x>-19.64287426446264</x>
      <y>13.487520330224095</y>
      <orientation>-0.21151379889461155</orientation>
      <velocity>1.0</velocity>
      <steeringAngle>-0.5063499999999999</steeringAngle>
      <time>19</time>
    </ksState>
    <ksState>
      <x>-19.54521853055884</x>
      <y>13.466001301031147</y>
      <orientation>-0.23335840730850288</orientation>
      <velocity>1.0</velocity>
      <steeringAngle>-0.5329999999999999</steeringAngle>
      <time>20</time>
    </ksState>
    <ksState>
      <x>-19.423809766463812</x>
      <y>13.43626207779567</y>
      <orientation>-0.2614351528094558</orientation>
      <velocity>2.0</velocity>
      <steeringAngle>-0.50635</steeringAngle>
      <time>21</time>
    </ksState>
    <ksState>
      <x>-19.207177893046463</x>
      <y>13.375517932228393</y>
      <orientation>-0.30898140999730284</orientation>
      <velocity>3.0</velocity>
      <steeringAngle>-0.4797</steeringAngle>
      <time>22</time>
    </ksState>
    <ksState>
      <x>-18.899254953552276</x>
      <y>13.271669817053825</y>
      <orientation>-0.3734007544332751</orientation>
      <velocity>4.0</velocity>
      <steeringAngle>-0.45305000000000006</steeringAngle>
      <time>23</time>
    </ksState>
    <ksState>
      <x>-18.506788040900425</x>
      <y>13.108787686548817</y>
      <orientation>-0.45219927141698046</orientation>
      <velocity>5.0</velocity>
      <steeringAngle>-0.4264000000000001</steeringAngle>
      <time>24</time>
    </ksState>
    <ksState>
      <x>-18.040086258055872</x>
      <y>12.868618697906376</y>
      <orientation>-0.5429731990428343</orientation>
      <velocity>6.0</velocity>
      <steeringAngle>-0.39975000000000016</steeringAngle>
      <time>25</time>
    </ksState>
    <ksState>
      <x>-17.526008272822313</x>
      <y>12.540595494021037</y>
      <orientation>-0.641031179464766</orientation>
      <velocity>6.4</velocity>
      <steeringAngle>-0.3731</steeringAngle>
      <time>26</time>
    </ksState>
    <ksState>
      <x>-17.01493997164789</x>
      <y>12.13927253022339</y>
      <orientation>-0.7377335581236071</orientation>
      <velocity>6.800000000000001</velocity>
      <steeringAngle>-0.3464499999999999</steeringAngle>
      <time>27</time>
    </ksState>
    <ksState>
      <x>-16.515837134006482</x>
      <y>11.663114112933446</y>
      <orientation>-0.8322891842371383</orientation>
      <velocity>7.200000000000001</velocity>
      <steeringAngle>-0.31979999999999986</steeringAngle>
      <time>28</time>
    </ksState>
    <ksState>
      <x>-16.037322361113446</x>
      <y>11.112079631535636</y>
      <orientation>-0.9239188812219767</orientation>
      <velocity>7.600000000000001</velocity>
      <steeringAngle>-0.2931499999999998</steeringAngle>
      <time>29</time>
    </ksState>
    <ksState>
      <x>-15.587314591765754</x>
      <y>10.487499861396518</y>
      <orientation>-1.0118528277134926</orientation>
      <velocity>8.000000000000002</velocity>
      <steeringAngle>-0.26649999999999974</steeringAngle>
      <time>30</time>
    </ksState>
    <ksState>
      <x>-15.177627240321032</x>
      <y>9.800572313763315</y>
      <orientation>-1.0943248475945966</orientation>
      <velocity>8.0</velocity>
      <steeringAngle>-0.23985000000000004</steeringAngle>
      <time>31</time>
    </ksState>
    <ksState>
      <x>-14.824321556032208</x>
      <y>9.082975694293799</y>
      <orientation>-1.1680052826864218</orientation>
      <velocity>8.0</velocity>
      <steeringAngle>-0.21320000000000003</steeringAngle>
      <time>32</time>
    </ksState>
    <ksState>
      <x>-14.523174080314021</x>
      <y>8.341942758305109</y>
      <orientation>-1.2330047687547725</orientation>
      <velocity>8.0</velocity>
      <steeringAngle>-0.18655000000000002</steeringAngle>
      <time>33</time>
    </ksState>
    <ksState>
      <x>-14.269154172015572</x>
      <y>7.583433185995599</y>
      <orientation>-1.2894197497343651</orientation>
      <velocity>8.0</velocity>
      <steeringAngle>-0.15990000000000001</steeringAngle>
      <time>34</time>
    </ksState>
    <ksState>
      <x>-14.056657627626619</x>
      <y>6.812235995798641</y>
      <orientation>-1.3373330629026379</orientation>
      <velocity>8.0</velocity>
      <steeringAngle>-0.13325</steeringAngle>
      <time>35</time>
    </ksState>
    <ksState>
      <x>-13.879689188596709</x>
      <y>6.0320994611061565</y>
      <orientation>-1.3789147044582841</orientation>
      <velocity>8.0</velocity>
      <steeringAngle>-0.13325</steeringAngle>
      <time>36</time>
    </ksState>
    <ksState>
      <x>-13.735303730090616</x>
      <y>5.245280752287749</y>
      <orientation>-1.4204963460139304</orientation>
      <velocity>8.0</velocity>
      <steeringAngle>-0.13325</steeringAngle>
      <time>37</time>
    </ksState>
    <ksState>
      <x>-13.62375086334985</x>
      <y>4.453140108780172</y>
      <orientation>-1.4620779875695764</orientation>
      <velocity>8.0</velocity>
      <steeringAngle>-0.13325</steeringAngle>
      <time>38</time>
    </ksState>
    <ksState>
      <x>-13.545223439163195</x>
      <y>3.65704697049465</y>
      <orientation>-1.5036596291252227</orientation>
      <velocity>8.0</velocity>
      <steeringAngle>-0.13325</steeringAngle>
      <time>39</time>
    </ksState>
    <ksState>
      <x>-13.499857214469378</x>
      <y>2.858377610351348</y>
      <orientation>-1.545241270680869</orientation>
      <velocity>8.0</velocity>
      <steeringAngle>-0.13325</steeringAngle>
      <time>40</time>
    </ksState>
    <ksState>
      <x>-13.487730617662686</x>
      <y>2.05851275500104</y>
      <orientation>-1.5847226415922264</orientation>
      <velocity>8.0</velocity>
      <steeringAngle>-0.1066</steeringAngle>
      <time>41</time>
    </ksState>
    <ksState>
      <x>-13.505508399241693</x>
      <y>1.2587378630754862</y>
      <orientation>-1.615829095171121</orientation>
      <velocity>8.0</velocity>
      <steeringAngle>-0.07995</steeringAngle>
      <time>42</time>
    </ksState>
    <ksState>
      <x>-13.546486706395884</x>
      <y>0.4598035293814329</y>
      <orientation>-1.638605288185806</orientation>
      <velocity>8.0</velocity>
      <steeringAngle>-0.053299999999999986</steeringAngle>
      <time>43</time>
    </ksState>
    <ksState>
      <x>-13.603993695626851</x>
      <y>-0.3381200198706851</y>
      <orientation>-1.6530837672635033</orientation>
      <velocity>8.0</velocity>
      <steeringAngle>-0.02664999999999998</steeringAngle>
      <time>44</time>
    </ksState>
    <ksState>
      <x>-13.671397301387254</x>
      <y>-1.1352737182721468</y>
      <orientation>-1.659285155636929</orientation>
      <velocity>8.0</velocity>
      <steeringAngle>2.42861286636753e-17</steeringAngle>
      <time>45</time>
    </ksState>
    <ksState>
      <x>-13.74253788202855</x>
      <y>-1.9371240894674338</y>
      <orientation>-1.657192434850456</orientation>
      <velocity>8.2</velocity>
      <steeringAngle>0.026650000000000004</steeringAngle>
      <time>46</time>
    </ksState>
    <ksState>
      <x>-13.811973561408122</x>
      <y>-2.75919502960764</y>
      <orientation>-1.646518341922768</orientation>
      <velocity>8.399999999999999</velocity>
      <steeringAngle>0.05330000000000001</steeringAngle>
      <time>47</time>
    </ksState>
    <ksState>
      <x>-13.872214281059696</x>
      <y>-3.6020369960534087</y>
      <orientation>-1.6268337604913654</orientation>
      <velocity>8.599999999999998</velocity>
      <steeringAngle>0.07995000000000001</steeringAngle>
      <time>48</time>
    </ksState>
    <ksState>
      <x>-13.91485721114428</x>
      <y>-4.4659659277727215</y>
      <orientation>-1.5976956514659144</orientation>
      <velocity>8.799999999999997</velocity>
      <steeringAngle>0.10660000000000001</steeringAngle>
      <time>49</time>
    </ksState>
    <ksState>
      <x>-13.930537400009477</x>
      <y>-5.350790131697581</y>
      <orientation>-1.558645699143857</orientation>
      <velocity>8.999999999999996</velocity>
      <steeringAngle>0.13325</steeringAngle>
      <time>50</time>
    </ksState>
  </ksTrajectory>
</CommonRoadSolution>
