<?xml version="1.0" ?>
<CommonRoadSolution benchmark_id="KS2:SM1:USA_US101-4_3_T-1:2018b" date="2019-11-18">
  <ksTrajectory planningProblem="458">
    <ksState>
      <x>0.0</x>
      <y>0.0</y>
      <orientation>-0.76501</orientation>
      <velocity>5.0</velocity>
      <steeringAngle>0.0</steeringAngle>
      <time>0</time>
    </ksState>
    <ksState>
      <x>0.342653330214512</x>
      <y>-0.3289585008673656</y>
      <orientation>-0.7638473773408484</orientation>
      <velocity>4.0</velocity>
      <steeringAngle>0.026650000000000004</steeringAngle>
      <time>1</time>
    </ksState>
    <ksState>
      <x>0.6137208394474714</x>
      <y>-0.5880863763743038</y>
      <orientation>-0.7590660540218352</orientation>
      <velocity>3.0</velocity>
      <steeringAngle>0.05330000000000001</steeringAngle>
      <time>2</time>
    </ksState>
    <ksState>
      <x>0.8134941174699263</x>
      <y>-0.7770717113669183</y>
      <orientation>-0.7527288684259686</orientation>
      <velocity>2.0</velocity>
      <steeringAngle>0.07995000000000001</steeringAngle>
      <time>3</time>
    </ksState>
    <ksState>
      <x>0.9413727023693927</x>
      <y>-0.8965371671866255</y>
      <orientation>-0.7469015825845883</orientation>
      <velocity>1.0</velocity>
      <steeringAngle>0.10660000000000001</steeringAngle>
      <time>4</time>
    </ksState>
    <ksState>
      <x>0.996442700366532</x>
      <y>-0.9474517028370846</y>
      <orientation>-0.7436587964627764</orientation>
      <velocity>0.0</velocity>
      <steeringAngle>0.13325</steeringAngle>
      <time>5</time>
    </ksState>
    <ksState>
      <x>0.996442700366532</x>
      <y>-0.9474517028370846</y>
      <orientation>-0.7436587964627764</orientation>
      <velocity>0.0</velocity>
      <steeringAngle>0.1066</steeringAngle>
      <time>6</time>
    </ksState>
    <ksState>
      <x>0.996442700366532</x>
      <y>-0.9474517028370846</y>
      <orientation>-0.7436587964627764</orientation>
      <velocity>0.0</velocity>
      <steeringAngle>0.07995</steeringAngle>
      <time>7</time>
    </ksState>
    <ksState>
      <x>0.996442700366532</x>
      <y>-0.9474517028370846</y>
      <orientation>-0.7436587964627764</orientation>
      <velocity>0.0</velocity>
      <steeringAngle>0.053299999999999986</steeringAngle>
      <time>8</time>
    </ksState>
    <ksState>
      <x>0.996442700366532</x>
      <y>-0.9474517028370846</y>
      <orientation>-0.7436587964627764</orientation>
      <velocity>0.0</velocity>
      <steeringAngle>0.02664999999999998</steeringAngle>
      <time>9</time>
    </ksState>
    <ksState>
      <x>0.996442700366532</x>
      <y>-0.9474517028370846</y>
      <orientation>-0.7436587964627764</orientation>
      <velocity>0.0</velocity>
      <steeringAngle>-2.42861286636753e-17</steeringAngle>
      <time>10</time>
    </ksState>
    <ksState>
      <x>1.0111626311495558</x>
      <y>-0.9609914088066759</y>
      <orientation>-0.7436587964627764</orientation>
      <velocity>0.8</velocity>
      <steeringAngle>0.0</steeringAngle>
      <time>11</time>
    </ksState>
    <ksState>
      <x>1.0847622850646752</x>
      <y>-1.0286899386546324</y>
      <orientation>-0.7436587964627764</orientation>
      <velocity>1.6</velocity>
      <steeringAngle>0.0</steeringAngle>
      <time>12</time>
    </ksState>
    <ksState>
      <x>1.21724166211189</x>
      <y>-1.1505472923809543</y>
      <orientation>-0.7436587964627764</orientation>
      <velocity>2.4</velocity>
      <steeringAngle>0.0</steeringAngle>
      <time>13</time>
    </ksState>
    <ksState>
      <x>1.4086007622912002</x>
      <y>-1.3265634699856412</y>
      <orientation>-0.7436587964627764</orientation>
      <velocity>3.1999999999999997</velocity>
      <steeringAngle>0.0</steeringAngle>
      <time>14</time>
    </ksState>
    <ksState>
      <x>1.658839585602606</x>
      <y>-1.5567384714686936</y>
      <orientation>-0.7436587964627764</orientation>
      <velocity>3.9999999999999996</velocity>
      <steeringAngle>0.0</steeringAngle>
      <time>15</time>
    </ksState>
    <ksState>
      <x>1.9569181839588392</x>
      <y>-1.8309175173529177</y>
      <orientation>-0.7436587964627764</orientation>
      <velocity>4.199999999999999</velocity>
      <steeringAngle>0.0</steeringAngle>
      <time>16</time>
    </ksState>
    <ksState>
      <x>2.269716713098096</x>
      <y>-2.118636269206733</y>
      <orientation>-0.7436587964627764</orientation>
      <velocity>4.399999999999999</velocity>
      <steeringAngle>0.0</steeringAngle>
      <time>17</time>
    </ksState>
    <ksState>
      <x>2.597235173020377</x>
      <y>-2.4198947270301394</y>
      <orientation>-0.7436587964627764</orientation>
      <velocity>4.599999999999998</velocity>
      <steeringAngle>0.0</steeringAngle>
      <time>18</time>
    </ksState>
    <ksState>
      <x>2.9394735637256817</x>
      <y>-2.734692890823137</y>
      <orientation>-0.7436587964627764</orientation>
      <velocity>4.799999999999997</velocity>
      <steeringAngle>0.0</steeringAngle>
      <time>19</time>
    </ksState>
    <ksState>
      <x>3.2964318852140098</x>
      <y>-3.0630307605857263</y>
      <orientation>-0.7436587964627764</orientation>
      <velocity>4.9999999999999964</velocity>
      <steeringAngle>0.0</steeringAngle>
      <time>20</time>
    </ksState>
    <ksState>
      <x>3.6533902067023383</x>
      <y>-3.3913686303483157</y>
      <orientation>-0.7436587964627764</orientation>
      <velocity>4.4</velocity>
      <steeringAngle>0.0</steeringAngle>
      <time>21</time>
    </ksState>
    <ksState>
      <x>3.9661887358415955</x>
      <y>-3.679087382202131</y>
      <orientation>-0.7436587964627764</orientation>
      <velocity>3.8000000000000007</velocity>
      <steeringAngle>0.0</steeringAngle>
      <time>22</time>
    </ksState>
    <ksState>
      <x>4.234827472631781</x>
      <y>-3.926187016147172</y>
      <orientation>-0.7436587964627764</orientation>
      <velocity>3.200000000000001</velocity>
      <steeringAngle>0.0</steeringAngle>
      <time>23</time>
    </ksState>
    <ksState>
      <x>4.459306417072895</x>
      <y>-4.13266753218344</y>
      <orientation>-0.7436587964627764</orientation>
      <velocity>2.6000000000000014</velocity>
      <steeringAngle>0.0</steeringAngle>
      <time>24</time>
    </ksState>
    <ksState>
      <x>4.639625569164938</x>
      <y>-4.298528930310933</y>
      <orientation>-0.7436587964627764</orientation>
      <velocity>2.0000000000000018</velocity>
      <steeringAngle>0.0</steeringAngle>
      <time>25</time>
    </ksState>
    <ksState>
      <x>4.790504859690933</x>
      <y>-4.437310916499245</y>
      <orientation>-0.7436587964627764</orientation>
      <velocity>2.2</velocity>
      <steeringAngle>0.0</steeringAngle>
      <time>26</time>
    </ksState>
    <ksState>
      <x>4.9561040809999515</x>
      <y>-4.589632608657147</y>
      <orientation>-0.7436587964627764</orientation>
      <velocity>2.4000000000000004</velocity>
      <steeringAngle>0.0</steeringAngle>
      <time>27</time>
    </ksState>
    <ksState>
      <x>5.1364232330919934</x>
      <y>-4.75549400678464</y>
      <orientation>-0.7436587964627764</orientation>
      <velocity>2.6000000000000005</velocity>
      <steeringAngle>0.0</steeringAngle>
      <time>28</time>
    </ksState>
    <ksState>
      <x>5.33146231596706</x>
      <y>-4.934895110881725</y>
      <orientation>-0.7436587964627764</orientation>
      <velocity>2.8000000000000007</velocity>
      <steeringAngle>0.0</steeringAngle>
      <time>29</time>
    </ksState>
    <ksState>
      <x>5.54122132962515</x>
      <y>-5.127835920948401</y>
      <orientation>-0.7436587964627764</orientation>
      <velocity>3.000000000000001</velocity>
      <steeringAngle>0.0</steeringAngle>
      <time>30</time>
    </ksState>
    <ksState>
      <x>5.765700274066264</x>
      <y>-5.334316436984668</y>
      <orientation>-0.7436587964627764</orientation>
      <velocity>3.2</velocity>
      <steeringAngle>0.0</steeringAngle>
      <time>31</time>
    </ksState>
    <ksState>
      <x>6.004899149290401</x>
      <y>-5.554336658990527</y>
      <orientation>-0.7436587964627764</orientation>
      <velocity>3.4000000000000004</velocity>
      <steeringAngle>0.0</steeringAngle>
      <time>32</time>
    </ksState>
    <ksState>
      <x>6.258817955297563</x>
      <y>-5.787896586965978</y>
      <orientation>-0.7436587964627764</orientation>
      <velocity>3.6000000000000005</velocity>
      <steeringAngle>0.0</steeringAngle>
      <time>33</time>
    </ksState>
    <ksState>
      <x>6.527456692087749</x>
      <y>-6.034996220911019</y>
      <orientation>-0.7436587964627764</orientation>
      <velocity>3.8000000000000007</velocity>
      <steeringAngle>0.0</steeringAngle>
      <time>34</time>
    </ksState>
    <ksState>
      <x>6.810815359660958</x>
      <y>-6.295635560825652</y>
      <orientation>-0.7436587964627764</orientation>
      <velocity>4.000000000000001</velocity>
      <steeringAngle>0.0</steeringAngle>
      <time>35</time>
    </ksState>
    <ksState>
      <x>7.097854009929923</x>
      <y>-6.559659827232682</y>
      <orientation>-0.7436587964627764</orientation>
      <velocity>3.5999999999999996</velocity>
      <steeringAngle>0.0</steeringAngle>
      <time>36</time>
    </ksState>
    <ksState>
      <x>7.35545279863284</x>
      <y>-6.79660468170053</y>
      <orientation>-0.7436587964627764</orientation>
      <velocity>3.1999999999999993</velocity>
      <steeringAngle>0.0</steeringAngle>
      <time>37</time>
    </ksState>
    <ksState>
      <x>7.58361172576971</x>
      <y>-7.006470124229195</y>
      <orientation>-0.7436587964627764</orientation>
      <velocity>2.799999999999999</velocity>
      <steeringAngle>0.0</steeringAngle>
      <time>38</time>
    </ksState>
    <ksState>
      <x>7.782330791340533</x>
      <y>-7.189256154818677</y>
      <orientation>-0.7436587964627764</orientation>
      <velocity>2.3999999999999986</velocity>
      <steeringAngle>0.0</steeringAngle>
      <time>39</time>
    </ksState>
    <ksState>
      <x>7.951609995345306</x>
      <y>-7.3449627734689775</y>
      <orientation>-0.7436587964627764</orientation>
      <velocity>1.9999999999999984</velocity>
      <steeringAngle>0.0</steeringAngle>
      <time>40</time>
    </ksState>
    <ksState>
      <x>8.106169268567056</x>
      <y>-7.487129686149686</y>
      <orientation>-0.7436587964627764</orientation>
      <velocity>2.4000000000000004</velocity>
      <steeringAngle>0.0</steeringAngle>
      <time>41</time>
    </ksState>
    <ksState>
      <x>8.290168403354855</x>
      <y>-7.656376010769578</y>
      <orientation>-0.7436587964627764</orientation>
      <velocity>2.8000000000000007</velocity>
      <steeringAngle>0.0</steeringAngle>
      <time>42</time>
    </ksState>
    <ksState>
      <x>8.5036073997087</x>
      <y>-7.852701747328652</y>
      <orientation>-0.7436587964627764</orientation>
      <velocity>3.200000000000001</velocity>
      <steeringAngle>0.0</steeringAngle>
      <time>43</time>
    </ksState>
    <ksState>
      <x>8.746486257628595</x>
      <y>-8.076106895826909</y>
      <orientation>-0.7436587964627764</orientation>
      <velocity>3.6000000000000014</velocity>
      <steeringAngle>0.0</steeringAngle>
      <time>44</time>
    </ksState>
    <ksState>
      <x>9.018804977114536</x>
      <y>-8.326591456264348</y>
      <orientation>-0.7436587964627764</orientation>
      <velocity>4.000000000000002</velocity>
      <steeringAngle>0.0</steeringAngle>
      <time>45</time>
    </ksState>
    <ksState>
      <x>9.305843627383501</x>
      <y>-8.590615722671378</y>
      <orientation>-0.7436587964627764</orientation>
      <velocity>3.5999999999999996</velocity>
      <steeringAngle>0.0</steeringAngle>
      <time>46</time>
    </ksState>
    <ksState>
      <x>9.563442416086419</x>
      <y>-8.827560577139225</y>
      <orientation>-0.7436587964627764</orientation>
      <velocity>3.1999999999999993</velocity>
      <steeringAngle>0.0</steeringAngle>
      <time>47</time>
    </ksState>
    <ksState>
      <x>9.791601343223288</x>
      <y>-9.03742601966789</y>
      <orientation>-0.7436587964627764</orientation>
      <velocity>2.799999999999999</velocity>
      <steeringAngle>0.0</steeringAngle>
      <time>48</time>
    </ksState>
    <ksState>
      <x>9.99032040879411</x>
      <y>-9.220212050257373</y>
      <orientation>-0.7436587964627764</orientation>
      <velocity>2.3999999999999986</velocity>
      <steeringAngle>0.0</steeringAngle>
      <time>49</time>
    </ksState>
    <ksState>
      <x>10.159599612798885</x>
      <y>-9.375918668907673</y>
      <orientation>-0.7436587964627764</orientation>
      <velocity>1.9999999999999984</velocity>
      <steeringAngle>0.0</steeringAngle>
      <time>50</time>
    </ksState>
    <ksState>
      <x>10.314158886020635</x>
      <y>-9.518085581588382</y>
      <orientation>-0.7436587964627764</orientation>
      <velocity>2.4000000000000004</velocity>
      <steeringAngle>0.0</steeringAngle>
      <time>51</time>
    </ksState>
    <ksState>
      <x>10.498158020808434</x>
      <y>-9.687331906208273</y>
      <orientation>-0.7436587964627764</orientation>
      <velocity>2.8000000000000007</velocity>
      <steeringAngle>0.0</steeringAngle>
      <time>52</time>
    </ksState>
    <ksState>
      <x>10.71159701716228</x>
      <y>-9.883657642767346</y>
      <orientation>-0.7436587964627764</orientation>
      <velocity>3.200000000000001</velocity>
      <steeringAngle>0.0</steeringAngle>
      <time>53</time>
    </ksState>
    <ksState>
      <x>10.954475875082174</x>
      <y>-10.107062791265603</y>
      <orientation>-0.7436587964627764</orientation>
      <velocity>3.6000000000000014</velocity>
      <steeringAngle>0.0</steeringAngle>
      <time>54</time>
    </ksState>
    <ksState>
      <x>11.226794594568116</x>
      <y>-10.357547351703044</y>
      <orientation>-0.7436587964627764</orientation>
      <velocity>4.000000000000002</velocity>
      <steeringAngle>0.0</steeringAngle>
      <time>55</time>
    </ksState>
    <ksState>
      <x>11.51383324483708</x>
      <y>-10.621571618110075</y>
      <orientation>-0.7436587964627764</orientation>
      <velocity>3.5999999999999996</velocity>
      <steeringAngle>0.0</steeringAngle>
      <time>56</time>
    </ksState>
    <ksState>
      <x>11.771432033539998</x>
      <y>-10.858516472577922</y>
      <orientation>-0.7436587964627764</orientation>
      <velocity>3.1999999999999993</velocity>
      <steeringAngle>0.0</steeringAngle>
      <time>57</time>
    </ksState>
    <ksState>
      <x>11.99959096067687</x>
      <y>-11.068381915106588</y>
      <orientation>-0.7436587964627764</orientation>
      <velocity>2.799999999999999</velocity>
      <steeringAngle>0.0</steeringAngle>
      <time>58</time>
    </ksState>
    <ksState>
      <x>12.19831002624769</x>
      <y>-11.25116794569607</y>
      <orientation>-0.7436587964627764</orientation>
      <velocity>2.3999999999999986</velocity>
      <steeringAngle>0.0</steeringAngle>
      <time>59</time>
    </ksState>
    <ksState>
      <x>12.367589230252465</x>
      <y>-11.40687456434637</y>
      <orientation>-0.7436587964627764</orientation>
      <velocity>1.9999999999999984</velocity>
      <steeringAngle>0.0</steeringAngle>
      <time>60</time>
    </ksState>
    <ksState>
      <x>12.529508468865727</x>
      <y>-11.555811330011876</y>
      <orientation>-0.7436587964627764</orientation>
      <velocity>2.8</velocity>
      <steeringAngle>0.0</steeringAngle>
      <time>61</time>
    </ksState>
    <ksState>
      <x>12.750307430611086</x>
      <y>-11.758906919555745</y>
      <orientation>-0.7436587964627764</orientation>
      <velocity>3.5999999999999996</velocity>
      <steeringAngle>0.0</steeringAngle>
      <time>62</time>
    </ksState>
    <ksState>
      <x>13.029986115488539</x>
      <y>-12.01616133297798</y>
      <orientation>-0.7436587964627764</orientation>
      <velocity>4.3999999999999995</velocity>
      <steeringAngle>0.0</steeringAngle>
      <time>63</time>
    </ksState>
    <ksState>
      <x>13.368544523498088</x>
      <y>-12.32757457027858</y>
      <orientation>-0.7436587964627764</orientation>
      <velocity>5.2</velocity>
      <steeringAngle>0.0</steeringAngle>
      <time>64</time>
    </ksState>
    <ksState>
      <x>13.765982654639732</x>
      <y>-12.693146631457545</y>
      <orientation>-0.7436587964627764</orientation>
      <velocity>6.000000000000001</velocity>
      <steeringAngle>0.0</steeringAngle>
      <time>65</time>
    </ksState>
    <ksState>
      <x>14.189180664651667</x>
      <y>-13.082413178083295</y>
      <orientation>-0.7436587964627764</orientation>
      <velocity>5.0</velocity>
      <steeringAngle>0.0</steeringAngle>
      <time>66</time>
    </ksState>
    <ksState>
      <x>14.538779020748485</x>
      <y>-13.403981194861089</y>
      <orientation>-0.7436587964627764</orientation>
      <velocity>4.0</velocity>
      <steeringAngle>0.0</steeringAngle>
      <time>67</time>
    </ksState>
    <ksState>
      <x>14.814777722930183</x>
      <y>-13.657850681790926</y>
      <orientation>-0.7436587964627764</orientation>
      <velocity>3.0</velocity>
      <steeringAngle>0.0</steeringAngle>
      <time>68</time>
    </ksState>
    <ksState>
      <x>15.01717677119676</x>
      <y>-13.844021638872807</y>
      <orientation>-0.7436587964627764</orientation>
      <velocity>2.0</velocity>
      <steeringAngle>0.0</steeringAngle>
      <time>69</time>
    </ksState>
    <ksState>
      <x>15.14597616554822</x>
      <y>-13.96249406610673</y>
      <orientation>-0.7436587964627764</orientation>
      <velocity>1.0</velocity>
      <steeringAngle>0.0</steeringAngle>
      <time>70</time>
    </ksState>
    <ksState>
      <x>15.230615767550606</x>
      <y>-14.04034737543188</y>
      <orientation>-0.7436587964627764</orientation>
      <velocity>1.6</velocity>
      <steeringAngle>0.0</steeringAngle>
      <time>71</time>
    </ksState>
    <ksState>
      <x>15.359415161902065</x>
      <y>-14.158819802665803</y>
      <orientation>-0.7436587964627764</orientation>
      <velocity>2.2</velocity>
      <steeringAngle>0.0</steeringAngle>
      <time>72</time>
    </ksState>
    <ksState>
      <x>15.532374348602596</x>
      <y>-14.317911347808502</y>
      <orientation>-0.7436587964627764</orientation>
      <velocity>2.8</velocity>
      <steeringAngle>0.0</steeringAngle>
      <time>73</time>
    </ksState>
    <ksState>
      <x>15.749493327652198</x>
      <y>-14.517622010859974</y>
      <orientation>-0.7436587964627764</orientation>
      <velocity>3.3999999999999995</velocity>
      <steeringAngle>0.0</steeringAngle>
      <time>74</time>
    </ksState>
    <ksState>
      <x>16.01077209905087</x>
      <y>-14.75795179182022</y>
      <orientation>-0.7436587964627764</orientation>
      <velocity>3.999999999999999</velocity>
      <steeringAngle>0.0</steeringAngle>
      <time>75</time>
    </ksState>
    <ksState>
      <x>16.290450783928325</x>
      <y>-15.015206205242455</y>
      <orientation>-0.7436587964627764</orientation>
      <velocity>3.2</velocity>
      <steeringAngle>0.0</steeringAngle>
      <time>76</time>
    </ksState>
    <ksState>
      <x>16.511249745673684</x>
      <y>-15.218301794786324</y>
      <orientation>-0.7436587964627764</orientation>
      <velocity>2.4000000000000004</velocity>
      <steeringAngle>0.0</steeringAngle>
      <time>77</time>
    </ksState>
    <ksState>
      <x>16.673168984286946</x>
      <y>-15.36723856045183</y>
      <orientation>-0.7436587964627764</orientation>
      <velocity>1.6000000000000005</velocity>
      <steeringAngle>0.0</steeringAngle>
      <time>78</time>
    </ksState>
    <ksState>
      <x>16.776208499768114</x>
      <y>-15.462016502238969</y>
      <orientation>-0.7436587964627764</orientation>
      <velocity>0.8000000000000006</velocity>
      <steeringAngle>0.0</steeringAngle>
      <time>79</time>
    </ksState>
    <ksState>
      <x>16.820368292117184</x>
      <y>-15.502635620147743</y>
      <orientation>-0.7436587964627764</orientation>
      <velocity>5.551115123125783e-16</velocity>
      <steeringAngle>0.0</steeringAngle>
      <time>80</time>
    </ksState>
    <ksState>
      <x>16.820368292117184</x>
      <y>-15.502635620147743</y>
      <orientation>-0.7436587964627764</orientation>
      <velocity>0.0</velocity>
      <steeringAngle>0.0</steeringAngle>
      <time>81</time>
    </ksState>
    <ksState>
      <x>16.820368292117184</x>
      <y>-15.502635620147743</y>
      <orientation>-0.7436587964627764</orientation>
      <velocity>0.0</velocity>
      <steeringAngle>0.0</steeringAngle>
      <time>82</time>
    </ksState>
    <ksState>
      <x>16.820368292117184</x>
      <y>-15.502635620147743</y>
      <orientation>-0.7436587964627764</orientation>
      <velocity>0.0</velocity>
      <steeringAngle>0.0</steeringAngle>
      <time>83</time>
    </ksState>
    <ksState>
      <x>16.820368292117184</x>
      <y>-15.502635620147743</y>
      <orientation>-0.7436587964627764</orientation>
      <velocity>0.0</velocity>
      <steeringAngle>0.0</steeringAngle>
      <time>84</time>
    </ksState>
    <ksState>
      <x>16.820368292117184</x>
      <y>-15.502635620147743</y>
      <orientation>-0.7436587964627764</orientation>
      <velocity>0.0</velocity>
      <steeringAngle>0.0</steeringAngle>
      <time>85</time>
    </ksState>
    <ksState>
      <x>16.820368292117184</x>
      <y>-15.502635620147743</y>
      <orientation>-0.7436587964627764</orientation>
      <velocity>0.0</velocity>
      <steeringAngle>0.0</steeringAngle>
      <time>86</time>
    </ksState>
    <ksState>
      <x>16.820368292117184</x>
      <y>-15.502635620147743</y>
      <orientation>-0.7436587964627764</orientation>
      <velocity>0.0</velocity>
      <steeringAngle>0.0</steeringAngle>
      <time>87</time>
    </ksState>
    <ksState>
      <x>16.820368292117184</x>
      <y>-15.502635620147743</y>
      <orientation>-0.7436587964627764</orientation>
      <velocity>0.0</velocity>
      <steeringAngle>0.0</steeringAngle>
      <time>88</time>
    </ksState>
    <ksState>
      <x>16.820368292117184</x>
      <y>-15.502635620147743</y>
      <orientation>-0.7436587964627764</orientation>
      <velocity>0.0</velocity>
      <steeringAngle>0.0</steeringAngle>
      <time>89</time>
    </ksState>
    <ksState>
      <x>16.820368292117184</x>
      <y>-15.502635620147743</y>
      <orientation>-0.7436587964627764</orientation>
      <velocity>0.0</velocity>
      <steeringAngle>0.0</steeringAngle>
      <time>90</time>
    </ksState>
    <ksState>
      <x>16.820368292117184</x>
      <y>-15.502635620147743</y>
      <orientation>-0.7436587964627764</orientation>
      <velocity>0.0</velocity>
      <steeringAngle>0.0</steeringAngle>
      <time>91</time>
    </ksState>
    <ksState>
      <x>16.820368292117184</x>
      <y>-15.502635620147743</y>
      <orientation>-0.7436587964627764</orientation>
      <velocity>0.0</velocity>
      <steeringAngle>0.0</steeringAngle>
      <time>92</time>
    </ksState>
    <ksState>
      <x>16.820368292117184</x>
      <y>-15.502635620147743</y>
      <orientation>-0.7436587964627764</orientation>
      <velocity>0.0</velocity>
      <steeringAngle>0.0</steeringAngle>
      <time>93</time>
    </ksState>
    <ksState>
      <x>16.820368292117184</x>
      <y>-15.502635620147743</y>
      <orientation>-0.7436587964627764</orientation>
      <velocity>0.0</velocity>
      <steeringAngle>0.0</steeringAngle>
      <time>94</time>
    </ksState>
    <ksState>
      <x>16.820368292117184</x>
      <y>-15.502635620147743</y>
      <orientation>-0.7436587964627764</orientation>
      <velocity>0.0</velocity>
      <steeringAngle>0.0</steeringAngle>
      <time>95</time>
    </ksState>
    <ksState>
      <x>16.820368292117184</x>
      <y>-15.502635620147743</y>
      <orientation>-0.7436587964627764</orientation>
      <velocity>0.0</velocity>
      <steeringAngle>0.0</steeringAngle>
      <time>96</time>
    </ksState>
    <ksState>
      <x>16.820368292117184</x>
      <y>-15.502635620147743</y>
      <orientation>-0.7436587964627764</orientation>
      <velocity>0.0</velocity>
      <steeringAngle>0.0</steeringAngle>
      <time>97</time>
    </ksState>
    <ksState>
      <x>16.820368292117184</x>
      <y>-15.502635620147743</y>
      <orientation>-0.7436587964627764</orientation>
      <velocity>0.0</velocity>
      <steeringAngle>0.0</steeringAngle>
      <time>98</time>
    </ksState>
    <ksState>
      <x>16.820368292117184</x>
      <y>-15.502635620147743</y>
      <orientation>-0.7436587964627764</orientation>
      <velocity>0.0</velocity>
      <steeringAngle>0.0</steeringAngle>
      <time>99</time>
    </ksState>
    <ksState>
      <x>16.820368292117184</x>
      <y>-15.502635620147743</y>
      <orientation>-0.7436587964627764</orientation>
      <velocity>0.0</velocity>
      <steeringAngle>0.0</steeringAngle>
      <time>100</time>
    </ksState>
  </ksTrajectory>
</CommonRoadSolution>
