<?xml version="1.0" ?>
<CommonRoadSolution benchmark_id="KS2:SM1:USA_US101-8_2_T-1:2018b" date="2019-11-18">
  <ksTrajectory planningProblem="65">
    <ksState>
      <x>0.0</x>
      <y>0.0</y>
      <orientation>-0.83</orientation>
      <velocity>12.0</velocity>
      <steeringAngle>0.0</steeringAngle>
      <time>0</time>
    </ksState>
    <ksState>
      <x>0.8165996696862332</x>
      <y>-0.8928969590430548</y>
      <orientation>-0.83</orientation>
      <velocity>12.399999999999999</velocity>
      <steeringAngle>0.0</steeringAngle>
      <time>1</time>
    </ksState>
    <ksState>
      <x>1.6601943697753172</x>
      <y>-1.815311172930508</y>
      <orientation>-0.83</orientation>
      <velocity>12.799999999999997</velocity>
      <steeringAngle>0.0</steeringAngle>
      <time>2</time>
    </ksState>
    <ksState>
      <x>2.5307841002672515</x>
      <y>-2.7672426416623597</y>
      <orientation>-0.83</orientation>
      <velocity>13.199999999999996</velocity>
      <steeringAngle>0.0</steeringAngle>
      <time>3</time>
    </ksState>
    <ksState>
      <x>3.4283688611620367</x>
      <y>-3.7486913652386096</y>
      <orientation>-0.83</orientation>
      <velocity>13.599999999999994</velocity>
      <steeringAngle>0.0</steeringAngle>
      <time>4</time>
    </ksState>
    <ksState>
      <x>4.352948652459672</x>
      <y>-4.759657343659258</y>
      <orientation>-0.83</orientation>
      <velocity>13.999999999999993</velocity>
      <steeringAngle>0.0</steeringAngle>
      <time>5</time>
    </ksState>
    <ksState>
      <x>5.29440033775909</x>
      <y>-5.789071606357656</y>
      <orientation>-0.8335912122138238</orientation>
      <velocity>13.8</velocity>
      <steeringAngle>-0.026650000000000004</steeringAngle>
      <time>6</time>
    </ksState>
    <ksState>
      <x>6.215076076425133</x>
      <y>-6.8103243383805925</y>
      <orientation>-0.8513468822875576</orientation>
      <velocity>13.600000000000001</velocity>
      <steeringAngle>-0.05330000000000001</steeringAngle>
      <time>7</time>
    </ksState>
    <ksState>
      <x>7.100795380783718</x>
      <y>-7.835719620338697</y>
      <orientation>-0.8828783462020072</orientation>
      <velocity>13.400000000000002</velocity>
      <steeringAngle>-0.07995000000000001</steeringAngle>
      <time>8</time>
    </ksState>
    <ksState>
      <x>7.937642248245787</x>
      <y>-8.875776965086525</y>
      <orientation>-0.927815621205667</orientation>
      <velocity>13.200000000000003</velocity>
      <steeringAngle>-0.10660000000000001</steeringAngle>
      <time>9</time>
    </ksState>
    <ksState>
      <x>8.711593842271858</x>
      <y>-9.938744391841961</y>
      <orientation>-0.9858064699970799</orientation>
      <velocity>13.000000000000004</velocity>
      <steeringAngle>-0.13325</steeringAngle>
      <time>10</time>
    </ksState>
    <ksState>
      <x>9.41616914965209</x>
      <y>-11.042911049791353</y>
      <orientation>-1.0504309614813743</orientation>
      <velocity>13.399999999999999</velocity>
      <steeringAngle>-0.1066</steeringAngle>
      <time>11</time>
    </ksState>
    <ksState>
      <x>10.070854991755182</x>
      <y>-12.223391615054986</y>
      <orientation>-1.1028970072178015</orientation>
      <velocity>13.799999999999997</velocity>
      <steeringAngle>-0.07995</steeringAngle>
      <time>12</time>
    </ksState>
    <ksState>
      <x>10.68429786553522</x>
      <y>-13.470614889138853</y>
      <orientation>-1.1424446684031968</orientation>
      <velocity>14.199999999999996</velocity>
      <steeringAngle>-0.053299999999999986</steeringAngle>
      <time>13</time>
    </ksState>
    <ksState>
      <x>11.268627997428284</x>
      <y>-14.775738643863603</y>
      <orientation>-1.1682990585658801</orientation>
      <velocity>14.599999999999994</velocity>
      <steeringAngle>-0.02664999999999998</steeringAngle>
      <time>14</time>
    </ksState>
    <ksState>
      <x>11.8393067360035</x>
      <y>-16.1304323441814</y>
      <orientation>-1.179668264465567</orientation>
      <velocity>14.999999999999993</velocity>
      <steeringAngle>2.42861286636753e-17</steeringAngle>
      <time>15</time>
    </ksState>
    <ksState>
      <x>12.409247870469386</x>
      <y>-17.512529339056847</y>
      <orientation>-1.1758186916608204</orientation>
      <velocity>14.8</velocity>
      <steeringAngle>0.026650000000000004</steeringAngle>
      <time>16</time>
    </ksState>
    <ksState>
      <x>12.981990211950215</x>
      <y>-18.871778907665767</y>
      <orientation>-1.1567707596324766</orientation>
      <velocity>14.600000000000001</velocity>
      <steeringAngle>0.05330000000000001</steeringAngle>
      <time>17</time>
    </ksState>
    <ksState>
      <x>13.57732383150957</x>
      <y>-20.199364002018346</y>
      <orientation>-1.122911293656852</orientation>
      <velocity>14.400000000000002</velocity>
      <steeringAngle>0.07995000000000001</steeringAngle>
      <time>18</time>
    </ksState>
    <ksState>
      <x>14.213102577763184</x>
      <y>-21.485735958934093</y>
      <orientation>-1.074606955742778</orientation>
      <velocity>14.200000000000003</velocity>
      <steeringAngle>0.10660000000000001</steeringAngle>
      <time>19</time>
    </ksState>
    <ksState>
      <x>14.904868965678515</x>
      <y>-22.7199360568454</y>
      <orientation>-1.0122051614462073</orientation>
      <velocity>14.000000000000004</velocity>
      <steeringAngle>0.13325</steeringAngle>
      <time>20</time>
    </ksState>
    <ksState>
      <x>15.662600198883101</x>
      <y>-23.884969986733108</y>
      <orientation>-0.939957059243272</orientation>
      <velocity>13.600000000000001</velocity>
      <steeringAngle>0.13325</steeringAngle>
      <time>21</time>
    </ksState>
    <ksState>
      <x>16.477733032766146</x>
      <y>-24.960836788376948</y>
      <orientation>-0.8697880391181191</orientation>
      <velocity>13.200000000000003</velocity>
      <steeringAngle>0.13325</steeringAngle>
      <time>22</time>
    </ksState>
    <ksState>
      <x>17.339458093264884</x>
      <y>-25.94725714123792</y>
      <orientation>-0.8016981010707485</orientation>
      <velocity>12.800000000000004</velocity>
      <steeringAngle>0.13325</steeringAngle>
      <time>23</time>
    </ksState>
    <ksState>
      <x>18.237540623988036</x>
      <y>-26.84497738478086</y>
      <orientation>-0.73568724510116</orientation>
      <velocity>12.400000000000006</velocity>
      <steeringAngle>0.13325</steeringAngle>
      <time>24</time>
    </ksState>
    <ksState>
      <x>19.16238052793632</x>
      <y>-27.655642806027405</y>
      <orientation>-0.6717554712093539</orientation>
      <velocity>12.000000000000007</velocity>
      <steeringAngle>0.13325</steeringAngle>
      <time>25</time>
    </ksState>
    <ksState>
      <x>20.097037023968632</x>
      <y>-28.375697528713264</y>
      <orientation>-0.6134679423489942</orientation>
      <velocity>11.2</velocity>
      <steeringAngle>0.1066</steeringAngle>
      <time>26</time>
    </ksState>
    <ksState>
      <x>21.00356283692556</x>
      <y>-28.99863226929887</y>
      <orientation>-0.5706443793221004</orientation>
      <velocity>10.399999999999999</velocity>
      <steeringAngle>0.07995</steeringAngle>
      <time>27</time>
    </ksState>
  </ksTrajectory>
</CommonRoadSolution>
