<?xml version="1.0" ?>
<CommonRoadSolution benchmark_id="KS2:SM1:USA_Lanker-2_20_T-1:2018b" date="2019-11-18">
  <ksTrajectory planningProblem="2544">
    <ksState>
      <x>0.0</x>
      <y>0.0</y>
      <orientation>-2.0528</orientation>
      <velocity>4.0</velocity>
      <steeringAngle>0.0</steeringAngle>
      <time>0</time>
    </ksState>
    <ksState>
      <x>-0.19701108552738594</x>
      <y>-0.37657885253864304</y>
      <orientation>-2.0516373773408483</orientation>
      <velocity>5.0</velocity>
      <steeringAngle>0.026650000000000004</steeringAngle>
      <time>1</time>
    </ksState>
    <ksState>
      <x>-0.43920625872411045</x>
      <y>-0.8423749871403031</y>
      <orientation>-2.0447883430683707</orientation>
      <velocity>6.0</velocity>
      <steeringAngle>0.05330000000000001</steeringAngle>
      <time>2</time>
    </ksState>
    <ksState>
      <x>-0.722684916778434</x>
      <y>-1.399385844379371</y>
      <orientation>-2.0301735101136615</orientation>
      <velocity>7.0</velocity>
      <steeringAngle>0.07995000000000001</steeringAngle>
      <time>3</time>
    </ksState>
    <ksState>
      <x>-1.0404779714122618</x>
      <y>-2.051012314055211</y>
      <orientation>-2.0056972297613145</orientation>
      <velocity>8.0</velocity>
      <steeringAngle>0.10660000000000001</steeringAngle>
      <time>4</time>
    </ksState>
    <ksState>
      <x>-1.3816459299130293</x>
      <y>-2.8021332076664494</y>
      <orientation>-1.9692415063367068</orientation>
      <velocity>8.995108823529412</velocity>
      <steeringAngle>0.13325</steeringAngle>
      <time>5</time>
    </ksState>
    <ksState>
      <x>-1.726580276887131</x>
      <y>-3.6495592077818984</y>
      <orientation>-1.924124068431422</orientation>
      <velocity>9.600000000000001</velocity>
      <steeringAngle>0.1066</steeringAngle>
      <time>6</time>
    </ksState>
    <ksState>
      <x>-2.0546686407054886</x>
      <y>-4.567648953590115</y>
      <orientation>-1.88625222014908</orientation>
      <velocity>10.200000000000003</velocity>
      <steeringAngle>0.07995</steeringAngle>
      <time>7</time>
    </ksState>
    <ksState>
      <x>-2.3678492775142694</x>
      <y>-5.554094933830402</y>
      <orientation>-1.8568244817027613</orientation>
      <velocity>10.800000000000004</velocity>
      <steeringAngle>0.053299999999999986</steeringAngle>
      <time>8</time>
    </ksState>
    <ksState>
      <x>-2.670839224748774</x>
      <y>-6.606323374652806</y>
      <orientation>-1.8370459002482138</orientation>
      <velocity>11.400000000000006</velocity>
      <steeringAngle>0.02664999999999998</steeringAngle>
      <time>9</time>
    </ksState>
    <ksState>
      <x>-2.971409235620223</x>
      <y>-7.721523398848364</y>
      <orientation>-1.828131413638805</orientation>
      <velocity>12.000000000000007</velocity>
      <steeringAngle>-2.42861286636753e-17</steeringAngle>
      <time>10</time>
    </ksState>
    <ksState>
      <x>-3.279359434641541</x>
      <y>-8.89168008704133</y>
      <orientation>-1.828131413638805</orientation>
      <velocity>12.399999999999999</velocity>
      <steeringAngle>0.0</steeringAngle>
      <time>11</time>
    </ksState>
    <ksState>
      <x>-3.597489805531332</x>
      <y>-10.100519640959682</y>
      <orientation>-1.828131413638805</orientation>
      <velocity>12.799999999999997</velocity>
      <steeringAngle>0.0</steeringAngle>
      <time>12</time>
    </ksState>
    <ksState>
      <x>-3.9258003482895965</x>
      <y>-11.348042060603424</y>
      <orientation>-1.828131413638805</orientation>
      <velocity>13.199999999999996</velocity>
      <steeringAngle>0.0</steeringAngle>
      <time>13</time>
    </ksState>
    <ksState>
      <x>-4.264291062916334</x>
      <y>-12.63424734597255</y>
      <orientation>-1.828131413638805</orientation>
      <velocity>13.599999999999994</velocity>
      <steeringAngle>0.0</steeringAngle>
      <time>14</time>
    </ksState>
    <ksState>
      <x>-4.612961949411545</x>
      <y>-13.959135497067066</y>
      <orientation>-1.828131413638805</orientation>
      <velocity>13.999999999999993</velocity>
      <steeringAngle>0.0</steeringAngle>
      <time>15</time>
    </ksState>
    <ksState>
      <x>-4.967995443324552</x>
      <y>-15.308200439239949</y>
      <orientation>-1.831722625852629</orientation>
      <velocity>13.8</velocity>
      <steeringAngle>-0.026650000000000004</steeringAngle>
      <time>16</time>
    </ksState>
    <ksState>
      <x>-5.327427437410078</x>
      <y>-16.6353815120632</y>
      <orientation>-1.8494782959263625</orientation>
      <velocity>13.600000000000001</velocity>
      <steeringAngle>-0.05330000000000001</steeringAngle>
      <time>17</time>
    </ksState>
    <ksState>
      <x>-5.7092830518586135</x>
      <y>-17.935427842041303</y>
      <orientation>-1.8810097598408122</orientation>
      <velocity>13.400000000000002</velocity>
      <steeringAngle>-0.07995000000000001</steeringAngle>
      <time>18</time>
    </ksState>
    <ksState>
      <x>-6.129944231678703</x>
      <y>-19.202343834417018</y>
      <orientation>-1.9259470348444718</orientation>
      <velocity>13.200000000000003</velocity>
      <steeringAngle>-0.10660000000000001</steeringAngle>
      <time>19</time>
    </ksState>
    <ksState>
      <x>-6.603941713040926</x>
      <y>-20.428813242066816</y>
      <orientation>-1.983937883635885</orientation>
      <velocity>13.000000000000004</velocity>
      <steeringAngle>-0.13325</steeringAngle>
      <time>20</time>
    </ksState>
    <ksState>
      <x>-7.150158683468894</x>
      <y>-21.619299442538527</y>
      <orientation>-2.0485623751201794</orientation>
      <velocity>13.399999999999999</velocity>
      <steeringAngle>-0.1066</steeringAngle>
      <time>21</time>
    </ksState>
    <ksState>
      <x>-7.787548224221492</x>
      <y>-22.80920804833755</y>
      <orientation>-2.101028420856607</orientation>
      <velocity>13.799999999999997</velocity>
      <steeringAngle>-0.07995</steeringAngle>
      <time>22</time>
    </ksState>
    <ksState>
      <x>-8.503380817133117</x>
      <y>-24.000619712596972</y>
      <orientation>-2.140576082042002</orientation>
      <velocity>14.199999999999996</velocity>
      <steeringAngle>-0.053299999999999986</steeringAngle>
      <time>23</time>
    </ksState>
    <ksState>
      <x>-9.283651872902762</x>
      <y>-25.198938033291903</y>
      <orientation>-2.166430472204685</orientation>
      <velocity>14.599999999999994</velocity>
      <steeringAngle>-0.02664999999999998</steeringAngle>
      <time>24</time>
    </ksState>
    <ksState>
      <x>-10.112981812243511</x>
      <y>-26.41264355608382</y>
      <orientation>-2.177799678104372</orientation>
      <velocity>14.999999999999993</velocity>
      <steeringAngle>2.42861286636753e-17</steeringAngle>
      <time>25</time>
    </ksState>
    <ksState>
      <x>-10.962890767006622</x>
      <y>-27.63647147234226</y>
      <orientation>-2.177799678104372</orientation>
      <velocity>14.600000000000001</velocity>
      <steeringAngle>0.0</steeringAngle>
      <time>26</time>
    </ksState>
    <ksState>
      <x>-11.789983373990857</x>
      <y>-28.827444947895778</y>
      <orientation>-2.177799678104372</orientation>
      <velocity>14.200000000000003</velocity>
      <steeringAngle>0.0</steeringAngle>
      <time>27</time>
    </ksState>
    <ksState>
      <x>-12.594259633196218</x>
      <y>-29.98556398274437</y>
      <orientation>-2.177799678104372</orientation>
      <velocity>13.800000000000004</velocity>
      <steeringAngle>0.0</steeringAngle>
      <time>28</time>
    </ksState>
    <ksState>
      <x>-13.375719544622703</x>
      <y>-31.11082857688804</y>
      <orientation>-2.177799678104372</orientation>
      <velocity>13.400000000000006</velocity>
      <steeringAngle>0.0</steeringAngle>
      <time>29</time>
    </ksState>
    <ksState>
      <x>-14.134363108270312</x>
      <y>-32.20323873032678</y>
      <orientation>-2.177799678104372</orientation>
      <velocity>13.000000000000007</velocity>
      <steeringAngle>0.0</steeringAngle>
      <time>30</time>
    </ksState>
    <ksState>
      <x>-14.864486237194328</x>
      <y>-33.254580832884365</y>
      <orientation>-2.1745443346587474</orientation>
      <velocity>12.2</velocity>
      <steeringAngle>0.026650000000000004</steeringAngle>
      <time>31</time>
    </ksState>
    <ksState>
      <x>-15.542695466369683</x>
      <y>-34.24453938447088</y>
      <orientation>-2.159088918412046</orientation>
      <velocity>11.399999999999999</velocity>
      <steeringAngle>0.05330000000000001</steeringAngle>
      <time>32</time>
    </ksState>
    <ksState>
      <x>-16.158813633574873</x>
      <y>-35.17982266459907</y>
      <orientation>-2.133067151384777</orientation>
      <velocity>10.599999999999998</velocity>
      <steeringAngle>0.07995000000000001</steeringAngle>
      <time>33</time>
    </ksState>
    <ksState>
      <x>-16.70610549246519</x>
      <y>-36.06412936359543</y>
      <orientation>-2.098101756517946</orientation>
      <velocity>9.799999999999997</velocity>
      <steeringAngle>0.10660000000000001</steeringAngle>
      <time>34</time>
    </ksState>
    <ksState>
      <x>-17.180877792350124</x>
      <y>-36.898453083103796</y>
      <orientation>-2.0558090180740765</orientation>
      <velocity>8.999999999999996</velocity>
      <steeringAngle>0.13325</steeringAngle>
      <time>35</time>
    </ksState>
    <ksState>
      <x>-17.591107430414297</x>
      <y>-37.699452999488344</y>
      <orientation>-2.0113924757987993</orientation>
      <velocity>9.0</velocity>
      <steeringAngle>0.1066</steeringAngle>
      <time>36</time>
    </ksState>
    <ksState>
      <x>-17.967305495550647</x>
      <y>-38.51701304023788</y>
      <orientation>-1.976397715522543</orientation>
      <velocity>9.0</velocity>
      <steeringAngle>0.07995</steeringAngle>
      <time>37</time>
    </ksState>
    <ksState>
      <x>-18.316621850251835</x>
      <y>-39.34643362460596</y>
      <orientation>-1.9507744983810222</orientation>
      <velocity>9.0</velocity>
      <steeringAngle>0.053299999999999986</steeringAngle>
      <time>38</time>
    </ksState>
    <ksState>
      <x>-18.64653449242981</x>
      <y>-40.183774713758446</y>
      <orientation>-1.9344862094186128</orientation>
      <velocity>9.0</velocity>
      <steeringAngle>0.02664999999999998</steeringAngle>
      <time>39</time>
    </ksState>
    <ksState>
      <x>-18.96472924237152</x>
      <y>-41.02564627170618</y>
      <orientation>-1.9275096474985087</orientation>
      <velocity>9.0</velocity>
      <steeringAngle>-2.42861286636753e-17</steeringAngle>
      <time>40</time>
    </ksState>
    <ksState>
      <x>-19.28424389660241</x>
      <y>-41.8830466366068</y>
      <orientation>-1.9275096474985087</orientation>
      <velocity>9.600000000000001</velocity>
      <steeringAngle>0.0</steeringAngle>
      <time>41</time>
    </ksState>
    <ksState>
      <x>-19.624710331438603</x>
      <y>-42.796669976255</y>
      <orientation>-1.9275096474985087</orientation>
      <velocity>10.200000000000003</velocity>
      <steeringAngle>0.0</steeringAngle>
      <time>42</time>
    </ksState>
    <ksState>
      <x>-19.986128546880103</x>
      <y>-43.766516290650785</y>
      <orientation>-1.9275096474985087</orientation>
      <velocity>10.800000000000004</velocity>
      <steeringAngle>0.0</steeringAngle>
      <time>43</time>
    </ksState>
    <ksState>
      <x>-20.368498542926908</x>
      <y>-44.79258557979414</y>
      <orientation>-1.9275096474985087</orientation>
      <velocity>11.400000000000006</velocity>
      <steeringAngle>0.0</steeringAngle>
      <time>44</time>
    </ksState>
    <ksState>
      <x>-20.771820319579014</x>
      <y>-45.87487784368509</y>
      <orientation>-1.9275096474985087</orientation>
      <velocity>12.000000000000007</velocity>
      <steeringAngle>0.0</steeringAngle>
      <time>45</time>
    </ksState>
    <ksState>
      <x>-21.1908559316851</x>
      <y>-46.99933733863672</y>
      <orientation>-1.9275096474985087</orientation>
      <velocity>12.0</velocity>
      <steeringAngle>0.0</steeringAngle>
      <time>46</time>
    </ksState>
    <ksState>
      <x>-21.609891543791186</x>
      <y>-48.12379683358836</y>
      <orientation>-1.9275096474985087</orientation>
      <velocity>12.0</velocity>
      <steeringAngle>0.0</steeringAngle>
      <time>47</time>
    </ksState>
    <ksState>
      <x>-22.02892715589727</x>
      <y>-49.24825632853999</y>
      <orientation>-1.9275096474985087</orientation>
      <velocity>12.0</velocity>
      <steeringAngle>0.0</steeringAngle>
      <time>48</time>
    </ksState>
    <ksState>
      <x>-22.447962768003357</x>
      <y>-50.37271582349162</y>
      <orientation>-1.9275096474985087</orientation>
      <velocity>12.0</velocity>
      <steeringAngle>0.0</steeringAngle>
      <time>49</time>
    </ksState>
    <ksState>
      <x>-22.866998380109443</x>
      <y>-51.49717531844325</y>
      <orientation>-1.9275096474985087</orientation>
      <velocity>12.0</velocity>
      <steeringAngle>0.0</steeringAngle>
      <time>50</time>
    </ksState>
    <ksState>
      <x>-23.284288010498422</x>
      <y>-52.61694956549925</y>
      <orientation>-1.9305841385304874</orientation>
      <velocity>11.8</velocity>
      <steeringAngle>-0.026650000000000004</steeringAngle>
      <time>51</time>
    </ksState>
    <ksState>
      <x>-23.701312170230686</x>
      <y>-53.71544991323442</y>
      <orientation>-1.945755284695001</orientation>
      <velocity>11.600000000000001</velocity>
      <steeringAngle>-0.05330000000000001</steeringAngle>
      <time>52</time>
    </ksState>
    <ksState>
      <x>-24.13071736904449</x>
      <y>-54.78763840558196</y>
      <orientation>-1.9726307444871005</orientation>
      <velocity>11.400000000000002</velocity>
      <steeringAngle>-0.07995000000000001</steeringAngle>
      <time>53</time>
    </ksState>
    <ksState>
      <x>-24.583797387383377</x>
      <y>-55.82823559321021</y>
      <orientation>-2.0108338936699317</orientation>
      <velocity>11.200000000000003</velocity>
      <steeringAngle>-0.10660000000000001</steeringAngle>
      <time>54</time>
    </ksState>
    <ksState>
      <x>-25.07036028266766</x>
      <y>-56.83138750320915</y>
      <orientation>-2.0600028514510296</orientation>
      <velocity>11.000000000000004</velocity>
      <steeringAngle>-0.13325</steeringAngle>
      <time>55</time>
    </ksState>
    <ksState>
      <x>-25.598574997828322</x>
      <y>-57.79043352098715</y>
      <orientation>-2.114056104577477</orientation>
      <velocity>10.8</velocity>
      <steeringAngle>-0.1066</steeringAngle>
      <time>56</time>
    </ksState>
    <ksState>
      <x>-26.164464981910402</x>
      <y>-58.704352826099296</y>
      <orientation>-2.155868448913095</orientation>
      <velocity>10.600000000000001</velocity>
      <steeringAngle>-0.07995</steeringAngle>
      <time>57</time>
    </ksState>
    <ksState>
      <x>-26.754265879057503</x>
      <y>-59.57904389329427</y>
      <orientation>-2.1859175405400206</orientation>
      <velocity>10.400000000000002</velocity>
      <steeringAngle>-0.053299999999999986</steeringAngle>
      <time>58</time>
    </ksState>
    <ksState>
      <x>-27.356027699814568</x>
      <y>-60.42111082732529</y>
      <orientation>-2.204662018441142</orientation>
      <velocity>10.200000000000003</velocity>
      <steeringAngle>-0.02664999999999998</steeringAngle>
      <time>59</time>
    </ksState>
    <ksState>
      <x>-27.95931640060431</x>
      <y>-61.23735869810628</y>
      <orientation>-2.2125429525581675</orientation>
      <velocity>10.000000000000004</velocity>
      <steeringAngle>2.42861286636753e-17</steeringAngle>
      <time>60</time>
    </ksState>
    <ksState>
      <x>-28.542947004166585</x>
      <y>-62.01838386965041</y>
      <orientation>-2.210088526944403</orientation>
      <velocity>9.0</velocity>
      <steeringAngle>0.026650000000000004</steeringAngle>
      <time>61</time>
    </ksState>
    <ksState>
      <x>-29.063406963707823</x>
      <y>-62.72176306530279</y>
      <orientation>-2.198845893852339</orientation>
      <velocity>8.0</velocity>
      <steeringAngle>0.05330000000000001</steeringAngle>
      <time>62</time>
    </ksState>
    <ksState>
      <x>-29.516253428654625</x>
      <y>-63.35068659656899</y>
      <orientation>-2.180868697950597</orientation>
      <velocity>7.0</velocity>
      <steeringAngle>0.07995000000000001</steeringAngle>
      <time>63</time>
    </ksState>
    <ksState>
      <x>-29.900071607218166</x>
      <y>-63.905929927448135</y>
      <orientation>-2.158206097557146</orientation>
      <velocity>6.0</velocity>
      <steeringAngle>0.10660000000000001</steeringAngle>
      <time>64</time>
    </ksState>
    <ksState>
      <x>-30.215879456998675</x>
      <y>-64.38642718974631</y>
      <orientation>-2.1329085839095456</orientation>
      <velocity>5.0</velocity>
      <steeringAngle>0.13325</steeringAngle>
      <time>65</time>
    </ksState>
    <ksState>
      <x>-30.471777862171006</x>
      <y>-64.79841151758075</y>
      <orientation>-2.1089336227199547</orientation>
      <velocity>4.4</velocity>
      <steeringAngle>0.1066</steeringAngle>
      <time>66</time>
    </ksState>
    <ksState>
      <x>-30.68799508926366</x>
      <y>-65.16429586090617</y>
      <orientation>-2.0923691772392314</orientation>
      <velocity>3.8000000000000007</velocity>
      <steeringAngle>0.07995</steeringAngle>
      <time>67</time>
    </ksState>
    <ksState>
      <x>-30.868957159353453</x>
      <y>-65.48127625562982</y>
      <orientation>-2.081938577909851</orientation>
      <velocity>3.200000000000001</velocity>
      <steeringAngle>0.053299999999999986</steeringAngle>
      <time>68</time>
    </ksState>
    <ksState>
      <x>-31.017736187040782</x>
      <y>-65.74752716501054</y>
      <orientation>-2.076379820978429</orientation>
      <velocity>2.6000000000000014</velocity>
      <steeringAngle>0.02664999999999998</steeringAngle>
      <time>69</time>
    </ksState>
    <ksState>
      <x>-31.13625885649668</x>
      <y>-65.96195046092737</y>
      <orientation>-2.0744418779343423</orientation>
      <velocity>2.0000000000000018</velocity>
      <steeringAngle>-2.42861286636753e-17</steeringAngle>
      <time>70</time>
    </ksState>
    <ksState>
      <x>-31.227956963885664</x>
      <y>-66.12835796406733</y>
      <orientation>-2.074906926998003</orientation>
      <velocity>1.6</velocity>
      <steeringAngle>-0.026650000000000004</steeringAngle>
      <time>71</time>
    </ksState>
    <ksState>
      <x>-31.300461965336847</x>
      <y>-66.25967064790055</y>
      <orientation>-2.0768194563256084</orientation>
      <velocity>1.2000000000000002</velocity>
      <steeringAngle>-0.05330000000000001</steeringAngle>
      <time>72</time>
    </ksState>
    <ksState>
      <x>-31.353833517097055</x>
      <y>-66.35585522483848</y>
      <orientation>-2.079354330563955</orientation>
      <velocity>0.8000000000000003</velocity>
      <steeringAngle>-0.07995000000000001</steeringAngle>
      <time>73</time>
    </ksState>
    <ksState>
      <x>-31.387950346157854</x>
      <y>-66.4169783802025</y>
      <orientation>-2.0816852449005068</orientation>
      <velocity>0.4000000000000003</velocity>
      <steeringAngle>-0.10660000000000001</steeringAngle>
      <time>74</time>
    </ksState>
    <ksState>
      <x>-31.402626168914875</x>
      <y>-66.44314362601969</y>
      <orientation>-2.0829823593492316</orientation>
      <velocity>2.7755575615628914e-16</velocity>
      <steeringAngle>-0.13325</steeringAngle>
      <time>75</time>
    </ksState>
    <ksState>
      <x>-31.405076588549043</x>
      <y>-66.44750200227885</y>
      <orientation>-2.083268591949831</orientation>
      <velocity>0.2</velocity>
      <steeringAngle>-0.15990000000000001</steeringAngle>
      <time>76</time>
    </ksState>
    <ksState>
      <x>-31.417343097772058</x>
      <y>-66.4692857735965</y>
      <orientation>-2.0849117064790597</orientation>
      <velocity>0.4</velocity>
      <steeringAngle>-0.18655000000000002</steeringAngle>
      <time>77</time>
    </ksState>
    <ksState>
      <x>-31.4395043628662</x>
      <y>-66.50845051868875</y>
      <orientation>-2.0883392707508532</orientation>
      <velocity>0.6</velocity>
      <steeringAngle>-0.21320000000000003</steeringAngle>
      <time>78</time>
    </ksState>
    <ksState>
      <x>-31.471739421332092</x>
      <y>-66.56489424594263</y>
      <orientation>-2.093985654773775</orientation>
      <velocity>0.7999999999999999</velocity>
      <steeringAngle>-0.23985000000000004</steeringAngle>
      <time>79</time>
    </ksState>
    <ksState>
      <x>-31.514356975264334</x>
      <y>-66.63843823412607</y>
      <orientation>-2.1022934230132044</orientation>
      <velocity>0.9999999999999999</velocity>
      <steeringAngle>-0.2665</steeringAngle>
      <time>80</time>
    </ksState>
    <ksState>
      <x>-31.567824100242085</x>
      <y>-66.72880520546443</y>
      <orientation>-2.113714806389992</orientation>
      <velocity>1.2000000000000002</velocity>
      <steeringAngle>-0.29315</steeringAngle>
      <time>81</time>
    </ksState>
    <ksState>
      <x>-31.632793727827973</x>
      <y>-66.83559357165504</y>
      <orientation>-2.1287132694260205</orientation>
      <velocity>1.4000000000000004</velocity>
      <steeringAngle>-0.3198000000000001</steeringAngle>
      <time>82</time>
    </ksState>
    <ksState>
      <x>-31.71012997985666</x>
      <y>-66.95824625168471</y>
      <orientation>-2.147765189715951</orientation>
      <velocity>1.6000000000000005</velocity>
      <steeringAngle>-0.34645000000000015</steeringAngle>
      <time>83</time>
    </ksState>
    <ksState>
      <x>-31.800930052218654</x>
      <y>-67.09601233623168</y>
      <orientation>-2.171361669044291</orientation>
      <velocity>1.8000000000000007</velocity>
      <steeringAngle>-0.3731000000000002</steeringAngle>
      <time>84</time>
    </ksState>
    <ksState>
      <x>-31.90654082820032</x>
      <y>-67.24789969097122</y>
      <orientation>-2.200010498044646</orientation>
      <velocity>2.000000000000001</velocity>
      <steeringAngle>-0.39975000000000027</steeringAngle>
      <time>85</time>
    </ksState>
    <ksState>
      <x>-32.01954257328389</x>
      <y>-67.40063537799917</y>
      <orientation>-2.2305928558282346</orientation>
      <velocity>1.6</velocity>
      <steeringAngle>-0.3731</steeringAngle>
      <time>86</time>
    </ksState>
    <ksState>
      <x>-32.11215439366737</x>
      <y>-67.51862785681084</y>
      <orientation>-2.2529452694435896</orientation>
      <velocity>1.2000000000000002</velocity>
      <steeringAngle>-0.3464499999999999</steeringAngle>
      <time>87</time>
    </ksState>
    <ksState>
      <x>-32.181830134978945</x>
      <y>-67.60374588919801</y>
      <orientation>-2.2680530514873407</orientation>
      <velocity>0.8000000000000003</velocity>
      <steeringAngle>-0.31979999999999986</steeringAngle>
      <time>88</time>
    </ksState>
    <ksState>
      <x>-32.22689620809899</x>
      <y>-67.6573090985185</y>
      <orientation>-2.2768707414268246</orientation>
      <velocity>0.4000000000000003</velocity>
      <steeringAngle>-0.2931499999999998</steeringAngle>
      <time>89</time>
    </ksState>
    <ksState>
      <x>-32.246379554682484</x>
      <y>-67.68012133448875</y>
      <orientation>-2.280325910335473</orientation>
      <velocity>2.7755575615628914e-16</velocity>
      <steeringAngle>-0.26649999999999974</steeringAngle>
      <time>90</time>
    </ksState>
  </ksTrajectory>
</CommonRoadSolution>
