<?xml version="1.0" ?>
<CommonRoadSolution benchmark_id="KS2:SM1:USA_US101-10_1_T-1:2018b" date="2019-11-18">
  <ksTrajectory planningProblem="543">
    <ksState>
      <x>0.0</x>
      <y>0.0</y>
      <orientation>-0.8362</orientation>
      <velocity>9.0</velocity>
      <steeringAngle>0.0</steeringAngle>
      <time>0</time>
    </ksState>
    <ksState>
      <x>0.613313194087421</x>
      <y>-0.6790227727832737</y>
      <orientation>-0.8362</orientation>
      <velocity>9.600000000000001</velocity>
      <steeringAngle>0.0</steeringAngle>
      <time>1</time>
    </ksState>
    <ksState>
      <x>1.2668436468035253</x>
      <y>-1.402571629027746</y>
      <orientation>-0.8362</orientation>
      <velocity>10.200000000000003</velocity>
      <steeringAngle>0.0</steeringAngle>
      <time>2</time>
    </ksState>
    <ksState>
      <x>1.9605913581483134</x>
      <y>-2.1706465687334164</y>
      <orientation>-0.8362</orientation>
      <velocity>10.800000000000004</velocity>
      <steeringAngle>0.0</steeringAngle>
      <time>3</time>
    </ksState>
    <ksState>
      <x>2.694556328121785</x>
      <y>-2.9832475919002857</y>
      <orientation>-0.8362</orientation>
      <velocity>11.400000000000006</velocity>
      <steeringAngle>0.0</steeringAngle>
      <time>4</time>
    </ksState>
    <ksState>
      <x>3.4687385567239395</x>
      <y>-3.8403746985283527</y>
      <orientation>-0.8362</orientation>
      <velocity>12.000000000000007</velocity>
      <steeringAngle>0.0</steeringAngle>
      <time>5</time>
    </ksState>
    <ksState>
      <x>4.276435167516663</x>
      <y>-4.734606874707418</y>
      <orientation>-0.8362</orientation>
      <velocity>12.2</velocity>
      <steeringAngle>0.0</steeringAngle>
      <time>6</time>
    </ksState>
    <ksState>
      <x>5.097537531185615</x>
      <y>-5.643681078706883</y>
      <orientation>-0.8362</orientation>
      <velocity>12.399999999999999</velocity>
      <steeringAngle>0.0</steeringAngle>
      <time>7</time>
    </ksState>
    <ksState>
      <x>5.932045647730794</x>
      <y>-6.567597310526747</y>
      <orientation>-0.8362</orientation>
      <velocity>12.599999999999998</velocity>
      <steeringAngle>0.0</steeringAngle>
      <time>8</time>
    </ksState>
    <ksState>
      <x>6.779959517152201</x>
      <y>-7.506355570167011</y>
      <orientation>-0.8362</orientation>
      <velocity>12.799999999999997</velocity>
      <steeringAngle>0.0</steeringAngle>
      <time>9</time>
    </ksState>
    <ksState>
      <x>7.641279139449836</x>
      <y>-8.459955857627673</y>
      <orientation>-0.8362</orientation>
      <velocity>12.999999999999996</velocity>
      <steeringAngle>0.0</steeringAngle>
      <time>10</time>
    </ksState>
    <ksState>
      <x>8.512653076404641</x>
      <y>-9.424687665953636</y>
      <orientation>-0.8328413123180065</orientation>
      <velocity>13.0</velocity>
      <steeringAngle>0.026650000000000004</steeringAngle>
      <time>11</time>
    </ksState>
    <ksState>
      <x>9.39048338971682</x>
      <y>-10.383538472808473</y>
      <orientation>-0.8160419069080754</orientation>
      <velocity>13.0</velocity>
      <steeringAngle>0.05330000000000001</steeringAngle>
      <time>12</time>
    </ksState>
    <ksState>
      <x>10.287452495637085</x>
      <y>-11.324479507340683</y>
      <orientation>-0.7857778801127991</orientation>
      <velocity>13.0</velocity>
      <steeringAngle>0.07995000000000001</steeringAngle>
      <time>13</time>
    </ksState>
    <ksState>
      <x>11.215532954706562</x>
      <y>-12.23469617012833</y>
      <orientation>-0.7420060622774154</orientation>
      <velocity>13.0</velocity>
      <steeringAngle>0.10660000000000001</steeringAngle>
      <time>14</time>
    </ksState>
    <ksState>
      <x>12.18545262271346</x>
      <y>-13.100114297074757</y>
      <orientation>-0.6846637707103649</orientation>
      <velocity>13.0</velocity>
      <steeringAngle>0.13325</steeringAngle>
      <time>15</time>
    </ksState>
    <ksState>
      <x>13.206071864179473</x>
      <y>-13.905008175078544</y>
      <orientation>-0.6205065429794088</orientation>
      <velocity>13.0</velocity>
      <steeringAngle>0.1066</steeringAngle>
      <time>16</time>
    </ksState>
    <ksState>
      <x>14.27373066920034</x>
      <y>-14.646491400037467</y>
      <orientation>-0.5699585559137055</orientation>
      <velocity>13.0</velocity>
      <steeringAngle>0.07995</steeringAngle>
      <time>17</time>
    </ksState>
    <ksState>
      <x>15.37520174753194</x>
      <y>-15.336845783902678</y>
      <orientation>-0.5329472422648422</orientation>
      <velocity>13.0</velocity>
      <steeringAngle>0.053299999999999986</steeringAngle>
      <time>18</time>
    </ksState>
    <ksState>
      <x>16.49929915964055</x>
      <y>-15.989784230873504</y>
      <orientation>-0.5094197137635843</orientation>
      <velocity>13.0</velocity>
      <steeringAngle>0.02664999999999998</steeringAngle>
      <time>19</time>
    </ksState>
    <ksState>
      <x>17.636351964276308</x>
      <y>-16.619936472991142</y>
      <orientation>-0.49934245765676716</orientation>
      <velocity>13.0</velocity>
      <steeringAngle>-2.42861286636753e-17</steeringAngle>
      <time>20</time>
    </ksState>
    <ksState>
      <x>18.76445039922116</x>
      <y>-17.23525665068319</y>
      <orientation>-0.49934245765676716</orientation>
      <velocity>12.399999999999999</velocity>
      <steeringAngle>0.0</steeringAngle>
      <time>21</time>
    </ksState>
    <ksState>
      <x>19.83987497728143</x>
      <y>-17.8218459251367</y>
      <orientation>-0.49934245765676716</orientation>
      <velocity>11.799999999999997</velocity>
      <steeringAngle>0.0</steeringAngle>
      <time>22</time>
    </ksState>
    <ksState>
      <x>20.862625698457112</x>
      <y>-18.37970429635167</y>
      <orientation>-0.49934245765676716</orientation>
      <velocity>11.199999999999996</velocity>
      <steeringAngle>0.0</steeringAngle>
      <time>23</time>
    </ksState>
    <ksState>
      <x>21.83270256274821</x>
      <y>-18.9088317643281</y>
      <orientation>-0.49934245765676716</orientation>
      <velocity>10.599999999999994</velocity>
      <steeringAngle>0.0</steeringAngle>
      <time>24</time>
    </ksState>
    <ksState>
      <x>22.750105570154723</x>
      <y>-19.40922832906599</y>
      <orientation>-0.49934245765676716</orientation>
      <velocity>9.999999999999993</velocity>
      <steeringAngle>0.0</steeringAngle>
      <time>25</time>
    </ksState>
    <ksState>
      <x>23.641171649118945</x>
      <y>-19.89525944218461</y>
      <orientation>-0.5020035717432698</orientation>
      <velocity>10.600000000000001</velocity>
      <steeringAngle>-0.026650000000000004</steeringAngle>
      <time>26</time>
    </ksState>
    <ksState>
      <x>24.582094609532515</x>
      <y>-20.41514434670661</y>
      <orientation>-0.515934183161793</orientation>
      <velocity>11.200000000000003</velocity>
      <steeringAngle>-0.05330000000000001</steeringAngle>
      <time>27</time>
    </ksState>
    <ksState>
      <x>25.566034367341256</x>
      <y>-20.980868960215272</y>
      <orientation>-0.5423958985995493</orientation>
      <velocity>11.800000000000004</velocity>
      <steeringAngle>-0.07995000000000001</steeringAngle>
      <time>28</time>
    </ksState>
    <ksState>
      <x>26.58371021807985</x>
      <y>-21.60716037481848</y>
      <orientation>-0.5826713449301048</orientation>
      <velocity>12.400000000000006</velocity>
      <steeringAngle>-0.10660000000000001</steeringAngle>
      <time>29</time>
    </ksState>
    <ksState>
      <x>27.622466605819337</x>
      <y>-22.31125527801649</y>
      <orientation>-0.6380679648240684</orientation>
      <velocity>13.000000000000007</velocity>
      <steeringAngle>-0.13325</steeringAngle>
      <time>30</time>
    </ksState>
    <ksState>
      <x>28.653313088943786</x>
      <y>-23.103008597636048</y>
      <orientation>-0.7022251925550245</orientation>
      <velocity>13.0</velocity>
      <steeringAngle>-0.1066</steeringAngle>
      <time>31</time>
    </ksState>
    <ksState>
      <x>29.634239496949437</x>
      <y>-23.955930680191777</y>
      <orientation>-0.7527731796207278</orientation>
      <velocity>13.0</velocity>
      <steeringAngle>-0.07995</steeringAngle>
      <time>32</time>
    </ksState>
    <ksState>
      <x>30.57390401507994</x>
      <y>-24.854183598411062</y>
      <orientation>-0.789784493269591</orientation>
      <velocity>13.0</velocity>
      <steeringAngle>-0.053299999999999986</steeringAngle>
      <time>33</time>
    </ksState>
    <ksState>
      <x>31.482853323562907</x>
      <y>-25.783556915248965</y>
      <orientation>-0.8133120217708489</orientation>
      <velocity>13.0</velocity>
      <steeringAngle>-0.02664999999999998</steeringAngle>
      <time>34</time>
    </ksState>
    <ksState>
      <x>32.37289484073486</x>
      <y>-26.731083709849614</y>
      <orientation>-0.8233892778776661</orientation>
      <velocity>13.0</velocity>
      <steeringAngle>2.42861286636753e-17</steeringAngle>
      <time>35</time>
    </ksState>
    <ksState>
      <x>33.25655584914994</x>
      <y>-27.68457373192999</y>
      <orientation>-0.8233892778776661</orientation>
      <velocity>13.0</velocity>
      <steeringAngle>0.0</steeringAngle>
      <time>36</time>
    </ksState>
    <ksState>
      <x>34.14021685756502</x>
      <y>-28.638063754010368</y>
      <orientation>-0.8233892778776661</orientation>
      <velocity>13.0</velocity>
      <steeringAngle>0.0</steeringAngle>
      <time>37</time>
    </ksState>
    <ksState>
      <x>35.02387786598011</x>
      <y>-29.591553776090745</y>
      <orientation>-0.8233892778776661</orientation>
      <velocity>13.0</velocity>
      <steeringAngle>0.0</steeringAngle>
      <time>38</time>
    </ksState>
    <ksState>
      <x>35.90753887439519</x>
      <y>-30.545043798171122</y>
      <orientation>-0.8233892778776661</orientation>
      <velocity>13.0</velocity>
      <steeringAngle>0.0</steeringAngle>
      <time>39</time>
    </ksState>
    <ksState>
      <x>36.791199882810275</x>
      <y>-31.4985338202515</y>
      <orientation>-0.8233892778776661</orientation>
      <velocity>13.0</velocity>
      <steeringAngle>0.0</steeringAngle>
      <time>40</time>
    </ksState>
    <ksState>
      <x>37.67486089122536</x>
      <y>-32.452023842331876</y>
      <orientation>-0.8233892778776661</orientation>
      <velocity>13.0</velocity>
      <steeringAngle>0.0</steeringAngle>
      <time>41</time>
    </ksState>
    <ksState>
      <x>38.55852189964044</x>
      <y>-33.40551386441225</y>
      <orientation>-0.8233892778776661</orientation>
      <velocity>13.0</velocity>
      <steeringAngle>0.0</steeringAngle>
      <time>42</time>
    </ksState>
    <ksState>
      <x>39.44218290805553</x>
      <y>-34.35900388649263</y>
      <orientation>-0.8233892778776661</orientation>
      <velocity>13.0</velocity>
      <steeringAngle>0.0</steeringAngle>
      <time>43</time>
    </ksState>
    <ksState>
      <x>40.32584391647061</x>
      <y>-35.312493908573</y>
      <orientation>-0.8233892778776661</orientation>
      <velocity>13.0</velocity>
      <steeringAngle>0.0</steeringAngle>
      <time>44</time>
    </ksState>
    <ksState>
      <x>41.20950492488569</x>
      <y>-36.265983930653384</y>
      <orientation>-0.8233892778776661</orientation>
      <velocity>13.0</velocity>
      <steeringAngle>0.0</steeringAngle>
      <time>45</time>
    </ksState>
    <ksState>
      <x>42.093165933300774</x>
      <y>-37.21947395273376</y>
      <orientation>-0.8200305901956726</orientation>
      <velocity>13.0</velocity>
      <steeringAngle>0.026650000000000004</steeringAngle>
      <time>46</time>
    </ksState>
    <ksState>
      <x>42.983207450472726</x>
      <y>-38.16700074733441</y>
      <orientation>-0.8032311847857415</orientation>
      <velocity>13.0</velocity>
      <steeringAngle>0.05330000000000001</steeringAngle>
      <time>47</time>
    </ksState>
    <ksState>
      <x>43.89215675895569</x>
      <y>-39.09637406417231</y>
      <orientation>-0.7729671579904652</orientation>
      <velocity>13.0</velocity>
      <steeringAngle>0.07995000000000001</steeringAngle>
      <time>48</time>
    </ksState>
    <ksState>
      <x>44.83182127708619</x>
      <y>-39.9946269823916</y>
      <orientation>-0.7291953401550815</orientation>
      <velocity>13.0</velocity>
      <steeringAngle>0.10660000000000001</steeringAngle>
      <time>49</time>
    </ksState>
    <ksState>
      <x>45.81274768509185</x>
      <y>-40.84754906494733</y>
      <orientation>-0.671853048588031</orientation>
      <velocity>13.0</velocity>
      <steeringAngle>0.13325</steeringAngle>
      <time>50</time>
    </ksState>
    <ksState>
      <x>46.83154544727503</x>
      <y>-41.630367714809175</y>
      <orientation>-0.6083967164870825</orientation>
      <velocity>12.399999999999999</velocity>
      <steeringAngle>0.1066</steeringAngle>
      <time>51</time>
    </ksState>
    <ksState>
      <x>47.84546841792794</x>
      <y>-42.31763548217844</y>
      <orientation>-0.560725817427465</orientation>
      <velocity>11.799999999999997</velocity>
      <steeringAngle>0.07995</steeringAngle>
      <time>52</time>
    </ksState>
    <ksState>
      <x>48.83759411246526</x>
      <y>-42.92820703916861</y>
      <orientation>-0.5275190250833998</orientation>
      <velocity>11.199999999999996</velocity>
      <steeringAngle>0.053299999999999986</steeringAngle>
      <time>53</time>
    </ksState>
    <ksState>
      <x>49.79552550746057</x>
      <y>-43.478980570202204</y>
      <orientation>-0.50748178907428</orientation>
      <velocity>10.599999999999994</velocity>
      <steeringAngle>0.02664999999999998</steeringAngle>
      <time>54</time>
    </ksState>
    <ksState>
      <x>50.710189598223366</x>
      <y>-43.98435806240374</y>
      <orientation>-0.4993424576567674</orientation>
      <velocity>9.999999999999993</velocity>
      <steeringAngle>-2.42861286636753e-17</steeringAngle>
      <time>55</time>
    </ksState>
    <ksState>
      <x>51.60125567718759</x>
      <y>-44.470389175522364</y>
      <orientation>-0.50200357174327</orientation>
      <velocity>10.600000000000001</velocity>
      <steeringAngle>-0.026650000000000004</steeringAngle>
      <time>56</time>
    </ksState>
    <ksState>
      <x>52.54217863760116</x>
      <y>-44.990274080044365</y>
      <orientation>-0.5159341831617932</orientation>
      <velocity>11.200000000000003</velocity>
      <steeringAngle>-0.05330000000000001</steeringAngle>
      <time>57</time>
    </ksState>
    <ksState>
      <x>53.526118395409895</x>
      <y>-45.55599869355302</y>
      <orientation>-0.5423958985995495</orientation>
      <velocity>11.800000000000004</velocity>
      <steeringAngle>-0.07995000000000001</steeringAngle>
      <time>58</time>
    </ksState>
    <ksState>
      <x>54.543794246148494</x>
      <y>-46.18229010815624</y>
      <orientation>-0.582671344930105</orientation>
      <velocity>12.400000000000006</velocity>
      <steeringAngle>-0.10660000000000001</steeringAngle>
      <time>59</time>
    </ksState>
    <ksState>
      <x>55.58255063388798</x>
      <y>-46.88638501135424</y>
      <orientation>-0.6380679648240686</orientation>
      <velocity>13.000000000000007</velocity>
      <steeringAngle>-0.13325</steeringAngle>
      <time>60</time>
    </ksState>
    <ksState>
      <x>56.621223813048374</x>
      <y>-47.6843627047705</y>
      <orientation>-0.702692456308363</orientation>
      <velocity>13.399999999999999</velocity>
      <steeringAngle>-0.1066</steeringAngle>
      <time>61</time>
    </ksState>
    <ksState>
      <x>57.63899930685994</x>
      <y>-48.57108755556245</y>
      <orientation>-0.7551585020447903</orientation>
      <velocity>13.799999999999997</velocity>
      <steeringAngle>-0.07995</steeringAngle>
      <time>62</time>
    </ksState>
    <ksState>
      <x>58.64074448119576</x>
      <y>-49.534614753156205</y>
      <orientation>-0.7947061632301854</orientation>
      <velocity>14.199999999999996</velocity>
      <steeringAngle>-0.053299999999999986</steeringAngle>
      <time>63</time>
    </ksState>
    <ksState>
      <x>59.63485032854105</x>
      <y>-50.56249766597211</y>
      <orientation>-0.8205605533928689</orientation>
      <velocity>14.599999999999994</velocity>
      <steeringAngle>-0.02664999999999998</steeringAngle>
      <time>64</time>
    </ksState>
    <ksState>
      <x>60.633013952740384</x>
      <y>-51.64163557359456</y>
      <orientation>-0.8319297592925556</orientation>
      <velocity>14.999999999999993</velocity>
      <steeringAngle>2.42861286636753e-17</steeringAngle>
      <time>65</time>
    </ksState>
    <ksState>
      <x>61.63645515963509</x>
      <y>-52.743091766234876</y>
      <orientation>-0.8319297592925556</orientation>
      <velocity>14.600000000000001</velocity>
      <steeringAngle>0.0</steeringAngle>
      <time>66</time>
    </ksState>
    <ksState>
      <x>62.61295834755275</x>
      <y>-53.81497866511304</y>
      <orientation>-0.8319297592925556</orientation>
      <velocity>14.200000000000003</velocity>
      <steeringAngle>0.0</steeringAngle>
      <time>67</time>
    </ksState>
    <ksState>
      <x>63.56252351649338</x>
      <y>-54.85729627022904</y>
      <orientation>-0.8319297592925556</orientation>
      <velocity>13.800000000000004</velocity>
      <steeringAngle>0.0</steeringAngle>
      <time>68</time>
    </ksState>
    <ksState>
      <x>64.48515066645696</x>
      <y>-55.870044581582896</y>
      <orientation>-0.8319297592925556</orientation>
      <velocity>13.400000000000006</velocity>
      <steeringAngle>0.0</steeringAngle>
      <time>69</time>
    </ksState>
    <ksState>
      <x>65.38083979744351</x>
      <y>-56.853223599174584</y>
      <orientation>-0.8319297592925556</orientation>
      <velocity>13.000000000000007</velocity>
      <steeringAngle>0.0</steeringAngle>
      <time>70</time>
    </ksState>
    <ksState>
      <x>66.24959090945302</x>
      <y>-57.80683332300412</y>
      <orientation>-0.8319297592925556</orientation>
      <velocity>12.600000000000001</velocity>
      <steeringAngle>0.0</steeringAngle>
      <time>71</time>
    </ksState>
    <ksState>
      <x>67.09140400248549</x>
      <y>-58.7308737530715</y>
      <orientation>-0.8319297592925556</orientation>
      <velocity>12.200000000000003</velocity>
      <steeringAngle>0.0</steeringAngle>
      <time>72</time>
    </ksState>
    <ksState>
      <x>67.90627907654093</x>
      <y>-59.62534488937672</y>
      <orientation>-0.8319297592925556</orientation>
      <velocity>11.800000000000004</velocity>
      <steeringAngle>0.0</steeringAngle>
      <time>73</time>
    </ksState>
    <ksState>
      <x>68.69421613161931</x>
      <y>-60.49024673191979</y>
      <orientation>-0.8319297592925556</orientation>
      <velocity>11.400000000000006</velocity>
      <steeringAngle>0.0</steeringAngle>
      <time>74</time>
    </ksState>
    <ksState>
      <x>69.45521516772067</x>
      <y>-61.3255792807007</y>
      <orientation>-0.8319297592925556</orientation>
      <velocity>11.000000000000007</velocity>
      <steeringAngle>0.0</steeringAngle>
      <time>75</time>
    </ksState>
    <ksState>
      <x>70.18927618484499</x>
      <y>-62.131342535719455</y>
      <orientation>-0.8291394649105918</orientation>
      <velocity>10.600000000000001</velocity>
      <steeringAngle>0.026650000000000004</steeringAngle>
      <time>76</time>
    </ksState>
    <ksState>
      <x>70.90065742573537</x>
      <y>-62.90363034420507</y>
      <orientation>-0.8155965779914958</orientation>
      <velocity>10.200000000000003</velocity>
      <steeringAngle>0.05330000000000001</steeringAngle>
      <time>77</time>
    </ksState>
  </ksTrajectory>
</CommonRoadSolution>
