<?xml version="1.0" ?>
<CommonRoadSolution benchmark_id="KS2:SM1:DEU_Muc-29_1_T-1:2018b" date="2019-11-18">
  <ksTrajectory planningProblem="0">
    <ksState>
      <x>9.8501</x>
      <y>24.586</y>
      <orientation>-1.4957</orientation>
      <velocity>7.0</velocity>
      <steeringAngle>0.0</steeringAngle>
      <time>0</time>
    </ksState>
    <ksState>
      <x>9.904118549307956</x>
      <y>23.868029251061948</y>
      <orientation>-1.4976118683728272</orientation>
      <velocity>7.800000000000001</velocity>
      <steeringAngle>-0.026650000000000004</steeringAngle>
      <time>1</time>
    </ksState>
    <ksState>
      <x>9.960965284081162</x>
      <y>23.070053154704144</y>
      <orientation>-1.5080016912183276</orientation>
      <velocity>8.600000000000001</velocity>
      <steeringAngle>-0.05330000000000001</steeringAngle>
      <time>2</time>
    </ksState>
    <ksState>
      <x>10.012192102859316</x>
      <y>22.19155414987442</y>
      <orientation>-1.5285399654145604</orientation>
      <velocity>9.400000000000002</velocity>
      <steeringAngle>-0.07995000000000001</steeringAngle>
      <time>3</time>
    </ksState>
    <ksState>
      <x>10.045595690811336</x>
      <y>21.23216106133731</y>
      <orientation>-1.5609158287560114</orientation>
      <velocity>10.200000000000003</velocity>
      <steeringAngle>-0.10660000000000001</steeringAngle>
      <time>4</time>
    </ksState>
    <ksState>
      <x>10.04465602143802</x>
      <y>20.192219677288044</y>
      <orientation>-1.6068420004152972</orientation>
      <velocity>10.997021226415097</velocity>
      <steeringAngle>-0.13325</steeringAngle>
      <time>5</time>
    </ksState>
    <ksState>
      <x>9.9902805808298</x>
      <y>19.108694017466906</y>
      <orientation>-1.6604279897884064</orientation>
      <velocity>10.399999999999999</velocity>
      <steeringAngle>-0.1066</steeringAngle>
      <time>6</time>
    </ksState>
    <ksState>
      <x>9.887690254033052</x>
      <y>18.088900910161055</y>
      <orientation>-1.7003222754533003</orientation>
      <velocity>9.799999999999997</velocity>
      <steeringAngle>-0.07995</steeringAngle>
      <time>7</time>
    </ksState>
    <ksState>
      <x>9.755883880531092</x>
      <y>17.13297301411433</y>
      <orientation>-1.7278350195436942</orientation>
      <velocity>9.199999999999996</velocity>
      <steeringAngle>-0.053299999999999986</steeringAngle>
      <time>8</time>
    </ksState>
    <ksState>
      <x>9.610167933803561</x>
      <y>16.239791439021733</y>
      <orientation>-1.7442526357833896</orientation>
      <velocity>8.599999999999994</velocity>
      <steeringAngle>-0.02664999999999998</steeringAngle>
      <time>9</time>
    </ksState>
    <ksState>
      <x>9.462515114619343</x>
      <y>15.407793770863137</y>
      <orientation>-1.7508416201075458</orientation>
      <velocity>7.999999999999994</velocity>
      <steeringAngle>2.42861286636753e-17</steeringAngle>
      <time>10</time>
    </ksState>
    <ksState>
      <x>9.316569694771895</x>
      <y>14.60596777076988</y>
      <orientation>-1.7529860130122032</orientation>
      <velocity>8.600000000000001</velocity>
      <steeringAngle>-0.026650000000000004</steeringAngle>
      <time>11</time>
    </ksState>
    <ksState>
      <x>9.156089868971113</x>
      <y>13.74581229324614</y>
      <orientation>-1.7643321005215062</orientation>
      <velocity>9.200000000000003</velocity>
      <steeringAngle>-0.05330000000000001</steeringAngle>
      <time>12</time>
    </ksState>
    <ksState>
      <x>8.97182989349381</x>
      <y>12.829158882745833</y>
      <orientation>-1.7861378118369124</orientation>
      <velocity>9.800000000000004</velocity>
      <steeringAngle>-0.07995000000000001</steeringAngle>
      <time>13</time>
    </ksState>
    <ksState>
      <x>8.751719920170656</x>
      <y>11.858839731330661</y>
      <orientation>-1.8196791323466397</orientation>
      <velocity>10.400000000000006</velocity>
      <steeringAngle>-0.10660000000000001</steeringAngle>
      <time>14</time>
    </ksState>
    <ksState>
      <x>8.480694889971161</x>
      <y>10.839309973109996</y>
      <orientation>-1.8662538612302877</orientation>
      <velocity>11.000000000000007</velocity>
      <steeringAngle>-0.13325</steeringAngle>
      <time>15</time>
    </ksState>
    <ksState>
      <x>8.151793333406921</x>
      <y>9.810725724069682</y>
      <orientation>-1.9251818954633146</orientation>
      <velocity>10.2</velocity>
      <steeringAngle>-0.15990000000000001</steeringAngle>
      <time>16</time>
    </ksState>
    <ksState>
      <x>7.790211297086688</x>
      <y>8.87852174881955</y>
      <orientation>-1.9903220432649487</orientation>
      <velocity>9.399999999999999</velocity>
      <steeringAngle>-0.18655000000000002</steeringAngle>
      <time>17</time>
    </ksState>
    <ksState>
      <x>7.401444490385351</x>
      <y>8.044849067104908</y>
      <orientation>-2.060068842650995</orientation>
      <velocity>8.599999999999998</velocity>
      <steeringAngle>-0.21320000000000003</steeringAngle>
      <time>18</time>
    </ksState>
    <ksState>
      <x>6.993723042619705</x>
      <y>7.310591939424172</y>
      <orientation>-2.132807976825173</orientation>
      <velocity>7.799999999999997</velocity>
      <steeringAngle>-0.23985000000000004</steeringAngle>
      <time>19</time>
    </ksState>
    <ksState>
      <x>6.5772853475097826</x>
      <y>6.67499592241952</y>
      <orientation>-2.206911446496589</orientation>
      <velocity>6.9999999999999964</velocity>
      <steeringAngle>-0.2665</steeringAngle>
      <time>20</time>
    </ksState>
    <ksState>
      <x>6.163616185305684</x>
      <y>6.135441200150192</y>
      <orientation>-2.277067985154223</orientation>
      <velocity>6.199999999999999</velocity>
      <steeringAngle>-0.23985000000000004</steeringAngle>
      <time>21</time>
    </ksState>
    <ksState>
      <x>5.767811492284921</x>
      <y>5.684596482701967</y>
      <orientation>-2.332382896134887</orientation>
      <velocity>5.399999999999999</velocity>
      <steeringAngle>-0.21320000000000003</steeringAngle>
      <time>22</time>
    </ksState>
    <ksState>
      <x>5.404918460310015</x>
      <y>5.3122069387846915</y>
      <orientation>-2.3746865003581377</orientation>
      <velocity>4.599999999999998</velocity>
      <steeringAngle>-0.18655000000000002</steeringAngle>
      <time>23</time>
    </ksState>
    <ksState>
      <x>5.0856602243904305</x>
      <y>5.009452098925271</y>
      <orientation>-2.4057681185531092</orientation>
      <velocity>3.7999999999999976</velocity>
      <steeringAngle>-0.15990000000000001</steeringAngle>
      <time>24</time>
    </ksState>
    <ksState>
      <x>4.817453444344123</x>
      <y>4.769325959102339</y>
      <orientation>-2.427382011905642</orientation>
      <velocity>2.999999999999998</velocity>
      <steeringAngle>-0.13325</steeringAngle>
      <time>25</time>
    </ksState>
    <ksState>
      <x>4.601418119684697</x>
      <y>4.583442910970764</y>
      <orientation>-2.4414866303673937</orientation>
      <velocity>2.4000000000000004</velocity>
      <steeringAngle>-0.1066</steeringAngle>
      <time>26</time>
    </ksState>
    <ksState>
      <x>4.429008150028683</x>
      <y>4.438876351935728</y>
      <orientation>-2.450274462453393</orientation>
      <velocity>1.8000000000000005</velocity>
      <steeringAngle>-0.07995</steeringAngle>
      <time>27</time>
    </ksState>
    <ksState>
      <x>4.301757642739418</x>
      <y>4.333841807035587</y>
      <orientation>-2.455011013529102</orientation>
      <velocity>1.2000000000000004</velocity>
      <steeringAngle>-0.053299999999999986</steeringAngle>
      <time>28</time>
    </ksState>
    <ksState>
      <x>4.220513434050116</x>
      <y>4.267325836061174</y>
      <orientation>-2.4569501506911005</orientation>
      <velocity>0.6000000000000003</velocity>
      <steeringAngle>-0.02664999999999998</steeringAngle>
      <time>29</time>
    </ksState>
    <ksState>
      <x>4.185651460197688</x>
      <y>4.2388716143033545</y>
      <orientation>-2.4573377466418305</orientation>
      <velocity>2.220446049250313e-16</velocity>
      <steeringAngle>2.42861286636753e-17</steeringAngle>
      <time>30</time>
    </ksState>
    <ksState>
      <x>4.185651460197688</x>
      <y>4.2388716143033545</y>
      <orientation>-2.4573377466418305</orientation>
      <velocity>0.0</velocity>
      <steeringAngle>0.0</steeringAngle>
      <time>31</time>
    </ksState>
    <ksState>
      <x>4.185651460197688</x>
      <y>4.2388716143033545</y>
      <orientation>-2.4573377466418305</orientation>
      <velocity>0.0</velocity>
      <steeringAngle>0.0</steeringAngle>
      <time>32</time>
    </ksState>
    <ksState>
      <x>4.185651460197688</x>
      <y>4.2388716143033545</y>
      <orientation>-2.4573377466418305</orientation>
      <velocity>0.0</velocity>
      <steeringAngle>0.0</steeringAngle>
      <time>33</time>
    </ksState>
    <ksState>
      <x>4.185651460197688</x>
      <y>4.2388716143033545</y>
      <orientation>-2.4573377466418305</orientation>
      <velocity>0.0</velocity>
      <steeringAngle>0.0</steeringAngle>
      <time>34</time>
    </ksState>
    <ksState>
      <x>4.185651460197688</x>
      <y>4.2388716143033545</y>
      <orientation>-2.4573377466418305</orientation>
      <velocity>0.0</velocity>
      <steeringAngle>0.0</steeringAngle>
      <time>35</time>
    </ksState>
    <ksState>
      <x>4.1740281067124565</x>
      <y>4.229390176977856</y>
      <orientation>-2.4573377466418305</orientation>
      <velocity>0.6000000000000001</velocity>
      <steeringAngle>0.0</steeringAngle>
      <time>36</time>
    </ksState>
    <ksState>
      <x>4.115911339286299</x>
      <y>4.181982990350363</y>
      <orientation>-2.4573377466418305</orientation>
      <velocity>1.2000000000000002</velocity>
      <steeringAngle>0.0</steeringAngle>
      <time>37</time>
    </ksState>
    <ksState>
      <x>4.011301157919215</x>
      <y>4.096650054420877</y>
      <orientation>-2.4573377466418305</orientation>
      <velocity>1.8000000000000003</velocity>
      <steeringAngle>0.0</steeringAngle>
      <time>38</time>
    </ksState>
    <ksState>
      <x>3.860197562611205</x>
      <y>3.9733913691893967</y>
      <orientation>-2.4573377466418305</orientation>
      <velocity>2.4000000000000004</velocity>
      <steeringAngle>0.0</steeringAngle>
      <time>39</time>
    </ksState>
    <ksState>
      <x>3.6626005533622688</x>
      <y>3.812206934655922</y>
      <orientation>-2.4573377466418305</orientation>
      <velocity>3.0</velocity>
      <steeringAngle>0.0</steeringAngle>
      <time>40</time>
    </ksState>
    <ksState>
      <x>3.4340079348193817</x>
      <y>3.625738667254452</y>
      <orientation>-2.458086992355506</orientation>
      <velocity>2.8</velocity>
      <steeringAngle>-0.026650000000000004</steeringAngle>
      <time>41</time>
    </ksState>
    <ksState>
      <x>3.220659681925552</x>
      <y>3.452223586036723</y>
      <orientation>-2.461627780928529</orientation>
      <velocity>2.5999999999999996</velocity>
      <steeringAngle>-0.05330000000000001</steeringAngle>
      <time>42</time>
    </ksState>
    <ksState>
      <x>3.0221619876612706</x>
      <y>3.292150015941434</y>
      <orientation>-2.4675512221700524</orientation>
      <velocity>2.3999999999999995</velocity>
      <steeringAngle>-0.07995000000000001</steeringAngle>
      <time>43</time>
    </ksState>
    <ksState>
      <x>2.83828820328884</x>
      <y>3.145810548891869</y>
      <orientation>-2.4754508051591566</orientation>
      <velocity>2.1999999999999993</velocity>
      <steeringAngle>-0.10660000000000001</steeringAngle>
      <time>44</time>
    </ksState>
    <ksState>
      <x>2.6689574029618455</x>
      <y>3.0133271935049564</y>
      <orientation>-2.4849212533938343</orientation>
      <velocity>1.9999999999999991</velocity>
      <steeringAngle>-0.13325</steeringAngle>
      <time>45</time>
    </ksState>
    <ksState>
      <x>2.4903556514851157</x>
      <y>2.8764839376665203</y>
      <orientation>-2.4966160900813597</orientation>
      <velocity>3.0</velocity>
      <steeringAngle>-0.13325</steeringAngle>
      <time>46</time>
    </ksState>
    <ksState>
      <x>2.2298276585109447</x>
      <y>2.6821940273669727</y>
      <orientation>-2.513508631963341</orientation>
      <velocity>4.0</velocity>
      <steeringAngle>-0.13325</steeringAngle>
      <time>47</time>
    </ksState>
    <ksState>
      <x>1.8845723579944151</x>
      <y>2.434365629873947</y>
      <orientation>-2.535598879039778</orientation>
      <velocity>5.0</velocity>
      <steeringAngle>-0.13325</steeringAngle>
      <time>48</time>
    </ksState>
    <ksState>
      <x>1.4510395040451216</x>
      <y>2.138286829193163</y>
      <orientation>-2.5628868313106707</orientation>
      <velocity>6.0</velocity>
      <steeringAngle>-0.13325</steeringAngle>
      <time>49</time>
    </ksState>
    <ksState>
      <x>0.9250689329039952</x>
      <y>1.8007127601185449</y>
      <orientation>-2.5953724887760194</orientation>
      <velocity>7.0</velocity>
      <steeringAngle>-0.13325</steeringAngle>
      <time>50</time>
    </ksState>
    <ksState>
      <x>0.31502720453186395</x>
      <y>1.4375221884020346</y>
      <orientation>-2.6341732041997603</orientation>
      <velocity>7.4</velocity>
      <steeringAngle>-0.15990000000000001</steeringAngle>
      <time>51</time>
    </ksState>
    <ksState>
      <x>-0.3446570992927578</x>
      <y>1.0808131387255662</y>
      <orientation>-2.6830947279336597</orientation>
      <velocity>7.800000000000001</velocity>
      <steeringAngle>-0.18655000000000002</steeringAngle>
      <time>52</time>
    </ksState>
    <ksState>
      <x>-1.057971094547354</x>
      <y>0.7414666233573115</y>
      <orientation>-2.7430588924147488</orientation>
      <velocity>8.2</velocity>
      <steeringAngle>-0.21320000000000003</steeringAngle>
      <time>53</time>
    </ksState>
    <ksState>
      <x>-1.8283041839377263</x>
      <y>0.4327872363454415</y>
      <orientation>-2.8150128142661455</orientation>
      <velocity>8.599999999999998</velocity>
      <steeringAngle>-0.23985000000000004</steeringAngle>
      <time>54</time>
    </ksState>
    <ksState>
      <x>-2.657728219656261</x>
      <y>0.17079254043368297</y>
      <orientation>-2.899932150599905</orientation>
      <velocity>8.999999999999996</velocity>
      <steeringAngle>-0.2665</steeringAngle>
      <time>55</time>
    </ksState>
    <ksState>
      <x>-3.5362083227813366</x>
      <y>-0.023663879050694725</y>
      <orientation>-2.9952026521074515</orientation>
      <velocity>9.0</velocity>
      <steeringAngle>-0.2665</steeringAngle>
      <time>56</time>
    </ksState>
    <ksState>
      <x>-4.429202640259154</x>
      <y>-0.13367178611948333</y>
      <orientation>-3.090473153614998</orientation>
      <velocity>9.0</velocity>
      <steeringAngle>-0.2665</steeringAngle>
      <time>57</time>
    </ksState>
    <ksState>
      <x>-5.328612066055534</x>
      <y>-0.15823345247082243</y>
      <orientation>-3.185743655122544</orientation>
      <velocity>9.0</velocity>
      <steeringAngle>-0.2665</steeringAngle>
      <time>58</time>
    </ksState>
    <ksState>
      <x>-6.226279311635607</x>
      <y>-0.097126113484308</y>
      <orientation>-3.2810141566300906</orientation>
      <velocity>9.0</velocity>
      <steeringAngle>-0.2665</steeringAngle>
      <time>59</time>
    </ksState>
    <ksState>
      <x>-7.114062889351505</x>
      <y>0.04909601139181485</y>
      <orientation>-3.376284658137637</orientation>
      <velocity>9.0</velocity>
      <steeringAngle>-0.2665</steeringAngle>
      <time>60</time>
    </ksState>
    <ksState>
      <x>-7.998317097814487</x>
      <y>0.28328561798515467</y>
      <orientation>-3.470570539557628</orientation>
      <velocity>9.600000000000001</velocity>
      <steeringAngle>-0.23985000000000004</steeringAngle>
      <time>61</time>
    </ksState>
    <ksState>
      <x>-8.913268725380142</x>
      <y>0.6194348663928495</y>
      <orientation>-3.5603276313294434</orientation>
      <velocity>10.200000000000003</velocity>
      <steeringAngle>-0.21320000000000003</steeringAngle>
      <time>62</time>
    </ksState>
    <ksState>
      <x>-9.849273083704315</x>
      <y>1.0606039407876569</y>
      <orientation>-3.6443802627212554</orientation>
      <velocity>10.800000000000004</velocity>
      <steeringAngle>-0.18655000000000002</steeringAngle>
      <time>63</time>
    </ksState>
    <ksState>
      <x>-10.797812346078238</x>
      <y>1.607257593886202</y>
      <orientation>-3.721558233944926</orientation>
      <velocity>11.400000000000006</velocity>
      <steeringAngle>-0.15990000000000001</steeringAngle>
      <time>64</time>
    </ksState>
    <ksState>
      <x>-11.752212779348014</x>
      <y>2.2574276984721946</y>
      <orientation>-3.7906934030115123</orientation>
      <velocity>12.000000000000007</velocity>
      <steeringAngle>-0.13325</steeringAngle>
      <time>65</time>
    </ksState>
    <ksState>
      <x>-12.70439865740078</x>
      <y>3.0038097171697604</y>
      <orientation>-3.850382723131887</orientation>
      <velocity>12.399999999999999</velocity>
      <steeringAngle>-0.1066</steeringAngle>
      <time>66</time>
    </ksState>
    <ksState>
      <x>-13.64262968515034</x>
      <y>3.829620867371526</y>
      <orientation>-3.8989604621709524</orientation>
      <velocity>12.799999999999997</velocity>
      <steeringAngle>-0.07995</steeringAngle>
      <time>67</time>
    </ksState>
    <ksState>
      <x>-14.571032339072957</x>
      <y>4.725167657774357</y>
      <orientation>-3.935661099229512</orientation>
      <velocity>13.199999999999996</velocity>
      <steeringAngle>-0.053299999999999986</steeringAngle>
      <time>68</time>
    </ksState>
    <ksState>
      <x>-15.496727182386808</x>
      <y>5.680105678541425</y>
      <orientation>-3.959705679507483</orientation>
      <velocity>13.599999999999994</velocity>
      <steeringAngle>-0.02664999999999998</steeringAngle>
      <time>69</time>
    </ksState>
    <ksState>
      <x>-16.42970743277214</x>
      <y>6.6833128720285</y>
      <orientation>-3.9702997118604917</orientation>
      <velocity>13.999999999999993</velocity>
      <steeringAngle>2.42861286636753e-17</steeringAngle>
      <time>70</time>
    </ksState>
    <ksState>
      <x>-17.375868449936092</x>
      <y>7.715194323358681</y>
      <orientation>-3.9702997118604917</orientation>
      <velocity>14.0</velocity>
      <steeringAngle>0.0</steeringAngle>
      <time>71</time>
    </ksState>
    <ksState>
      <x>-18.32202946710004</x>
      <y>8.74707577468886</y>
      <orientation>-3.9702997118604917</orientation>
      <velocity>14.0</velocity>
      <steeringAngle>0.0</steeringAngle>
      <time>72</time>
    </ksState>
    <ksState>
      <x>-19.268190484263993</x>
      <y>9.77895722601904</y>
      <orientation>-3.9702997118604917</orientation>
      <velocity>14.0</velocity>
      <steeringAngle>0.0</steeringAngle>
      <time>73</time>
    </ksState>
    <ksState>
      <x>-20.21435150142794</x>
      <y>10.81083867734922</y>
      <orientation>-3.9702997118604917</orientation>
      <velocity>14.0</velocity>
      <steeringAngle>0.0</steeringAngle>
      <time>74</time>
    </ksState>
    <ksState>
      <x>-21.160512518591894</x>
      <y>11.8427201286794</y>
      <orientation>-3.9702997118604917</orientation>
      <velocity>14.0</velocity>
      <steeringAngle>0.0</steeringAngle>
      <time>75</time>
    </ksState>
    <ksState>
      <x>-22.08977780330649</x>
      <y>12.85617512552154</y>
      <orientation>-3.9668118438830366</orientation>
      <velocity>13.0</velocity>
      <steeringAngle>0.026650000000000004</steeringAngle>
      <time>76</time>
    </ksState>
    <ksState>
      <x>-22.957808106685626</x>
      <y>13.79005416196045</y>
      <orientation>-3.950400162972533</orientation>
      <velocity>12.0</velocity>
      <steeringAngle>0.05330000000000001</steeringAngle>
      <time>77</time>
    </ksState>
    <ksState>
      <x>-23.77411576312791</x>
      <y>14.635165786518293</y>
      <orientation>-3.9231109588260904</orientation>
      <velocity>11.0</velocity>
      <steeringAngle>0.07995000000000001</steeringAngle>
      <time>78</time>
    </ksState>
  </ksTrajectory>
</CommonRoadSolution>
