<?xml version="1.0" ?>
<CommonRoadSolution benchmark_id="KS2:SM1:USA_US101-13_4_T-1:2018b" date="2019-11-18">
  <ksTrajectory planningProblem="141">
    <ksState>
      <x>0.0</x>
      <y>0.0</y>
      <orientation>-0.76903</orientation>
      <velocity>12.0</velocity>
      <steeringAngle>0.0</steeringAngle>
      <time>0</time>
    </ksState>
    <ksState>
      <x>0.8443380599609313</x>
      <y>-0.8171402820210318</y>
      <orientation>-0.7660588532043903</orientation>
      <velocity>11.0</velocity>
      <steeringAngle>0.026650000000000004</steeringAngle>
      <time>1</time>
    </ksState>
    <ksState>
      <x>1.6210984635640533</x>
      <y>-1.5602815495011535</y>
      <orientation>-0.7522316962031066</orientation>
      <velocity>10.0</velocity>
      <steeringAngle>0.05330000000000001</steeringAngle>
      <time>2</time>
    </ksState>
    <ksState>
      <x>2.336348593429773</x>
      <y>-2.2228650097313514</y>
      <orientation>-0.7295984961790143</orientation>
      <velocity>9.0</velocity>
      <steeringAngle>0.07995000000000001</steeringAngle>
      <time>3</time>
    </ksState>
    <ksState>
      <x>2.992539889765658</x>
      <y>-2.8016573756600995</y>
      <orientation>-0.700201769964735</orientation>
      <velocity>8.0</velocity>
      <steeringAngle>0.10660000000000001</steeringAngle>
      <time>4</time>
    </ksState>
    <ksState>
      <x>3.589162649768988</x>
      <y>-3.2962531338949295</y>
      <orientation>-0.6660823653068191</orientation>
      <velocity>7.0</velocity>
      <steeringAngle>0.13325</steeringAngle>
      <time>5</time>
    </ksState>
    <ksState>
      <x>4.127477984702944</x>
      <y>-3.711678670867618</y>
      <orientation>-0.6324706932660579</orientation>
      <velocity>6.199999999999999</velocity>
      <steeringAngle>0.1066</steeringAngle>
      <time>6</time>
    </ksState>
    <ksState>
      <x>4.613605298564023</x>
      <y>-4.06333953176411</y>
      <orientation>-0.6090886637259731</orientation>
      <velocity>5.399999999999999</velocity>
      <steeringAngle>0.07995</steeringAngle>
      <time>7</time>
    </ksState>
    <ksState>
      <x>5.041286116508277</x>
      <y>-4.359117097656538</y>
      <orientation>-0.5942321899111876</orientation>
      <velocity>4.599999999999998</velocity>
      <steeringAngle>0.053299999999999986</steeringAngle>
      <time>8</time>
    </ksState>
    <ksState>
      <x>5.4064181578194805</x>
      <y>-4.604631860837337</y>
      <orientation>-0.5862172440410536</orientation>
      <velocity>3.7999999999999976</velocity>
      <steeringAngle>0.02664999999999998</steeringAngle>
      <time>9</time>
    </ksState>
    <ksState>
      <x>5.706496731729382</x>
      <y>-4.803510529637265</y>
      <orientation>-0.5833749288000453</orientation>
      <velocity>2.999999999999998</velocity>
      <steeringAngle>-2.42861286636753e-17</steeringAngle>
      <time>10</time>
    </ksState>
    <ksState>
      <x>5.977744444812553</x>
      <y>-4.98253476863062</y>
      <orientation>-0.5842791908682743</orientation>
      <velocity>4.0</velocity>
      <steeringAngle>-0.026650000000000004</steeringAngle>
      <time>11</time>
    </ksState>
    <ksState>
      <x>6.3319841854904375</x>
      <y>-5.217351748033046</y>
      <orientation>-0.5898359631861418</orientation>
      <velocity>5.0</velocity>
      <steeringAngle>-0.05330000000000001</steeringAngle>
      <time>12</time>
    </ksState>
    <ksState>
      <x>6.76748180826738</x>
      <y>-5.510549602160439</y>
      <orientation>-0.6021227940796761</orientation>
      <velocity>6.0</velocity>
      <steeringAngle>-0.07995000000000001</steeringAngle>
      <time>13</time>
    </ksState>
    <ksState>
      <x>7.28083900013549</x>
      <y>-5.867033716804464</y>
      <orientation>-0.6232320115216088</orientation>
      <velocity>7.0</velocity>
      <steeringAngle>-0.10660000000000001</steeringAngle>
      <time>14</time>
    </ksState>
    <ksState>
      <x>7.866325752968519</x>
      <y>-6.294587903024263</y>
      <orientation>-0.6552767894410588</orientation>
      <velocity>8.0</velocity>
      <steeringAngle>-0.13325</steeringAngle>
      <time>15</time>
    </ksState>
    <ksState>
      <x>8.507193802744252</x>
      <y>-6.798017531170422</y>
      <orientation>-0.695459055982424</orientation>
      <velocity>8.600000000000001</velocity>
      <steeringAngle>-0.1066</steeringAngle>
      <time>16</time>
    </ksState>
    <ksState>
      <x>9.173842186245786</x>
      <y>-7.364713236153969</y>
      <orientation>-0.7294425975674041</orientation>
      <velocity>9.200000000000003</velocity>
      <steeringAngle>-0.07995</steeringAngle>
      <time>17</time>
    </ksState>
    <ksState>
      <x>9.86636760872355</x>
      <y>-7.992876363352299</y>
      <orientation>-0.7560233118868872</orientation>
      <velocity>9.800000000000004</velocity>
      <steeringAngle>-0.053299999999999986</steeringAngle>
      <time>18</time>
    </ksState>
    <ksState>
      <x>10.586768999037378</x>
      <y>-8.679186359429316</y>
      <orientation>-0.7739920834567227</orientation>
      <velocity>10.400000000000006</velocity>
      <steeringAngle>-0.02664999999999998</steeringAngle>
      <time>19</time>
    </ksState>
    <ksState>
      <x>11.339211339746944</x>
      <y>-9.41867772989242</y>
      <orientation>-0.7821313965194531</orientation>
      <velocity>11.000000000000007</velocity>
      <steeringAngle>2.42861286636753e-17</steeringAngle>
      <time>20</time>
    </ksState>
    <ksState>
      <x>12.130206786862544</x>
      <y>-10.204521990953344</y>
      <orientation>-0.7821313965194531</orientation>
      <velocity>11.600000000000001</velocity>
      <steeringAngle>0.0</steeringAngle>
      <time>21</time>
    </ksState>
    <ksState>
      <x>12.963767011401407</x>
      <y>-11.032653835569118</y>
      <orientation>-0.7821313965194531</orientation>
      <velocity>12.200000000000003</velocity>
      <steeringAngle>0.0</steeringAngle>
      <time>22</time>
    </ksState>
    <ksState>
      <x>13.83989201336353</x>
      <y>-11.903073263739739</y>
      <orientation>-0.7821313965194531</orientation>
      <velocity>12.800000000000004</velocity>
      <steeringAngle>0.0</steeringAngle>
      <time>23</time>
    </ksState>
    <ksState>
      <x>14.758581792748913</x>
      <y>-12.815780275465208</y>
      <orientation>-0.7821313965194531</orientation>
      <velocity>13.400000000000006</velocity>
      <steeringAngle>0.0</steeringAngle>
      <time>24</time>
    </ksState>
    <ksState>
      <x>15.719836349557559</x>
      <y>-13.770774870745527</y>
      <orientation>-0.7821313965194531</orientation>
      <velocity>14.000000000000007</velocity>
      <steeringAngle>0.0</steeringAngle>
      <time>25</time>
    </ksState>
    <ksState>
      <x>16.709467424648377</x>
      <y>-14.753961188395742</y>
      <orientation>-0.7785401843056292</orientation>
      <velocity>13.8</velocity>
      <steeringAngle>0.026650000000000004</steeringAngle>
      <time>26</time>
    </ksState>
    <ksState>
      <x>17.691802471092437</x>
      <y>-15.7160520442718</y>
      <orientation>-0.7607845142318954</orientation>
      <velocity>13.600000000000001</velocity>
      <steeringAngle>0.05330000000000001</steeringAngle>
      <time>27</time>
    </ksState>
    <ksState>
      <x>18.679721044240505</x>
      <y>-16.64338750849415</y>
      <orientation>-0.7292530503174458</orientation>
      <velocity>13.400000000000002</velocity>
      <steeringAngle>0.07995000000000001</steeringAngle>
      <time>28</time>
    </ksState>
    <ksState>
      <x>19.684308726619236</x>
      <y>-17.52249816612373</y>
      <orientation>-0.6843157753137861</orientation>
      <velocity>13.200000000000003</velocity>
      <steeringAngle>0.10660000000000001</steeringAngle>
      <time>29</time>
    </ksState>
    <ksState>
      <x>20.714385962097083</x>
      <y>-18.33971399391275</y>
      <orientation>-0.6263249265223731</orientation>
      <velocity>13.000000000000004</velocity>
      <steeringAngle>0.13325</steeringAngle>
      <time>30</time>
    </ksState>
    <ksState>
      <x>21.776051220662666</x>
      <y>-19.08093823727928</y>
      <orientation>-0.5624013306680863</orientation>
      <velocity>12.8</velocity>
      <steeringAngle>0.1066</steeringAngle>
      <time>31</time>
    </ksState>
    <ksState>
      <x>22.863473032011424</x>
      <y>-19.746409676156492</y>
      <orientation>-0.5128123729377448</orientation>
      <velocity>12.600000000000001</velocity>
      <steeringAngle>0.07995</steeringAngle>
      <time>32</time>
    </ksState>
    <ksState>
      <x>23.96293714960104</x>
      <y>-20.351432665953908</y>
      <orientation>-0.47706923305714766</orientation>
      <velocity>12.400000000000002</velocity>
      <steeringAngle>0.053299999999999986</steeringAngle>
      <time>33</time>
    </ksState>
    <ksState>
      <x>25.063619553616164</x>
      <y>-20.91148669850339</y>
      <orientation>-0.45470513538660234</orientation>
      <velocity>12.200000000000003</velocity>
      <steeringAngle>0.02664999999999998</steeringAngle>
      <time>34</time>
    </ksState>
    <ksState>
      <x>26.15682864346388</x>
      <y>-21.441679318708193</y>
      <orientation>-0.4452738541762201</orientation>
      <velocity>12.000000000000004</velocity>
      <steeringAngle>-2.42861286636753e-17</steeringAngle>
      <time>35</time>
    </ksState>
    <ksState>
      <x>27.239819942099786</x>
      <y>-21.95852537613624</y>
      <orientation>-0.4452738541762201</orientation>
      <velocity>12.0</velocity>
      <steeringAngle>0.0</steeringAngle>
      <time>36</time>
    </ksState>
    <ksState>
      <x>28.32281124073569</x>
      <y>-22.475371433564288</y>
      <orientation>-0.4452738541762201</orientation>
      <velocity>12.0</velocity>
      <steeringAngle>0.0</steeringAngle>
      <time>37</time>
    </ksState>
    <ksState>
      <x>29.405802539371596</x>
      <y>-22.992217490992335</y>
      <orientation>-0.4452738541762201</orientation>
      <velocity>12.0</velocity>
      <steeringAngle>0.0</steeringAngle>
      <time>38</time>
    </ksState>
    <ksState>
      <x>30.4887938380075</x>
      <y>-23.50906354842038</y>
      <orientation>-0.4452738541762201</orientation>
      <velocity>12.0</velocity>
      <steeringAngle>0.0</steeringAngle>
      <time>39</time>
    </ksState>
    <ksState>
      <x>31.571785136643406</x>
      <y>-24.025909605848426</y>
      <orientation>-0.4452738541762201</orientation>
      <velocity>12.0</velocity>
      <steeringAngle>0.0</steeringAngle>
      <time>40</time>
    </ksState>
    <ksState>
      <x>32.66380136276794</x>
      <y>-24.54706271375504</y>
      <orientation>-0.4452738541762201</orientation>
      <velocity>12.399999999999999</velocity>
      <steeringAngle>0.0</steeringAngle>
      <time>41</time>
    </ksState>
    <ksState>
      <x>33.79191729884701</x>
      <y>-25.08544402357592</y>
      <orientation>-0.4452738541762201</orientation>
      <velocity>12.799999999999997</velocity>
      <steeringAngle>0.0</steeringAngle>
      <time>42</time>
    </ksState>
    <ksState>
      <x>34.95613294488061</x>
      <y>-25.641053535311073</y>
      <orientation>-0.4452738541762201</orientation>
      <velocity>13.199999999999996</velocity>
      <steeringAngle>0.0</steeringAngle>
      <time>43</time>
    </ksState>
    <ksState>
      <x>36.15644830086874</x>
      <y>-26.21389124896049</y>
      <orientation>-0.4452738541762201</orientation>
      <velocity>13.599999999999994</velocity>
      <steeringAngle>0.0</steeringAngle>
      <time>44</time>
    </ksState>
    <ksState>
      <x>37.3928633668114</x>
      <y>-26.803957164524178</y>
      <orientation>-0.4452738541762201</orientation>
      <velocity>13.999999999999993</velocity>
      <steeringAngle>0.0</steeringAngle>
      <time>45</time>
    </ksState>
    <ksState>
      <x>38.633790896498375</x>
      <y>-27.39617660532715</y>
      <orientation>-0.448761722153675</orientation>
      <velocity>13.0</velocity>
      <steeringAngle>-0.026650000000000004</steeringAngle>
      <time>46</time>
    </ksState>
    <ksState>
      <x>39.780712318893876</x>
      <y>-27.953112789404667</y>
      <orientation>-0.46517340306417887</orientation>
      <velocity>12.0</velocity>
      <steeringAngle>-0.05330000000000001</steeringAngle>
      <time>47</time>
    </ksState>
    <ksState>
      <x>40.82762023235538</x>
      <y>-28.48655038524955</y>
      <orientation>-0.49246260721062135</orientation>
      <velocity>11.0</velocity>
      <steeringAngle>-0.07995000000000001</steeringAngle>
      <time>48</time>
    </ksState>
    <ksState>
      <x>41.77057060023531</x>
      <y>-29.002675659395017</y>
      <orientation>-0.5285934592457289</orientation>
      <velocity>10.0</velocity>
      <steeringAngle>-0.10660000000000001</steeringAngle>
      <time>49</time>
    </ksState>
    <ksState>
      <x>42.607442225276834</x>
      <y>-29.50284429601596</y>
      <orientation>-0.5715347549139603</orientation>
      <velocity>9.0</velocity>
      <steeringAngle>-0.13325</steeringAngle>
      <time>50</time>
    </ksState>
    <ksState>
      <x>43.33790564014125</x>
      <y>-29.98444950349671</y>
      <orientation>-0.6147831378058917</orientation>
      <velocity>8.0</velocity>
      <steeringAngle>-0.1066</steeringAngle>
      <time>51</time>
    </ksState>
    <ksState>
      <x>43.96737017060899</x>
      <y>-30.43650932995877</y>
      <orientation>-0.6449827514053381</orientation>
      <velocity>7.0</velocity>
      <steeringAngle>-0.07995</steeringAngle>
      <time>52</time>
    </ksState>
    <ksState>
      <x>44.50462964692729</x>
      <y>-30.845121377979613</y>
      <orientation>-0.6642650997055288</orientation>
      <velocity>6.0</velocity>
      <steeringAngle>-0.053299999999999986</steeringAngle>
      <time>53</time>
    </ksState>
    <ksState>
      <x>44.95631111750198</x>
      <y>-31.200938285306158</y>
      <orientation>-0.6747362345143746</orientation>
      <velocity>5.0</velocity>
      <steeringAngle>-0.02664999999999998</steeringAngle>
      <time>54</time>
    </ksState>
    <ksState>
      <x>45.32686140804281</x>
      <y>-31.498120227181985</y>
      <orientation>-0.6784829219523045</orientation>
      <velocity>4.0</velocity>
      <steeringAngle>2.42861286636753e-17</steeringAngle>
      <time>55</time>
    </ksState>
    <ksState>
      <x>45.65773485250538</x>
      <y>-31.764855608692343</y>
      <orientation>-0.677320299293153</orientation>
      <velocity>5.0</velocity>
      <steeringAngle>0.026650000000000004</steeringAngle>
      <time>56</time>
    </ksState>
    <ksState>
      <x>46.06728830935541</x>
      <y>-32.09332251252258</y>
      <orientation>-0.6704712650206752</orientation>
      <velocity>6.0</velocity>
      <steeringAngle>0.05330000000000001</steeringAngle>
      <time>57</time>
    </ksState>
    <ksState>
      <x>46.55824225441524</x>
      <y>-32.480085319013426</y>
      <orientation>-0.655856432065966</orientation>
      <velocity>7.0</velocity>
      <steeringAngle>0.07995000000000001</steeringAngle>
      <time>58</time>
    </ksState>
    <ksState>
      <x>47.135292632495236</x>
      <y>-32.918972938699184</y>
      <orientation>-0.6313801517136192</orientation>
      <velocity>8.0</velocity>
      <steeringAngle>0.10660000000000001</steeringAngle>
      <time>59</time>
    </ksState>
    <ksState>
      <x>47.80535996741385</x>
      <y>-33.40020878462298</y>
      <orientation>-0.5949244282890114</orientation>
      <velocity>8.995108823529412</velocity>
      <steeringAngle>0.13325</steeringAngle>
      <time>60</time>
    </ksState>
    <ksState>
      <x>48.564938871465394</x>
      <y>-33.90123438155462</y>
      <orientation>-0.5500406222603957</orientation>
      <velocity>9.399999999999999</velocity>
      <steeringAngle>0.1066</steeringAngle>
      <time>61</time>
    </ksState>
    <ksState>
      <x>49.37963192742717</x>
      <y>-34.389792903908734</y>
      <orientation>-0.5131278033134157</orientation>
      <velocity>9.799999999999997</velocity>
      <steeringAngle>0.07995</steeringAngle>
      <time>62</time>
    </ksState>
    <ksState>
      <x>50.24581905293841</x>
      <y>-34.8691289940592</y>
      <orientation>-0.48496823863536304</orientation>
      <velocity>10.199999999999996</velocity>
      <steeringAngle>0.053299999999999986</steeringAngle>
      <time>63</time>
    </ksState>
    <ksState>
      <x>51.15958143194404</x>
      <y>-35.34442763162614</y>
      <orientation>-0.4663530880115282</orientation>
      <velocity>10.599999999999994</velocity>
      <steeringAngle>0.02664999999999998</steeringAngle>
      <time>64</time>
    </ksState>
    <ksState>
      <x>52.11664327676642</x>
      <y>-35.82288769902683</y>
      <orientation>-0.4580845762985543</orientation>
      <velocity>10.999999999999993</velocity>
      <steeringAngle>-2.42861286636753e-17</steeringAngle>
      <time>65</time>
    </ksState>
    <ksState>
      <x>53.080812068907996</x>
      <y>-36.298285995469136</y>
      <orientation>-0.4580845762985543</orientation>
      <velocity>10.0</velocity>
      <steeringAngle>0.0</steeringAngle>
      <time>66</time>
    </ksState>
    <ksState>
      <x>53.95529074085036</x>
      <y>-36.72946119456797</y>
      <orientation>-0.4580845762985543</orientation>
      <velocity>9.0</velocity>
      <steeringAngle>0.0</steeringAngle>
      <time>67</time>
    </ksState>
    <ksState>
      <x>54.74007929259351</x>
      <y>-37.11641329632334</y>
      <orientation>-0.4580845762985543</orientation>
      <velocity>8.0</velocity>
      <steeringAngle>0.0</steeringAngle>
      <time>68</time>
    </ksState>
    <ksState>
      <x>55.43517772413744</x>
      <y>-37.45914230073523</y>
      <orientation>-0.4580845762985543</orientation>
      <velocity>7.0</velocity>
      <steeringAngle>0.0</steeringAngle>
      <time>69</time>
    </ksState>
    <ksState>
      <x>56.04058603548215</x>
      <y>-37.757648207803655</y>
      <orientation>-0.4580845762985543</orientation>
      <velocity>6.0</velocity>
      <steeringAngle>0.0</steeringAngle>
      <time>70</time>
    </ksState>
    <ksState>
      <x>56.556304226627645</x>
      <y>-38.01193101752861</y>
      <orientation>-0.4580845762985543</orientation>
      <velocity>5.0</velocity>
      <steeringAngle>0.0</steeringAngle>
      <time>71</time>
    </ksState>
    <ksState>
      <x>56.982332297573926</x>
      <y>-38.22199072991009</y>
      <orientation>-0.4580845762985543</orientation>
      <velocity>4.0</velocity>
      <steeringAngle>0.0</steeringAngle>
      <time>72</time>
    </ksState>
    <ksState>
      <x>57.31867024832099</x>
      <y>-38.38782734494811</y>
      <orientation>-0.4580845762985543</orientation>
      <velocity>3.0</velocity>
      <steeringAngle>0.0</steeringAngle>
      <time>73</time>
    </ksState>
    <ksState>
      <x>57.565318078868835</x>
      <y>-38.50944086264265</y>
      <orientation>-0.4580845762985543</orientation>
      <velocity>2.0</velocity>
      <steeringAngle>0.0</steeringAngle>
      <time>74</time>
    </ksState>
    <ksState>
      <x>57.72227578921746</x>
      <y>-38.58683128299372</y>
      <orientation>-0.4580845762985543</orientation>
      <velocity>1.0</velocity>
      <steeringAngle>0.0</steeringAngle>
      <time>75</time>
    </ksState>
    <ksState>
      <x>57.80748140340672</x>
      <y>-38.62884322547002</y>
      <orientation>-0.4580845762985543</orientation>
      <velocity>0.8</velocity>
      <steeringAngle>0.0</steeringAngle>
      <time>76</time>
    </ksState>
    <ksState>
      <x>57.87474899355613</x>
      <y>-38.66201054847762</y>
      <orientation>-0.4580845762985543</orientation>
      <velocity>0.6000000000000001</velocity>
      <steeringAngle>0.0</steeringAngle>
      <time>77</time>
    </ksState>
    <ksState>
      <x>57.9240785596657</x>
      <y>-38.68633325201653</y>
      <orientation>-0.4580845762985543</orientation>
      <velocity>0.40000000000000013</velocity>
      <steeringAngle>0.0</steeringAngle>
      <time>78</time>
    </ksState>
    <ksState>
      <x>57.95547010173543</x>
      <y>-38.70181133608674</y>
      <orientation>-0.4580845762985543</orientation>
      <velocity>0.20000000000000015</velocity>
      <steeringAngle>0.0</steeringAngle>
      <time>79</time>
    </ksState>
    <ksState>
      <x>57.968923619765306</x>
      <y>-38.70844480068826</y>
      <orientation>-0.4580845762985543</orientation>
      <velocity>1.3877787807814457e-16</velocity>
      <steeringAngle>0.0</steeringAngle>
      <time>80</time>
    </ksState>
    <ksState>
      <x>57.968923619765306</x>
      <y>-38.70844480068826</y>
      <orientation>-0.4580845762985543</orientation>
      <velocity>0.0</velocity>
      <steeringAngle>0.0</steeringAngle>
      <time>81</time>
    </ksState>
    <ksState>
      <x>57.968923619765306</x>
      <y>-38.70844480068826</y>
      <orientation>-0.4580845762985543</orientation>
      <velocity>0.0</velocity>
      <steeringAngle>0.0</steeringAngle>
      <time>82</time>
    </ksState>
    <ksState>
      <x>57.968923619765306</x>
      <y>-38.70844480068826</y>
      <orientation>-0.4580845762985543</orientation>
      <velocity>0.0</velocity>
      <steeringAngle>0.0</steeringAngle>
      <time>83</time>
    </ksState>
    <ksState>
      <x>57.968923619765306</x>
      <y>-38.70844480068826</y>
      <orientation>-0.4580845762985543</orientation>
      <velocity>0.0</velocity>
      <steeringAngle>0.0</steeringAngle>
      <time>84</time>
    </ksState>
    <ksState>
      <x>57.968923619765306</x>
      <y>-38.70844480068826</y>
      <orientation>-0.4580845762985543</orientation>
      <velocity>0.0</velocity>
      <steeringAngle>0.0</steeringAngle>
      <time>85</time>
    </ksState>
    <ksState>
      <x>57.968923619765306</x>
      <y>-38.70844480068826</y>
      <orientation>-0.4580845762985543</orientation>
      <velocity>0.0</velocity>
      <steeringAngle>0.0</steeringAngle>
      <time>86</time>
    </ksState>
    <ksState>
      <x>57.968923619765306</x>
      <y>-38.70844480068826</y>
      <orientation>-0.4580845762985543</orientation>
      <velocity>0.0</velocity>
      <steeringAngle>0.0</steeringAngle>
      <time>87</time>
    </ksState>
    <ksState>
      <x>57.968923619765306</x>
      <y>-38.70844480068826</y>
      <orientation>-0.4580845762985543</orientation>
      <velocity>0.0</velocity>
      <steeringAngle>0.0</steeringAngle>
      <time>88</time>
    </ksState>
    <ksState>
      <x>57.968923619765306</x>
      <y>-38.70844480068826</y>
      <orientation>-0.4580845762985543</orientation>
      <velocity>0.0</velocity>
      <steeringAngle>0.0</steeringAngle>
      <time>89</time>
    </ksState>
    <ksState>
      <x>57.968923619765306</x>
      <y>-38.70844480068826</y>
      <orientation>-0.4580845762985543</orientation>
      <velocity>0.0</velocity>
      <steeringAngle>0.0</steeringAngle>
      <time>90</time>
    </ksState>
    <ksState>
      <x>57.968923619765306</x>
      <y>-38.70844480068826</y>
      <orientation>-0.4580845762985543</orientation>
      <velocity>0.0</velocity>
      <steeringAngle>0.0</steeringAngle>
      <time>91</time>
    </ksState>
    <ksState>
      <x>57.968923619765306</x>
      <y>-38.70844480068826</y>
      <orientation>-0.4580845762985543</orientation>
      <velocity>0.0</velocity>
      <steeringAngle>0.0</steeringAngle>
      <time>92</time>
    </ksState>
    <ksState>
      <x>57.968923619765306</x>
      <y>-38.70844480068826</y>
      <orientation>-0.4580845762985543</orientation>
      <velocity>0.0</velocity>
      <steeringAngle>0.0</steeringAngle>
      <time>93</time>
    </ksState>
    <ksState>
      <x>57.968923619765306</x>
      <y>-38.70844480068826</y>
      <orientation>-0.4580845762985543</orientation>
      <velocity>0.0</velocity>
      <steeringAngle>0.0</steeringAngle>
      <time>94</time>
    </ksState>
    <ksState>
      <x>57.968923619765306</x>
      <y>-38.70844480068826</y>
      <orientation>-0.4580845762985543</orientation>
      <velocity>0.0</velocity>
      <steeringAngle>0.0</steeringAngle>
      <time>95</time>
    </ksState>
    <ksState>
      <x>57.968923619765306</x>
      <y>-38.70844480068826</y>
      <orientation>-0.4580845762985543</orientation>
      <velocity>0.0</velocity>
      <steeringAngle>0.0</steeringAngle>
      <time>96</time>
    </ksState>
    <ksState>
      <x>57.968923619765306</x>
      <y>-38.70844480068826</y>
      <orientation>-0.4580845762985543</orientation>
      <velocity>0.0</velocity>
      <steeringAngle>0.0</steeringAngle>
      <time>97</time>
    </ksState>
    <ksState>
      <x>57.968923619765306</x>
      <y>-38.70844480068826</y>
      <orientation>-0.4580845762985543</orientation>
      <velocity>0.0</velocity>
      <steeringAngle>0.0</steeringAngle>
      <time>98</time>
    </ksState>
    <ksState>
      <x>57.968923619765306</x>
      <y>-38.70844480068826</y>
      <orientation>-0.4580845762985543</orientation>
      <velocity>0.0</velocity>
      <steeringAngle>0.0</steeringAngle>
      <time>99</time>
    </ksState>
    <ksState>
      <x>57.968923619765306</x>
      <y>-38.70844480068826</y>
      <orientation>-0.4580845762985543</orientation>
      <velocity>0.0</velocity>
      <steeringAngle>0.0</steeringAngle>
      <time>100</time>
    </ksState>
    <ksState>
      <x>57.968923619765306</x>
      <y>-38.70844480068826</y>
      <orientation>-0.4580845762985543</orientation>
      <velocity>0.0</velocity>
      <steeringAngle>0.0</steeringAngle>
      <time>101</time>
    </ksState>
    <ksState>
      <x>57.968923619765306</x>
      <y>-38.70844480068826</y>
      <orientation>-0.4580845762985543</orientation>
      <velocity>0.0</velocity>
      <steeringAngle>0.0</steeringAngle>
      <time>102</time>
    </ksState>
    <ksState>
      <x>57.968923619765306</x>
      <y>-38.70844480068826</y>
      <orientation>-0.4580845762985543</orientation>
      <velocity>0.0</velocity>
      <steeringAngle>0.0</steeringAngle>
      <time>103</time>
    </ksState>
    <ksState>
      <x>57.968923619765306</x>
      <y>-38.70844480068826</y>
      <orientation>-0.4580845762985543</orientation>
      <velocity>0.0</velocity>
      <steeringAngle>0.0</steeringAngle>
      <time>104</time>
    </ksState>
    <ksState>
      <x>57.968923619765306</x>
      <y>-38.70844480068826</y>
      <orientation>-0.4580845762985543</orientation>
      <velocity>0.0</velocity>
      <steeringAngle>0.0</steeringAngle>
      <time>105</time>
    </ksState>
    <ksState>
      <x>57.968923619765306</x>
      <y>-38.70844480068826</y>
      <orientation>-0.4580845762985543</orientation>
      <velocity>0.0</velocity>
      <steeringAngle>0.0</steeringAngle>
      <time>106</time>
    </ksState>
    <ksState>
      <x>57.968923619765306</x>
      <y>-38.70844480068826</y>
      <orientation>-0.4580845762985543</orientation>
      <velocity>0.0</velocity>
      <steeringAngle>0.0</steeringAngle>
      <time>107</time>
    </ksState>
    <ksState>
      <x>57.968923619765306</x>
      <y>-38.70844480068826</y>
      <orientation>-0.4580845762985543</orientation>
      <velocity>0.0</velocity>
      <steeringAngle>0.0</steeringAngle>
      <time>108</time>
    </ksState>
    <ksState>
      <x>57.968923619765306</x>
      <y>-38.70844480068826</y>
      <orientation>-0.4580845762985543</orientation>
      <velocity>0.0</velocity>
      <steeringAngle>0.0</steeringAngle>
      <time>109</time>
    </ksState>
    <ksState>
      <x>57.968923619765306</x>
      <y>-38.70844480068826</y>
      <orientation>-0.4580845762985543</orientation>
      <velocity>0.0</velocity>
      <steeringAngle>0.0</steeringAngle>
      <time>110</time>
    </ksState>
    <ksState>
      <x>57.968923619765306</x>
      <y>-38.70844480068826</y>
      <orientation>-0.4580845762985543</orientation>
      <velocity>0.0</velocity>
      <steeringAngle>0.0</steeringAngle>
      <time>111</time>
    </ksState>
    <ksState>
      <x>57.968923619765306</x>
      <y>-38.70844480068826</y>
      <orientation>-0.4580845762985543</orientation>
      <velocity>0.0</velocity>
      <steeringAngle>0.0</steeringAngle>
      <time>112</time>
    </ksState>
    <ksState>
      <x>57.968923619765306</x>
      <y>-38.70844480068826</y>
      <orientation>-0.4580845762985543</orientation>
      <velocity>0.0</velocity>
      <steeringAngle>0.0</steeringAngle>
      <time>113</time>
    </ksState>
    <ksState>
      <x>57.968923619765306</x>
      <y>-38.70844480068826</y>
      <orientation>-0.4580845762985543</orientation>
      <velocity>0.0</velocity>
      <steeringAngle>0.0</steeringAngle>
      <time>114</time>
    </ksState>
    <ksState>
      <x>57.968923619765306</x>
      <y>-38.70844480068826</y>
      <orientation>-0.4580845762985543</orientation>
      <velocity>0.0</velocity>
      <steeringAngle>0.0</steeringAngle>
      <time>115</time>
    </ksState>
    <ksState>
      <x>57.968923619765306</x>
      <y>-38.70844480068826</y>
      <orientation>-0.4580845762985543</orientation>
      <velocity>0.0</velocity>
      <steeringAngle>0.0</steeringAngle>
      <time>116</time>
    </ksState>
    <ksState>
      <x>57.968923619765306</x>
      <y>-38.70844480068826</y>
      <orientation>-0.4580845762985543</orientation>
      <velocity>0.0</velocity>
      <steeringAngle>0.0</steeringAngle>
      <time>117</time>
    </ksState>
    <ksState>
      <x>57.968923619765306</x>
      <y>-38.70844480068826</y>
      <orientation>-0.4580845762985543</orientation>
      <velocity>0.0</velocity>
      <steeringAngle>0.0</steeringAngle>
      <time>118</time>
    </ksState>
    <ksState>
      <x>57.968923619765306</x>
      <y>-38.70844480068826</y>
      <orientation>-0.4580845762985543</orientation>
      <velocity>0.0</velocity>
      <steeringAngle>0.0</steeringAngle>
      <time>119</time>
    </ksState>
    <ksState>
      <x>57.968923619765306</x>
      <y>-38.70844480068826</y>
      <orientation>-0.4580845762985543</orientation>
      <velocity>0.0</velocity>
      <steeringAngle>0.0</steeringAngle>
      <time>120</time>
    </ksState>
    <ksState>
      <x>57.968923619765306</x>
      <y>-38.70844480068826</y>
      <orientation>-0.4580845762985543</orientation>
      <velocity>0.0</velocity>
      <steeringAngle>0.0</steeringAngle>
      <time>121</time>
    </ksState>
    <ksState>
      <x>57.968923619765306</x>
      <y>-38.70844480068826</y>
      <orientation>-0.4580845762985543</orientation>
      <velocity>0.0</velocity>
      <steeringAngle>0.0</steeringAngle>
      <time>122</time>
    </ksState>
    <ksState>
      <x>57.968923619765306</x>
      <y>-38.70844480068826</y>
      <orientation>-0.4580845762985543</orientation>
      <velocity>0.0</velocity>
      <steeringAngle>0.0</steeringAngle>
      <time>123</time>
    </ksState>
    <ksState>
      <x>57.968923619765306</x>
      <y>-38.70844480068826</y>
      <orientation>-0.4580845762985543</orientation>
      <velocity>0.0</velocity>
      <steeringAngle>0.0</steeringAngle>
      <time>124</time>
    </ksState>
    <ksState>
      <x>57.968923619765306</x>
      <y>-38.70844480068826</y>
      <orientation>-0.4580845762985543</orientation>
      <velocity>0.0</velocity>
      <steeringAngle>0.0</steeringAngle>
      <time>125</time>
    </ksState>
  </ksTrajectory>
</CommonRoadSolution>
