<?xml version="1.0" ?>
<CommonRoadSolution benchmark_id="KS2:SM1:USA_Lanker-2_16_T-1:2018b" date="2019-11-18">
  <ksTrajectory planningProblem="2125">
    <ksState>
      <x>0.0</x>
      <y>0.0</y>
      <orientation>1.1316</orientation>
      <velocity>9.0</velocity>
      <steeringAngle>0.0</steeringAngle>
      <time>0</time>
    </ksState>
    <ksState>
      <x>0.3890691656719149</x>
      <y>0.8281607237265964</y>
      <orientation>1.1316</orientation>
      <velocity>9.600000000000001</velocity>
      <steeringAngle>0.0</steeringAngle>
      <time>1</time>
    </ksState>
    <ksState>
      <x>0.8036510635190374</x>
      <y>1.7106270686811664</y>
      <orientation>1.1316</orientation>
      <velocity>10.200000000000003</velocity>
      <steeringAngle>0.0</steeringAngle>
      <time>2</time>
    </ksState>
    <ksState>
      <x>1.2437456935413675</x>
      <y>2.6473990348637106</y>
      <orientation>1.1316</orientation>
      <velocity>10.800000000000004</velocity>
      <steeringAngle>0.0</steeringAngle>
      <time>3</time>
    </ksState>
    <ksState>
      <x>1.7093530557389054</x>
      <y>3.6384766222742284</y>
      <orientation>1.1316</orientation>
      <velocity>11.400000000000006</velocity>
      <steeringAngle>0.0</steeringAngle>
      <time>4</time>
    </ksState>
    <ksState>
      <x>2.2004731501116503</x>
      <y>4.683859830912719</y>
      <orientation>1.1316</orientation>
      <velocity>12.000000000000007</velocity>
      <steeringAngle>0.0</steeringAngle>
      <time>5</time>
    </ksState>
    <ksState>
      <x>2.714979915645002</x>
      <y>5.7790231923435185</y>
      <orientation>1.1316</orientation>
      <velocity>12.399999999999999</velocity>
      <steeringAngle>0.0</steeringAngle>
      <time>6</time>
    </ksState>
    <ksState>
      <x>3.246495169295159</x>
      <y>6.910390301259634</y>
      <orientation>1.1316</orientation>
      <velocity>12.799999999999997</velocity>
      <steeringAngle>0.0</steeringAngle>
      <time>7</time>
    </ksState>
    <ksState>
      <x>3.795018911062121</x>
      <y>8.077961157661065</y>
      <orientation>1.1316</orientation>
      <velocity>13.199999999999996</velocity>
      <steeringAngle>0.0</steeringAngle>
      <time>8</time>
    </ksState>
    <ksState>
      <x>4.360551140945888</x>
      <y>9.28173576154781</y>
      <orientation>1.1316</orientation>
      <velocity>13.599999999999994</velocity>
      <steeringAngle>0.0</steeringAngle>
      <time>9</time>
    </ksState>
    <ksState>
      <x>4.94309185894646</x>
      <y>10.521714112919874</y>
      <orientation>1.1316</orientation>
      <velocity>13.999999999999993</velocity>
      <steeringAngle>0.0</steeringAngle>
      <time>10</time>
    </ksState>
    <ksState>
      <x>5.542641065063837</x>
      <y>11.797896211777251</y>
      <orientation>1.1316</orientation>
      <velocity>14.399999999999999</velocity>
      <steeringAngle>0.0</steeringAngle>
      <time>11</time>
    </ksState>
    <ksState>
      <x>6.159198759298018</x>
      <y>13.110282058119946</y>
      <orientation>1.1316</orientation>
      <velocity>14.799999999999997</velocity>
      <steeringAngle>0.0</steeringAngle>
      <time>12</time>
    </ksState>
    <ksState>
      <x>6.792764941649006</x>
      <y>14.458871651947955</y>
      <orientation>1.1316</orientation>
      <velocity>15.199999999999996</velocity>
      <steeringAngle>0.0</steeringAngle>
      <time>13</time>
    </ksState>
    <ksState>
      <x>7.443339612116798</x>
      <y>15.84366499326128</y>
      <orientation>1.1316</orientation>
      <velocity>15.599999999999994</velocity>
      <steeringAngle>0.0</steeringAngle>
      <time>14</time>
    </ksState>
    <ksState>
      <x>8.110922770701395</x>
      <y>17.26466208205992</y>
      <orientation>1.1316</orientation>
      <velocity>15.999999999999993</velocity>
      <steeringAngle>0.0</steeringAngle>
      <time>15</time>
    </ksState>
    <ksState>
      <x>8.795514417402797</x>
      <y>18.721862918343877</y>
      <orientation>1.1316</orientation>
      <velocity>16.4</velocity>
      <steeringAngle>0.0</steeringAngle>
      <time>16</time>
    </ksState>
    <ksState>
      <x>9.497114552221005</x>
      <y>20.21526750211315</y>
      <orientation>1.1316</orientation>
      <velocity>16.799999999999997</velocity>
      <steeringAngle>0.0</steeringAngle>
      <time>17</time>
    </ksState>
    <ksState>
      <x>10.215723175156016</x>
      <y>21.744875833367736</y>
      <orientation>1.1316</orientation>
      <velocity>17.199999999999996</velocity>
      <steeringAngle>0.0</steeringAngle>
      <time>18</time>
    </ksState>
    <ksState>
      <x>10.951340286207833</x>
      <y>23.31068791210764</y>
      <orientation>1.1316</orientation>
      <velocity>17.599999999999994</velocity>
      <steeringAngle>0.0</steeringAngle>
      <time>19</time>
    </ksState>
    <ksState>
      <x>11.703965885376455</x>
      <y>24.91270373833286</y>
      <orientation>1.1316</orientation>
      <velocity>17.999999999999993</velocity>
      <steeringAngle>0.0</steeringAngle>
      <time>20</time>
    </ksState>
    <ksState>
      <x>12.469347850632682</x>
      <y>26.541872375172066</y>
      <orientation>1.1316</orientation>
      <velocity>18.0</velocity>
      <steeringAngle>0.0</steeringAngle>
      <time>21</time>
    </ksState>
    <ksState>
      <x>13.234729815888906</x>
      <y>28.171041012011273</y>
      <orientation>1.1316</orientation>
      <velocity>18.0</velocity>
      <steeringAngle>0.0</steeringAngle>
      <time>22</time>
    </ksState>
    <ksState>
      <x>14.000111781145133</x>
      <y>29.800209648850476</y>
      <orientation>1.1316</orientation>
      <velocity>18.0</velocity>
      <steeringAngle>0.0</steeringAngle>
      <time>23</time>
    </ksState>
    <ksState>
      <x>14.76549374640136</x>
      <y>31.429378285689683</y>
      <orientation>1.1316</orientation>
      <velocity>18.0</velocity>
      <steeringAngle>0.0</steeringAngle>
      <time>24</time>
    </ksState>
    <ksState>
      <x>15.530875711657586</x>
      <y>33.05854692252889</y>
      <orientation>1.1316</orientation>
      <velocity>18.0</velocity>
      <steeringAngle>0.0</steeringAngle>
      <time>25</time>
    </ksState>
    <ksState>
      <x>16.28562737184081</x>
      <y>34.665088217189776</y>
      <orientation>1.1316</orientation>
      <velocity>17.0</velocity>
      <steeringAngle>0.0</steeringAngle>
      <time>26</time>
    </ksState>
    <ksState>
      <x>16.99785781173202</x>
      <y>36.18112014313737</y>
      <orientation>1.1316</orientation>
      <velocity>16.0</velocity>
      <steeringAngle>0.0</steeringAngle>
      <time>27</time>
    </ksState>
    <ksState>
      <x>17.667567031331217</x>
      <y>37.60664270037167</y>
      <orientation>1.1316</orientation>
      <velocity>15.0</velocity>
      <steeringAngle>0.0</steeringAngle>
      <time>28</time>
    </ksState>
    <ksState>
      <x>18.294755030638402</x>
      <y>38.94165588889269</y>
      <orientation>1.1316</orientation>
      <velocity>14.0</velocity>
      <steeringAngle>0.0</steeringAngle>
      <time>29</time>
    </ksState>
    <ksState>
      <x>18.879421809653575</x>
      <y>40.186159708700416</y>
      <orientation>1.1316</orientation>
      <velocity>13.0</velocity>
      <steeringAngle>0.0</steeringAngle>
      <time>30</time>
    </ksState>
    <ksState>
      <x>19.425819490405935</x>
      <y>41.34920509666618</y>
      <orientation>1.1316</orientation>
      <velocity>12.399999999999999</velocity>
      <steeringAngle>0.0</steeringAngle>
      <time>31</time>
    </ksState>
    <ksState>
      <x>19.94670443898309</x>
      <y>42.457944863403974</y>
      <orientation>1.1316</orientation>
      <velocity>11.799999999999997</velocity>
      <steeringAngle>0.0</steeringAngle>
      <time>32</time>
    </ksState>
    <ksState>
      <x>20.442076655385037</x>
      <y>43.5123790089138</y>
      <orientation>1.1316</orientation>
      <velocity>11.199999999999996</velocity>
      <steeringAngle>0.0</steeringAngle>
      <time>33</time>
    </ksState>
    <ksState>
      <x>20.911936139611775</x>
      <y>44.51250753319564</y>
      <orientation>1.1316</orientation>
      <velocity>10.599999999999994</velocity>
      <steeringAngle>0.0</steeringAngle>
      <time>34</time>
    </ksState>
    <ksState>
      <x>21.356282891663305</x>
      <y>45.45833043624951</y>
      <orientation>1.1316</orientation>
      <velocity>9.999999999999993</velocity>
      <steeringAngle>0.0</steeringAngle>
      <time>35</time>
    </ksState>
    <ksState>
      <x>21.78574721661263</x>
      <y>46.372475060253734</y>
      <orientation>1.1316</orientation>
      <velocity>10.399999999999999</velocity>
      <steeringAngle>0.0</steeringAngle>
      <time>36</time>
    </ksState>
    <ksState>
      <x>22.232220029678764</x>
      <y>47.32282343174327</y>
      <orientation>1.1316</orientation>
      <velocity>10.799999999999997</velocity>
      <steeringAngle>0.0</steeringAngle>
      <time>37</time>
    </ksState>
    <ksState>
      <x>22.695701330861702</x>
      <y>48.30937555071812</y>
      <orientation>1.1316</orientation>
      <velocity>11.199999999999996</velocity>
      <steeringAngle>0.0</steeringAngle>
      <time>38</time>
    </ksState>
    <ksState>
      <x>23.17619112016144</x>
      <y>49.33213141717829</y>
      <orientation>1.1316</orientation>
      <velocity>11.599999999999994</velocity>
      <steeringAngle>0.0</steeringAngle>
      <time>39</time>
    </ksState>
    <ksState>
      <x>23.673689397577988</x>
      <y>50.39109103112377</y>
      <orientation>1.1316</orientation>
      <velocity>11.999999999999993</velocity>
      <steeringAngle>0.0</steeringAngle>
      <time>40</time>
    </ksState>
    <ksState>
      <x>24.18394404108214</x>
      <y>51.477203455683245</y>
      <orientation>1.1316</orientation>
      <velocity>12.0</velocity>
      <steeringAngle>0.0</steeringAngle>
      <time>41</time>
    </ksState>
    <ksState>
      <x>24.69419868458629</x>
      <y>52.56331588024271</y>
      <orientation>1.1316</orientation>
      <velocity>12.0</velocity>
      <steeringAngle>0.0</steeringAngle>
      <time>42</time>
    </ksState>
    <ksState>
      <x>25.20445332809044</x>
      <y>53.649428304802186</y>
      <orientation>1.1316</orientation>
      <velocity>12.0</velocity>
      <steeringAngle>0.0</steeringAngle>
      <time>43</time>
    </ksState>
    <ksState>
      <x>25.714707971594592</x>
      <y>54.73554072936165</y>
      <orientation>1.1316</orientation>
      <velocity>12.0</velocity>
      <steeringAngle>0.0</steeringAngle>
      <time>44</time>
    </ksState>
    <ksState>
      <x>26.22496261509874</x>
      <y>55.821653153921126</y>
      <orientation>1.1316</orientation>
      <velocity>12.0</velocity>
      <steeringAngle>0.0</steeringAngle>
      <time>45</time>
    </ksState>
    <ksState>
      <x>26.73521725860289</x>
      <y>56.9077655784806</y>
      <orientation>1.128499672908929</orientation>
      <velocity>12.0</velocity>
      <steeringAngle>-0.026650000000000004</steeringAngle>
      <time>46</time>
    </ksState>
    <ksState>
      <x>27.252194768179947</x>
      <y>57.990687740225546</y>
      <orientation>1.112992529453608</orientation>
      <velocity>12.0</velocity>
      <steeringAngle>-0.05330000000000001</steeringAngle>
      <time>47</time>
    </ksState>
    <ksState>
      <x>27.789229623780432</x>
      <y>59.0637851732854</y>
      <orientation>1.0850565047195067</orientation>
      <velocity>12.0</velocity>
      <steeringAngle>-0.07995000000000001</steeringAngle>
      <time>48</time>
    </ksState>
    <ksState>
      <x>28.359306326917064</x>
      <y>60.11966748979412</y>
      <orientation>1.0446517497945373</orientation>
      <velocity>12.0</velocity>
      <steeringAngle>-0.10660000000000001</steeringAngle>
      <time>49</time>
    </ksState>
    <ksState>
      <x>28.974772383523877</x>
      <y>61.149705557723394</y>
      <orientation>0.9917204037326444</orientation>
      <velocity>12.0</velocity>
      <steeringAngle>-0.13325</steeringAngle>
      <time>50</time>
    </ksState>
    <ksState>
      <x>29.6527030436786</x>
      <y>62.151780447250296</y>
      <orientation>0.9320310836122696</orientation>
      <velocity>12.399999999999999</velocity>
      <steeringAngle>-0.1066</steeringAngle>
      <time>51</time>
    </ksState>
    <ksState>
      <x>30.41084456303109</x>
      <y>63.14549215285885</y>
      <orientation>0.8834533445732041</orientation>
      <velocity>12.799999999999997</velocity>
      <steeringAngle>-0.07995</steeringAngle>
      <time>52</time>
    </ksState>
    <ksState>
      <x>31.239238486762343</x>
      <y>64.13427880767196</y>
      <orientation>0.8467527075146446</orientation>
      <velocity>13.199999999999996</velocity>
      <steeringAngle>-0.053299999999999986</steeringAngle>
      <time>53</time>
    </ksState>
    <ksState>
      <x>32.12706754764738</x>
      <y>65.12451975062089</y>
      <orientation>0.8227081272366733</orientation>
      <velocity>13.599999999999994</velocity>
      <steeringAngle>-0.02664999999999998</steeringAngle>
      <time>54</time>
    </ksState>
    <ksState>
      <x>33.06253774368833</x>
      <y>66.12540552481912</y>
      <orientation>0.8121140948836648</orientation>
      <velocity>13.999999999999993</velocity>
      <steeringAngle>2.42861286636753e-17</steeringAngle>
      <time>55</time>
    </ksState>
    <ksState>
      <x>34.02568969773528</x>
      <y>67.14144603258224</y>
      <orientation>0.815731143156581</orientation>
      <velocity>14.0</velocity>
      <steeringAngle>0.026650000000000004</steeringAngle>
      <time>56</time>
    </ksState>
    <ksState>
      <x>34.981459467342155</x>
      <y>68.16442134790178</y>
      <orientation>0.8338228105211222</orientation>
      <velocity>14.0</velocity>
      <steeringAngle>0.05330000000000001</steeringAngle>
      <time>57</time>
    </ksState>
    <ksState>
      <x>35.914773901380194</x>
      <y>69.2078874065646</y>
      <orientation>0.8664148393775736</orientation>
      <velocity>14.0</velocity>
      <steeringAngle>0.07995000000000001</steeringAngle>
      <time>58</time>
    </ksState>
    <ksState>
      <x>36.809655094212175</x>
      <y>70.28443555479768</y>
      <orientation>0.9135537201233713</orientation>
      <velocity>14.0</velocity>
      <steeringAngle>0.10660000000000001</steeringAngle>
      <time>59</time>
    </ksState>
    <ksState>
      <x>37.64869175810607</x>
      <y>71.40497298934923</y>
      <orientation>0.9753069571955797</orientation>
      <velocity>14.0</velocity>
      <steeringAngle>0.13325</steeringAngle>
      <time>60</time>
    </ksState>
    <ksState>
      <x>38.407326889613806</x>
      <y>72.56941852985578</y>
      <orientation>1.047555059398515</orientation>
      <velocity>13.600000000000001</velocity>
      <steeringAngle>0.13325</steeringAngle>
      <time>61</time>
    </ksState>
    <ksState>
      <x>39.06119168947786</x>
      <y>73.75026218388128</y>
      <orientation>1.117724079523668</orientation>
      <velocity>13.200000000000003</velocity>
      <steeringAngle>0.13325</steeringAngle>
      <time>62</time>
    </ksState>
    <ksState>
      <x>39.61440593720321</x>
      <y>74.93750655154263</y>
      <orientation>1.1858140175710385</orientation>
      <velocity>12.800000000000004</velocity>
      <steeringAngle>0.13325</steeringAngle>
      <time>63</time>
    </ksState>
    <ksState>
      <x>40.07179471762812</x>
      <y>76.12209482229255</y>
      <orientation>1.251824873540627</orientation>
      <velocity>12.400000000000006</velocity>
      <steeringAngle>0.13325</steeringAngle>
      <time>64</time>
    </ksState>
    <ksState>
      <x>40.43874824966902</x>
      <y>77.29591439039602</y>
      <orientation>1.3157566474324331</orientation>
      <velocity>12.000000000000007</velocity>
      <steeringAngle>0.13325</steeringAngle>
      <time>65</time>
    </ksState>
    <ksState>
      <x>40.722201727942355</x>
      <y>78.4566606772187</y>
      <orientation>1.3747450719228003</orientation>
      <velocity>11.8</velocity>
      <steeringAngle>0.1066</steeringAngle>
      <time>66</time>
    </ksState>
    <ksState>
      <x>40.937009547906406</x>
      <y>79.61176922734307</y>
      <orientation>1.42044572295578</orientation>
      <velocity>11.600000000000001</velocity>
      <steeringAngle>0.07995</steeringAngle>
      <time>67</time>
    </ksState>
    <ksState>
      <x>41.09975337582595</x>
      <y>80.75519878978155</y>
      <orientation>1.4533418387095416</orientation>
      <velocity>11.400000000000002</velocity>
      <steeringAngle>0.053299999999999986</steeringAngle>
      <time>68</time>
    </ksState>
    <ksState>
      <x>41.22613704922633</x>
      <y>81.88312050174943</y>
      <orientation>1.4738961264953747</orientation>
      <velocity>11.200000000000003</velocity>
      <steeringAngle>0.02664999999999998</steeringAngle>
      <time>69</time>
    </ksState>
    <ksState>
      <x>41.33081344919467</x>
      <y>82.99319141755959</y>
      <orientation>1.4825522341590787</orientation>
      <velocity>11.000000000000004</velocity>
      <steeringAngle>-2.42861286636753e-17</steeringAngle>
      <time>70</time>
    </ksState>
    <ksState>
      <x>41.42687472496795</x>
      <y>84.0789502449687</y>
      <orientation>1.4797619397771147</orientation>
      <velocity>10.600000000000001</velocity>
      <steeringAngle>-0.026650000000000004</steeringAngle>
      <time>71</time>
    </ksState>
    <ksState>
      <x>41.525165015334814</x>
      <y>85.12433569916531</y>
      <orientation>1.4662190528580188</orientation>
      <velocity>10.200000000000003</velocity>
      <steeringAngle>-0.05330000000000001</steeringAngle>
      <time>72</time>
    </ksState>
    <ksState>
      <x>41.63583906301611</x>
      <y>86.12823951463139</y>
      <orientation>1.442732160069096</orientation>
      <velocity>9.800000000000004</velocity>
      <steeringAngle>-0.07995000000000001</steeringAngle>
      <time>73</time>
    </ksState>
    <ksState>
      <x>41.766961925622574</x>
      <y>87.08930782108789</y>
      <orientation>1.410097679538817</orientation>
      <velocity>9.400000000000006</velocity>
      <steeringAngle>-0.10660000000000001</steeringAngle>
      <time>74</time>
    </ksState>
    <ksState>
      <x>41.924609813008125</x>
      <y>88.00580382412527</y>
      <orientation>1.3691020555436726</orientation>
      <velocity>9.000000000000007</velocity>
      <steeringAngle>-0.13325</steeringAngle>
      <time>75</time>
    </ksState>
    <ksState>
      <x>42.11072902930633</x>
      <y>88.86583509261833</y>
      <orientation>1.3210963785170864</orientation>
      <velocity>8.2</velocity>
      <steeringAngle>-0.15990000000000001</steeringAngle>
      <time>76</time>
    </ksState>
    <ksState>
      <x>42.318076376023306</x>
      <y>89.63842939959754</y>
      <orientation>1.2689948863370069</orientation>
      <velocity>7.399999999999999</velocity>
      <steeringAngle>-0.18655000000000002</steeringAngle>
      <time>77</time>
    </ksState>
    <ksState>
      <x>42.54109986787997</x>
      <y>90.32294789173991</y>
      <orientation>1.2144220972188184</orientation>
      <velocity>6.599999999999998</velocity>
      <steeringAngle>-0.21320000000000003</steeringAngle>
      <time>78</time>
    </ksState>
    <ksState>
      <x>42.772387752729166</x>
      <y>90.91962821880973</y>
      <orientation>1.1590147212747983</orientation>
      <velocity>5.799999999999997</velocity>
      <steeringAngle>-0.23985000000000004</steeringAngle>
      <time>79</time>
    </ksState>
    <ksState>
      <x>43.00328640855028</x>
      <y>91.42975231877068</y>
      <orientation>1.104426622990497</orientation>
      <velocity>4.9999999999999964</velocity>
      <steeringAngle>-0.2665</steeringAngle>
      <time>80</time>
    </ksState>
    <ksState>
      <x>43.243441629685705</x>
      <y>91.89092278535227</y>
      <orientation>1.050875131826475</orientation>
      <velocity>5.800000000000001</velocity>
      <steeringAngle>-0.23985000000000004</steeringAngle>
      <time>81</time>
    </ksState>
    <ksState>
      <x>43.54886817435274</x>
      <y>92.40730117382459</y>
      <orientation>0.9956693901694016</orientation>
      <velocity>6.600000000000001</velocity>
      <steeringAngle>-0.21320000000000003</steeringAngle>
      <time>82</time>
    </ksState>
    <ksState>
      <x>43.926810146126776</x>
      <y>92.97251903900732</y>
      <orientation>0.940473765290126</orientation>
      <velocity>7.400000000000002</velocity>
      <steeringAngle>-0.18655000000000002</steeringAngle>
      <time>83</time>
    </ksState>
    <ksState>
      <x>44.38320446033181</x>
      <y>93.58013604161043</y>
      <orientation>0.8869329120157086</orientation>
      <velocity>8.200000000000003</velocity>
      <steeringAngle>-0.15990000000000001</steeringAngle>
      <time>84</time>
    </ksState>
    <ksState>
      <x>44.922365924815125</x>
      <y>94.22417720457715</y>
      <orientation>0.8366768356158321</orientation>
      <velocity>9.000000000000004</velocity>
      <steeringAngle>-0.13325</steeringAngle>
      <time>85</time>
    </ksState>
    <ksState>
      <x>45.51585948469316</x>
      <y>94.86705026413965</y>
      <orientation>0.7934284527239007</orientation>
      <velocity>8.0</velocity>
      <steeringAngle>-0.1066</steeringAngle>
      <time>86</time>
    </ksState>
    <ksState>
      <x>46.06384867422223</x>
      <y>95.41503888626346</y>
      <orientation>0.7632288391244543</orientation>
      <velocity>7.0</velocity>
      <steeringAngle>-0.07995</steeringAngle>
      <time>87</time>
    </ksState>
    <ksState>
      <x>46.55403789011904</x>
      <y>95.87907130248034</y>
      <orientation>0.7439464908242636</orientation>
      <velocity>6.0</velocity>
      <steeringAngle>-0.053299999999999986</steeringAngle>
      <time>88</time>
    </ksState>
    <ksState>
      <x>46.97827575767077</x>
      <y>96.26720021680534</y>
      <orientation>0.7334753560154178</orientation>
      <velocity>5.0</velocity>
      <steeringAngle>-0.02664999999999998</steeringAngle>
      <time>89</time>
    </ksState>
    <ksState>
      <x>47.331519271598964</x>
      <y>96.58475909995087</y>
      <orientation>0.7297286685774879</orientation>
      <velocity>4.0</velocity>
      <steeringAngle>2.42861286636753e-17</steeringAngle>
      <time>90</time>
    </ksState>
  </ksTrajectory>
</CommonRoadSolution>
