<?xml version="1.0" ?>
<CommonRoadSolution benchmark_id="KS2:SM1:USA_Lanker-2_17_T-1:2018b" date="2019-11-18">
  <ksTrajectory planningProblem="2777">
    <ksState>
      <x>0.0</x>
      <y>0.0</y>
      <orientation>1.1158</orientation>
      <velocity>3.0</velocity>
      <steeringAngle>0.0</steeringAngle>
      <time>0</time>
    </ksState>
    <ksState>
      <x>0.14282417964941616</x>
      <y>0.2919353587825074</y>
      <orientation>1.1148957379317708</orientation>
      <velocity>4.0</velocity>
      <steeringAngle>-0.026650000000000004</steeringAngle>
      <time>1</time>
    </ksState>
    <ksState>
      <x>0.3303568102962078</x>
      <y>0.6733227210979204</y>
      <orientation>1.1093389656139032</orientation>
      <velocity>5.0</velocity>
      <steeringAngle>-0.05330000000000001</steeringAngle>
      <time>2</time>
    </ksState>
    <ksState>
      <x>0.565386744082418</x>
      <y>1.1427735612651588</y>
      <orientation>1.0970521347203692</orientation>
      <velocity>6.0</velocity>
      <steeringAngle>-0.07995000000000001</steeringAngle>
      <time>3</time>
    </ksState>
    <ksState>
      <x>0.8532140725875762</x>
      <y>1.6975455499252117</y>
      <orientation>1.0759429172784365</orientation>
      <velocity>7.0</velocity>
      <steeringAngle>-0.10660000000000001</steeringAngle>
      <time>4</time>
    </ksState>
    <ksState>
      <x>1.2022921436576242</x>
      <y>2.332952364647129</y>
      <orientation>1.0438981393589863</orientation>
      <velocity>8.0</velocity>
      <steeringAngle>-0.13325</steeringAngle>
      <time>5</time>
    </ksState>
    <ksState>
      <x>1.6039095309995592</x>
      <y>3.007386875044743</y>
      <orientation>1.0051176640776363</orientation>
      <velocity>7.4</velocity>
      <steeringAngle>-0.1066</steeringAngle>
      <time>6</time>
    </ksState>
    <ksState>
      <x>1.997079931998416</x>
      <y>3.6164936623541104</y>
      <orientation>0.9768882985048277</orientation>
      <velocity>6.800000000000001</velocity>
      <steeringAngle>-0.07995</steeringAngle>
      <time>7</time>
    </ksState>
    <ksState>
      <x>2.3720515768674306</x>
      <y>4.165683007110806</y>
      <orientation>0.9579166267949407</orientation>
      <velocity>6.200000000000001</velocity>
      <steeringAngle>-0.053299999999999986</steeringAngle>
      <time>8</time>
    </ksState>
    <ksState>
      <x>2.7216069775830984</x>
      <y>4.659476750261412</y>
      <orientation>0.9469284402093816</orientation>
      <velocity>5.600000000000001</velocity>
      <steeringAngle>-0.02664999999999998</steeringAngle>
      <time>9</time>
    </ksState>
    <ksState>
      <x>3.0406062483051013</x>
      <y>5.101363436835284</y>
      <orientation>0.9426649765252603</orientation>
      <velocity>5.000000000000002</velocity>
      <steeringAngle>2.42861286636753e-17</steeringAngle>
      <time>10</time>
    </ksState>
    <ksState>
      <x>3.343237660368929</x>
      <y>5.518063842921303</y>
      <orientation>0.9440342876571499</orientation>
      <velocity>5.6</velocity>
      <steeringAngle>0.026650000000000004</steeringAngle>
      <time>11</time>
    </ksState>
    <ksState>
      <x>3.6797974927201387</x>
      <y>5.984273867889428</y>
      <orientation>0.9515035893026228</orientation>
      <velocity>6.199999999999999</velocity>
      <steeringAngle>0.05330000000000001</steeringAngle>
      <time>12</time>
    </ksState>
    <ksState>
      <x>4.046688165608009</x>
      <y>6.502551873029345</y>
      <orientation>0.9663252944345035</orientation>
      <velocity>6.799999999999999</velocity>
      <steeringAngle>0.07995000000000001</steeringAngle>
      <time>13</time>
    </ksState>
    <ksState>
      <x>4.43857877585929</x>
      <y>7.076514661345417</y>
      <orientation>0.9897654262129884</orientation>
      <velocity>7.399999999999999</velocity>
      <steeringAngle>0.10660000000000001</steeringAngle>
      <time>14</time>
    </ksState>
    <ksState>
      <x>4.848022299439004</x>
      <y>7.710823282952873</y>
      <orientation>1.0231073185811632</orientation>
      <velocity>7.999999999999998</velocity>
      <steeringAngle>0.13325</steeringAngle>
      <time>15</time>
    </ksState>
    <ksState>
      <x>5.252421875169817</x>
      <y>8.38942003603533</y>
      <orientation>1.0621214257391824</orientation>
      <velocity>7.6</velocity>
      <steeringAngle>0.1066</steeringAngle>
      <time>16</time>
    </ksState>
    <ksState>
      <x>5.612569717003465</x>
      <y>9.047263922609966</y>
      <orientation>1.0913098206473528</orientation>
      <velocity>7.199999999999999</velocity>
      <steeringAngle>0.07995</steeringAngle>
      <time>17</time>
    </ksState>
    <ksState>
      <x>5.936626389468472</x>
      <y>9.678984993870431</y>
      <orientation>1.111549666125506</orientation>
      <velocity>6.799999999999999</velocity>
      <steeringAngle>0.053299999999999986</steeringAngle>
      <time>18</time>
    </ksState>
    <ksState>
      <x>6.231535056013167</x>
      <y>10.280585631859534</y>
      <orientation>1.1237012835417777</orientation>
      <velocity>6.399999999999999</velocity>
      <steeringAngle>0.02664999999999998</steeringAngle>
      <time>19</time>
    </ksState>
    <ksState>
      <x>6.502988957049277</x>
      <y>10.849102733046255</y>
      <orientation>1.128610722122334</orientation>
      <velocity>5.999999999999998</velocity>
      <steeringAngle>-2.42861286636753e-17</steeringAngle>
      <time>20</time>
    </ksState>
    <ksState>
      <x>6.751180164912632</x>
      <y>11.37331750233393</y>
      <orientation>1.1271639028131675</orientation>
      <velocity>5.199999999999999</velocity>
      <steeringAngle>-0.026650000000000004</steeringAngle>
      <time>21</time>
    </ksState>
    <ksState>
      <x>6.966373884233407</x>
      <y>11.824639130993328</y>
      <orientation>1.120754320248737</orientation>
      <velocity>4.399999999999999</velocity>
      <steeringAngle>-0.05330000000000001</steeringAngle>
      <time>22</time>
    </ksState>
    <ksState>
      <x>7.149893995056536</x>
      <y>12.20242141953971</y>
      <orientation>1.1110285676496934</orientation>
      <velocity>3.5999999999999988</velocity>
      <steeringAngle>-0.07995000000000001</steeringAngle>
      <time>23</time>
    </ksState>
    <ksState>
      <x>7.301566312961231</x>
      <y>12.506715039809452</y>
      <orientation>1.099632613155761</orientation>
      <velocity>2.799999999999999</velocity>
      <steeringAngle>-0.10660000000000001</steeringAngle>
      <time>24</time>
    </ksState>
    <ksState>
      <x>7.420206624487118</x>
      <y>12.738067389233795</y>
      <orientation>1.088216493247996</orientation>
      <velocity>1.9999999999999991</velocity>
      <steeringAngle>-0.13325</steeringAngle>
      <time>25</time>
    </ksState>
    <ksState>
      <x>7.51816623350291</x>
      <y>12.923818884045033</y>
      <orientation>1.0767216708403569</orientation>
      <velocity>2.4000000000000004</velocity>
      <steeringAngle>-0.15990000000000001</steeringAngle>
      <time>26</time>
    </ksState>
    <ksState>
      <x>7.637577685720821</x>
      <y>13.14345500710026</y>
      <orientation>1.0603967861603443</orientation>
      <velocity>2.8000000000000007</velocity>
      <steeringAngle>-0.18655000000000002</steeringAngle>
      <time>27</time>
    </ksState>
    <ksState>
      <x>7.780587384844412</x>
      <y>13.395736637957256</y>
      <orientation>1.0383676473488999</orientation>
      <velocity>3.200000000000001</velocity>
      <steeringAngle>-0.21320000000000003</steeringAngle>
      <time>28</time>
    </ksState>
    <ksState>
      <x>7.950063832077967</x>
      <y>13.67888470338625</y>
      <orientation>1.0097431210728975</orientation>
      <velocity>3.6000000000000014</velocity>
      <steeringAngle>-0.23985000000000004</steeringAngle>
      <time>29</time>
    </ksState>
    <ksState>
      <x>8.149663902693813</x>
      <y>13.990412948391299</y>
      <orientation>0.9736122132069247</orientation>
      <velocity>4.000000000000002</velocity>
      <steeringAngle>-0.2665</steeringAngle>
      <time>30</time>
    </ksState>
    <ksState>
      <x>8.37806630376837</x>
      <y>14.318764002944894</y>
      <orientation>0.9301552534224935</orientation>
      <velocity>4.0</velocity>
      <steeringAngle>-0.29315</steeringAngle>
      <time>31</time>
    </ksState>
    <ksState>
      <x>8.620870447906984</x>
      <y>14.63660709265265</y>
      <orientation>0.8822054578906466</orientation>
      <velocity>4.0</velocity>
      <steeringAngle>-0.3198000000000001</steeringAngle>
      <time>32</time>
    </ksState>
    <ksState>
      <x>8.878974147571721</x>
      <y>14.942149393469755</y>
      <orientation>0.8296881558906185</orientation>
      <velocity>4.0</velocity>
      <steeringAngle>-0.34645000000000015</steeringAngle>
      <time>33</time>
    </ksState>
    <ksState>
      <x>9.153093844777244</x>
      <y>15.23340021338568</y>
      <orientation>0.7725201386191232</orientation>
      <velocity>4.0</velocity>
      <steeringAngle>-0.3731000000000002</steeringAngle>
      <time>34</time>
    </ksState>
    <ksState>
      <x>9.443726234769766</x>
      <y>15.508165487821312</y>
      <orientation>0.7106091039158802</orientation>
      <velocity>4.0</velocity>
      <steeringAngle>-0.39975000000000027</steeringAngle>
      <time>35</time>
    </ksState>
    <ksState>
      <x>9.751104559039783</x>
      <y>15.764047542957242</y>
      <orientation>0.6450778364220189</orientation>
      <velocity>4.0</velocity>
      <steeringAngle>-0.39975000000000005</steeringAngle>
      <time>36</time>
    </ksState>
    <ksState>
      <x>10.074579401380895</x>
      <y>15.999251893988475</y>
      <orientation>0.5795465689281576</orientation>
      <velocity>4.0</velocity>
      <steeringAngle>-0.39975000000000005</steeringAngle>
      <time>37</time>
    </ksState>
    <ksState>
      <x>10.412762145608088</x>
      <y>16.212768853217938</y>
      <orientation>0.5140153014342963</orientation>
      <velocity>4.0</velocity>
      <steeringAngle>-0.39975000000000005</steeringAngle>
      <time>38</time>
    </ksState>
    <ksState>
      <x>10.764201037301374</x>
      <y>16.4036818328108</y>
      <orientation>0.44848403394043507</orientation>
      <velocity>4.0</velocity>
      <steeringAngle>-0.39975000000000005</steeringAngle>
      <time>39</time>
    </ksState>
    <ksState>
      <x>11.127387415912327</x>
      <y>16.571171279532354</y>
      <orientation>0.3829527664465738</orientation>
      <velocity>4.0</velocity>
      <steeringAngle>-0.39975000000000005</steeringAngle>
      <time>40</time>
    </ksState>
    <ksState>
      <x>11.500762191157872</x>
      <y>16.714518192934666</y>
      <orientation>0.3186325973438136</orientation>
      <velocity>4.0</velocity>
      <steeringAngle>-0.3731</steeringAngle>
      <time>41</time>
    </ksState>
    <ksState>
      <x>11.882442206092563</x>
      <y>16.83403182541192</y>
      <orientation>0.25910520120671554</orientation>
      <velocity>4.0</velocity>
      <steeringAngle>-0.3464499999999999</steeringAngle>
      <time>42</time>
    </ksState>
    <ksState>
      <x>12.270448767371983</x>
      <y>16.931086227176422</y>
      <orientation>0.20427349712807458</orientation>
      <velocity>4.0</velocity>
      <steeringAngle>-0.31979999999999986</steeringAngle>
      <time>43</time>
    </ksState>
    <ksState>
      <x>12.66310949263881</x>
      <y>17.00718597883281</y>
      <orientation>0.15404980366591334</orientation>
      <velocity>4.0</velocity>
      <steeringAngle>-0.2931499999999998</steeringAngle>
      <time>44</time>
    </ksState>
    <ksState>
      <x>13.059036767208736</x>
      <y>17.06392816188465</y>
      <orientation>0.10835524596583129</orientation>
      <velocity>4.0</velocity>
      <steeringAngle>-0.26649999999999974</steeringAngle>
      <time>45</time>
    </ksState>
    <ksState>
      <x>13.4371801679139</x>
      <y>17.101230080895697</y>
      <orientation>0.06912571476361126</orientation>
      <velocity>3.2</velocity>
      <steeringAngle>-0.23985000000000004</steeringAngle>
      <time>46</time>
    </ksState>
    <ksState>
      <x>13.736594335916132</x>
      <y>17.119831138184384</y>
      <orientation>0.04144096694238139</orientation>
      <velocity>2.4000000000000004</velocity>
      <steeringAngle>-0.21320000000000003</steeringAngle>
      <time>47</time>
    </ksState>
    <ksState>
      <x>13.95644211773673</x>
      <y>17.127938858043926</y>
      <orientation>0.02351216999476241</orientation>
      <velocity>1.6000000000000005</velocity>
      <steeringAngle>-0.18655000000000002</steeringAngle>
      <time>48</time>
    </ksState>
    <ksState>
      <x>14.096410652856823</x>
      <y>17.13087903272753</y>
      <orientation>0.013586169667138132</orientation>
      <velocity>0.8000000000000006</velocity>
      <steeringAngle>-0.15990000000000001</steeringAngle>
      <time>49</time>
    </ksState>
    <ksState>
      <x>14.156405732540511</x>
      <y>17.13164415223896</y>
      <orientation>0.009939768752707842</orientation>
      <velocity>5.551115123125783e-16</velocity>
      <steeringAngle>-0.13325</steeringAngle>
      <time>50</time>
    </ksState>
    <ksState>
      <x>14.156405732540511</x>
      <y>17.13164415223896</y>
      <orientation>0.009939768752707842</orientation>
      <velocity>0.0</velocity>
      <steeringAngle>-0.1066</steeringAngle>
      <time>51</time>
    </ksState>
    <ksState>
      <x>14.156405732540511</x>
      <y>17.13164415223896</y>
      <orientation>0.009939768752707842</orientation>
      <velocity>0.0</velocity>
      <steeringAngle>-0.07995</steeringAngle>
      <time>52</time>
    </ksState>
    <ksState>
      <x>14.156405732540511</x>
      <y>17.13164415223896</y>
      <orientation>0.009939768752707842</orientation>
      <velocity>0.0</velocity>
      <steeringAngle>-0.053299999999999986</steeringAngle>
      <time>53</time>
    </ksState>
    <ksState>
      <x>14.156405732540511</x>
      <y>17.13164415223896</y>
      <orientation>0.009939768752707842</orientation>
      <velocity>0.0</velocity>
      <steeringAngle>-0.02664999999999998</steeringAngle>
      <time>54</time>
    </ksState>
    <ksState>
      <x>14.156405732540511</x>
      <y>17.13164415223896</y>
      <orientation>0.009939768752707842</orientation>
      <velocity>0.0</velocity>
      <steeringAngle>2.42861286636753e-17</steeringAngle>
      <time>55</time>
    </ksState>
    <ksState>
      <x>14.171404991554091</x>
      <y>17.131793246315162</y>
      <orientation>0.010017276929984617</orientation>
      <velocity>0.6000000000000001</velocity>
      <steeringAngle>0.026650000000000004</steeringAngle>
      <time>56</time>
    </ksState>
    <ksState>
      <x>14.24640108667506</x>
      <y>17.132558482747882</y>
      <orientation>0.011025268802406996</orientation>
      <velocity>1.2000000000000002</velocity>
      <steeringAngle>0.05330000000000001</steeringAngle>
      <time>57</time>
    </ksState>
    <ksState>
      <x>14.381391797571135</x>
      <y>17.134139950042943</y>
      <orientation>0.014206963628412325</orientation>
      <velocity>1.8000000000000003</velocity>
      <steeringAngle>0.07995000000000001</steeringAngle>
      <time>58</time>
    </ksState>
    <ksState>
      <x>14.576367537437878</x>
      <y>17.13720376829363</y>
      <orientation>0.020811780854826514</orientation>
      <velocity>2.4000000000000004</velocity>
      <steeringAngle>0.10660000000000001</steeringAngle>
      <time>59</time>
    </ksState>
    <ksState>
      <x>14.831296654093107</x>
      <y>17.143182385212768</y>
      <orientation>0.03209894569721264</orientation>
      <velocity>3.0</velocity>
      <steeringAngle>0.13325</steeringAngle>
      <time>60</time>
    </ksState>
    <ksState>
      <x>15.116111962847746</x>
      <y>17.15338086462826</y>
      <orientation>0.04620356415896419</orientation>
      <velocity>2.4000000000000004</velocity>
      <steeringAngle>0.1066</steeringAngle>
      <time>61</time>
    </ksState>
    <ksState>
      <x>15.340846397052609</x>
      <y>17.164295153915184</y>
      <orientation>0.05499139624496374</orientation>
      <velocity>1.8000000000000005</velocity>
      <steeringAngle>0.07995</steeringAngle>
      <time>62</time>
    </ksState>
    <ksState>
      <x>15.50558515651673</x>
      <y>17.17357353513052</y>
      <orientation>0.059727947320672665</orientation>
      <velocity>1.2000000000000004</velocity>
      <steeringAngle>0.053299999999999986</steeringAngle>
      <time>63</time>
    </ksState>
    <ksState>
      <x>15.610394553482354</x>
      <y>17.179896995253117</y>
      <orientation>0.06166708448267093</orientation>
      <velocity>0.6000000000000003</velocity>
      <steeringAngle>0.02664999999999998</steeringAngle>
      <time>64</time>
    </ksState>
    <ksState>
      <x>15.655308729563652</x>
      <y>17.182674897999565</y>
      <orientation>0.062054680433401094</orientation>
      <velocity>2.220446049250313e-16</velocity>
      <steeringAngle>-2.42861286636753e-17</steeringAngle>
      <time>65</time>
    </ksState>
    <ksState>
      <x>15.655308729563652</x>
      <y>17.182674897999565</y>
      <orientation>0.062054680433401094</orientation>
      <velocity>0.0</velocity>
      <steeringAngle>0.0</steeringAngle>
      <time>66</time>
    </ksState>
    <ksState>
      <x>15.655308729563652</x>
      <y>17.182674897999565</y>
      <orientation>0.062054680433401094</orientation>
      <velocity>0.0</velocity>
      <steeringAngle>0.0</steeringAngle>
      <time>67</time>
    </ksState>
    <ksState>
      <x>15.655308729563652</x>
      <y>17.182674897999565</y>
      <orientation>0.062054680433401094</orientation>
      <velocity>0.0</velocity>
      <steeringAngle>0.0</steeringAngle>
      <time>68</time>
    </ksState>
    <ksState>
      <x>15.655308729563652</x>
      <y>17.182674897999565</y>
      <orientation>0.062054680433401094</orientation>
      <velocity>0.0</velocity>
      <steeringAngle>0.0</steeringAngle>
      <time>69</time>
    </ksState>
    <ksState>
      <x>15.655308729563652</x>
      <y>17.182674897999565</y>
      <orientation>0.062054680433401094</orientation>
      <velocity>0.0</velocity>
      <steeringAngle>0.0</steeringAngle>
      <time>70</time>
    </ksState>
    <ksState>
      <x>15.655308729563652</x>
      <y>17.182674897999565</y>
      <orientation>0.062054680433401094</orientation>
      <velocity>0.0</velocity>
      <steeringAngle>0.0</steeringAngle>
      <time>71</time>
    </ksState>
    <ksState>
      <x>15.655308729563652</x>
      <y>17.182674897999565</y>
      <orientation>0.062054680433401094</orientation>
      <velocity>0.0</velocity>
      <steeringAngle>0.0</steeringAngle>
      <time>72</time>
    </ksState>
    <ksState>
      <x>15.655308729563652</x>
      <y>17.182674897999565</y>
      <orientation>0.062054680433401094</orientation>
      <velocity>0.0</velocity>
      <steeringAngle>0.0</steeringAngle>
      <time>73</time>
    </ksState>
    <ksState>
      <x>15.655308729563652</x>
      <y>17.182674897999565</y>
      <orientation>0.062054680433401094</orientation>
      <velocity>0.0</velocity>
      <steeringAngle>0.0</steeringAngle>
      <time>74</time>
    </ksState>
    <ksState>
      <x>15.655308729563652</x>
      <y>17.182674897999565</y>
      <orientation>0.062054680433401094</orientation>
      <velocity>0.0</velocity>
      <steeringAngle>0.0</steeringAngle>
      <time>75</time>
    </ksState>
    <ksState>
      <x>15.655308729563652</x>
      <y>17.182674897999565</y>
      <orientation>0.062054680433401094</orientation>
      <velocity>0.0</velocity>
      <steeringAngle>0.0</steeringAngle>
      <time>76</time>
    </ksState>
    <ksState>
      <x>15.655308729563652</x>
      <y>17.182674897999565</y>
      <orientation>0.062054680433401094</orientation>
      <velocity>0.0</velocity>
      <steeringAngle>0.0</steeringAngle>
      <time>77</time>
    </ksState>
    <ksState>
      <x>15.655308729563652</x>
      <y>17.182674897999565</y>
      <orientation>0.062054680433401094</orientation>
      <velocity>0.0</velocity>
      <steeringAngle>0.0</steeringAngle>
      <time>78</time>
    </ksState>
    <ksState>
      <x>15.655308729563652</x>
      <y>17.182674897999565</y>
      <orientation>0.062054680433401094</orientation>
      <velocity>0.0</velocity>
      <steeringAngle>0.0</steeringAngle>
      <time>79</time>
    </ksState>
    <ksState>
      <x>15.655308729563652</x>
      <y>17.182674897999565</y>
      <orientation>0.062054680433401094</orientation>
      <velocity>0.0</velocity>
      <steeringAngle>0.0</steeringAngle>
      <time>80</time>
    </ksState>
    <ksState>
      <x>15.655308729563652</x>
      <y>17.182674897999565</y>
      <orientation>0.062054680433401094</orientation>
      <velocity>0.0</velocity>
      <steeringAngle>0.0</steeringAngle>
      <time>81</time>
    </ksState>
    <ksState>
      <x>15.655308729563652</x>
      <y>17.182674897999565</y>
      <orientation>0.062054680433401094</orientation>
      <velocity>0.0</velocity>
      <steeringAngle>0.0</steeringAngle>
      <time>82</time>
    </ksState>
    <ksState>
      <x>15.655308729563652</x>
      <y>17.182674897999565</y>
      <orientation>0.062054680433401094</orientation>
      <velocity>0.0</velocity>
      <steeringAngle>0.0</steeringAngle>
      <time>83</time>
    </ksState>
    <ksState>
      <x>15.655308729563652</x>
      <y>17.182674897999565</y>
      <orientation>0.062054680433401094</orientation>
      <velocity>0.0</velocity>
      <steeringAngle>0.0</steeringAngle>
      <time>84</time>
    </ksState>
    <ksState>
      <x>15.655308729563652</x>
      <y>17.182674897999565</y>
      <orientation>0.062054680433401094</orientation>
      <velocity>0.0</velocity>
      <steeringAngle>0.0</steeringAngle>
      <time>85</time>
    </ksState>
    <ksState>
      <x>15.655308729563652</x>
      <y>17.182674897999565</y>
      <orientation>0.062054680433401094</orientation>
      <velocity>0.0</velocity>
      <steeringAngle>0.0</steeringAngle>
      <time>86</time>
    </ksState>
    <ksState>
      <x>15.655308729563652</x>
      <y>17.182674897999565</y>
      <orientation>0.062054680433401094</orientation>
      <velocity>0.0</velocity>
      <steeringAngle>0.0</steeringAngle>
      <time>87</time>
    </ksState>
    <ksState>
      <x>15.655308729563652</x>
      <y>17.182674897999565</y>
      <orientation>0.062054680433401094</orientation>
      <velocity>0.0</velocity>
      <steeringAngle>0.0</steeringAngle>
      <time>88</time>
    </ksState>
    <ksState>
      <x>15.655308729563652</x>
      <y>17.182674897999565</y>
      <orientation>0.062054680433401094</orientation>
      <velocity>0.0</velocity>
      <steeringAngle>0.0</steeringAngle>
      <time>89</time>
    </ksState>
    <ksState>
      <x>15.655308729563652</x>
      <y>17.182674897999565</y>
      <orientation>0.062054680433401094</orientation>
      <velocity>0.0</velocity>
      <steeringAngle>0.0</steeringAngle>
      <time>90</time>
    </ksState>
    <ksState>
      <x>15.655308729563652</x>
      <y>17.182674897999565</y>
      <orientation>0.062054680433401094</orientation>
      <velocity>0.0</velocity>
      <steeringAngle>0.0</steeringAngle>
      <time>91</time>
    </ksState>
    <ksState>
      <x>15.655308729563652</x>
      <y>17.182674897999565</y>
      <orientation>0.062054680433401094</orientation>
      <velocity>0.0</velocity>
      <steeringAngle>0.0</steeringAngle>
      <time>92</time>
    </ksState>
    <ksState>
      <x>15.655308729563652</x>
      <y>17.182674897999565</y>
      <orientation>0.062054680433401094</orientation>
      <velocity>0.0</velocity>
      <steeringAngle>0.0</steeringAngle>
      <time>93</time>
    </ksState>
    <ksState>
      <x>15.655308729563652</x>
      <y>17.182674897999565</y>
      <orientation>0.062054680433401094</orientation>
      <velocity>0.0</velocity>
      <steeringAngle>0.0</steeringAngle>
      <time>94</time>
    </ksState>
    <ksState>
      <x>15.655308729563652</x>
      <y>17.182674897999565</y>
      <orientation>0.062054680433401094</orientation>
      <velocity>0.0</velocity>
      <steeringAngle>0.0</steeringAngle>
      <time>95</time>
    </ksState>
    <ksState>
      <x>15.655308729563652</x>
      <y>17.182674897999565</y>
      <orientation>0.062054680433401094</orientation>
      <velocity>0.0</velocity>
      <steeringAngle>0.0</steeringAngle>
      <time>96</time>
    </ksState>
    <ksState>
      <x>15.655308729563652</x>
      <y>17.182674897999565</y>
      <orientation>0.062054680433401094</orientation>
      <velocity>0.0</velocity>
      <steeringAngle>0.0</steeringAngle>
      <time>97</time>
    </ksState>
    <ksState>
      <x>15.655308729563652</x>
      <y>17.182674897999565</y>
      <orientation>0.062054680433401094</orientation>
      <velocity>0.0</velocity>
      <steeringAngle>0.0</steeringAngle>
      <time>98</time>
    </ksState>
  </ksTrajectory>
</CommonRoadSolution>
