<?xml version="1.0" ?>
<CommonRoadSolution benchmark_id="KS2:SM1:USA_Lanker-1_10_T-1:2018b" date="2019-11-18">
  <ksTrajectory planningProblem="1927">
    <ksState>
      <x>0.0</x>
      <y>0.0</y>
      <orientation>-1.7968</orientation>
      <velocity>10.0</velocity>
      <steeringAngle>0.0</steeringAngle>
      <time>0</time>
    </ksState>
    <ksState>
      <x>-0.2229642011974532</x>
      <y>-0.9696968417935483</y>
      <orientation>-1.7942422301498664</orientation>
      <velocity>9.8</velocity>
      <steeringAngle>0.026650000000000004</steeringAngle>
      <time>1</time>
    </ksState>
    <ksState>
      <x>-0.4366188781164745</x>
      <y>-1.9209962598939065</y>
      <orientation>-1.7816556078945731</orientation>
      <velocity>9.600000000000001</velocity>
      <steeringAngle>0.05330000000000001</steeringAngle>
      <time>2</time>
    </ksState>
    <ksState>
      <x>-0.6318835508473241</x>
      <y>-2.855808661643248</y>
      <orientation>-1.7594361522248239</orientation>
      <velocity>9.400000000000002</velocity>
      <steeringAngle>0.07995000000000001</steeringAngle>
      <time>3</time>
    </ksState>
    <ksState>
      <x>-0.8005391325192478</x>
      <y>-3.775446469693117</y>
      <orientation>-1.7279671288628207</orientation>
      <velocity>9.200000000000003</velocity>
      <steeringAngle>0.10660000000000001</steeringAngle>
      <time>4</time>
    </ksState>
    <ksState>
      <x>-0.9351692647718177</x>
      <y>-4.680445631262867</y>
      <orientation>-1.6876200620920385</orientation>
      <velocity>9.000000000000004</velocity>
      <steeringAngle>0.13325</steeringAngle>
      <time>5</time>
    </ksState>
    <ksState>
      <x>-1.0291381365994767</x>
      <y>-5.570437375038321</y>
      <orientation>-1.6387556872636546</orientation>
      <velocity>8.8</velocity>
      <steeringAngle>0.15990000000000001</steeringAngle>
      <time>6</time>
    </ksState>
    <ksState>
      <x>-1.0766052333433516</x>
      <y>-6.444065995957432</y>
      <orientation>-1.581724851495888</orientation>
      <velocity>8.600000000000001</velocity>
      <steeringAngle>0.18655000000000002</steeringAngle>
      <time>7</time>
    </ksState>
    <ksState>
      <x>-1.0725745977323986</x>
      <y>-7.298950650448501</y>
      <orientation>-1.51686936956232</orientation>
      <velocity>8.400000000000002</velocity>
      <steeringAngle>0.21320000000000003</steeringAngle>
      <time>8</time>
    </ksState>
    <ksState>
      <x>-1.0129737740743154</x>
      <y>-8.131690762523881</y>
      <orientation>-1.4445228415495328</orientation>
      <velocity>8.200000000000003</velocity>
      <steeringAngle>0.23985000000000004</steeringAngle>
      <time>9</time>
    </ksState>
    <ksState>
      <x>-0.8947555259991907</x>
      <y>-8.937915585098354</y>
      <orientation>-1.3650114385469447</orientation>
      <velocity>8.000000000000004</velocity>
      <steeringAngle>0.2665</steeringAngle>
      <time>10</time>
    </ksState>
    <ksState>
      <x>-0.7196974566807275</x>
      <y>-9.697838077801453</y>
      <orientation>-1.2845458974041728</orientation>
      <velocity>7.199999999999999</velocity>
      <steeringAngle>0.23985000000000004</steeringAngle>
      <time>11</time>
    </ksState>
  </ksTrajectory>
</CommonRoadSolution>
