<?xml version="1.0" ?>
<CommonRoadSolution benchmark_id="KS2:SM1:USA_US101-25_2_T-1:2018b" date="2019-11-18">
  <ksTrajectory planningProblem="452">
    <ksState>
      <x>0.0</x>
      <y>0.0</y>
      <orientation>-0.69188</orientation>
      <velocity>20.0</velocity>
      <steeringAngle>0.0</steeringAngle>
      <time>0</time>
    </ksState>
    <ksState>
      <x>1.5208447266364584</x>
      <y>-1.2600223480010488</y>
      <orientation>-0.69188</orientation>
      <velocity>19.0</velocity>
      <steeringAngle>0.0</steeringAngle>
      <time>1</time>
    </ksState>
    <ksState>
      <x>2.9646846569875267</x>
      <y>-2.4562460961033104</y>
      <orientation>-0.69188</orientation>
      <velocity>18.0</velocity>
      <steeringAngle>0.0</steeringAngle>
      <time>2</time>
    </ksState>
    <ksState>
      <x>4.331519791053205</x>
      <y>-3.5886712443067847</y>
      <orientation>-0.69188</orientation>
      <velocity>17.0</velocity>
      <steeringAngle>0.0</steeringAngle>
      <time>3</time>
    </ksState>
    <ksState>
      <x>5.621350128833493</x>
      <y>-4.657297792611472</y>
      <orientation>-0.69188</orientation>
      <velocity>16.0</velocity>
      <steeringAngle>0.0</steeringAngle>
      <time>4</time>
    </ksState>
    <ksState>
      <x>6.83417567032839</x>
      <y>-5.662125741017372</y>
      <orientation>-0.69188</orientation>
      <velocity>15.0</velocity>
      <steeringAngle>0.0</steeringAngle>
      <time>5</time>
    </ksState>
    <ksState>
      <x>7.9699964155378975</x>
      <y>-6.603155089524485</y>
      <orientation>-0.69188</orientation>
      <velocity>14.0</velocity>
      <steeringAngle>0.0</steeringAngle>
      <time>6</time>
    </ksState>
    <ksState>
      <x>9.028812364462015</x>
      <y>-7.48038583813281</y>
      <orientation>-0.69188</orientation>
      <velocity>13.0</velocity>
      <steeringAngle>0.0</steeringAngle>
      <time>7</time>
    </ksState>
    <ksState>
      <x>10.01062351710074</x>
      <y>-8.293817986842347</y>
      <orientation>-0.69188</orientation>
      <velocity>12.0</velocity>
      <steeringAngle>0.0</steeringAngle>
      <time>8</time>
    </ksState>
    <ksState>
      <x>10.915429873454077</x>
      <y>-9.043451535653098</y>
      <orientation>-0.69188</orientation>
      <velocity>11.0</velocity>
      <steeringAngle>0.0</steeringAngle>
      <time>9</time>
    </ksState>
    <ksState>
      <x>11.743231433522022</x>
      <y>-9.729286484565062</y>
      <orientation>-0.69188</orientation>
      <velocity>10.0</velocity>
      <steeringAngle>0.0</steeringAngle>
      <time>10</time>
    </ksState>
    <ksState>
      <x>12.494028197304576</x>
      <y>-10.351322833578237</y>
      <orientation>-0.69188</orientation>
      <velocity>9.0</velocity>
      <steeringAngle>0.0</steeringAngle>
      <time>11</time>
    </ksState>
    <ksState>
      <x>13.167820164801743</x>
      <y>-10.909560582692627</y>
      <orientation>-0.69188</orientation>
      <velocity>8.0</velocity>
      <steeringAngle>0.0</steeringAngle>
      <time>12</time>
    </ksState>
    <ksState>
      <x>13.764607336013517</x>
      <y>-11.403999731908229</y>
      <orientation>-0.69188</orientation>
      <velocity>7.0</velocity>
      <steeringAngle>0.0</steeringAngle>
      <time>13</time>
    </ksState>
    <ksState>
      <x>14.284389710939902</x>
      <y>-11.834640281225042</y>
      <orientation>-0.69188</orientation>
      <velocity>6.0</velocity>
      <steeringAngle>0.0</steeringAngle>
      <time>14</time>
    </ksState>
    <ksState>
      <x>14.727167289580896</x>
      <y>-12.20148223064307</y>
      <orientation>-0.69188</orientation>
      <velocity>5.0</velocity>
      <steeringAngle>0.0</steeringAngle>
      <time>15</time>
    </ksState>
    <ksState>
      <x>15.0929400719365</x>
      <y>-12.504525580162309</y>
      <orientation>-0.69188</orientation>
      <velocity>4.0</velocity>
      <steeringAngle>0.0</steeringAngle>
      <time>16</time>
    </ksState>
    <ksState>
      <x>15.381708058006714</x>
      <y>-12.74377032978276</y>
      <orientation>-0.69188</orientation>
      <velocity>3.0</velocity>
      <steeringAngle>0.0</steeringAngle>
      <time>17</time>
    </ksState>
    <ksState>
      <x>15.593471247791538</x>
      <y>-12.919216479504426</y>
      <orientation>-0.69188</orientation>
      <velocity>2.0</velocity>
      <steeringAngle>0.0</steeringAngle>
      <time>18</time>
    </ksState>
    <ksState>
      <x>15.72822964129097</x>
      <y>-13.030864029327304</y>
      <orientation>-0.69188</orientation>
      <velocity>1.0</velocity>
      <steeringAngle>0.0</steeringAngle>
      <time>19</time>
    </ksState>
    <ksState>
      <x>15.785983238505013</x>
      <y>-13.078712979251394</y>
      <orientation>-0.69188</orientation>
      <velocity>0.0</velocity>
      <steeringAngle>0.0</steeringAngle>
      <time>20</time>
    </ksState>
    <ksState>
      <x>15.785983238505013</x>
      <y>-13.078712979251394</y>
      <orientation>-0.69188</orientation>
      <velocity>0.0</velocity>
      <steeringAngle>0.0</steeringAngle>
      <time>21</time>
    </ksState>
    <ksState>
      <x>15.785983238505013</x>
      <y>-13.078712979251394</y>
      <orientation>-0.69188</orientation>
      <velocity>0.0</velocity>
      <steeringAngle>0.0</steeringAngle>
      <time>22</time>
    </ksState>
    <ksState>
      <x>15.785983238505013</x>
      <y>-13.078712979251394</y>
      <orientation>-0.69188</orientation>
      <velocity>0.0</velocity>
      <steeringAngle>0.0</steeringAngle>
      <time>23</time>
    </ksState>
    <ksState>
      <x>15.785983238505013</x>
      <y>-13.078712979251394</y>
      <orientation>-0.69188</orientation>
      <velocity>0.0</velocity>
      <steeringAngle>0.0</steeringAngle>
      <time>24</time>
    </ksState>
    <ksState>
      <x>15.785983238505013</x>
      <y>-13.078712979251394</y>
      <orientation>-0.69188</orientation>
      <velocity>0.0</velocity>
      <steeringAngle>0.0</steeringAngle>
      <time>25</time>
    </ksState>
    <ksState>
      <x>15.785983238505013</x>
      <y>-13.078712979251394</y>
      <orientation>-0.69188</orientation>
      <velocity>0.0</velocity>
      <steeringAngle>0.0</steeringAngle>
      <time>26</time>
    </ksState>
    <ksState>
      <x>15.785983238505013</x>
      <y>-13.078712979251394</y>
      <orientation>-0.69188</orientation>
      <velocity>0.0</velocity>
      <steeringAngle>0.0</steeringAngle>
      <time>27</time>
    </ksState>
    <ksState>
      <x>15.785983238505013</x>
      <y>-13.078712979251394</y>
      <orientation>-0.69188</orientation>
      <velocity>0.0</velocity>
      <steeringAngle>0.0</steeringAngle>
      <time>28</time>
    </ksState>
    <ksState>
      <x>15.785983238505013</x>
      <y>-13.078712979251394</y>
      <orientation>-0.69188</orientation>
      <velocity>0.0</velocity>
      <steeringAngle>0.0</steeringAngle>
      <time>29</time>
    </ksState>
    <ksState>
      <x>15.785983238505013</x>
      <y>-13.078712979251394</y>
      <orientation>-0.69188</orientation>
      <velocity>0.0</velocity>
      <steeringAngle>0.0</steeringAngle>
      <time>30</time>
    </ksState>
    <ksState>
      <x>15.785983238505013</x>
      <y>-13.078712979251394</y>
      <orientation>-0.69188</orientation>
      <velocity>0.0</velocity>
      <steeringAngle>0.0</steeringAngle>
      <time>31</time>
    </ksState>
    <ksState>
      <x>15.785983238505013</x>
      <y>-13.078712979251394</y>
      <orientation>-0.69188</orientation>
      <velocity>0.0</velocity>
      <steeringAngle>0.0</steeringAngle>
      <time>32</time>
    </ksState>
    <ksState>
      <x>15.785983238505013</x>
      <y>-13.078712979251394</y>
      <orientation>-0.69188</orientation>
      <velocity>0.0</velocity>
      <steeringAngle>0.0</steeringAngle>
      <time>33</time>
    </ksState>
    <ksState>
      <x>15.785983238505013</x>
      <y>-13.078712979251394</y>
      <orientation>-0.69188</orientation>
      <velocity>0.0</velocity>
      <steeringAngle>0.0</steeringAngle>
      <time>34</time>
    </ksState>
    <ksState>
      <x>15.785983238505013</x>
      <y>-13.078712979251394</y>
      <orientation>-0.69188</orientation>
      <velocity>0.0</velocity>
      <steeringAngle>0.0</steeringAngle>
      <time>35</time>
    </ksState>
    <ksState>
      <x>15.785983238505013</x>
      <y>-13.078712979251394</y>
      <orientation>-0.69188</orientation>
      <velocity>0.0</velocity>
      <steeringAngle>0.0</steeringAngle>
      <time>36</time>
    </ksState>
    <ksState>
      <x>15.785983238505013</x>
      <y>-13.078712979251394</y>
      <orientation>-0.69188</orientation>
      <velocity>0.0</velocity>
      <steeringAngle>0.0</steeringAngle>
      <time>37</time>
    </ksState>
    <ksState>
      <x>15.785983238505013</x>
      <y>-13.078712979251394</y>
      <orientation>-0.69188</orientation>
      <velocity>0.0</velocity>
      <steeringAngle>0.0</steeringAngle>
      <time>38</time>
    </ksState>
    <ksState>
      <x>15.785983238505013</x>
      <y>-13.078712979251394</y>
      <orientation>-0.69188</orientation>
      <velocity>0.0</velocity>
      <steeringAngle>0.0</steeringAngle>
      <time>39</time>
    </ksState>
    <ksState>
      <x>15.785983238505013</x>
      <y>-13.078712979251394</y>
      <orientation>-0.69188</orientation>
      <velocity>0.0</velocity>
      <steeringAngle>0.0</steeringAngle>
      <time>40</time>
    </ksState>
    <ksState>
      <x>15.785983238505013</x>
      <y>-13.078712979251394</y>
      <orientation>-0.69188</orientation>
      <velocity>0.0</velocity>
      <steeringAngle>0.0</steeringAngle>
      <time>41</time>
    </ksState>
    <ksState>
      <x>15.785983238505013</x>
      <y>-13.078712979251394</y>
      <orientation>-0.69188</orientation>
      <velocity>0.0</velocity>
      <steeringAngle>0.0</steeringAngle>
      <time>42</time>
    </ksState>
    <ksState>
      <x>15.785983238505013</x>
      <y>-13.078712979251394</y>
      <orientation>-0.69188</orientation>
      <velocity>0.0</velocity>
      <steeringAngle>0.0</steeringAngle>
      <time>43</time>
    </ksState>
    <ksState>
      <x>15.785983238505013</x>
      <y>-13.078712979251394</y>
      <orientation>-0.69188</orientation>
      <velocity>0.0</velocity>
      <steeringAngle>0.0</steeringAngle>
      <time>44</time>
    </ksState>
    <ksState>
      <x>15.785983238505013</x>
      <y>-13.078712979251394</y>
      <orientation>-0.69188</orientation>
      <velocity>0.0</velocity>
      <steeringAngle>0.0</steeringAngle>
      <time>45</time>
    </ksState>
    <ksState>
      <x>15.785983238505013</x>
      <y>-13.078712979251394</y>
      <orientation>-0.69188</orientation>
      <velocity>0.0</velocity>
      <steeringAngle>0.0</steeringAngle>
      <time>46</time>
    </ksState>
    <ksState>
      <x>15.785983238505013</x>
      <y>-13.078712979251394</y>
      <orientation>-0.69188</orientation>
      <velocity>0.0</velocity>
      <steeringAngle>0.0</steeringAngle>
      <time>47</time>
    </ksState>
    <ksState>
      <x>15.785983238505013</x>
      <y>-13.078712979251394</y>
      <orientation>-0.69188</orientation>
      <velocity>0.0</velocity>
      <steeringAngle>0.0</steeringAngle>
      <time>48</time>
    </ksState>
    <ksState>
      <x>15.785983238505013</x>
      <y>-13.078712979251394</y>
      <orientation>-0.69188</orientation>
      <velocity>0.0</velocity>
      <steeringAngle>0.0</steeringAngle>
      <time>49</time>
    </ksState>
    <ksState>
      <x>15.785983238505013</x>
      <y>-13.078712979251394</y>
      <orientation>-0.69188</orientation>
      <velocity>0.0</velocity>
      <steeringAngle>0.0</steeringAngle>
      <time>50</time>
    </ksState>
    <ksState>
      <x>15.785983238505013</x>
      <y>-13.078712979251394</y>
      <orientation>-0.69188</orientation>
      <velocity>0.0</velocity>
      <steeringAngle>0.0</steeringAngle>
      <time>51</time>
    </ksState>
    <ksState>
      <x>15.785983238505013</x>
      <y>-13.078712979251394</y>
      <orientation>-0.69188</orientation>
      <velocity>0.0</velocity>
      <steeringAngle>0.0</steeringAngle>
      <time>52</time>
    </ksState>
    <ksState>
      <x>15.785983238505013</x>
      <y>-13.078712979251394</y>
      <orientation>-0.69188</orientation>
      <velocity>0.0</velocity>
      <steeringAngle>0.0</steeringAngle>
      <time>53</time>
    </ksState>
    <ksState>
      <x>15.785983238505013</x>
      <y>-13.078712979251394</y>
      <orientation>-0.69188</orientation>
      <velocity>0.0</velocity>
      <steeringAngle>0.0</steeringAngle>
      <time>54</time>
    </ksState>
    <ksState>
      <x>15.785983238505013</x>
      <y>-13.078712979251394</y>
      <orientation>-0.69188</orientation>
      <velocity>0.0</velocity>
      <steeringAngle>0.0</steeringAngle>
      <time>55</time>
    </ksState>
    <ksState>
      <x>15.785983238505013</x>
      <y>-13.078712979251394</y>
      <orientation>-0.69188</orientation>
      <velocity>0.0</velocity>
      <steeringAngle>0.0</steeringAngle>
      <time>56</time>
    </ksState>
    <ksState>
      <x>15.785983238505013</x>
      <y>-13.078712979251394</y>
      <orientation>-0.69188</orientation>
      <velocity>0.0</velocity>
      <steeringAngle>0.0</steeringAngle>
      <time>57</time>
    </ksState>
    <ksState>
      <x>15.785983238505013</x>
      <y>-13.078712979251394</y>
      <orientation>-0.69188</orientation>
      <velocity>0.0</velocity>
      <steeringAngle>0.0</steeringAngle>
      <time>58</time>
    </ksState>
    <ksState>
      <x>15.785983238505013</x>
      <y>-13.078712979251394</y>
      <orientation>-0.69188</orientation>
      <velocity>0.0</velocity>
      <steeringAngle>0.0</steeringAngle>
      <time>59</time>
    </ksState>
    <ksState>
      <x>15.785983238505013</x>
      <y>-13.078712979251394</y>
      <orientation>-0.69188</orientation>
      <velocity>0.0</velocity>
      <steeringAngle>0.0</steeringAngle>
      <time>60</time>
    </ksState>
    <ksState>
      <x>15.785983238505013</x>
      <y>-13.078712979251394</y>
      <orientation>-0.69188</orientation>
      <velocity>0.0</velocity>
      <steeringAngle>0.0</steeringAngle>
      <time>61</time>
    </ksState>
    <ksState>
      <x>15.785983238505013</x>
      <y>-13.078712979251394</y>
      <orientation>-0.69188</orientation>
      <velocity>0.0</velocity>
      <steeringAngle>0.0</steeringAngle>
      <time>62</time>
    </ksState>
    <ksState>
      <x>15.785983238505013</x>
      <y>-13.078712979251394</y>
      <orientation>-0.69188</orientation>
      <velocity>0.0</velocity>
      <steeringAngle>0.0</steeringAngle>
      <time>63</time>
    </ksState>
    <ksState>
      <x>15.785983238505013</x>
      <y>-13.078712979251394</y>
      <orientation>-0.69188</orientation>
      <velocity>0.0</velocity>
      <steeringAngle>0.0</steeringAngle>
      <time>64</time>
    </ksState>
    <ksState>
      <x>15.785983238505013</x>
      <y>-13.078712979251394</y>
      <orientation>-0.69188</orientation>
      <velocity>0.0</velocity>
      <steeringAngle>0.0</steeringAngle>
      <time>65</time>
    </ksState>
    <ksState>
      <x>15.785983238505013</x>
      <y>-13.078712979251394</y>
      <orientation>-0.69188</orientation>
      <velocity>0.0</velocity>
      <steeringAngle>0.0</steeringAngle>
      <time>66</time>
    </ksState>
    <ksState>
      <x>15.785983238505013</x>
      <y>-13.078712979251394</y>
      <orientation>-0.69188</orientation>
      <velocity>0.0</velocity>
      <steeringAngle>0.0</steeringAngle>
      <time>67</time>
    </ksState>
  </ksTrajectory>
</CommonRoadSolution>
