<?xml version="1.0" ?>
<CommonRoadSolution benchmark_id="KS2:SM1:USA_US101-17_2_T-1:2018b" date="2019-11-18">
  <ksTrajectory planningProblem="253">
    <ksState>
      <x>0.0</x>
      <y>0.0</y>
      <orientation>-0.75737</orientation>
      <velocity>14.0</velocity>
      <steeringAngle>0.0</steeringAngle>
      <time>0</time>
    </ksState>
    <ksState>
      <x>0.9991373772120729</x>
      <y>-0.9446425257512917</y>
      <orientation>-0.7538821320225452</orientation>
      <velocity>13.0</velocity>
      <steeringAngle>0.026650000000000004</steeringAngle>
      <time>1</time>
    </ksState>
    <ksState>
      <x>1.931523617323035</x>
      <y>-1.8142761046431664</y>
      <orientation>-0.7374704511120412</orientation>
      <velocity>12.0</velocity>
      <steeringAngle>0.05330000000000001</steeringAngle>
      <time>2</time>
    </ksState>
    <ksState>
      <x>2.8059917258555966</x>
      <y>-2.599054656266853</y>
      <orientation>-0.7101812469655987</orientation>
      <velocity>11.0</velocity>
      <steeringAngle>0.07995000000000001</steeringAngle>
      <time>3</time>
    </ksState>
    <ksState>
      <x>3.6268940229487066</x>
      <y>-3.2930720289052413</y>
      <orientation>-0.6740503949304912</orientation>
      <velocity>10.0</velocity>
      <steeringAngle>0.10660000000000001</steeringAngle>
      <time>4</time>
    </ksState>
    <ksState>
      <x>4.394731951005624</x>
      <y>-3.8938612582495757</y>
      <orientation>-0.6311090992622598</orientation>
      <velocity>9.0</velocity>
      <steeringAngle>0.13325</steeringAngle>
      <time>5</time>
    </ksState>
    <ksState>
      <x>5.10695481672132</x>
      <y>-4.402053117570127</y>
      <orientation>-0.5878607163703284</orientation>
      <velocity>8.0</velocity>
      <steeringAngle>0.1066</steeringAngle>
      <time>6</time>
    </ksState>
    <ksState>
      <x>5.7552633013294585</x>
      <y>-4.826646794634419</y>
      <orientation>-0.557661102770882</orientation>
      <velocity>7.0</velocity>
      <steeringAngle>0.07995</steeringAngle>
      <time>7</time>
    </ksState>
    <ksState>
      <x>6.329851385485698</x>
      <y>-5.180850244966663</y>
      <orientation>-0.5383787544706913</orientation>
      <velocity>6.0</velocity>
      <steeringAngle>0.053299999999999986</steeringAngle>
      <time>8</time>
    </ksState>
    <ksState>
      <x>6.8243830615042285</x>
      <y>-5.4742105078078485</y>
      <orientation>-0.5279076196618455</orientation>
      <velocity>5.0</velocity>
      <steeringAngle>0.02664999999999998</steeringAngle>
      <time>9</time>
    </ksState>
    <ksState>
      <x>7.235010187212489</x>
      <y>-5.7129781522439185</y>
      <orientation>-0.5241609322239156</orientation>
      <velocity>4.0</velocity>
      <steeringAngle>-2.42861286636753e-17</steeringAngle>
      <time>10</time>
    </ksState>
    <ksState>
      <x>7.5639929788978675</x>
      <y>-5.903163122141371</y>
      <orientation>-0.5241609322239156</orientation>
      <velocity>3.2</velocity>
      <steeringAngle>0.0</steeringAngle>
      <time>11</time>
    </ksState>
    <ksState>
      <x>7.823716235491588</x>
      <y>-6.05330915100778</y>
      <orientation>-0.5241609322239156</orientation>
      <velocity>2.4000000000000004</velocity>
      <steeringAngle>0.0</steeringAngle>
      <time>12</time>
    </ksState>
    <ksState>
      <x>8.01417995699365</x>
      <y>-6.163416238843148</y>
      <orientation>-0.5241609322239156</orientation>
      <velocity>1.6000000000000005</velocity>
      <steeringAngle>0.0</steeringAngle>
      <time>13</time>
    </ksState>
    <ksState>
      <x>8.135384143404051</x>
      <y>-6.233484385647472</y>
      <orientation>-0.5241609322239156</orientation>
      <velocity>0.8000000000000006</velocity>
      <steeringAngle>0.0</steeringAngle>
      <time>14</time>
    </ksState>
    <ksState>
      <x>8.187328794722795</x>
      <y>-6.263513591420754</y>
      <orientation>-0.5241609322239156</orientation>
      <velocity>5.551115123125783e-16</velocity>
      <steeringAngle>0.0</steeringAngle>
      <time>15</time>
    </ksState>
    <ksState>
      <x>8.191657515666023</x>
      <y>-6.266016025235194</y>
      <orientation>-0.5241609322239156</orientation>
      <velocity>0.2</velocity>
      <steeringAngle>0.0</steeringAngle>
      <time>16</time>
    </ksState>
    <ksState>
      <x>8.213301120382168</x>
      <y>-6.278528194307395</y>
      <orientation>-0.5241609322239156</orientation>
      <velocity>0.4</velocity>
      <steeringAngle>0.0</steeringAngle>
      <time>17</time>
    </ksState>
    <ksState>
      <x>8.252259608871226</x>
      <y>-6.301050098637356</y>
      <orientation>-0.5241609322239156</orientation>
      <velocity>0.6</velocity>
      <steeringAngle>0.0</steeringAngle>
      <time>18</time>
    </ksState>
    <ksState>
      <x>8.308532981133197</x>
      <y>-6.333581738225078</y>
      <orientation>-0.5241609322239156</orientation>
      <velocity>0.7999999999999999</velocity>
      <steeringAngle>0.0</steeringAngle>
      <time>19</time>
    </ksState>
    <ksState>
      <x>8.382121237168086</x>
      <y>-6.376123113070561</y>
      <orientation>-0.5241609322239156</orientation>
      <velocity>0.9999999999999999</velocity>
      <steeringAngle>0.0</steeringAngle>
      <time>20</time>
    </ksState>
    <ksState>
      <x>8.486010539805573</x>
      <y>-6.436181524617124</y>
      <orientation>-0.523799227396624</orientation>
      <velocity>1.7999999999999998</velocity>
      <steeringAngle>0.026650000000000004</steeringAngle>
      <time>21</time>
    </ksState>
    <ksState>
      <x>8.659246712926185</x>
      <y>-6.536127608858414</y>
      <orientation>-0.521162976278784</orientation>
      <velocity>2.5999999999999996</velocity>
      <steeringAngle>0.05330000000000001</steeringAngle>
      <time>22</time>
    </ksState>
    <ksState>
      <x>8.902274496348825</x>
      <y>-6.675186428967831</y>
      <orientation>-0.5145927144496019</orientation>
      <velocity>3.3999999999999995</velocity>
      <steeringAngle>0.07995000000000001</steeringAngle>
      <time>23</time>
    </ksState>
    <ksState>
      <x>9.216143653956705</x>
      <y>-6.851496527714033</y>
      <orientation>-0.5024192285706355</orientation>
      <velocity>4.199999999999999</velocity>
      <steeringAngle>0.10660000000000001</steeringAngle>
      <time>24</time>
    </ksState>
    <ksState>
      <x>9.602725921400754</x>
      <y>-7.061616691897601</y>
      <orientation>-0.4829587299422962</orientation>
      <velocity>5.0</velocity>
      <steeringAngle>0.13325</steeringAngle>
      <time>25</time>
    </ksState>
    <ksState>
      <x>10.064859894639298</x>
      <y>-7.2999878174673025</y>
      <orientation>-0.457348345616021</orientation>
      <velocity>5.800000000000001</velocity>
      <steeringAngle>0.1066</steeringAngle>
      <time>26</time>
    </ksState>
    <ksState>
      <x>10.60482278208762</x>
      <y>-7.561573489463349</y>
      <orientation>-0.4340706947877642</orientation>
      <velocity>6.600000000000001</velocity>
      <steeringAngle>0.07995</steeringAngle>
      <time>27</time>
    </ksState>
    <ksState>
      <x>11.223252859021365</x>
      <y>-7.844296144763197</y>
      <orientation>-0.4147628790805221</orientation>
      <velocity>7.400000000000002</velocity>
      <steeringAngle>0.053299999999999986</steeringAngle>
      <time>28</time>
    </ksState>
    <ksState>
      <x>11.920006375894864</x>
      <y>-8.147818932273154</y>
      <orientation>-0.4010601063341104</orientation>
      <velocity>8.200000000000003</velocity>
      <steeringAngle>0.02664999999999998</steeringAngle>
      <time>29</time>
    </ksState>
    <ksState>
      <x>12.694058255426299</x>
      <y>-8.474071168337424</y>
      <orientation>-0.3946003390149798</orientation>
      <velocity>9.000000000000004</velocity>
      <steeringAngle>-2.42861286636753e-17</steeringAngle>
      <time>30</time>
    </ksState>
    <ksState>
      <x>13.520277759126751</x>
      <y>-8.818144317108116</y>
      <orientation>-0.3946003390149798</orientation>
      <velocity>8.8</velocity>
      <steeringAngle>0.0</steeringAngle>
      <time>31</time>
    </ksState>
    <ksState>
      <x>14.32803425715792</x>
      <y>-9.154528680431417</y>
      <orientation>-0.3946003390149798</orientation>
      <velocity>8.600000000000001</velocity>
      <steeringAngle>0.0</steeringAngle>
      <time>32</time>
    </ksState>
    <ksState>
      <x>15.117327749519806</x>
      <y>-9.483224258307327</y>
      <orientation>-0.3946003390149798</orientation>
      <velocity>8.400000000000002</velocity>
      <steeringAngle>0.0</steeringAngle>
      <time>33</time>
    </ksState>
    <ksState>
      <x>15.888158236212407</x>
      <y>-9.80423105073585</y>
      <orientation>-0.3946003390149798</orientation>
      <velocity>8.200000000000003</velocity>
      <steeringAngle>0.0</steeringAngle>
      <time>34</time>
    </ksState>
    <ksState>
      <x>16.640525717235725</x>
      <y>-10.117549057716982</y>
      <orientation>-0.3946003390149798</orientation>
      <velocity>8.000000000000004</velocity>
      <steeringAngle>0.0</steeringAngle>
      <time>35</time>
    </ksState>
    <ksState>
      <x>17.37904594400708</x>
      <y>-10.425100475612572</y>
      <orientation>-0.3946003390149798</orientation>
      <velocity>8.0</velocity>
      <steeringAngle>0.0</steeringAngle>
      <time>36</time>
    </ksState>
    <ksState>
      <x>18.117566170778435</x>
      <y>-10.73265189350816</y>
      <orientation>-0.3946003390149798</orientation>
      <velocity>8.0</velocity>
      <steeringAngle>0.0</steeringAngle>
      <time>37</time>
    </ksState>
    <ksState>
      <x>18.856086397549788</x>
      <y>-11.04020331140375</y>
      <orientation>-0.3946003390149798</orientation>
      <velocity>8.0</velocity>
      <steeringAngle>0.0</steeringAngle>
      <time>38</time>
    </ksState>
    <ksState>
      <x>19.59460662432114</x>
      <y>-11.347754729299341</y>
      <orientation>-0.3946003390149798</orientation>
      <velocity>8.0</velocity>
      <steeringAngle>0.0</steeringAngle>
      <time>39</time>
    </ksState>
    <ksState>
      <x>20.333126851092494</x>
      <y>-11.65530614719493</y>
      <orientation>-0.3946003390149798</orientation>
      <velocity>8.0</velocity>
      <steeringAngle>0.0</steeringAngle>
      <time>40</time>
    </ksState>
    <ksState>
      <x>21.08549433211581</x>
      <y>-11.968624154176062</y>
      <orientation>-0.3946003390149798</orientation>
      <velocity>8.600000000000001</velocity>
      <steeringAngle>0.0</steeringAngle>
      <time>41</time>
    </ksState>
    <ksState>
      <x>21.89325083014698</x>
      <y>-12.305008517499363</y>
      <orientation>-0.3946003390149798</orientation>
      <velocity>9.200000000000003</velocity>
      <steeringAngle>0.0</steeringAngle>
      <time>42</time>
    </ksState>
    <ksState>
      <x>22.756396345186</x>
      <y>-12.664459237164834</y>
      <orientation>-0.3946003390149798</orientation>
      <velocity>9.800000000000004</velocity>
      <steeringAngle>0.0</steeringAngle>
      <time>43</time>
    </ksState>
    <ksState>
      <x>23.674930877232875</x>
      <y>-13.046976313172474</y>
      <orientation>-0.3946003390149798</orientation>
      <velocity>10.400000000000006</velocity>
      <steeringAngle>0.0</steeringAngle>
      <time>44</time>
    </ksState>
    <ksState>
      <x>24.648854426287595</x>
      <y>-13.452559745522283</y>
      <orientation>-0.3946003390149798</orientation>
      <velocity>11.000000000000007</velocity>
      <steeringAngle>0.0</steeringAngle>
      <time>45</time>
    </ksState>
    <ksState>
      <x>25.641240981011602</x>
      <y>-13.865831963319481</y>
      <orientation>-0.39731312521966694</orientation>
      <velocity>10.0</velocity>
      <steeringAngle>-0.026650000000000004</steeringAngle>
      <time>46</time>
    </ksState>
    <ksState>
      <x>26.539336633134003</x>
      <y>-14.245361746250571</y>
      <orientation>-0.40984802026634054</orientation>
      <velocity>9.0</velocity>
      <steeringAngle>-0.05330000000000001</steeringAngle>
      <time>47</time>
    </ksState>
    <ksState>
      <x>27.3402769655838</x>
      <y>-14.597644317276579</y>
      <orientation>-0.4301532182292578</orientation>
      <velocity>8.0</velocity>
      <steeringAngle>-0.07995000000000001</steeringAngle>
      <time>48</time>
    </ksState>
    <ksState>
      <x>28.042706315574208</x>
      <y>-14.925050553905729</y>
      <orientation>-0.45618288153312286</orientation>
      <velocity>7.0</velocity>
      <steeringAngle>-0.10660000000000001</steeringAngle>
      <time>49</time>
    </ksState>
    <ksState>
      <x>28.646571328868536</x>
      <y>-15.226626508345861</y>
      <orientation>-0.48589134068588113</orientation>
      <velocity>6.0</velocity>
      <steeringAngle>-0.13325</steeringAngle>
      <time>50</time>
    </ksState>
    <ksState>
      <x>29.152988268014003</x>
      <y>-15.49892565390008</y>
      <orientation>-0.5143342094860535</orientation>
      <velocity>5.0</velocity>
      <steeringAngle>-0.1066</steeringAngle>
      <time>51</time>
    </ksState>
    <ksState>
      <x>29.56537426391049</x>
      <y>-15.734630422277208</y>
      <orientation>-0.5328689029934145</orientation>
      <velocity>4.0</velocity>
      <steeringAngle>-0.07995</steeringAngle>
      <time>52</time>
    </ksState>
    <ksState>
      <x>29.887826415913754</x>
      <y>-15.92606777075863</y>
      <orientation>-0.5436101789130983</orientation>
      <velocity>3.0</velocity>
      <steeringAngle>-0.053299999999999986</steeringAngle>
      <time>53</time>
    </ksState>
    <ksState>
      <x>30.122983193174033</x>
      <y>-16.068637436405524</y>
      <orientation>-0.5486518840678075</orientation>
      <velocity>2.0</velocity>
      <steeringAngle>-0.02664999999999998</steeringAngle>
      <time>54</time>
    </ksState>
    <ksState>
      <x>30.27225769667327</x>
      <y>-16.159972613594753</y>
      <orientation>-0.5500730508657027</orientation>
      <velocity>1.0</velocity>
      <steeringAngle>2.42861286636753e-17</steeringAngle>
      <time>55</time>
    </ksState>
    <ksState>
      <x>30.378818488802054</x>
      <y>-16.225316301743543</y>
      <orientation>-0.5500730508657027</orientation>
      <velocity>2.0</velocity>
      <steeringAngle>0.0</steeringAngle>
      <time>56</time>
    </ksState>
    <ksState>
      <x>30.57062791463386</x>
      <y>-16.342934940411368</y>
      <orientation>-0.5500730508657027</orientation>
      <velocity>3.0</velocity>
      <steeringAngle>0.0</steeringAngle>
      <time>57</time>
    </ksState>
    <ksState>
      <x>30.847685974168694</x>
      <y>-16.512828529598227</y>
      <orientation>-0.5500730508657027</orientation>
      <velocity>4.0</velocity>
      <steeringAngle>0.0</steeringAngle>
      <time>58</time>
    </ksState>
    <ksState>
      <x>31.209992667406553</x>
      <y>-16.734997069304118</y>
      <orientation>-0.5500730508657027</orientation>
      <velocity>5.0</velocity>
      <steeringAngle>0.0</steeringAngle>
      <time>59</time>
    </ksState>
    <ksState>
      <x>31.65754799434744</x>
      <y>-17.009440559529043</y>
      <orientation>-0.5500730508657027</orientation>
      <velocity>6.0</velocity>
      <steeringAngle>0.0</steeringAngle>
      <time>60</time>
    </ksState>
    <ksState>
      <x>32.1860895233062</x>
      <y>-17.333545252747047</y>
      <orientation>-0.5500730508657027</orientation>
      <velocity>6.800000000000001</velocity>
      <steeringAngle>0.0</steeringAngle>
      <time>61</time>
    </ksState>
    <ksState>
      <x>32.78282995922738</x>
      <y>-17.69946990638028</y>
      <orientation>-0.5500730508657027</orientation>
      <velocity>7.600000000000001</velocity>
      <steeringAngle>0.0</steeringAngle>
      <time>62</time>
    </ksState>
    <ksState>
      <x>33.44776930211098</x>
      <y>-18.10721452042874</y>
      <orientation>-0.5500730508657027</orientation>
      <velocity>8.400000000000002</velocity>
      <steeringAngle>0.0</steeringAngle>
      <time>63</time>
    </ksState>
    <ksState>
      <x>34.180907551957</x>
      <y>-18.556779094892423</y>
      <orientation>-0.5500730508657027</orientation>
      <velocity>9.200000000000003</velocity>
      <steeringAngle>0.0</steeringAngle>
      <time>64</time>
    </ksState>
    <ksState>
      <x>34.98224470876544</x>
      <y>-19.048163629771338</y>
      <orientation>-0.5500730508657027</orientation>
      <velocity>10.000000000000004</velocity>
      <steeringAngle>0.0</steeringAngle>
      <time>65</time>
    </ksState>
    <ksState>
      <x>35.821943750740246</x>
      <y>-19.563071892383814</y>
      <orientation>-0.5500730508657027</orientation>
      <velocity>9.399999999999999</velocity>
      <steeringAngle>0.0</steeringAngle>
      <time>66</time>
    </ksState>
    <ksState>
      <x>36.61049361249323</x>
      <y>-20.04661518468487</y>
      <orientation>-0.5500730508657027</orientation>
      <velocity>8.799999999999997</velocity>
      <steeringAngle>0.0</steeringAngle>
      <time>67</time>
    </ksState>
    <ksState>
      <x>37.3478942940244</x>
      <y>-20.498793506674506</y>
      <orientation>-0.5500730508657027</orientation>
      <velocity>8.199999999999996</velocity>
      <steeringAngle>0.0</steeringAngle>
      <time>68</time>
    </ksState>
    <ksState>
      <x>38.03414579533376</x>
      <y>-20.919606858352722</y>
      <orientation>-0.5500730508657027</orientation>
      <velocity>7.599999999999996</velocity>
      <steeringAngle>0.0</steeringAngle>
      <time>69</time>
    </ksState>
    <ksState>
      <x>38.6692481164213</x>
      <y>-21.30905523971952</y>
      <orientation>-0.5500730508657027</orientation>
      <velocity>6.9999999999999964</velocity>
      <steeringAngle>0.0</steeringAngle>
      <time>70</time>
    </ksState>
    <ksState>
      <x>39.24467639391673</x>
      <y>-21.661911155722994</y>
      <orientation>-0.5500730508657027</orientation>
      <velocity>6.0</velocity>
      <steeringAngle>0.0</steeringAngle>
      <time>71</time>
    </ksState>
    <ksState>
      <x>39.73485603770912</x>
      <y>-21.962492121207433</y>
      <orientation>-0.5500730508657027</orientation>
      <velocity>5.0</velocity>
      <steeringAngle>0.0</steeringAngle>
      <time>72</time>
    </ksState>
    <ksState>
      <x>40.13978704779849</x>
      <y>-22.21079813617284</y>
      <orientation>-0.5500730508657027</orientation>
      <velocity>4.0</velocity>
      <steeringAngle>0.0</steeringAngle>
      <time>73</time>
    </ksState>
    <ksState>
      <x>40.45946942418484</x>
      <y>-22.406829200619214</y>
      <orientation>-0.5500730508657027</orientation>
      <velocity>3.0</velocity>
      <steeringAngle>0.0</steeringAngle>
      <time>74</time>
    </ksState>
    <ksState>
      <x>40.69390316686816</x>
      <y>-22.550585314546556</y>
      <orientation>-0.5500730508657027</orientation>
      <velocity>2.0</velocity>
      <steeringAngle>0.0</steeringAngle>
      <time>75</time>
    </ksState>
    <ksState>
      <x>40.85587557090391</x>
      <y>-22.64990772053272</y>
      <orientation>-0.5500730508657027</orientation>
      <velocity>1.6</velocity>
      <steeringAngle>0.0</steeringAngle>
      <time>76</time>
    </ksState>
    <ksState>
      <x>40.983748521458445</x>
      <y>-22.72832014631127</y>
      <orientation>-0.5500730508657027</orientation>
      <velocity>1.2000000000000002</velocity>
      <steeringAngle>0.0</steeringAngle>
      <time>77</time>
    </ksState>
    <ksState>
      <x>41.07752201853177</x>
      <y>-22.785822591882205</y>
      <orientation>-0.5500730508657027</orientation>
      <velocity>0.8000000000000003</velocity>
      <steeringAngle>0.0</steeringAngle>
      <time>78</time>
    </ksState>
    <ksState>
      <x>41.13719606212389</x>
      <y>-22.82241505724553</y>
      <orientation>-0.5500730508657027</orientation>
      <velocity>0.4000000000000003</velocity>
      <steeringAngle>0.0</steeringAngle>
      <time>79</time>
    </ksState>
    <ksState>
      <x>41.162770652234805</x>
      <y>-22.83809754240124</y>
      <orientation>-0.5500730508657027</orientation>
      <velocity>2.7755575615628914e-16</velocity>
      <steeringAngle>0.0</steeringAngle>
      <time>80</time>
    </ksState>
  </ksTrajectory>
</CommonRoadSolution>
