<?xml version="1.0" ?>
<CommonRoadSolution benchmark_id="KS2:SM1:USA_US101-33_1_T-1:2018b" date="2019-11-18">
  <ksTrajectory planningProblem="125">
    <ksState>
      <x>0.0</x>
      <y>0.0</y>
      <orientation>0.0</orientation>
      <velocity>17.0</velocity>
      <steeringAngle>0.0</steeringAngle>
      <time>0</time>
    </ksState>
    <ksState>
      <x>1.71</x>
      <y>0.0</y>
      <orientation>0.0</orientation>
      <velocity>17.4</velocity>
      <steeringAngle>0.0</steeringAngle>
      <time>1</time>
    </ksState>
    <ksState>
      <x>3.46</x>
      <y>0.0</y>
      <orientation>0.0</orientation>
      <velocity>17.799999999999997</velocity>
      <steeringAngle>0.0</steeringAngle>
      <time>2</time>
    </ksState>
    <ksState>
      <x>5.25</x>
      <y>0.0</y>
      <orientation>0.0</orientation>
      <velocity>18.199999999999996</velocity>
      <steeringAngle>0.0</steeringAngle>
      <time>3</time>
    </ksState>
    <ksState>
      <x>7.08</x>
      <y>0.0</y>
      <orientation>0.0</orientation>
      <velocity>18.599999999999994</velocity>
      <steeringAngle>0.0</steeringAngle>
      <time>4</time>
    </ksState>
    <ksState>
      <x>8.95</x>
      <y>0.0</y>
      <orientation>0.0</orientation>
      <velocity>18.999999999999993</velocity>
      <steeringAngle>0.0</steeringAngle>
      <time>5</time>
    </ksState>
    <ksState>
      <x>10.855</x>
      <y>0.0</y>
      <orientation>0.0</orientation>
      <velocity>19.200000000000003</velocity>
      <steeringAngle>0.0</steeringAngle>
      <time>6</time>
    </ksState>
    <ksState>
      <x>12.78</x>
      <y>0.0</y>
      <orientation>0.0</orientation>
      <velocity>19.400000000000006</velocity>
      <steeringAngle>0.0</steeringAngle>
      <time>7</time>
    </ksState>
    <ksState>
      <x>14.725000000000001</x>
      <y>0.0</y>
      <orientation>0.0</orientation>
      <velocity>19.60000000000001</velocity>
      <steeringAngle>0.0</steeringAngle>
      <time>8</time>
    </ksState>
    <ksState>
      <x>16.69</x>
      <y>0.0</y>
      <orientation>0.0</orientation>
      <velocity>19.80000000000001</velocity>
      <steeringAngle>0.0</steeringAngle>
      <time>9</time>
    </ksState>
    <ksState>
      <x>18.675000000000004</x>
      <y>0.0</y>
      <orientation>0.0</orientation>
      <velocity>20.000000000000014</velocity>
      <steeringAngle>0.0</steeringAngle>
      <time>10</time>
    </ksState>
    <ksState>
      <x>20.675000000000004</x>
      <y>0.0</y>
      <orientation>0.0</orientation>
      <velocity>20.0</velocity>
      <steeringAngle>0.0</steeringAngle>
      <time>11</time>
    </ksState>
    <ksState>
      <x>22.675000000000004</x>
      <y>0.0</y>
      <orientation>0.0</orientation>
      <velocity>20.0</velocity>
      <steeringAngle>0.0</steeringAngle>
      <time>12</time>
    </ksState>
    <ksState>
      <x>24.675000000000004</x>
      <y>0.0</y>
      <orientation>0.0</orientation>
      <velocity>20.0</velocity>
      <steeringAngle>0.0</steeringAngle>
      <time>13</time>
    </ksState>
    <ksState>
      <x>26.675000000000004</x>
      <y>0.0</y>
      <orientation>0.0</orientation>
      <velocity>20.0</velocity>
      <steeringAngle>0.0</steeringAngle>
      <time>14</time>
    </ksState>
    <ksState>
      <x>28.675000000000004</x>
      <y>0.0</y>
      <orientation>0.0</orientation>
      <velocity>20.0</velocity>
      <steeringAngle>0.0</steeringAngle>
      <time>15</time>
    </ksState>
    <ksState>
      <x>30.675000000000004</x>
      <y>0.0</y>
      <orientation>0.0</orientation>
      <velocity>20.0</velocity>
      <steeringAngle>0.0</steeringAngle>
      <time>16</time>
    </ksState>
    <ksState>
      <x>32.675000000000004</x>
      <y>0.0</y>
      <orientation>0.0</orientation>
      <velocity>20.0</velocity>
      <steeringAngle>0.0</steeringAngle>
      <time>17</time>
    </ksState>
    <ksState>
      <x>34.675000000000004</x>
      <y>0.0</y>
      <orientation>0.0</orientation>
      <velocity>20.0</velocity>
      <steeringAngle>0.0</steeringAngle>
      <time>18</time>
    </ksState>
    <ksState>
      <x>36.675000000000004</x>
      <y>0.0</y>
      <orientation>0.0</orientation>
      <velocity>20.0</velocity>
      <steeringAngle>0.0</steeringAngle>
      <time>19</time>
    </ksState>
    <ksState>
      <x>38.675000000000004</x>
      <y>0.0</y>
      <orientation>0.0</orientation>
      <velocity>20.0</velocity>
      <steeringAngle>0.0</steeringAngle>
      <time>20</time>
    </ksState>
    <ksState>
      <x>40.675000000000004</x>
      <y>0.0</y>
      <orientation>0.0</orientation>
      <velocity>20.0</velocity>
      <steeringAngle>0.0</steeringAngle>
      <time>21</time>
    </ksState>
    <ksState>
      <x>42.675000000000004</x>
      <y>0.0</y>
      <orientation>0.0</orientation>
      <velocity>20.0</velocity>
      <steeringAngle>0.0</steeringAngle>
      <time>22</time>
    </ksState>
    <ksState>
      <x>44.675000000000004</x>
      <y>0.0</y>
      <orientation>0.0</orientation>
      <velocity>20.0</velocity>
      <steeringAngle>0.0</steeringAngle>
      <time>23</time>
    </ksState>
    <ksState>
      <x>46.675000000000004</x>
      <y>0.0</y>
      <orientation>0.0</orientation>
      <velocity>20.0</velocity>
      <steeringAngle>0.0</steeringAngle>
      <time>24</time>
    </ksState>
    <ksState>
      <x>48.675000000000004</x>
      <y>0.0</y>
      <orientation>0.0</orientation>
      <velocity>20.0</velocity>
      <steeringAngle>0.0</steeringAngle>
      <time>25</time>
    </ksState>
    <ksState>
      <x>50.650000000000006</x>
      <y>0.0</y>
      <orientation>0.0</orientation>
      <velocity>19.0</velocity>
      <steeringAngle>0.0</steeringAngle>
      <time>26</time>
    </ksState>
    <ksState>
      <x>52.525000000000006</x>
      <y>0.0</y>
      <orientation>0.0</orientation>
      <velocity>18.0</velocity>
      <steeringAngle>0.0</steeringAngle>
      <time>27</time>
    </ksState>
    <ksState>
      <x>54.300000000000004</x>
      <y>0.0</y>
      <orientation>0.0</orientation>
      <velocity>17.0</velocity>
      <steeringAngle>0.0</steeringAngle>
      <time>28</time>
    </ksState>
    <ksState>
      <x>55.97500000000001</x>
      <y>0.0</y>
      <orientation>0.0</orientation>
      <velocity>16.0</velocity>
      <steeringAngle>0.0</steeringAngle>
      <time>29</time>
    </ksState>
  </ksTrajectory>
</CommonRoadSolution>
