<?xml version="1.0" ?>
<CommonRoadSolution benchmark_id="KS2:SM1:USA_Lanker-1_16_T-1:2018b" date="2019-11-18">
  <ksTrajectory planningProblem="1771">
    <ksState>
      <x>0.0</x>
      <y>0.0</y>
      <orientation>-2.2698</orientation>
      <velocity>4.0</velocity>
      <steeringAngle>0.0</steeringAngle>
      <time>0</time>
    </ksState>
    <ksState>
      <x>-0.27346851731205196</x>
      <y>-0.32533055503464164</y>
      <orientation>-2.2709626226591517</orientation>
      <velocity>5.0</velocity>
      <steeringAngle>-0.026650000000000004</steeringAngle>
      <time>1</time>
    </ksState>
    <ksState>
      <x>-0.6122924153763144</x>
      <y>-0.7263578696033347</y>
      <orientation>-2.2778116569316293</orientation>
      <velocity>6.0</velocity>
      <steeringAngle>-0.05330000000000001</steeringAngle>
      <time>2</time>
    </ksState>
    <ksState>
      <x>-1.0198015079564586</x>
      <y>-1.2002329418734305</y>
      <orientation>-2.2924264898863385</orientation>
      <velocity>7.0</velocity>
      <steeringAngle>-0.07995000000000001</steeringAngle>
      <time>3</time>
    </ksState>
    <ksState>
      <x>-1.5017897879971742</x>
      <y>-1.7418017550994969</y>
      <orientation>-2.3169027702386855</orientation>
      <velocity>8.0</velocity>
      <steeringAngle>-0.10660000000000001</steeringAngle>
      <time>4</time>
    </ksState>
    <ksState>
      <x>-2.066927036967865</x>
      <y>-2.3427993112948333</y>
      <orientation>-2.3533584936632934</orientation>
      <velocity>8.995108823529412</velocity>
      <steeringAngle>-0.13325</steeringAngle>
      <time>5</time>
    </ksState>
    <ksState>
      <x>-2.690854671729073</x>
      <y>-2.9561790329267454</y>
      <orientation>-2.3966068765552246</orientation>
      <velocity>8.0</velocity>
      <steeringAngle>-0.1066</steeringAngle>
      <time>6</time>
    </ksState>
    <ksState>
      <x>-3.264736659593934</x>
      <y>-3.4769891190638633</y>
      <orientation>-2.426806490154671</orientation>
      <velocity>7.0</velocity>
      <steeringAngle>-0.07995</steeringAngle>
      <time>7</time>
    </ksState>
    <ksState>
      <x>-3.776821007206641</x>
      <y>-3.9167403801327465</y>
      <orientation>-2.446088838454862</orientation>
      <velocity>6.0</velocity>
      <steeringAngle>-0.053299999999999986</steeringAngle>
      <time>8</time>
    </ksState>
    <ksState>
      <x>-4.219355844345316</x>
      <y>-4.283870793362967</y>
      <orientation>-2.456559973263708</orientation>
      <velocity>5.0</velocity>
      <steeringAngle>-0.02664999999999998</steeringAngle>
      <time>9</time>
    </ksState>
    <ksState>
      <x>-4.5875623483189205</x>
      <y>-4.583951773814099</y>
      <orientation>-2.4603066607016375</orientation>
      <velocity>4.0</velocity>
      <steeringAngle>2.42861286636753e-17</steeringAngle>
      <time>10</time>
    </ksState>
  </ksTrajectory>
</CommonRoadSolution>
