<?xml version="1.0" ?>
<CommonRoadSolution benchmark_id="KS2:SM1:USA_US101-10_3_T-1:2018b" date="2019-11-18">
  <ksTrajectory planningProblem="543">
    <ksState>
      <x>0.0</x>
      <y>0.0</y>
      <orientation>-0.8362</orientation>
      <velocity>9.0</velocity>
      <steeringAngle>0.0</steeringAngle>
      <time>0</time>
    </ksState>
    <ksState>
      <x>0.5965560029921363</x>
      <y>-0.6604702380077746</y>
      <orientation>-0.8339264267998813</orientation>
      <velocity>8.600000000000001</velocity>
      <steeringAngle>0.026650000000000004</steeringAngle>
      <time>1</time>
    </ksState>
    <ksState>
      <x>1.1691128262020134</x>
      <y>-1.2887019759503362</y>
      <orientation>-0.8229680637900055</orientation>
      <velocity>8.200000000000003</velocity>
      <steeringAngle>0.05330000000000001</steeringAngle>
      <time>2</time>
    </ksState>
    <ksState>
      <x>1.7224294075123603</x>
      <y>-1.880249913752816</y>
      <orientation>-0.8041371751234332</orientation>
      <velocity>7.800000000000003</velocity>
      <steeringAngle>0.07995000000000001</steeringAngle>
      <time>3</time>
    </ksState>
    <ksState>
      <x>2.2599004435707677</x>
      <y>-2.4316147012498086</y>
      <orientation>-0.7782368204139821</orientation>
      <velocity>7.400000000000003</velocity>
      <steeringAngle>0.10660000000000001</steeringAngle>
      <time>4</time>
    </ksState>
    <ksState>
      <x>2.783621315418183</x>
      <y>-2.9401272919878902</y>
      <orientation>-0.7460630874291532</orientation>
      <velocity>7.000000000000003</velocity>
      <steeringAngle>0.13325</steeringAngle>
      <time>5</time>
    </ksState>
    <ksState>
      <x>3.313155901242081</x>
      <y>-3.420518637676821</y>
      <orientation>-0.7108159922517078</orientation>
      <velocity>7.6</velocity>
      <steeringAngle>0.1066</steeringAngle>
      <time>6</time>
    </ksState>
    <ksState>
      <x>3.9045000599347714</x>
      <y>-3.92141760091929</y>
      <orientation>-0.6807207573640893</orientation>
      <velocity>8.2</velocity>
      <steeringAngle>0.07995</steeringAngle>
      <time>7</time>
    </ksState>
    <ksState>
      <x>4.556774827088422</x>
      <y>-4.4426990569964975</y>
      <orientation>-0.656987067171442</orientation>
      <velocity>8.8</velocity>
      <steeringAngle>0.053299999999999986</steeringAngle>
      <time>8</time>
    </ksState>
    <ksState>
      <x>5.267982421689146</x>
      <y>-4.986014959834896</y>
      <orientation>-0.6408281054863186</orientation>
      <velocity>9.400000000000002</velocity>
      <steeringAngle>0.02664999999999998</steeringAngle>
      <time>9</time>
    </ksState>
    <ksState>
      <x>6.0349153749042035</x>
      <y>-5.555078634245312</y>
      <orientation>-0.6334639659702664</orientation>
      <velocity>10.000000000000004</velocity>
      <steeringAngle>-2.42861286636753e-17</steeringAngle>
      <time>10</time>
    </ksState>
    <ksState>
      <x>6.840897262123987</x>
      <y>-6.14701883179371</y>
      <orientation>-0.6334639659702664</orientation>
      <velocity>10.0</velocity>
      <steeringAngle>0.0</steeringAngle>
      <time>11</time>
    </ksState>
    <ksState>
      <x>7.646879149343771</x>
      <y>-6.738959029342107</y>
      <orientation>-0.6334639659702664</orientation>
      <velocity>10.0</velocity>
      <steeringAngle>0.0</steeringAngle>
      <time>12</time>
    </ksState>
    <ksState>
      <x>8.452861036563554</x>
      <y>-7.330899226890503</y>
      <orientation>-0.6334639659702664</orientation>
      <velocity>10.0</velocity>
      <steeringAngle>0.0</steeringAngle>
      <time>13</time>
    </ksState>
    <ksState>
      <x>9.25884292378334</x>
      <y>-7.9228394244389015</y>
      <orientation>-0.6334639659702664</orientation>
      <velocity>10.0</velocity>
      <steeringAngle>0.0</steeringAngle>
      <time>14</time>
    </ksState>
    <ksState>
      <x>10.064824811003124</x>
      <y>-8.514779621987298</y>
      <orientation>-0.6334639659702664</orientation>
      <velocity>10.0</velocity>
      <steeringAngle>0.0</steeringAngle>
      <time>15</time>
    </ksState>
    <ksState>
      <x>10.86677678878681</x>
      <y>-9.103760118547953</y>
      <orientation>-0.6334639659702664</orientation>
      <velocity>9.8</velocity>
      <steeringAngle>0.0</steeringAngle>
      <time>16</time>
    </ksState>
    <ksState>
      <x>11.652609128826098</x>
      <y>-9.680901811157641</y>
      <orientation>-0.6334639659702664</orientation>
      <velocity>9.600000000000001</velocity>
      <steeringAngle>0.0</steeringAngle>
      <time>17</time>
    </ksState>
    <ksState>
      <x>12.422321831120993</x>
      <y>-10.24620469981636</y>
      <orientation>-0.6334639659702664</orientation>
      <velocity>9.400000000000002</velocity>
      <steeringAngle>0.0</steeringAngle>
      <time>18</time>
    </ksState>
    <ksState>
      <x>13.17591489567149</x>
      <y>-10.799668784524112</y>
      <orientation>-0.6334639659702664</orientation>
      <velocity>9.200000000000003</velocity>
      <steeringAngle>0.0</steeringAngle>
      <time>19</time>
    </ksState>
    <ksState>
      <x>13.913388322477594</x>
      <y>-11.341294065280895</y>
      <orientation>-0.6334639659702664</orientation>
      <velocity>9.000000000000004</velocity>
      <steeringAngle>0.0</steeringAngle>
      <time>20</time>
    </ksState>
    <ksState>
      <x>14.6387720209754</x>
      <y>-11.874040243074452</y>
      <orientation>-0.6334639659702664</orientation>
      <velocity>9.0</velocity>
      <steeringAngle>0.0</steeringAngle>
      <time>21</time>
    </ksState>
    <ksState>
      <x>15.364155719473205</x>
      <y>-12.40678642086801</y>
      <orientation>-0.6334639659702664</orientation>
      <velocity>9.0</velocity>
      <steeringAngle>0.0</steeringAngle>
      <time>22</time>
    </ksState>
    <ksState>
      <x>16.08953941797101</x>
      <y>-12.939532598661568</y>
      <orientation>-0.6334639659702664</orientation>
      <velocity>9.0</velocity>
      <steeringAngle>0.0</steeringAngle>
      <time>23</time>
    </ksState>
    <ksState>
      <x>16.814923116468815</x>
      <y>-13.472278776455125</y>
      <orientation>-0.6334639659702664</orientation>
      <velocity>9.0</velocity>
      <steeringAngle>0.0</steeringAngle>
      <time>24</time>
    </ksState>
    <ksState>
      <x>17.540306814966623</x>
      <y>-14.005024954248682</y>
      <orientation>-0.6334639659702664</orientation>
      <velocity>9.0</velocity>
      <steeringAngle>0.0</steeringAngle>
      <time>25</time>
    </ksState>
    <ksState>
      <x>18.273750332336625</x>
      <y>-14.543690534017724</y>
      <orientation>-0.6334639659702664</orientation>
      <velocity>9.399999999999999</velocity>
      <steeringAngle>0.0</steeringAngle>
      <time>26</time>
    </ksState>
    <ksState>
      <x>19.039433125195423</x>
      <y>-15.106033721688702</y>
      <orientation>-0.6334639659702664</orientation>
      <velocity>9.799999999999997</velocity>
      <steeringAngle>0.0</steeringAngle>
      <time>27</time>
    </ksState>
    <ksState>
      <x>19.837355193543008</x>
      <y>-15.692054517261614</y>
      <orientation>-0.6334639659702664</orientation>
      <velocity>10.199999999999996</velocity>
      <steeringAngle>0.0</steeringAngle>
      <time>28</time>
    </ksState>
    <ksState>
      <x>20.667516537379385</x>
      <y>-16.30175292073646</y>
      <orientation>-0.6334639659702664</orientation>
      <velocity>10.599999999999994</velocity>
      <steeringAngle>0.0</steeringAngle>
      <time>29</time>
    </ksState>
    <ksState>
      <x>21.529917156704553</x>
      <y>-16.935128932113248</y>
      <orientation>-0.6334639659702664</orientation>
      <velocity>10.999999999999993</velocity>
      <steeringAngle>0.0</steeringAngle>
      <time>30</time>
    </ksState>
    <ksState>
      <x>22.412467323210215</x>
      <y>-17.583303448428744</y>
      <orientation>-0.6334639659702664</orientation>
      <velocity>10.8</velocity>
      <steeringAngle>0.0</steeringAngle>
      <time>31</time>
    </ksState>
    <ksState>
      <x>23.278897851971482</x>
      <y>-18.21963916079327</y>
      <orientation>-0.6334639659702664</orientation>
      <velocity>10.600000000000001</velocity>
      <steeringAngle>0.0</steeringAngle>
      <time>32</time>
    </ksState>
    <ksState>
      <x>24.129208742988357</x>
      <y>-18.84413606920683</y>
      <orientation>-0.6334639659702664</orientation>
      <velocity>10.400000000000002</velocity>
      <steeringAngle>0.0</steeringAngle>
      <time>33</time>
    </ksState>
    <ksState>
      <x>24.963399996260833</x>
      <y>-19.45679417366942</y>
      <orientation>-0.6334639659702664</orientation>
      <velocity>10.200000000000003</velocity>
      <steeringAngle>0.0</steeringAngle>
      <time>34</time>
    </ksState>
    <ksState>
      <x>25.781471611788913</x>
      <y>-20.057613474181043</y>
      <orientation>-0.6334639659702664</orientation>
      <velocity>10.000000000000004</velocity>
      <steeringAngle>0.0</steeringAngle>
      <time>35</time>
    </ksState>
    <ksState>
      <x>26.5673039518282</x>
      <y>-20.63475516679073</y>
      <orientation>-0.6334639659702664</orientation>
      <velocity>9.0</velocity>
      <steeringAngle>0.0</steeringAngle>
      <time>36</time>
    </ksState>
    <ksState>
      <x>27.272538103145514</x>
      <y>-21.152702839645578</y>
      <orientation>-0.6334639659702664</orientation>
      <velocity>8.0</velocity>
      <steeringAngle>0.0</steeringAngle>
      <time>37</time>
    </ksState>
    <ksState>
      <x>27.897174065740845</x>
      <y>-21.611456492745585</y>
      <orientation>-0.6334639659702664</orientation>
      <velocity>7.0</velocity>
      <steeringAngle>0.0</steeringAngle>
      <time>38</time>
    </ksState>
    <ksState>
      <x>28.4412118396142</x>
      <y>-22.011016126090755</y>
      <orientation>-0.6334639659702664</orientation>
      <velocity>6.0</velocity>
      <steeringAngle>0.0</steeringAngle>
      <time>39</time>
    </ksState>
    <ksState>
      <x>28.904651424765575</x>
      <y>-22.35138173968108</y>
      <orientation>-0.6334639659702664</orientation>
      <velocity>5.0</velocity>
      <steeringAngle>0.0</steeringAngle>
      <time>40</time>
    </ksState>
    <ksState>
      <x>29.287492821194974</x>
      <y>-22.63255333351657</y>
      <orientation>-0.6334639659702664</orientation>
      <velocity>4.0</velocity>
      <steeringAngle>0.0</steeringAngle>
      <time>41</time>
    </ksState>
    <ksState>
      <x>29.58973602890239</x>
      <y>-22.85453090759722</y>
      <orientation>-0.6334639659702664</orientation>
      <velocity>3.0</velocity>
      <steeringAngle>0.0</steeringAngle>
      <time>42</time>
    </ksState>
    <ksState>
      <x>29.81138104788783</x>
      <y>-23.01731446192303</y>
      <orientation>-0.6334639659702664</orientation>
      <velocity>2.0</velocity>
      <steeringAngle>0.0</steeringAngle>
      <time>43</time>
    </ksState>
    <ksState>
      <x>29.952427878151294</x>
      <y>-23.120903996493997</y>
      <orientation>-0.6334639659702664</orientation>
      <velocity>1.0</velocity>
      <steeringAngle>0.0</steeringAngle>
      <time>44</time>
    </ksState>
    <ksState>
      <x>30.012876519692778</x>
      <y>-23.165299511310128</y>
      <orientation>-0.6334639659702664</orientation>
      <velocity>0.0</velocity>
      <steeringAngle>0.0</steeringAngle>
      <time>45</time>
    </ksState>
    <ksState>
      <x>30.012876519692778</x>
      <y>-23.165299511310128</y>
      <orientation>-0.6334639659702664</orientation>
      <velocity>0.0</velocity>
      <steeringAngle>0.0</steeringAngle>
      <time>46</time>
    </ksState>
    <ksState>
      <x>30.012876519692778</x>
      <y>-23.165299511310128</y>
      <orientation>-0.6334639659702664</orientation>
      <velocity>0.0</velocity>
      <steeringAngle>0.0</steeringAngle>
      <time>47</time>
    </ksState>
    <ksState>
      <x>30.012876519692778</x>
      <y>-23.165299511310128</y>
      <orientation>-0.6334639659702664</orientation>
      <velocity>0.0</velocity>
      <steeringAngle>0.0</steeringAngle>
      <time>48</time>
    </ksState>
    <ksState>
      <x>30.012876519692778</x>
      <y>-23.165299511310128</y>
      <orientation>-0.6334639659702664</orientation>
      <velocity>0.0</velocity>
      <steeringAngle>0.0</steeringAngle>
      <time>49</time>
    </ksState>
    <ksState>
      <x>30.012876519692778</x>
      <y>-23.165299511310128</y>
      <orientation>-0.6334639659702664</orientation>
      <velocity>0.0</velocity>
      <steeringAngle>0.0</steeringAngle>
      <time>50</time>
    </ksState>
    <ksState>
      <x>30.033026066873273</x>
      <y>-23.180098016248838</y>
      <orientation>-0.6334639659702664</orientation>
      <velocity>1.0</velocity>
      <steeringAngle>0.0</steeringAngle>
      <time>51</time>
    </ksState>
    <ksState>
      <x>30.133773802775746</x>
      <y>-23.254090540942386</y>
      <orientation>-0.6334639659702664</orientation>
      <velocity>2.0</velocity>
      <steeringAngle>0.0</steeringAngle>
      <time>52</time>
    </ksState>
    <ksState>
      <x>30.315119727400198</x>
      <y>-23.387277085390778</y>
      <orientation>-0.6334639659702664</orientation>
      <velocity>3.0</velocity>
      <steeringAngle>0.0</steeringAngle>
      <time>53</time>
    </ksState>
    <ksState>
      <x>30.577063840746625</x>
      <y>-23.579657649594004</y>
      <orientation>-0.6334639659702664</orientation>
      <velocity>4.0</velocity>
      <steeringAngle>0.0</steeringAngle>
      <time>54</time>
    </ksState>
    <ksState>
      <x>30.919606142815034</x>
      <y>-23.831232233552075</y>
      <orientation>-0.6334639659702664</orientation>
      <velocity>5.0</velocity>
      <steeringAngle>0.0</steeringAngle>
      <time>55</time>
    </ksState>
    <ksState>
      <x>31.330656905297126</x>
      <y>-24.133121734301756</y>
      <orientation>-0.6334639659702664</orientation>
      <velocity>5.4</velocity>
      <steeringAngle>0.0</steeringAngle>
      <time>56</time>
    </ksState>
    <ksState>
      <x>31.773946943268005</x>
      <y>-24.458688842953375</y>
      <orientation>-0.6334639659702664</orientation>
      <velocity>5.800000000000001</velocity>
      <steeringAngle>0.0</steeringAngle>
      <time>57</time>
    </ksState>
    <ksState>
      <x>32.249476256727675</x>
      <y>-24.80793355950693</y>
      <orientation>-0.6334639659702664</orientation>
      <velocity>6.200000000000001</velocity>
      <steeringAngle>0.0</steeringAngle>
      <time>58</time>
    </ksState>
    <ksState>
      <x>32.75724484567614</x>
      <y>-25.180855883962423</y>
      <orientation>-0.6334639659702664</orientation>
      <velocity>6.600000000000001</velocity>
      <steeringAngle>0.0</steeringAngle>
      <time>59</time>
    </ksState>
    <ksState>
      <x>33.2972527101134</x>
      <y>-25.577455816319848</y>
      <orientation>-0.6334639659702664</orientation>
      <velocity>7.000000000000002</velocity>
      <steeringAngle>0.0</steeringAngle>
      <time>60</time>
    </ksState>
    <ksState>
      <x>33.841290483986754</x>
      <y>-25.977015449665014</y>
      <orientation>-0.6334639659702664</orientation>
      <velocity>6.0</velocity>
      <steeringAngle>0.0</steeringAngle>
      <time>61</time>
    </ksState>
    <ksState>
      <x>34.30473006913813</x>
      <y>-26.317381063255343</y>
      <orientation>-0.6334639659702664</orientation>
      <velocity>5.0</velocity>
      <steeringAngle>0.0</steeringAngle>
      <time>62</time>
    </ksState>
    <ksState>
      <x>34.68757146556752</x>
      <y>-26.598552657090835</y>
      <orientation>-0.6334639659702664</orientation>
      <velocity>4.0</velocity>
      <steeringAngle>0.0</steeringAngle>
      <time>63</time>
    </ksState>
    <ksState>
      <x>34.98981467327494</x>
      <y>-26.82053023117148</y>
      <orientation>-0.6334639659702664</orientation>
      <velocity>3.0</velocity>
      <steeringAngle>0.0</steeringAngle>
      <time>64</time>
    </ksState>
    <ksState>
      <x>35.211459692260384</x>
      <y>-26.98331378549729</y>
      <orientation>-0.6334639659702664</orientation>
      <velocity>2.0</velocity>
      <steeringAngle>0.0</steeringAngle>
      <time>65</time>
    </ksState>
    <ksState>
      <x>35.36459625083214</x>
      <y>-27.095782423031487</y>
      <orientation>-0.6334639659702664</orientation>
      <velocity>1.6</velocity>
      <steeringAngle>0.0</steeringAngle>
      <time>66</time>
    </ksState>
    <ksState>
      <x>35.48549353391511</x>
      <y>-27.184573452663745</y>
      <orientation>-0.6334639659702664</orientation>
      <velocity>1.2000000000000002</velocity>
      <steeringAngle>0.0</steeringAngle>
      <time>67</time>
    </ksState>
    <ksState>
      <x>35.57415154150929</x>
      <y>-27.24968687439407</y>
      <orientation>-0.6334639659702664</orientation>
      <velocity>0.8000000000000003</velocity>
      <steeringAngle>0.0</steeringAngle>
      <time>68</time>
    </ksState>
    <ksState>
      <x>35.63057027361467</x>
      <y>-27.29112268822246</y>
      <orientation>-0.6334639659702664</orientation>
      <velocity>0.4000000000000003</velocity>
      <steeringAngle>0.0</steeringAngle>
      <time>69</time>
    </ksState>
    <ksState>
      <x>35.654749730231266</x>
      <y>-27.30888089414891</y>
      <orientation>-0.6334639659702664</orientation>
      <velocity>2.7755575615628914e-16</velocity>
      <steeringAngle>0.0</steeringAngle>
      <time>70</time>
    </ksState>
    <ksState>
      <x>35.654749730231266</x>
      <y>-27.30888089414891</y>
      <orientation>-0.6334639659702664</orientation>
      <velocity>0.0</velocity>
      <steeringAngle>0.0</steeringAngle>
      <time>71</time>
    </ksState>
    <ksState>
      <x>35.654749730231266</x>
      <y>-27.30888089414891</y>
      <orientation>-0.6334639659702664</orientation>
      <velocity>0.0</velocity>
      <steeringAngle>0.0</steeringAngle>
      <time>72</time>
    </ksState>
    <ksState>
      <x>35.654749730231266</x>
      <y>-27.30888089414891</y>
      <orientation>-0.6334639659702664</orientation>
      <velocity>0.0</velocity>
      <steeringAngle>0.0</steeringAngle>
      <time>73</time>
    </ksState>
    <ksState>
      <x>35.654749730231266</x>
      <y>-27.30888089414891</y>
      <orientation>-0.6334639659702664</orientation>
      <velocity>0.0</velocity>
      <steeringAngle>0.0</steeringAngle>
      <time>74</time>
    </ksState>
    <ksState>
      <x>35.654749730231266</x>
      <y>-27.30888089414891</y>
      <orientation>-0.6334639659702664</orientation>
      <velocity>0.0</velocity>
      <steeringAngle>0.0</steeringAngle>
      <time>75</time>
    </ksState>
    <ksState>
      <x>35.658779639667365</x>
      <y>-27.31184059513665</y>
      <orientation>-0.6334639659702664</orientation>
      <velocity>0.2</velocity>
      <steeringAngle>0.0</steeringAngle>
      <time>76</time>
    </ksState>
    <ksState>
      <x>35.67892918684786</x>
      <y>-27.32663910007536</y>
      <orientation>-0.6334639659702664</orientation>
      <velocity>0.4</velocity>
      <steeringAngle>0.0</steeringAngle>
      <time>77</time>
    </ksState>
    <ksState>
      <x>35.71519837177275</x>
      <y>-27.35327640896504</y>
      <orientation>-0.6334639659702664</orientation>
      <velocity>0.6</velocity>
      <steeringAngle>0.0</steeringAngle>
      <time>78</time>
    </ksState>
    <ksState>
      <x>35.76758719444204</x>
      <y>-27.391752521805685</y>
      <orientation>-0.6334639659702664</orientation>
      <velocity>0.7999999999999999</velocity>
      <steeringAngle>0.0</steeringAngle>
      <time>79</time>
    </ksState>
    <ksState>
      <x>35.83609565485572</x>
      <y>-27.4420674385973</y>
      <orientation>-0.6334639659702664</orientation>
      <velocity>0.9999999999999999</velocity>
      <steeringAngle>0.0</steeringAngle>
      <time>80</time>
    </ksState>
  </ksTrajectory>
</CommonRoadSolution>
