<?xml version="1.0" ?>
<CommonRoadSolution benchmark_id="KS2:SM1:RUS_Bicycle-4_2_T-1:2018b" date="2019-11-18">
  <ksTrajectory planningProblem="15">
    <ksState>
      <x>2.5</x>
      <y>20.0</y>
      <orientation>0.0</orientation>
      <velocity>10.0</velocity>
      <steeringAngle>0.0</steeringAngle>
      <time>0</time>
    </ksState>
    <ksState>
      <x>3.48</x>
      <y>20.0</y>
      <orientation>0.0</orientation>
      <velocity>9.2</velocity>
      <steeringAngle>0.0</steeringAngle>
      <time>1</time>
    </ksState>
    <ksState>
      <x>4.38</x>
      <y>20.0</y>
      <orientation>0.0</orientation>
      <velocity>8.399999999999999</velocity>
      <steeringAngle>0.0</steeringAngle>
      <time>2</time>
    </ksState>
    <ksState>
      <x>5.199999999999999</x>
      <y>20.0</y>
      <orientation>0.0</orientation>
      <velocity>7.599999999999998</velocity>
      <steeringAngle>0.0</steeringAngle>
      <time>3</time>
    </ksState>
    <ksState>
      <x>5.9399999999999995</x>
      <y>20.0</y>
      <orientation>0.0</orientation>
      <velocity>6.799999999999997</velocity>
      <steeringAngle>0.0</steeringAngle>
      <time>4</time>
    </ksState>
    <ksState>
      <x>6.6</x>
      <y>20.0</y>
      <orientation>0.0</orientation>
      <velocity>5.9999999999999964</velocity>
      <steeringAngle>0.0</steeringAngle>
      <time>5</time>
    </ksState>
    <ksState>
      <x>7.175</x>
      <y>20.0</y>
      <orientation>0.0014209832500742066</orientation>
      <velocity>5.0</velocity>
      <steeringAngle>0.026650000000000004</steeringAngle>
      <time>6</time>
    </ksState>
    <ksState>
      <x>7.649997943057187</x>
      <y>20.001256379090364</y>
      <orientation>0.007494568523697411</orientation>
      <velocity>4.0</velocity>
      <steeringAngle>0.05330000000000001</steeringAngle>
      <time>7</time>
    </ksState>
    <ksState>
      <x>8.024980487287067</x>
      <y>20.004790834971146</y>
      <orientation>0.016159756180739122</orientation>
      <velocity>3.0</velocity>
      <steeringAngle>0.07995000000000001</steeringAngle>
      <time>8</time>
    </ksState>
    <ksState>
      <x>8.299933811585033</x>
      <y>20.009816993018994</y>
      <orientation>0.025354104932533567</orientation>
      <velocity>2.0</velocity>
      <steeringAngle>0.10660000000000001</steeringAngle>
      <time>9</time>
    </ksState>
    <ksState>
      <x>8.474869032336724</x>
      <y>20.014564562761436</y>
      <orientation>0.033007836559503144</orientation>
      <velocity>1.0</velocity>
      <steeringAngle>0.13325</steeringAngle>
      <time>10</time>
    </ksState>
    <ksState>
      <x>8.574810104318601</x>
      <y>20.017994613203573</y>
      <orientation>0.038469015162723504</orientation>
      <velocity>1.0</velocity>
      <steeringAngle>0.15990000000000001</steeringAngle>
      <time>11</time>
    </ksState>
    <ksState>
      <x>8.674729863113788</x>
      <y>20.0219967825578</y>
      <orientation>0.044988342973500794</orientation>
      <velocity>1.0</velocity>
      <steeringAngle>0.18655000000000002</steeringAngle>
      <time>12</time>
    </ksState>
    <ksState>
      <x>8.774620119508718</x>
      <y>20.026676867993288</y>
      <orientation>0.052575348107429795</orientation>
      <velocity>1.0</velocity>
      <steeringAngle>0.21320000000000003</steeringAngle>
      <time>13</time>
    </ksState>
    <ksState>
      <x>8.87447047450722</x>
      <y>20.03214153295416</y>
      <orientation>0.06124122722250863</orientation>
      <velocity>1.0</velocity>
      <steeringAngle>0.23985000000000004</steeringAngle>
      <time>14</time>
    </ksState>
    <ksState>
      <x>8.97426793812334</x>
      <y>20.038498423043137</y>
      <orientation>0.07099891291606607</orientation>
      <velocity>1.0</velocity>
      <steeringAngle>0.2665</steeringAngle>
      <time>15</time>
    </ksState>
    <ksState>
      <x>9.093938353779926</x>
      <y>20.04738062820507</y>
      <orientation>0.08331439413953601</orientation>
      <velocity>1.7999999999999998</velocity>
      <steeringAngle>0.23985000000000004</steeringAngle>
      <time>16</time>
    </ksState>
    <ksState>
      <x>9.293162508669875</x>
      <y>20.064959450384745</y>
      <orientation>0.10167991825069692</orientation>
      <velocity>2.5999999999999996</velocity>
      <steeringAngle>0.21320000000000003</steeringAngle>
      <time>17</time>
    </ksState>
    <ksState>
      <x>9.571541281452914</x>
      <y>20.095008353122616</y>
      <orientation>0.12437580009579713</orientation>
      <velocity>3.3999999999999995</velocity>
      <steeringAngle>0.18655000000000002</steeringAngle>
      <time>18</time>
    </ksState>
    <ksState>
      <x>9.928452541112382</x>
      <y>20.142012105343838</y>
      <orientation>0.1497091628804183</orientation>
      <velocity>4.199999999999999</velocity>
      <steeringAngle>0.15990000000000001</steeringAngle>
      <time>19</time>
    </ksState>
    <ksState>
      <x>10.363060808501292</x>
      <y>20.21062204497459</y>
      <orientation>0.1760085826961585</orientation>
      <velocity>5.0</velocity>
      <steeringAngle>0.13325</steeringAngle>
      <time>20</time>
    </ksState>
  </ksTrajectory>
</CommonRoadSolution>
