<?xml version="1.0" ?>
<CommonRoadSolution benchmark_id="KS2:SM1:ZAM_Urban-2_1:2018b" date="2019-11-18">
  <ksTrajectory planningProblem="11">
    <ksState>
      <x>39.73</x>
      <y>0.06</y>
      <orientation>-0.0</orientation>
      <velocity>10.0</velocity>
      <steeringAngle>0.0</steeringAngle>
      <time>0</time>
    </ksState>
    <ksState>
      <x>40.705</x>
      <y>0.06</y>
      <orientation>0.0</orientation>
      <velocity>9.0</velocity>
      <steeringAngle>0.0</steeringAngle>
      <time>1</time>
    </ksState>
    <ksState>
      <x>41.58</x>
      <y>0.06</y>
      <orientation>0.0</orientation>
      <velocity>8.0</velocity>
      <steeringAngle>0.0</steeringAngle>
      <time>2</time>
    </ksState>
    <ksState>
      <x>42.355</x>
      <y>0.06</y>
      <orientation>0.0</orientation>
      <velocity>7.0</velocity>
      <steeringAngle>0.0</steeringAngle>
      <time>3</time>
    </ksState>
    <ksState>
      <x>43.029999999999994</x>
      <y>0.06</y>
      <orientation>0.0</orientation>
      <velocity>6.0</velocity>
      <steeringAngle>0.0</steeringAngle>
      <time>4</time>
    </ksState>
    <ksState>
      <x>43.605</x>
      <y>0.06</y>
      <orientation>0.0</orientation>
      <velocity>5.0</velocity>
      <steeringAngle>0.0</steeringAngle>
      <time>5</time>
    </ksState>
    <ksState>
      <x>44.08</x>
      <y>0.06</y>
      <orientation>0.0</orientation>
      <velocity>4.0</velocity>
      <steeringAngle>0.0</steeringAngle>
      <time>6</time>
    </ksState>
    <ksState>
      <x>44.455</x>
      <y>0.06</y>
      <orientation>0.0</orientation>
      <velocity>3.0</velocity>
      <steeringAngle>0.0</steeringAngle>
      <time>7</time>
    </ksState>
    <ksState>
      <x>44.73</x>
      <y>0.06</y>
      <orientation>0.0</orientation>
      <velocity>2.0</velocity>
      <steeringAngle>0.0</steeringAngle>
      <time>8</time>
    </ksState>
    <ksState>
      <x>44.904999999999994</x>
      <y>0.06</y>
      <orientation>0.0</orientation>
      <velocity>1.0</velocity>
      <steeringAngle>0.0</steeringAngle>
      <time>9</time>
    </ksState>
    <ksState>
      <x>44.98</x>
      <y>0.06</y>
      <orientation>0.0</orientation>
      <velocity>0.0</velocity>
      <steeringAngle>0.0</steeringAngle>
      <time>10</time>
    </ksState>
    <ksState>
      <x>44.98</x>
      <y>0.06</y>
      <orientation>0.0</orientation>
      <velocity>0.0</velocity>
      <steeringAngle>0.0</steeringAngle>
      <time>11</time>
    </ksState>
    <ksState>
      <x>44.98</x>
      <y>0.06</y>
      <orientation>0.0</orientation>
      <velocity>0.0</velocity>
      <steeringAngle>0.0</steeringAngle>
      <time>12</time>
    </ksState>
    <ksState>
      <x>44.98</x>
      <y>0.06</y>
      <orientation>0.0</orientation>
      <velocity>0.0</velocity>
      <steeringAngle>0.0</steeringAngle>
      <time>13</time>
    </ksState>
    <ksState>
      <x>44.98</x>
      <y>0.06</y>
      <orientation>0.0</orientation>
      <velocity>0.0</velocity>
      <steeringAngle>0.0</steeringAngle>
      <time>14</time>
    </ksState>
    <ksState>
      <x>44.98</x>
      <y>0.06</y>
      <orientation>0.0</orientation>
      <velocity>0.0</velocity>
      <steeringAngle>0.0</steeringAngle>
      <time>15</time>
    </ksState>
    <ksState>
      <x>44.98</x>
      <y>0.06</y>
      <orientation>0.0</orientation>
      <velocity>0.0</velocity>
      <steeringAngle>0.0</steeringAngle>
      <time>16</time>
    </ksState>
    <ksState>
      <x>44.98</x>
      <y>0.06</y>
      <orientation>0.0</orientation>
      <velocity>0.0</velocity>
      <steeringAngle>0.0</steeringAngle>
      <time>17</time>
    </ksState>
    <ksState>
      <x>44.98</x>
      <y>0.06</y>
      <orientation>0.0</orientation>
      <velocity>0.0</velocity>
      <steeringAngle>0.0</steeringAngle>
      <time>18</time>
    </ksState>
    <ksState>
      <x>44.98</x>
      <y>0.06</y>
      <orientation>0.0</orientation>
      <velocity>0.0</velocity>
      <steeringAngle>0.0</steeringAngle>
      <time>19</time>
    </ksState>
  </ksTrajectory>
</CommonRoadSolution>
