<?xml version="1.0" ?>
<CommonRoadSolution benchmark_id="KS2:SM1:CHN_Sha-6_3_T-1:2018b" date="2019-11-18">
  <ksTrajectory planningProblem="2">
    <ksState>
      <x>-22.0334</x>
      <y>63.1986</y>
      <orientation>-0.5092</orientation>
      <velocity>8.0</velocity>
      <steeringAngle>0.0</steeringAngle>
      <time>0</time>
    </ksState>
    <ksState>
      <x>-21.321795162349453</x>
      <y>62.80130470046534</y>
      <orientation>-0.5092</orientation>
      <velocity>8.600000000000001</velocity>
      <steeringAngle>0.0</steeringAngle>
      <time>1</time>
    </ksState>
    <ksState>
      <x>-20.5578022384915</x>
      <y>62.3747606672226</y>
      <orientation>-0.5092</orientation>
      <velocity>9.200000000000003</velocity>
      <steeringAngle>0.0</steeringAngle>
      <time>2</time>
    </ksState>
    <ksState>
      <x>-19.741421228426148</x>
      <y>61.918967900271795</y>
      <orientation>-0.5092</orientation>
      <velocity>9.800000000000004</velocity>
      <steeringAngle>0.0</steeringAngle>
      <time>3</time>
    </ksState>
    <ksState>
      <x>-18.87265213215339</x>
      <y>61.433926399612915</y>
      <orientation>-0.5092</orientation>
      <velocity>10.400000000000006</velocity>
      <steeringAngle>0.0</steeringAngle>
      <time>4</time>
    </ksState>
    <ksState>
      <x>-17.951494949673233</x>
      <y>60.919636165245954</y>
      <orientation>-0.5092</orientation>
      <velocity>11.000000000000007</velocity>
      <steeringAngle>0.0</steeringAngle>
      <time>5</time>
    </ksState>
    <ksState>
      <x>-16.977949680985674</x>
      <y>60.37609719717093</y>
      <orientation>-0.5092</orientation>
      <velocity>11.600000000000001</velocity>
      <steeringAngle>0.0</steeringAngle>
      <time>6</time>
    </ksState>
    <ksState>
      <x>-15.95201632609071</x>
      <y>59.80330949538782</y>
      <orientation>-0.5092</orientation>
      <velocity>12.200000000000003</velocity>
      <steeringAngle>0.0</steeringAngle>
      <time>7</time>
    </ksState>
    <ksState>
      <x>-14.873694884988344</x>
      <y>59.20127305989665</y>
      <orientation>-0.5092</orientation>
      <velocity>12.800000000000004</velocity>
      <steeringAngle>0.0</steeringAngle>
      <time>8</time>
    </ksState>
    <ksState>
      <x>-13.742985357678577</x>
      <y>58.569987890697405</y>
      <orientation>-0.5092</orientation>
      <velocity>13.400000000000006</velocity>
      <steeringAngle>0.0</steeringAngle>
      <time>9</time>
    </ksState>
    <ksState>
      <x>-12.559887744161408</x>
      <y>57.90945398779008</y>
      <orientation>-0.5092</orientation>
      <velocity>14.000000000000007</velocity>
      <steeringAngle>0.0</steeringAngle>
      <time>10</time>
    </ksState>
    <ksState>
      <x>-11.35932743524177</x>
      <y>57.23917050698007</y>
      <orientation>-0.5092</orientation>
      <velocity>13.0</velocity>
      <steeringAngle>0.0</steeringAngle>
      <time>11</time>
    </ksState>
    <ksState>
      <x>-10.246080603334471</x>
      <y>56.61763491568351</y>
      <orientation>-0.5092</orientation>
      <velocity>12.0</velocity>
      <steeringAngle>0.0</steeringAngle>
      <time>12</time>
    </ksState>
    <ksState>
      <x>-9.22014724843951</x>
      <y>56.04484721390041</y>
      <orientation>-0.5092</orientation>
      <velocity>11.0</velocity>
      <steeringAngle>0.0</steeringAngle>
      <time>13</time>
    </ksState>
    <ksState>
      <x>-8.281527370556883</x>
      <y>55.52080740163076</y>
      <orientation>-0.5092</orientation>
      <velocity>10.0</velocity>
      <steeringAngle>0.0</steeringAngle>
      <time>14</time>
    </ksState>
    <ksState>
      <x>-7.430220969686596</x>
      <y>55.04551547887457</y>
      <orientation>-0.5092</orientation>
      <velocity>9.0</velocity>
      <steeringAngle>0.0</steeringAngle>
      <time>15</time>
    </ksState>
    <ksState>
      <x>-6.666228045828645</x>
      <y>54.618971445631836</y>
      <orientation>-0.5092</orientation>
      <velocity>8.0</velocity>
      <steeringAngle>0.0</steeringAngle>
      <time>16</time>
    </ksState>
    <ksState>
      <x>-5.989548598983032</x>
      <y>54.24117530190256</y>
      <orientation>-0.5092</orientation>
      <velocity>7.0</velocity>
      <steeringAngle>0.0</steeringAngle>
      <time>17</time>
    </ksState>
    <ksState>
      <x>-5.400182629149755</x>
      <y>53.91212704768673</y>
      <orientation>-0.5092</orientation>
      <velocity>6.0</velocity>
      <steeringAngle>0.0</steeringAngle>
      <time>18</time>
    </ksState>
    <ksState>
      <x>-4.898130136328817</x>
      <y>53.63182668298436</y>
      <orientation>-0.5092</orientation>
      <velocity>5.0</velocity>
      <steeringAngle>0.0</steeringAngle>
      <time>19</time>
    </ksState>
    <ksState>
      <x>-4.483391120520215</x>
      <y>53.40027420779545</y>
      <orientation>-0.5092</orientation>
      <velocity>4.0</velocity>
      <steeringAngle>0.0</steeringAngle>
      <time>20</time>
    </ksState>
    <ksState>
      <x>-4.151599907873334</x>
      <y>53.215032227644315</y>
      <orientation>-0.5092</orientation>
      <velocity>3.2</velocity>
      <steeringAngle>0.0</steeringAngle>
      <time>21</time>
    </ksState>
    <ksState>
      <x>-3.889659476836322</x>
      <y>53.06878855910395</y>
      <orientation>-0.5092</orientation>
      <velocity>2.4000000000000004</velocity>
      <steeringAngle>0.0</steeringAngle>
      <time>22</time>
    </ksState>
    <ksState>
      <x>-3.69756982740918</x>
      <y>52.96154320217435</y>
      <orientation>-0.5092</orientation>
      <velocity>1.6000000000000005</velocity>
      <steeringAngle>0.0</steeringAngle>
      <time>23</time>
    </ksState>
    <ksState>
      <x>-3.575330959591908</x>
      <y>52.89329615685551</y>
      <orientation>-0.5092</orientation>
      <velocity>0.8000000000000006</velocity>
      <steeringAngle>0.0</steeringAngle>
      <time>24</time>
    </ksState>
    <ksState>
      <x>-3.5229428733845056</x>
      <y>52.86404742314744</y>
      <orientation>-0.5092</orientation>
      <velocity>5.551115123125783e-16</velocity>
      <steeringAngle>0.0</steeringAngle>
      <time>25</time>
    </ksState>
    <ksState>
      <x>-3.5229428733845056</x>
      <y>52.86404742314744</y>
      <orientation>-0.5092</orientation>
      <velocity>0.0</velocity>
      <steeringAngle>0.0</steeringAngle>
      <time>26</time>
    </ksState>
    <ksState>
      <x>-3.5229428733845056</x>
      <y>52.86404742314744</y>
      <orientation>-0.5092</orientation>
      <velocity>0.0</velocity>
      <steeringAngle>0.0</steeringAngle>
      <time>27</time>
    </ksState>
    <ksState>
      <x>-3.5229428733845056</x>
      <y>52.86404742314744</y>
      <orientation>-0.5092</orientation>
      <velocity>0.0</velocity>
      <steeringAngle>0.0</steeringAngle>
      <time>28</time>
    </ksState>
    <ksState>
      <x>-3.5229428733845056</x>
      <y>52.86404742314744</y>
      <orientation>-0.5092</orientation>
      <velocity>0.0</velocity>
      <steeringAngle>0.0</steeringAngle>
      <time>29</time>
    </ksState>
    <ksState>
      <x>-3.5229428733845056</x>
      <y>52.86404742314744</y>
      <orientation>-0.5092</orientation>
      <velocity>0.0</velocity>
      <steeringAngle>0.0</steeringAngle>
      <time>30</time>
    </ksState>
    <ksState>
      <x>-3.5229428733845056</x>
      <y>52.86404742314744</y>
      <orientation>-0.5092</orientation>
      <velocity>0.0</velocity>
      <steeringAngle>0.0</steeringAngle>
      <time>31</time>
    </ksState>
    <ksState>
      <x>-3.5229428733845056</x>
      <y>52.86404742314744</y>
      <orientation>-0.5092</orientation>
      <velocity>0.0</velocity>
      <steeringAngle>0.0</steeringAngle>
      <time>32</time>
    </ksState>
    <ksState>
      <x>-3.5229428733845056</x>
      <y>52.86404742314744</y>
      <orientation>-0.5092</orientation>
      <velocity>0.0</velocity>
      <steeringAngle>0.0</steeringAngle>
      <time>33</time>
    </ksState>
    <ksState>
      <x>-3.5229428733845056</x>
      <y>52.86404742314744</y>
      <orientation>-0.5092</orientation>
      <velocity>0.0</velocity>
      <steeringAngle>0.0</steeringAngle>
      <time>34</time>
    </ksState>
    <ksState>
      <x>-3.5229428733845056</x>
      <y>52.86404742314744</y>
      <orientation>-0.5092</orientation>
      <velocity>0.0</velocity>
      <steeringAngle>0.0</steeringAngle>
      <time>35</time>
    </ksState>
    <ksState>
      <x>-3.5229428733845056</x>
      <y>52.86404742314744</y>
      <orientation>-0.5092</orientation>
      <velocity>0.0</velocity>
      <steeringAngle>0.0</steeringAngle>
      <time>36</time>
    </ksState>
    <ksState>
      <x>-3.5229428733845056</x>
      <y>52.86404742314744</y>
      <orientation>-0.5092</orientation>
      <velocity>0.0</velocity>
      <steeringAngle>0.0</steeringAngle>
      <time>37</time>
    </ksState>
    <ksState>
      <x>-3.5229428733845056</x>
      <y>52.86404742314744</y>
      <orientation>-0.5092</orientation>
      <velocity>0.0</velocity>
      <steeringAngle>0.0</steeringAngle>
      <time>38</time>
    </ksState>
    <ksState>
      <x>-3.5229428733845056</x>
      <y>52.86404742314744</y>
      <orientation>-0.5092</orientation>
      <velocity>0.0</velocity>
      <steeringAngle>0.0</steeringAngle>
      <time>39</time>
    </ksState>
    <ksState>
      <x>-3.5229428733845056</x>
      <y>52.86404742314744</y>
      <orientation>-0.5092</orientation>
      <velocity>0.0</velocity>
      <steeringAngle>0.0</steeringAngle>
      <time>40</time>
    </ksState>
    <ksState>
      <x>-3.5229428733845056</x>
      <y>52.86404742314744</y>
      <orientation>-0.5092</orientation>
      <velocity>0.0</velocity>
      <steeringAngle>0.0</steeringAngle>
      <time>41</time>
    </ksState>
    <ksState>
      <x>-3.5229428733845056</x>
      <y>52.86404742314744</y>
      <orientation>-0.5092</orientation>
      <velocity>0.0</velocity>
      <steeringAngle>0.0</steeringAngle>
      <time>42</time>
    </ksState>
    <ksState>
      <x>-3.5229428733845056</x>
      <y>52.86404742314744</y>
      <orientation>-0.5092</orientation>
      <velocity>0.0</velocity>
      <steeringAngle>0.0</steeringAngle>
      <time>43</time>
    </ksState>
    <ksState>
      <x>-3.5229428733845056</x>
      <y>52.86404742314744</y>
      <orientation>-0.5092</orientation>
      <velocity>0.0</velocity>
      <steeringAngle>0.0</steeringAngle>
      <time>44</time>
    </ksState>
    <ksState>
      <x>-3.5229428733845056</x>
      <y>52.86404742314744</y>
      <orientation>-0.5092</orientation>
      <velocity>0.0</velocity>
      <steeringAngle>0.0</steeringAngle>
      <time>45</time>
    </ksState>
    <ksState>
      <x>-3.5229428733845056</x>
      <y>52.86404742314744</y>
      <orientation>-0.5092</orientation>
      <velocity>0.0</velocity>
      <steeringAngle>0.0</steeringAngle>
      <time>46</time>
    </ksState>
    <ksState>
      <x>-3.5229428733845056</x>
      <y>52.86404742314744</y>
      <orientation>-0.5092</orientation>
      <velocity>0.0</velocity>
      <steeringAngle>0.0</steeringAngle>
      <time>47</time>
    </ksState>
    <ksState>
      <x>-3.5229428733845056</x>
      <y>52.86404742314744</y>
      <orientation>-0.5092</orientation>
      <velocity>0.0</velocity>
      <steeringAngle>0.0</steeringAngle>
      <time>48</time>
    </ksState>
    <ksState>
      <x>-3.5229428733845056</x>
      <y>52.86404742314744</y>
      <orientation>-0.5092</orientation>
      <velocity>0.0</velocity>
      <steeringAngle>0.0</steeringAngle>
      <time>49</time>
    </ksState>
    <ksState>
      <x>-3.5229428733845056</x>
      <y>52.86404742314744</y>
      <orientation>-0.5092</orientation>
      <velocity>0.0</velocity>
      <steeringAngle>0.0</steeringAngle>
      <time>50</time>
    </ksState>
    <ksState>
      <x>-3.5229428733845056</x>
      <y>52.86404742314744</y>
      <orientation>-0.5092</orientation>
      <velocity>0.0</velocity>
      <steeringAngle>0.0</steeringAngle>
      <time>51</time>
    </ksState>
    <ksState>
      <x>-3.5229428733845056</x>
      <y>52.86404742314744</y>
      <orientation>-0.5092</orientation>
      <velocity>0.0</velocity>
      <steeringAngle>0.0</steeringAngle>
      <time>52</time>
    </ksState>
    <ksState>
      <x>-3.5229428733845056</x>
      <y>52.86404742314744</y>
      <orientation>-0.5092</orientation>
      <velocity>0.0</velocity>
      <steeringAngle>0.0</steeringAngle>
      <time>53</time>
    </ksState>
    <ksState>
      <x>-3.5229428733845056</x>
      <y>52.86404742314744</y>
      <orientation>-0.5092</orientation>
      <velocity>0.0</velocity>
      <steeringAngle>0.0</steeringAngle>
      <time>54</time>
    </ksState>
    <ksState>
      <x>-3.5229428733845056</x>
      <y>52.86404742314744</y>
      <orientation>-0.5092</orientation>
      <velocity>0.0</velocity>
      <steeringAngle>0.0</steeringAngle>
      <time>55</time>
    </ksState>
    <ksState>
      <x>-3.5229428733845056</x>
      <y>52.86404742314744</y>
      <orientation>-0.5092</orientation>
      <velocity>0.0</velocity>
      <steeringAngle>0.0</steeringAngle>
      <time>56</time>
    </ksState>
    <ksState>
      <x>-3.5229428733845056</x>
      <y>52.86404742314744</y>
      <orientation>-0.5092</orientation>
      <velocity>0.0</velocity>
      <steeringAngle>0.0</steeringAngle>
      <time>57</time>
    </ksState>
    <ksState>
      <x>-3.5229428733845056</x>
      <y>52.86404742314744</y>
      <orientation>-0.5092</orientation>
      <velocity>0.0</velocity>
      <steeringAngle>0.0</steeringAngle>
      <time>58</time>
    </ksState>
    <ksState>
      <x>-3.5229428733845056</x>
      <y>52.86404742314744</y>
      <orientation>-0.5092</orientation>
      <velocity>0.0</velocity>
      <steeringAngle>0.0</steeringAngle>
      <time>59</time>
    </ksState>
    <ksState>
      <x>-3.5229428733845056</x>
      <y>52.86404742314744</y>
      <orientation>-0.5092</orientation>
      <velocity>0.0</velocity>
      <steeringAngle>0.0</steeringAngle>
      <time>60</time>
    </ksState>
    <ksState>
      <x>-3.5229428733845056</x>
      <y>52.86404742314744</y>
      <orientation>-0.5092</orientation>
      <velocity>0.0</velocity>
      <steeringAngle>0.0</steeringAngle>
      <time>61</time>
    </ksState>
    <ksState>
      <x>-3.5229428733845056</x>
      <y>52.86404742314744</y>
      <orientation>-0.5092</orientation>
      <velocity>0.0</velocity>
      <steeringAngle>0.0</steeringAngle>
      <time>62</time>
    </ksState>
    <ksState>
      <x>-3.5229428733845056</x>
      <y>52.86404742314744</y>
      <orientation>-0.5092</orientation>
      <velocity>0.0</velocity>
      <steeringAngle>0.0</steeringAngle>
      <time>63</time>
    </ksState>
    <ksState>
      <x>-3.5229428733845056</x>
      <y>52.86404742314744</y>
      <orientation>-0.5092</orientation>
      <velocity>0.0</velocity>
      <steeringAngle>0.0</steeringAngle>
      <time>64</time>
    </ksState>
    <ksState>
      <x>-3.5229428733845056</x>
      <y>52.86404742314744</y>
      <orientation>-0.5092</orientation>
      <velocity>0.0</velocity>
      <steeringAngle>0.0</steeringAngle>
      <time>65</time>
    </ksState>
    <ksState>
      <x>-3.5229428733845056</x>
      <y>52.86404742314744</y>
      <orientation>-0.5092</orientation>
      <velocity>0.0</velocity>
      <steeringAngle>0.0</steeringAngle>
      <time>66</time>
    </ksState>
    <ksState>
      <x>-3.5229428733845056</x>
      <y>52.86404742314744</y>
      <orientation>-0.5092</orientation>
      <velocity>0.0</velocity>
      <steeringAngle>0.0</steeringAngle>
      <time>67</time>
    </ksState>
    <ksState>
      <x>-3.5229428733845056</x>
      <y>52.86404742314744</y>
      <orientation>-0.5092</orientation>
      <velocity>0.0</velocity>
      <steeringAngle>0.0</steeringAngle>
      <time>68</time>
    </ksState>
    <ksState>
      <x>-3.5229428733845056</x>
      <y>52.86404742314744</y>
      <orientation>-0.5092</orientation>
      <velocity>0.0</velocity>
      <steeringAngle>0.0</steeringAngle>
      <time>69</time>
    </ksState>
    <ksState>
      <x>-3.5229428733845056</x>
      <y>52.86404742314744</y>
      <orientation>-0.5092</orientation>
      <velocity>0.0</velocity>
      <steeringAngle>0.0</steeringAngle>
      <time>70</time>
    </ksState>
    <ksState>
      <x>-3.5229428733845056</x>
      <y>52.86404742314744</y>
      <orientation>-0.5092</orientation>
      <velocity>0.0</velocity>
      <steeringAngle>0.0</steeringAngle>
      <time>71</time>
    </ksState>
    <ksState>
      <x>-3.5229428733845056</x>
      <y>52.86404742314744</y>
      <orientation>-0.5092</orientation>
      <velocity>0.0</velocity>
      <steeringAngle>0.0</steeringAngle>
      <time>72</time>
    </ksState>
    <ksState>
      <x>-3.5229428733845056</x>
      <y>52.86404742314744</y>
      <orientation>-0.5092</orientation>
      <velocity>0.0</velocity>
      <steeringAngle>0.0</steeringAngle>
      <time>73</time>
    </ksState>
    <ksState>
      <x>-3.5229428733845056</x>
      <y>52.86404742314744</y>
      <orientation>-0.5092</orientation>
      <velocity>0.0</velocity>
      <steeringAngle>0.0</steeringAngle>
      <time>74</time>
    </ksState>
    <ksState>
      <x>-3.5229428733845056</x>
      <y>52.86404742314744</y>
      <orientation>-0.5092</orientation>
      <velocity>0.0</velocity>
      <steeringAngle>0.0</steeringAngle>
      <time>75</time>
    </ksState>
    <ksState>
      <x>-3.5229428733845056</x>
      <y>52.86404742314744</y>
      <orientation>-0.5092</orientation>
      <velocity>0.0</velocity>
      <steeringAngle>0.0</steeringAngle>
      <time>76</time>
    </ksState>
    <ksState>
      <x>-3.5229428733845056</x>
      <y>52.86404742314744</y>
      <orientation>-0.5092</orientation>
      <velocity>0.0</velocity>
      <steeringAngle>0.0</steeringAngle>
      <time>77</time>
    </ksState>
    <ksState>
      <x>-3.5229428733845056</x>
      <y>52.86404742314744</y>
      <orientation>-0.5092</orientation>
      <velocity>0.0</velocity>
      <steeringAngle>0.0</steeringAngle>
      <time>78</time>
    </ksState>
    <ksState>
      <x>-3.5229428733845056</x>
      <y>52.86404742314744</y>
      <orientation>-0.5092</orientation>
      <velocity>0.0</velocity>
      <steeringAngle>0.0</steeringAngle>
      <time>79</time>
    </ksState>
    <ksState>
      <x>-3.5229428733845056</x>
      <y>52.86404742314744</y>
      <orientation>-0.5092</orientation>
      <velocity>0.0</velocity>
      <steeringAngle>0.0</steeringAngle>
      <time>80</time>
    </ksState>
    <ksState>
      <x>-3.5229428733845056</x>
      <y>52.86404742314744</y>
      <orientation>-0.5092</orientation>
      <velocity>0.0</velocity>
      <steeringAngle>0.0</steeringAngle>
      <time>81</time>
    </ksState>
    <ksState>
      <x>-3.5229428733845056</x>
      <y>52.86404742314744</y>
      <orientation>-0.5092</orientation>
      <velocity>0.0</velocity>
      <steeringAngle>0.0</steeringAngle>
      <time>82</time>
    </ksState>
    <ksState>
      <x>-3.5229428733845056</x>
      <y>52.86404742314744</y>
      <orientation>-0.5092</orientation>
      <velocity>0.0</velocity>
      <steeringAngle>0.0</steeringAngle>
      <time>83</time>
    </ksState>
    <ksState>
      <x>-3.5229428733845056</x>
      <y>52.86404742314744</y>
      <orientation>-0.5092</orientation>
      <velocity>0.0</velocity>
      <steeringAngle>0.0</steeringAngle>
      <time>84</time>
    </ksState>
    <ksState>
      <x>-3.5229428733845056</x>
      <y>52.86404742314744</y>
      <orientation>-0.5092</orientation>
      <velocity>0.0</velocity>
      <steeringAngle>0.0</steeringAngle>
      <time>85</time>
    </ksState>
    <ksState>
      <x>-3.5229428733845056</x>
      <y>52.86404742314744</y>
      <orientation>-0.5092</orientation>
      <velocity>0.0</velocity>
      <steeringAngle>0.0</steeringAngle>
      <time>86</time>
    </ksState>
    <ksState>
      <x>-3.5229428733845056</x>
      <y>52.86404742314744</y>
      <orientation>-0.5092</orientation>
      <velocity>0.0</velocity>
      <steeringAngle>0.0</steeringAngle>
      <time>87</time>
    </ksState>
    <ksState>
      <x>-3.5229428733845056</x>
      <y>52.86404742314744</y>
      <orientation>-0.5092</orientation>
      <velocity>0.0</velocity>
      <steeringAngle>0.0</steeringAngle>
      <time>88</time>
    </ksState>
    <ksState>
      <x>-3.5229428733845056</x>
      <y>52.86404742314744</y>
      <orientation>-0.5092</orientation>
      <velocity>0.0</velocity>
      <steeringAngle>0.0</steeringAngle>
      <time>89</time>
    </ksState>
    <ksState>
      <x>-3.5229428733845056</x>
      <y>52.86404742314744</y>
      <orientation>-0.5092</orientation>
      <velocity>0.0</velocity>
      <steeringAngle>0.0</steeringAngle>
      <time>90</time>
    </ksState>
    <ksState>
      <x>-3.5229428733845056</x>
      <y>52.86404742314744</y>
      <orientation>-0.5092</orientation>
      <velocity>0.0</velocity>
      <steeringAngle>0.0</steeringAngle>
      <time>91</time>
    </ksState>
    <ksState>
      <x>-3.5229428733845056</x>
      <y>52.86404742314744</y>
      <orientation>-0.5092</orientation>
      <velocity>0.0</velocity>
      <steeringAngle>0.0</steeringAngle>
      <time>92</time>
    </ksState>
    <ksState>
      <x>-3.5229428733845056</x>
      <y>52.86404742314744</y>
      <orientation>-0.5092</orientation>
      <velocity>0.0</velocity>
      <steeringAngle>0.0</steeringAngle>
      <time>93</time>
    </ksState>
    <ksState>
      <x>-3.5229428733845056</x>
      <y>52.86404742314744</y>
      <orientation>-0.5092</orientation>
      <velocity>0.0</velocity>
      <steeringAngle>0.0</steeringAngle>
      <time>94</time>
    </ksState>
    <ksState>
      <x>-3.5229428733845056</x>
      <y>52.86404742314744</y>
      <orientation>-0.5092</orientation>
      <velocity>0.0</velocity>
      <steeringAngle>0.0</steeringAngle>
      <time>95</time>
    </ksState>
    <ksState>
      <x>-3.5229428733845056</x>
      <y>52.86404742314744</y>
      <orientation>-0.5092</orientation>
      <velocity>0.0</velocity>
      <steeringAngle>0.0</steeringAngle>
      <time>96</time>
    </ksState>
    <ksState>
      <x>-3.5229428733845056</x>
      <y>52.86404742314744</y>
      <orientation>-0.5092</orientation>
      <velocity>0.0</velocity>
      <steeringAngle>0.0</steeringAngle>
      <time>97</time>
    </ksState>
    <ksState>
      <x>-3.5229428733845056</x>
      <y>52.86404742314744</y>
      <orientation>-0.5092</orientation>
      <velocity>0.0</velocity>
      <steeringAngle>0.0</steeringAngle>
      <time>98</time>
    </ksState>
    <ksState>
      <x>-3.5229428733845056</x>
      <y>52.86404742314744</y>
      <orientation>-0.5092</orientation>
      <velocity>0.0</velocity>
      <steeringAngle>0.0</steeringAngle>
      <time>99</time>
    </ksState>
    <ksState>
      <x>-3.5229428733845056</x>
      <y>52.86404742314744</y>
      <orientation>-0.5092</orientation>
      <velocity>0.0</velocity>
      <steeringAngle>0.0</steeringAngle>
      <time>100</time>
    </ksState>
    <ksState>
      <x>-3.5229428733845056</x>
      <y>52.86404742314744</y>
      <orientation>-0.5092</orientation>
      <velocity>0.0</velocity>
      <steeringAngle>0.0</steeringAngle>
      <time>101</time>
    </ksState>
    <ksState>
      <x>-3.5229428733845056</x>
      <y>52.86404742314744</y>
      <orientation>-0.5092</orientation>
      <velocity>0.0</velocity>
      <steeringAngle>0.0</steeringAngle>
      <time>102</time>
    </ksState>
    <ksState>
      <x>-3.5229428733845056</x>
      <y>52.86404742314744</y>
      <orientation>-0.5092</orientation>
      <velocity>0.0</velocity>
      <steeringAngle>0.0</steeringAngle>
      <time>103</time>
    </ksState>
    <ksState>
      <x>-3.5229428733845056</x>
      <y>52.86404742314744</y>
      <orientation>-0.5092</orientation>
      <velocity>0.0</velocity>
      <steeringAngle>0.0</steeringAngle>
      <time>104</time>
    </ksState>
    <ksState>
      <x>-3.5229428733845056</x>
      <y>52.86404742314744</y>
      <orientation>-0.5092</orientation>
      <velocity>0.0</velocity>
      <steeringAngle>0.0</steeringAngle>
      <time>105</time>
    </ksState>
    <ksState>
      <x>-3.5229428733845056</x>
      <y>52.86404742314744</y>
      <orientation>-0.5092</orientation>
      <velocity>0.0</velocity>
      <steeringAngle>0.0</steeringAngle>
      <time>106</time>
    </ksState>
    <ksState>
      <x>-3.5229428733845056</x>
      <y>52.86404742314744</y>
      <orientation>-0.5092</orientation>
      <velocity>0.0</velocity>
      <steeringAngle>0.0</steeringAngle>
      <time>107</time>
    </ksState>
    <ksState>
      <x>-3.5229428733845056</x>
      <y>52.86404742314744</y>
      <orientation>-0.5092</orientation>
      <velocity>0.0</velocity>
      <steeringAngle>0.0</steeringAngle>
      <time>108</time>
    </ksState>
    <ksState>
      <x>-3.5229428733845056</x>
      <y>52.86404742314744</y>
      <orientation>-0.5092</orientation>
      <velocity>0.0</velocity>
      <steeringAngle>0.0</steeringAngle>
      <time>109</time>
    </ksState>
    <ksState>
      <x>-3.5229428733845056</x>
      <y>52.86404742314744</y>
      <orientation>-0.5092</orientation>
      <velocity>0.0</velocity>
      <steeringAngle>0.0</steeringAngle>
      <time>110</time>
    </ksState>
    <ksState>
      <x>-3.5229428733845056</x>
      <y>52.86404742314744</y>
      <orientation>-0.5092</orientation>
      <velocity>0.0</velocity>
      <steeringAngle>0.0</steeringAngle>
      <time>111</time>
    </ksState>
    <ksState>
      <x>-3.5229428733845056</x>
      <y>52.86404742314744</y>
      <orientation>-0.5092</orientation>
      <velocity>0.0</velocity>
      <steeringAngle>0.0</steeringAngle>
      <time>112</time>
    </ksState>
    <ksState>
      <x>-3.5229428733845056</x>
      <y>52.86404742314744</y>
      <orientation>-0.5092</orientation>
      <velocity>0.0</velocity>
      <steeringAngle>0.0</steeringAngle>
      <time>113</time>
    </ksState>
    <ksState>
      <x>-3.5229428733845056</x>
      <y>52.86404742314744</y>
      <orientation>-0.5092</orientation>
      <velocity>0.0</velocity>
      <steeringAngle>0.0</steeringAngle>
      <time>114</time>
    </ksState>
    <ksState>
      <x>-3.5229428733845056</x>
      <y>52.86404742314744</y>
      <orientation>-0.5092</orientation>
      <velocity>0.0</velocity>
      <steeringAngle>0.0</steeringAngle>
      <time>115</time>
    </ksState>
    <ksState>
      <x>-3.5229428733845056</x>
      <y>52.86404742314744</y>
      <orientation>-0.5092</orientation>
      <velocity>0.0</velocity>
      <steeringAngle>0.0</steeringAngle>
      <time>116</time>
    </ksState>
    <ksState>
      <x>-3.5229428733845056</x>
      <y>52.86404742314744</y>
      <orientation>-0.5092</orientation>
      <velocity>0.0</velocity>
      <steeringAngle>0.0</steeringAngle>
      <time>117</time>
    </ksState>
    <ksState>
      <x>-3.5229428733845056</x>
      <y>52.86404742314744</y>
      <orientation>-0.5092</orientation>
      <velocity>0.0</velocity>
      <steeringAngle>0.0</steeringAngle>
      <time>118</time>
    </ksState>
    <ksState>
      <x>-3.5229428733845056</x>
      <y>52.86404742314744</y>
      <orientation>-0.5092</orientation>
      <velocity>0.0</velocity>
      <steeringAngle>0.0</steeringAngle>
      <time>119</time>
    </ksState>
    <ksState>
      <x>-3.5229428733845056</x>
      <y>52.86404742314744</y>
      <orientation>-0.5092</orientation>
      <velocity>0.0</velocity>
      <steeringAngle>0.0</steeringAngle>
      <time>120</time>
    </ksState>
    <ksState>
      <x>-3.5229428733845056</x>
      <y>52.86404742314744</y>
      <orientation>-0.5092</orientation>
      <velocity>0.0</velocity>
      <steeringAngle>0.0</steeringAngle>
      <time>121</time>
    </ksState>
    <ksState>
      <x>-3.5229428733845056</x>
      <y>52.86404742314744</y>
      <orientation>-0.5092</orientation>
      <velocity>0.0</velocity>
      <steeringAngle>0.0</steeringAngle>
      <time>122</time>
    </ksState>
    <ksState>
      <x>-3.5229428733845056</x>
      <y>52.86404742314744</y>
      <orientation>-0.5092</orientation>
      <velocity>0.0</velocity>
      <steeringAngle>0.0</steeringAngle>
      <time>123</time>
    </ksState>
    <ksState>
      <x>-3.5229428733845056</x>
      <y>52.86404742314744</y>
      <orientation>-0.5092</orientation>
      <velocity>0.0</velocity>
      <steeringAngle>0.0</steeringAngle>
      <time>124</time>
    </ksState>
    <ksState>
      <x>-3.5229428733845056</x>
      <y>52.86404742314744</y>
      <orientation>-0.5092</orientation>
      <velocity>0.0</velocity>
      <steeringAngle>0.0</steeringAngle>
      <time>125</time>
    </ksState>
    <ksState>
      <x>-3.5229428733845056</x>
      <y>52.86404742314744</y>
      <orientation>-0.5092</orientation>
      <velocity>0.0</velocity>
      <steeringAngle>0.0</steeringAngle>
      <time>126</time>
    </ksState>
    <ksState>
      <x>-3.5229428733845056</x>
      <y>52.86404742314744</y>
      <orientation>-0.5092</orientation>
      <velocity>0.0</velocity>
      <steeringAngle>0.0</steeringAngle>
      <time>127</time>
    </ksState>
    <ksState>
      <x>-3.5229428733845056</x>
      <y>52.86404742314744</y>
      <orientation>-0.5092</orientation>
      <velocity>0.0</velocity>
      <steeringAngle>0.0</steeringAngle>
      <time>128</time>
    </ksState>
    <ksState>
      <x>-3.5229428733845056</x>
      <y>52.86404742314744</y>
      <orientation>-0.5092</orientation>
      <velocity>0.0</velocity>
      <steeringAngle>0.0</steeringAngle>
      <time>129</time>
    </ksState>
    <ksState>
      <x>-3.5229428733845056</x>
      <y>52.86404742314744</y>
      <orientation>-0.5092</orientation>
      <velocity>0.0</velocity>
      <steeringAngle>0.0</steeringAngle>
      <time>130</time>
    </ksState>
    <ksState>
      <x>-3.5229428733845056</x>
      <y>52.86404742314744</y>
      <orientation>-0.5092</orientation>
      <velocity>0.0</velocity>
      <steeringAngle>0.0</steeringAngle>
      <time>131</time>
    </ksState>
    <ksState>
      <x>-3.5229428733845056</x>
      <y>52.86404742314744</y>
      <orientation>-0.5092</orientation>
      <velocity>0.0</velocity>
      <steeringAngle>0.0</steeringAngle>
      <time>132</time>
    </ksState>
    <ksState>
      <x>-3.5229428733845056</x>
      <y>52.86404742314744</y>
      <orientation>-0.5092</orientation>
      <velocity>0.0</velocity>
      <steeringAngle>0.0</steeringAngle>
      <time>133</time>
    </ksState>
    <ksState>
      <x>-3.5229428733845056</x>
      <y>52.86404742314744</y>
      <orientation>-0.5092</orientation>
      <velocity>0.0</velocity>
      <steeringAngle>0.0</steeringAngle>
      <time>134</time>
    </ksState>
    <ksState>
      <x>-3.5229428733845056</x>
      <y>52.86404742314744</y>
      <orientation>-0.5092</orientation>
      <velocity>0.0</velocity>
      <steeringAngle>0.0</steeringAngle>
      <time>135</time>
    </ksState>
    <ksState>
      <x>-3.5229428733845056</x>
      <y>52.86404742314744</y>
      <orientation>-0.5092</orientation>
      <velocity>0.0</velocity>
      <steeringAngle>0.0</steeringAngle>
      <time>136</time>
    </ksState>
    <ksState>
      <x>-3.5229428733845056</x>
      <y>52.86404742314744</y>
      <orientation>-0.5092</orientation>
      <velocity>0.0</velocity>
      <steeringAngle>0.0</steeringAngle>
      <time>137</time>
    </ksState>
    <ksState>
      <x>-3.5229428733845056</x>
      <y>52.86404742314744</y>
      <orientation>-0.5092</orientation>
      <velocity>0.0</velocity>
      <steeringAngle>0.0</steeringAngle>
      <time>138</time>
    </ksState>
    <ksState>
      <x>-3.5229428733845056</x>
      <y>52.86404742314744</y>
      <orientation>-0.5092</orientation>
      <velocity>0.0</velocity>
      <steeringAngle>0.0</steeringAngle>
      <time>139</time>
    </ksState>
    <ksState>
      <x>-3.5229428733845056</x>
      <y>52.86404742314744</y>
      <orientation>-0.5092</orientation>
      <velocity>0.0</velocity>
      <steeringAngle>0.0</steeringAngle>
      <time>140</time>
    </ksState>
    <ksState>
      <x>-3.5229428733845056</x>
      <y>52.86404742314744</y>
      <orientation>-0.5092</orientation>
      <velocity>0.0</velocity>
      <steeringAngle>0.0</steeringAngle>
      <time>141</time>
    </ksState>
    <ksState>
      <x>-3.5229428733845056</x>
      <y>52.86404742314744</y>
      <orientation>-0.5092</orientation>
      <velocity>0.0</velocity>
      <steeringAngle>0.0</steeringAngle>
      <time>142</time>
    </ksState>
    <ksState>
      <x>-3.5229428733845056</x>
      <y>52.86404742314744</y>
      <orientation>-0.5092</orientation>
      <velocity>0.0</velocity>
      <steeringAngle>0.0</steeringAngle>
      <time>143</time>
    </ksState>
    <ksState>
      <x>-3.5229428733845056</x>
      <y>52.86404742314744</y>
      <orientation>-0.5092</orientation>
      <velocity>0.0</velocity>
      <steeringAngle>0.0</steeringAngle>
      <time>144</time>
    </ksState>
    <ksState>
      <x>-3.5229428733845056</x>
      <y>52.86404742314744</y>
      <orientation>-0.5092</orientation>
      <velocity>0.0</velocity>
      <steeringAngle>0.0</steeringAngle>
      <time>145</time>
    </ksState>
    <ksState>
      <x>-3.5229428733845056</x>
      <y>52.86404742314744</y>
      <orientation>-0.5092</orientation>
      <velocity>0.0</velocity>
      <steeringAngle>0.0</steeringAngle>
      <time>146</time>
    </ksState>
    <ksState>
      <x>-3.5229428733845056</x>
      <y>52.86404742314744</y>
      <orientation>-0.5092</orientation>
      <velocity>0.0</velocity>
      <steeringAngle>0.0</steeringAngle>
      <time>147</time>
    </ksState>
    <ksState>
      <x>-3.5229428733845056</x>
      <y>52.86404742314744</y>
      <orientation>-0.5092</orientation>
      <velocity>0.0</velocity>
      <steeringAngle>0.0</steeringAngle>
      <time>148</time>
    </ksState>
    <ksState>
      <x>-3.5229428733845056</x>
      <y>52.86404742314744</y>
      <orientation>-0.5092</orientation>
      <velocity>0.0</velocity>
      <steeringAngle>0.0</steeringAngle>
      <time>149</time>
    </ksState>
    <ksState>
      <x>-3.5229428733845056</x>
      <y>52.86404742314744</y>
      <orientation>-0.5092</orientation>
      <velocity>0.0</velocity>
      <steeringAngle>0.0</steeringAngle>
      <time>150</time>
    </ksState>
    <ksState>
      <x>-3.5229428733845056</x>
      <y>52.86404742314744</y>
      <orientation>-0.5092</orientation>
      <velocity>0.0</velocity>
      <steeringAngle>0.0</steeringAngle>
      <time>151</time>
    </ksState>
    <ksState>
      <x>-3.5229428733845056</x>
      <y>52.86404742314744</y>
      <orientation>-0.5092</orientation>
      <velocity>0.0</velocity>
      <steeringAngle>0.0</steeringAngle>
      <time>152</time>
    </ksState>
    <ksState>
      <x>-3.5229428733845056</x>
      <y>52.86404742314744</y>
      <orientation>-0.5092</orientation>
      <velocity>0.0</velocity>
      <steeringAngle>0.0</steeringAngle>
      <time>153</time>
    </ksState>
    <ksState>
      <x>-3.5229428733845056</x>
      <y>52.86404742314744</y>
      <orientation>-0.5092</orientation>
      <velocity>0.0</velocity>
      <steeringAngle>0.0</steeringAngle>
      <time>154</time>
    </ksState>
    <ksState>
      <x>-3.5229428733845056</x>
      <y>52.86404742314744</y>
      <orientation>-0.5092</orientation>
      <velocity>0.0</velocity>
      <steeringAngle>0.0</steeringAngle>
      <time>155</time>
    </ksState>
  </ksTrajectory>
</CommonRoadSolution>
