<?xml version="1.0" ?>
<CommonRoadSolution benchmark_id="KS2:SM1:USA_US101-22_2_T-1:2018b" date="2019-11-18">
  <ksTrajectory planningProblem="686">
    <ksState>
      <x>-0.0</x>
      <y>-0.0</y>
      <orientation>-0.65</orientation>
      <velocity>13.0</velocity>
      <steeringAngle>0.0</steeringAngle>
      <time>0</time>
    </ksState>
    <ksState>
      <x>1.015006843150046</x>
      <y>-0.7716126673134504</y>
      <orientation>-0.6532295073865323</orientation>
      <velocity>12.0</velocity>
      <steeringAngle>-0.026650000000000004</steeringAngle>
      <time>1</time>
    </ksState>
    <ksState>
      <x>1.9459279245336671</x>
      <y>-1.4885489761771595</y>
      <orientation>-0.6683489263424262</orientation>
      <velocity>11.0</velocity>
      <steeringAngle>-0.05330000000000001</steeringAngle>
      <time>2</time>
    </ksState>
    <ksState>
      <x>2.7859089825761214</x>
      <y>-2.1593838600936115</y>
      <orientation>-0.6933101284276935</orientation>
      <velocity>10.0</velocity>
      <steeringAngle>-0.07995000000000001</steeringAngle>
      <time>3</time>
    </ksState>
    <ksState>
      <x>3.5310559547183304</x>
      <y>-2.7881315697061884</y>
      <orientation>-0.7260739175523868</orientation>
      <velocity>9.0</velocity>
      <steeringAngle>-0.10660000000000001</steeringAngle>
      <time>4</time>
    </ksState>
    <ksState>
      <x>4.180045694433868</x>
      <y>-3.374962588111045</y>
      <orientation>-0.7646042677154605</orientation>
      <velocity>8.0</velocity>
      <steeringAngle>-0.13325</steeringAngle>
      <time>5</time>
    </ksState>
    <ksState>
      <x>4.740945186366284</x>
      <y>-3.924098449788817</y>
      <orientation>-0.8033847429968106</orientation>
      <velocity>7.4</velocity>
      <steeringAngle>-0.1066</steeringAngle>
      <time>6</time>
    </ksState>
    <ksState>
      <x>5.240342969980641</x>
      <y>-4.449641879287283</y>
      <orientation>-0.8316141085696191</orientation>
      <velocity>6.800000000000001</velocity>
      <steeringAngle>-0.07995</steeringAngle>
      <time>7</time>
    </ksState>
    <ksState>
      <x>5.685793479051191</x>
      <y>-4.943389299350264</y>
      <orientation>-0.8505857802795062</orientation>
      <velocity>6.200000000000001</velocity>
      <steeringAngle>-0.053299999999999986</steeringAngle>
      <time>8</time>
    </ksState>
    <ksState>
      <x>6.08339093303461</x>
      <y>-5.39939094795483</y>
      <orientation>-0.8615739668650653</orientation>
      <velocity>5.600000000000001</velocity>
      <steeringAngle>-0.02664999999999998</steeringAngle>
      <time>9</time>
    </ksState>
    <ksState>
      <x>6.437736090092379</x>
      <y>-5.813472930371487</y>
      <orientation>-0.8658374305491866</orientation>
      <velocity>5.000000000000002</velocity>
      <steeringAngle>2.42861286636753e-17</steeringAngle>
      <time>10</time>
    </ksState>
    <ksState>
      <x>6.761737352039427</x>
      <y>-6.1942920242424755</y>
      <orientation>-0.8645456275945737</orientation>
      <velocity>5.0</velocity>
      <steeringAngle>0.026650000000000004</steeringAngle>
      <time>11</time>
    </ksState>
    <ksState>
      <x>7.086721233921451</x>
      <y>-6.574272364760507</y>
      <orientation>-0.8580843178215233</orientation>
      <velocity>5.0</velocity>
      <steeringAngle>0.05330000000000001</steeringAngle>
      <time>12</time>
    </ksState>
    <ksState>
      <x>7.414641306698121</x>
      <y>-6.9517200487530095</y>
      <orientation>-0.8464443075156478</orientation>
      <velocity>5.0</velocity>
      <steeringAngle>0.07995000000000001</steeringAngle>
      <time>13</time>
    </ksState>
    <ksState>
      <x>7.74741565730523</x>
      <y>-7.324892209138357</y>
      <orientation>-0.8296089929635772</orientation>
      <velocity>5.0</velocity>
      <steeringAngle>0.10660000000000001</steeringAngle>
      <time>14</time>
    </ksState>
    <ksState>
      <x>8.086901645103948</x>
      <y>-7.691965143348602</y>
      <orientation>-0.8075542654377884</orientation>
      <velocity>5.0</velocity>
      <steeringAngle>0.13325</steeringAngle>
      <time>15</time>
    </ksState>
    <ksState>
      <x>8.434868290025017</x>
      <y>-8.051003666339462</y>
      <orientation>-0.7815657394655096</orientation>
      <velocity>5.0</velocity>
      <steeringAngle>0.13325</steeringAngle>
      <time>16</time>
    </ksState>
    <ksState>
      <x>8.792047264281498</x>
      <y>-8.400878825958102</y>
      <orientation>-0.7555772134932307</orientation>
      <velocity>5.0</velocity>
      <steeringAngle>0.13325</steeringAngle>
      <time>17</time>
    </ksState>
    <ksState>
      <x>9.15819734152796</x>
      <y>-8.741354328603292</y>
      <orientation>-0.7295886875209517</orientation>
      <velocity>5.0</velocity>
      <steeringAngle>0.13325</steeringAngle>
      <time>18</time>
    </ksState>
    <ksState>
      <x>9.533071236645785</x>
      <y>-9.072200228877527</y>
      <orientation>-0.7036001615486729</orientation>
      <velocity>5.0</velocity>
      <steeringAngle>0.13325</steeringAngle>
      <time>19</time>
    </ksState>
    <ksState>
      <x>9.916415772751021</x>
      <y>-9.393193084884238</y>
      <orientation>-0.677611635576394</orientation>
      <velocity>5.0</velocity>
      <steeringAngle>0.13325</steeringAngle>
      <time>20</time>
    </ksState>
    <ksState>
      <x>10.307972052181283</x>
      <y>-9.704116109132707</y>
      <orientation>-0.6529357787567955</orientation>
      <velocity>5.0</velocity>
      <steeringAngle>0.1066</steeringAngle>
      <time>21</time>
    </ksState>
    <ksState>
      <x>10.706688652915414</x>
      <y>-10.005808580434875</y>
      <orientation>-0.6334942452699865</orientation>
      <velocity>5.0</velocity>
      <steeringAngle>0.07995</steeringAngle>
      <time>22</time>
    </ksState>
    <ksState>
      <x>11.110813980229265</x>
      <y>-10.30022146998308</y>
      <orientation>-0.6192591246358085</orientation>
      <velocity>5.0</velocity>
      <steeringAngle>0.053299999999999986</steeringAngle>
      <time>23</time>
    </ksState>
    <ksState>
      <x>11.518716078460471</x>
      <y>-10.589382682008031</y>
      <orientation>-0.6102100752122477</orientation>
      <velocity>5.0</velocity>
      <steeringAngle>0.02664999999999998</steeringAngle>
      <time>24</time>
    </ksState>
    <ksState>
      <x>11.928849414148553</x>
      <y>-10.875372593754365</y>
      <orientation>-0.6063342074788565</orientation>
      <velocity>5.0</velocity>
      <steeringAngle>-2.42861286636753e-17</steeringAngle>
      <time>25</time>
    </ksState>
    <ksState>
      <x>12.319177110754234</x>
      <y>-11.146055598877524</y>
      <orientation>-0.6063342074788565</orientation>
      <velocity>4.0</velocity>
      <steeringAngle>0.0</steeringAngle>
      <time>26</time>
    </ksState>
    <ksState>
      <x>12.62733055544293</x>
      <y>-11.35975270818528</y>
      <orientation>-0.6063342074788565</orientation>
      <velocity>3.0</velocity>
      <steeringAngle>0.0</steeringAngle>
      <time>27</time>
    </ksState>
    <ksState>
      <x>12.853309748214638</x>
      <y>-11.516463921677635</y>
      <orientation>-0.6063342074788565</orientation>
      <velocity>2.0</velocity>
      <steeringAngle>0.0</steeringAngle>
      <time>28</time>
    </ksState>
    <ksState>
      <x>12.997114689069363</x>
      <y>-11.616189239354588</y>
      <orientation>-0.6063342074788565</orientation>
      <velocity>1.0</velocity>
      <steeringAngle>0.0</steeringAngle>
      <time>29</time>
    </ksState>
    <ksState>
      <x>13.058745378007103</x>
      <y>-11.65892866121614</y>
      <orientation>-0.6063342074788565</orientation>
      <velocity>0.0</velocity>
      <steeringAngle>0.0</steeringAngle>
      <time>30</time>
    </ksState>
  </ksTrajectory>
</CommonRoadSolution>
