<?xml version="1.0" ?>
<CommonRoadSolution benchmark_id="KS2:SM1:DEU_A9-2_1_T-1:2018b" date="2019-11-18">
  <ksTrajectory planningProblem="10">
    <ksState>
      <x>0.0</x>
      <y>0.0</y>
      <orientation>0.0</orientation>
      <velocity>20.0</velocity>
      <steeringAngle>0.0</steeringAngle>
      <time>0</time>
    </ksState>
    <ksState>
      <x>2.0</x>
      <y>0.0</y>
      <orientation>0.0</orientation>
      <velocity>20.0</velocity>
      <steeringAngle>0.0</steeringAngle>
      <time>1</time>
    </ksState>
    <ksState>
      <x>4.0</x>
      <y>0.0</y>
      <orientation>0.0</orientation>
      <velocity>20.0</velocity>
      <steeringAngle>0.0</steeringAngle>
      <time>2</time>
    </ksState>
    <ksState>
      <x>6.0</x>
      <y>0.0</y>
      <orientation>0.0</orientation>
      <velocity>20.0</velocity>
      <steeringAngle>0.0</steeringAngle>
      <time>3</time>
    </ksState>
    <ksState>
      <x>8.0</x>
      <y>0.0</y>
      <orientation>0.0</orientation>
      <velocity>20.0</velocity>
      <steeringAngle>0.0</steeringAngle>
      <time>4</time>
    </ksState>
    <ksState>
      <x>10.0</x>
      <y>0.0</y>
      <orientation>0.0</orientation>
      <velocity>20.0</velocity>
      <steeringAngle>0.0</steeringAngle>
      <time>5</time>
    </ksState>
    <ksState>
      <x>12.0</x>
      <y>0.0</y>
      <orientation>0.0</orientation>
      <velocity>20.0</velocity>
      <steeringAngle>0.0</steeringAngle>
      <time>6</time>
    </ksState>
    <ksState>
      <x>14.0</x>
      <y>0.0</y>
      <orientation>0.0</orientation>
      <velocity>20.0</velocity>
      <steeringAngle>0.0</steeringAngle>
      <time>7</time>
    </ksState>
    <ksState>
      <x>16.0</x>
      <y>0.0</y>
      <orientation>0.0</orientation>
      <velocity>20.0</velocity>
      <steeringAngle>0.0</steeringAngle>
      <time>8</time>
    </ksState>
    <ksState>
      <x>18.0</x>
      <y>0.0</y>
      <orientation>0.0</orientation>
      <velocity>20.0</velocity>
      <steeringAngle>0.0</steeringAngle>
      <time>9</time>
    </ksState>
    <ksState>
      <x>20.0</x>
      <y>0.0</y>
      <orientation>0.0</orientation>
      <velocity>20.0</velocity>
      <steeringAngle>0.0</steeringAngle>
      <time>10</time>
    </ksState>
    <ksState>
      <x>22.0</x>
      <y>0.0</y>
      <orientation>0.0</orientation>
      <velocity>20.0</velocity>
      <steeringAngle>0.0</steeringAngle>
      <time>11</time>
    </ksState>
    <ksState>
      <x>24.0</x>
      <y>0.0</y>
      <orientation>0.0</orientation>
      <velocity>20.0</velocity>
      <steeringAngle>0.0</steeringAngle>
      <time>12</time>
    </ksState>
    <ksState>
      <x>26.0</x>
      <y>0.0</y>
      <orientation>0.0</orientation>
      <velocity>20.0</velocity>
      <steeringAngle>0.0</steeringAngle>
      <time>13</time>
    </ksState>
    <ksState>
      <x>28.0</x>
      <y>0.0</y>
      <orientation>0.0</orientation>
      <velocity>20.0</velocity>
      <steeringAngle>0.0</steeringAngle>
      <time>14</time>
    </ksState>
    <ksState>
      <x>30.0</x>
      <y>0.0</y>
      <orientation>0.0</orientation>
      <velocity>20.0</velocity>
      <steeringAngle>0.0</steeringAngle>
      <time>15</time>
    </ksState>
    <ksState>
      <x>32.0</x>
      <y>0.0</y>
      <orientation>0.0</orientation>
      <velocity>20.0</velocity>
      <steeringAngle>0.0</steeringAngle>
      <time>16</time>
    </ksState>
    <ksState>
      <x>34.0</x>
      <y>0.0</y>
      <orientation>0.0</orientation>
      <velocity>20.0</velocity>
      <steeringAngle>0.0</steeringAngle>
      <time>17</time>
    </ksState>
    <ksState>
      <x>36.0</x>
      <y>0.0</y>
      <orientation>0.0</orientation>
      <velocity>20.0</velocity>
      <steeringAngle>0.0</steeringAngle>
      <time>18</time>
    </ksState>
    <ksState>
      <x>38.0</x>
      <y>0.0</y>
      <orientation>0.0</orientation>
      <velocity>20.0</velocity>
      <steeringAngle>0.0</steeringAngle>
      <time>19</time>
    </ksState>
    <ksState>
      <x>40.0</x>
      <y>0.0</y>
      <orientation>0.0</orientation>
      <velocity>20.0</velocity>
      <steeringAngle>0.0</steeringAngle>
      <time>20</time>
    </ksState>
    <ksState>
      <x>42.0</x>
      <y>0.0</y>
      <orientation>0.0</orientation>
      <velocity>20.0</velocity>
      <steeringAngle>0.0</steeringAngle>
      <time>21</time>
    </ksState>
    <ksState>
      <x>44.0</x>
      <y>0.0</y>
      <orientation>0.0</orientation>
      <velocity>20.0</velocity>
      <steeringAngle>0.0</steeringAngle>
      <time>22</time>
    </ksState>
    <ksState>
      <x>46.0</x>
      <y>0.0</y>
      <orientation>0.0</orientation>
      <velocity>20.0</velocity>
      <steeringAngle>0.0</steeringAngle>
      <time>23</time>
    </ksState>
    <ksState>
      <x>48.0</x>
      <y>0.0</y>
      <orientation>0.0</orientation>
      <velocity>20.0</velocity>
      <steeringAngle>0.0</steeringAngle>
      <time>24</time>
    </ksState>
    <ksState>
      <x>50.0</x>
      <y>0.0</y>
      <orientation>0.0</orientation>
      <velocity>20.0</velocity>
      <steeringAngle>0.0</steeringAngle>
      <time>25</time>
    </ksState>
    <ksState>
      <x>52.0</x>
      <y>0.0</y>
      <orientation>0.0</orientation>
      <velocity>20.0</velocity>
      <steeringAngle>0.0</steeringAngle>
      <time>26</time>
    </ksState>
    <ksState>
      <x>54.0</x>
      <y>0.0</y>
      <orientation>0.0</orientation>
      <velocity>20.0</velocity>
      <steeringAngle>0.0</steeringAngle>
      <time>27</time>
    </ksState>
    <ksState>
      <x>56.0</x>
      <y>0.0</y>
      <orientation>0.0</orientation>
      <velocity>20.0</velocity>
      <steeringAngle>0.0</steeringAngle>
      <time>28</time>
    </ksState>
    <ksState>
      <x>58.0</x>
      <y>0.0</y>
      <orientation>0.0</orientation>
      <velocity>20.0</velocity>
      <steeringAngle>0.0</steeringAngle>
      <time>29</time>
    </ksState>
    <ksState>
      <x>60.0</x>
      <y>0.0</y>
      <orientation>0.0</orientation>
      <velocity>20.0</velocity>
      <steeringAngle>0.0</steeringAngle>
      <time>30</time>
    </ksState>
    <ksState>
      <x>62.0</x>
      <y>0.0</y>
      <orientation>0.0</orientation>
      <velocity>20.0</velocity>
      <steeringAngle>0.0</steeringAngle>
      <time>31</time>
    </ksState>
    <ksState>
      <x>64.0</x>
      <y>0.0</y>
      <orientation>0.0</orientation>
      <velocity>20.0</velocity>
      <steeringAngle>0.0</steeringAngle>
      <time>32</time>
    </ksState>
    <ksState>
      <x>66.0</x>
      <y>0.0</y>
      <orientation>0.0</orientation>
      <velocity>20.0</velocity>
      <steeringAngle>0.0</steeringAngle>
      <time>33</time>
    </ksState>
    <ksState>
      <x>68.0</x>
      <y>0.0</y>
      <orientation>0.0</orientation>
      <velocity>20.0</velocity>
      <steeringAngle>0.0</steeringAngle>
      <time>34</time>
    </ksState>
    <ksState>
      <x>70.0</x>
      <y>0.0</y>
      <orientation>0.0</orientation>
      <velocity>20.0</velocity>
      <steeringAngle>0.0</steeringAngle>
      <time>35</time>
    </ksState>
    <ksState>
      <x>71.98</x>
      <y>0.0</y>
      <orientation>0.0</orientation>
      <velocity>19.200000000000003</velocity>
      <steeringAngle>0.0</steeringAngle>
      <time>36</time>
    </ksState>
    <ksState>
      <x>73.88</x>
      <y>0.0</y>
      <orientation>0.0</orientation>
      <velocity>18.400000000000006</velocity>
      <steeringAngle>0.0</steeringAngle>
      <time>37</time>
    </ksState>
    <ksState>
      <x>75.7</x>
      <y>0.0</y>
      <orientation>0.0</orientation>
      <velocity>17.60000000000001</velocity>
      <steeringAngle>0.0</steeringAngle>
      <time>38</time>
    </ksState>
    <ksState>
      <x>77.44</x>
      <y>0.0</y>
      <orientation>0.0</orientation>
      <velocity>16.80000000000001</velocity>
      <steeringAngle>0.0</steeringAngle>
      <time>39</time>
    </ksState>
    <ksState>
      <x>79.10000000000001</x>
      <y>0.0</y>
      <orientation>0.0</orientation>
      <velocity>16.000000000000014</velocity>
      <steeringAngle>0.0</steeringAngle>
      <time>40</time>
    </ksState>
    <ksState>
      <x>80.685</x>
      <y>0.0</y>
      <orientation>-0.004056261277484554</orientation>
      <velocity>15.399999999999999</velocity>
      <steeringAngle>-0.026650000000000004</steeringAngle>
      <time>41</time>
    </ksState>
    <ksState>
      <x>82.20993916853593</x>
      <y>-0.012194555855244744</y>
      <orientation>-0.02372446067882351</orientation>
      <velocity>14.799999999999997</velocity>
      <steeringAngle>-0.05330000000000001</steeringAngle>
      <time>42</time>
    </ksState>
    <ksState>
      <x>83.67417869788906</x>
      <y>-0.058040750816199686</y>
      <orientation>-0.05779079883161976</orientation>
      <velocity>14.199999999999996</velocity>
      <steeringAngle>-0.07995000000000001</steeringAngle>
      <time>43</time>
    </ksState>
    <ksState>
      <x>85.07577898087563</x>
      <y>-0.15448537169784624</y>
      <orientation>-0.10505898817183158</orientation>
      <velocity>13.599999999999994</velocity>
      <steeringAngle>-0.10660000000000001</steeringAngle>
      <time>44</time>
    </ksState>
    <ksState>
      <x>86.41113261119739</x>
      <y>-0.3141591567254442</y>
      <orientation>-0.1643469514119693</orientation>
      <velocity>12.999999999999993</velocity>
      <steeringAngle>-0.13325</steeringAngle>
      <time>45</time>
    </ksState>
    <ksState>
      <x>87.67495097171032</x>
      <y>-0.5454967248621104</y>
      <orientation>-0.22780328351291784</orientation>
      <velocity>12.399999999999999</velocity>
      <steeringAngle>-0.1066</steeringAngle>
      <time>46</time>
    </ksState>
    <ksState>
      <x>88.86459337688342</x>
      <y>-0.8372632793132775</y>
      <orientation>-0.27547418257253536</orientation>
      <velocity>11.799999999999997</velocity>
      <steeringAngle>-0.07995</steeringAngle>
      <time>47</time>
    </ksState>
  </ksTrajectory>
</CommonRoadSolution>
