<?xml version="1.0" ?>
<CommonRoadSolution benchmark_id="KS2:SM1:DEU_Muc-27_1_T-1:2018b" date="2019-11-18">
  <ksTrajectory planningProblem="0">
    <ksState>
      <x>20.2194</x>
      <y>13.4476</y>
      <orientation>-2.8579</orientation>
      <velocity>0.0</velocity>
      <steeringAngle>0.0</steeringAngle>
      <time>0</time>
    </ksState>
    <ksState>
      <x>20.19539928993419</x>
      <y>13.440602434970867</y>
      <orientation>-2.8579</orientation>
      <velocity>1.0</velocity>
      <steeringAngle>0.0</steeringAngle>
      <time>1</time>
    </ksState>
    <ksState>
      <x>20.075395739605142</x>
      <y>13.405614609825202</y>
      <orientation>-2.8579</orientation>
      <velocity>2.0</velocity>
      <steeringAngle>0.0</steeringAngle>
      <time>2</time>
    </ksState>
    <ksState>
      <x>19.859389349012854</x>
      <y>13.342636524563005</y>
      <orientation>-2.8579</orientation>
      <velocity>3.0</velocity>
      <steeringAngle>0.0</steeringAngle>
      <time>3</time>
    </ksState>
    <ksState>
      <x>19.54738011815733</x>
      <y>13.251668179184275</y>
      <orientation>-2.8579</orientation>
      <velocity>4.0</velocity>
      <steeringAngle>0.0</steeringAngle>
      <time>4</time>
    </ksState>
    <ksState>
      <x>19.139368047038566</x>
      <y>13.132709573689015</y>
      <orientation>-2.8579</orientation>
      <velocity>5.0</velocity>
      <steeringAngle>0.0</steeringAngle>
      <time>5</time>
    </ksState>
    <ksState>
      <x>18.683354555788185</x>
      <y>12.999755838135489</y>
      <orientation>-2.8579</orientation>
      <velocity>4.0</velocity>
      <steeringAngle>0.0</steeringAngle>
      <time>6</time>
    </ksState>
    <ksState>
      <x>18.32334390480104</x>
      <y>12.894792362698492</y>
      <orientation>-2.8579</orientation>
      <velocity>3.0</velocity>
      <steeringAngle>0.0</steeringAngle>
      <time>7</time>
    </ksState>
    <ksState>
      <x>18.059336094077132</x>
      <y>12.81781914737803</y>
      <orientation>-2.8579</orientation>
      <velocity>2.0</velocity>
      <steeringAngle>0.0</steeringAngle>
      <time>8</time>
    </ksState>
    <ksState>
      <x>17.891331123616467</x>
      <y>12.7688361921741</y>
      <orientation>-2.8579</orientation>
      <velocity>1.0</velocity>
      <steeringAngle>0.0</steeringAngle>
      <time>9</time>
    </ksState>
    <ksState>
      <x>17.819328993419038</x>
      <y>12.7478434970867</y>
      <orientation>-2.8579</orientation>
      <velocity>0.0</velocity>
      <steeringAngle>0.0</steeringAngle>
      <time>10</time>
    </ksState>
    <ksState>
      <x>17.819328993419038</x>
      <y>12.7478434970867</y>
      <orientation>-2.8579</orientation>
      <velocity>0.0</velocity>
      <steeringAngle>0.0</steeringAngle>
      <time>11</time>
    </ksState>
    <ksState>
      <x>17.819328993419038</x>
      <y>12.7478434970867</y>
      <orientation>-2.8579</orientation>
      <velocity>0.0</velocity>
      <steeringAngle>0.0</steeringAngle>
      <time>12</time>
    </ksState>
    <ksState>
      <x>17.819328993419038</x>
      <y>12.7478434970867</y>
      <orientation>-2.8579</orientation>
      <velocity>0.0</velocity>
      <steeringAngle>0.0</steeringAngle>
      <time>13</time>
    </ksState>
    <ksState>
      <x>17.819328993419038</x>
      <y>12.7478434970867</y>
      <orientation>-2.8579</orientation>
      <velocity>0.0</velocity>
      <steeringAngle>0.0</steeringAngle>
      <time>14</time>
    </ksState>
    <ksState>
      <x>17.819328993419038</x>
      <y>12.7478434970867</y>
      <orientation>-2.8579</orientation>
      <velocity>0.0</velocity>
      <steeringAngle>0.0</steeringAngle>
      <time>15</time>
    </ksState>
    <ksState>
      <x>17.819328993419038</x>
      <y>12.7478434970867</y>
      <orientation>-2.8579</orientation>
      <velocity>0.0</velocity>
      <steeringAngle>0.0</steeringAngle>
      <time>16</time>
    </ksState>
    <ksState>
      <x>17.819328993419038</x>
      <y>12.7478434970867</y>
      <orientation>-2.8579</orientation>
      <velocity>0.0</velocity>
      <steeringAngle>0.0</steeringAngle>
      <time>17</time>
    </ksState>
    <ksState>
      <x>17.819328993419038</x>
      <y>12.7478434970867</y>
      <orientation>-2.8579</orientation>
      <velocity>0.0</velocity>
      <steeringAngle>0.0</steeringAngle>
      <time>18</time>
    </ksState>
    <ksState>
      <x>17.819328993419038</x>
      <y>12.7478434970867</y>
      <orientation>-2.8579</orientation>
      <velocity>0.0</velocity>
      <steeringAngle>0.0</steeringAngle>
      <time>19</time>
    </ksState>
    <ksState>
      <x>17.819328993419038</x>
      <y>12.7478434970867</y>
      <orientation>-2.8579</orientation>
      <velocity>0.0</velocity>
      <steeringAngle>0.0</steeringAngle>
      <time>20</time>
    </ksState>
    <ksState>
      <x>17.819328993419038</x>
      <y>12.7478434970867</y>
      <orientation>-2.8579</orientation>
      <velocity>0.0</velocity>
      <steeringAngle>0.0</steeringAngle>
      <time>21</time>
    </ksState>
    <ksState>
      <x>17.819328993419038</x>
      <y>12.7478434970867</y>
      <orientation>-2.8579</orientation>
      <velocity>0.0</velocity>
      <steeringAngle>0.0</steeringAngle>
      <time>22</time>
    </ksState>
    <ksState>
      <x>17.819328993419038</x>
      <y>12.7478434970867</y>
      <orientation>-2.8579</orientation>
      <velocity>0.0</velocity>
      <steeringAngle>0.0</steeringAngle>
      <time>23</time>
    </ksState>
    <ksState>
      <x>17.819328993419038</x>
      <y>12.7478434970867</y>
      <orientation>-2.8579</orientation>
      <velocity>0.0</velocity>
      <steeringAngle>0.0</steeringAngle>
      <time>24</time>
    </ksState>
    <ksState>
      <x>17.819328993419038</x>
      <y>12.7478434970867</y>
      <orientation>-2.8579</orientation>
      <velocity>0.0</velocity>
      <steeringAngle>0.0</steeringAngle>
      <time>25</time>
    </ksState>
    <ksState>
      <x>17.819328993419038</x>
      <y>12.7478434970867</y>
      <orientation>-2.8579</orientation>
      <velocity>0.0</velocity>
      <steeringAngle>0.0</steeringAngle>
      <time>26</time>
    </ksState>
    <ksState>
      <x>17.819328993419038</x>
      <y>12.7478434970867</y>
      <orientation>-2.8579</orientation>
      <velocity>0.0</velocity>
      <steeringAngle>0.0</steeringAngle>
      <time>27</time>
    </ksState>
    <ksState>
      <x>17.819328993419038</x>
      <y>12.7478434970867</y>
      <orientation>-2.8579</orientation>
      <velocity>0.0</velocity>
      <steeringAngle>0.0</steeringAngle>
      <time>28</time>
    </ksState>
    <ksState>
      <x>17.819328993419038</x>
      <y>12.7478434970867</y>
      <orientation>-2.8579</orientation>
      <velocity>0.0</velocity>
      <steeringAngle>0.0</steeringAngle>
      <time>29</time>
    </ksState>
    <ksState>
      <x>17.819328993419038</x>
      <y>12.7478434970867</y>
      <orientation>-2.8579</orientation>
      <velocity>0.0</velocity>
      <steeringAngle>0.0</steeringAngle>
      <time>30</time>
    </ksState>
    <ksState>
      <x>17.819328993419038</x>
      <y>12.7478434970867</y>
      <orientation>-2.8579</orientation>
      <velocity>0.0</velocity>
      <steeringAngle>0.0</steeringAngle>
      <time>31</time>
    </ksState>
    <ksState>
      <x>17.819328993419038</x>
      <y>12.7478434970867</y>
      <orientation>-2.8579</orientation>
      <velocity>0.0</velocity>
      <steeringAngle>0.0</steeringAngle>
      <time>32</time>
    </ksState>
    <ksState>
      <x>17.819328993419038</x>
      <y>12.7478434970867</y>
      <orientation>-2.8579</orientation>
      <velocity>0.0</velocity>
      <steeringAngle>0.0</steeringAngle>
      <time>33</time>
    </ksState>
    <ksState>
      <x>17.819328993419038</x>
      <y>12.7478434970867</y>
      <orientation>-2.8579</orientation>
      <velocity>0.0</velocity>
      <steeringAngle>0.0</steeringAngle>
      <time>34</time>
    </ksState>
    <ksState>
      <x>17.819328993419038</x>
      <y>12.7478434970867</y>
      <orientation>-2.8579</orientation>
      <velocity>0.0</velocity>
      <steeringAngle>0.0</steeringAngle>
      <time>35</time>
    </ksState>
    <ksState>
      <x>17.809728709392715</x>
      <y>12.745044471075047</y>
      <orientation>-2.8579</orientation>
      <velocity>0.4</velocity>
      <steeringAngle>0.0</steeringAngle>
      <time>36</time>
    </ksState>
    <ksState>
      <x>17.761727289261096</x>
      <y>12.731049341016782</y>
      <orientation>-2.8579</orientation>
      <velocity>0.8</velocity>
      <steeringAngle>0.0</steeringAngle>
      <time>37</time>
    </ksState>
    <ksState>
      <x>17.67532473302418</x>
      <y>12.705858106911903</y>
      <orientation>-2.8579</orientation>
      <velocity>1.2</velocity>
      <steeringAngle>0.0</steeringAngle>
      <time>38</time>
    </ksState>
    <ksState>
      <x>17.55052104068197</x>
      <y>12.66947076876041</y>
      <orientation>-2.8579</orientation>
      <velocity>1.5999999999999999</velocity>
      <steeringAngle>0.0</steeringAngle>
      <time>39</time>
    </ksState>
    <ksState>
      <x>17.387316212234467</x>
      <y>12.621887326562307</y>
      <orientation>-2.8579</orientation>
      <velocity>1.9999999999999998</velocity>
      <steeringAngle>0.0</steeringAngle>
      <time>40</time>
    </ksState>
    <ksState>
      <x>17.204910815734312</x>
      <y>12.568705832340896</y>
      <orientation>-2.8579</orientation>
      <velocity>1.6</velocity>
      <steeringAngle>0.0</steeringAngle>
      <time>41</time>
    </ksState>
    <ksState>
      <x>17.060906555339457</x>
      <y>12.526720442166098</y>
      <orientation>-2.8579</orientation>
      <velocity>1.2000000000000002</velocity>
      <steeringAngle>0.0</steeringAngle>
      <time>42</time>
    </ksState>
    <ksState>
      <x>16.955303431049895</x>
      <y>12.495931156037914</y>
      <orientation>-2.8579</orientation>
      <velocity>0.8000000000000003</velocity>
      <steeringAngle>0.0</steeringAngle>
      <time>43</time>
    </ksState>
    <ksState>
      <x>16.888101442865626</x>
      <y>12.47633797395634</y>
      <orientation>-2.8579</orientation>
      <velocity>0.4000000000000003</velocity>
      <steeringAngle>0.0</steeringAngle>
      <time>44</time>
    </ksState>
    <ksState>
      <x>16.859300590786656</x>
      <y>12.46794089592138</y>
      <orientation>-2.8579</orientation>
      <velocity>2.7755575615628914e-16</velocity>
      <steeringAngle>0.0</steeringAngle>
      <time>45</time>
    </ksState>
    <ksState>
      <x>16.835299880720846</x>
      <y>12.460943330892247</y>
      <orientation>-2.8579</orientation>
      <velocity>1.0</velocity>
      <steeringAngle>0.0</steeringAngle>
      <time>46</time>
    </ksState>
    <ksState>
      <x>16.715296330391798</x>
      <y>12.425955505746582</y>
      <orientation>-2.8579</orientation>
      <velocity>2.0</velocity>
      <steeringAngle>0.0</steeringAngle>
      <time>47</time>
    </ksState>
    <ksState>
      <x>16.49928993979951</x>
      <y>12.362977420484386</y>
      <orientation>-2.8579</orientation>
      <velocity>3.0</velocity>
      <steeringAngle>0.0</steeringAngle>
      <time>48</time>
    </ksState>
    <ksState>
      <x>16.187280708943987</x>
      <y>12.272009075105656</y>
      <orientation>-2.8579</orientation>
      <velocity>4.0</velocity>
      <steeringAngle>0.0</steeringAngle>
      <time>49</time>
    </ksState>
    <ksState>
      <x>15.779268637825224</x>
      <y>12.153050469610395</y>
      <orientation>-2.8579</orientation>
      <velocity>5.0</velocity>
      <steeringAngle>0.0</steeringAngle>
      <time>50</time>
    </ksState>
    <ksState>
      <x>15.31845500456168</x>
      <y>12.018697221051042</y>
      <orientation>-2.8579</orientation>
      <velocity>4.199999999999999</velocity>
      <steeringAngle>0.0</steeringAngle>
      <time>51</time>
    </ksState>
    <ksState>
      <x>14.934443643508725</x>
      <y>11.906736180584915</y>
      <orientation>-2.8579</orientation>
      <velocity>3.3999999999999995</velocity>
      <steeringAngle>0.0</steeringAngle>
      <time>52</time>
    </ksState>
    <ksState>
      <x>14.627234554666362</x>
      <y>11.817167348212012</y>
      <orientation>-2.8579</orientation>
      <velocity>2.5999999999999996</velocity>
      <steeringAngle>0.0</steeringAngle>
      <time>53</time>
    </ksState>
    <ksState>
      <x>14.39682773803459</x>
      <y>11.749990723932335</y>
      <orientation>-2.8579</orientation>
      <velocity>1.7999999999999998</velocity>
      <steeringAngle>0.0</steeringAngle>
      <time>54</time>
    </ksState>
    <ksState>
      <x>14.243223193613408</x>
      <y>11.705206307745883</y>
      <orientation>-2.8579</orientation>
      <velocity>0.9999999999999999</velocity>
      <steeringAngle>0.0</steeringAngle>
      <time>55</time>
    </ksState>
    <ksState>
      <x>14.142420211337008</x>
      <y>11.675816534623523</y>
      <orientation>-2.8579</orientation>
      <velocity>1.2000000000000002</velocity>
      <steeringAngle>0.0</steeringAngle>
      <time>56</time>
    </ksState>
    <ksState>
      <x>14.02241666100796</x>
      <y>11.640828709477859</y>
      <orientation>-2.8579</orientation>
      <velocity>1.4000000000000004</velocity>
      <steeringAngle>0.0</steeringAngle>
      <time>57</time>
    </ksState>
    <ksState>
      <x>13.883212542626264</x>
      <y>11.600242832308888</y>
      <orientation>-2.8579</orientation>
      <velocity>1.6000000000000005</velocity>
      <steeringAngle>0.0</steeringAngle>
      <time>58</time>
    </ksState>
    <ksState>
      <x>13.724807856191921</x>
      <y>11.55405890311661</y>
      <orientation>-2.8579</orientation>
      <velocity>1.8000000000000007</velocity>
      <steeringAngle>0.0</steeringAngle>
      <time>59</time>
    </ksState>
    <ksState>
      <x>13.54720260170493</x>
      <y>11.502276921901025</y>
      <orientation>-2.8579</orientation>
      <velocity>2.000000000000001</velocity>
      <steeringAngle>0.0</steeringAngle>
      <time>60</time>
    </ksState>
    <ksState>
      <x>13.364797205204777</x>
      <y>11.449095427679614</y>
      <orientation>-2.8579</orientation>
      <velocity>1.6</velocity>
      <steeringAngle>0.0</steeringAngle>
      <time>61</time>
    </ksState>
    <ksState>
      <x>13.220792944809919</x>
      <y>11.407110037504816</y>
      <orientation>-2.8579</orientation>
      <velocity>1.2000000000000002</velocity>
      <steeringAngle>0.0</steeringAngle>
      <time>62</time>
    </ksState>
    <ksState>
      <x>13.115189820520357</x>
      <y>11.376320751376632</y>
      <orientation>-2.8579</orientation>
      <velocity>0.8000000000000003</velocity>
      <steeringAngle>0.0</steeringAngle>
      <time>63</time>
    </ksState>
    <ksState>
      <x>13.047987832336089</x>
      <y>11.356727569295058</y>
      <orientation>-2.8579</orientation>
      <velocity>0.4000000000000003</velocity>
      <steeringAngle>0.0</steeringAngle>
      <time>64</time>
    </ksState>
    <ksState>
      <x>13.019186980257118</x>
      <y>11.348330491260098</y>
      <orientation>-2.8579</orientation>
      <velocity>2.7755575615628914e-16</velocity>
      <steeringAngle>0.0</steeringAngle>
      <time>65</time>
    </ksState>
    <ksState>
      <x>13.019186980257118</x>
      <y>11.348330491260098</y>
      <orientation>-2.8579</orientation>
      <velocity>0.0</velocity>
      <steeringAngle>0.0</steeringAngle>
      <time>66</time>
    </ksState>
    <ksState>
      <x>13.019186980257118</x>
      <y>11.348330491260098</y>
      <orientation>-2.8579</orientation>
      <velocity>0.0</velocity>
      <steeringAngle>0.0</steeringAngle>
      <time>67</time>
    </ksState>
    <ksState>
      <x>13.019186980257118</x>
      <y>11.348330491260098</y>
      <orientation>-2.8579</orientation>
      <velocity>0.0</velocity>
      <steeringAngle>0.0</steeringAngle>
      <time>68</time>
    </ksState>
    <ksState>
      <x>13.019186980257118</x>
      <y>11.348330491260098</y>
      <orientation>-2.8579</orientation>
      <velocity>0.0</velocity>
      <steeringAngle>0.0</steeringAngle>
      <time>69</time>
    </ksState>
    <ksState>
      <x>13.019186980257118</x>
      <y>11.348330491260098</y>
      <orientation>-2.8579</orientation>
      <velocity>0.0</velocity>
      <steeringAngle>0.0</steeringAngle>
      <time>70</time>
    </ksState>
    <ksState>
      <x>13.019186980257118</x>
      <y>11.348330491260098</y>
      <orientation>-2.8579</orientation>
      <velocity>0.0</velocity>
      <steeringAngle>0.0</steeringAngle>
      <time>71</time>
    </ksState>
    <ksState>
      <x>13.019186980257118</x>
      <y>11.348330491260098</y>
      <orientation>-2.8579</orientation>
      <velocity>0.0</velocity>
      <steeringAngle>0.0</steeringAngle>
      <time>72</time>
    </ksState>
    <ksState>
      <x>13.019186980257118</x>
      <y>11.348330491260098</y>
      <orientation>-2.8579</orientation>
      <velocity>0.0</velocity>
      <steeringAngle>0.0</steeringAngle>
      <time>73</time>
    </ksState>
    <ksState>
      <x>13.019186980257118</x>
      <y>11.348330491260098</y>
      <orientation>-2.8579</orientation>
      <velocity>0.0</velocity>
      <steeringAngle>0.0</steeringAngle>
      <time>74</time>
    </ksState>
    <ksState>
      <x>13.019186980257118</x>
      <y>11.348330491260098</y>
      <orientation>-2.8579</orientation>
      <velocity>0.0</velocity>
      <steeringAngle>0.0</steeringAngle>
      <time>75</time>
    </ksState>
    <ksState>
      <x>13.019186980257118</x>
      <y>11.348330491260098</y>
      <orientation>-2.8579</orientation>
      <velocity>0.0</velocity>
      <steeringAngle>0.0</steeringAngle>
      <time>76</time>
    </ksState>
    <ksState>
      <x>13.019186980257118</x>
      <y>11.348330491260098</y>
      <orientation>-2.8579</orientation>
      <velocity>0.0</velocity>
      <steeringAngle>0.0</steeringAngle>
      <time>77</time>
    </ksState>
    <ksState>
      <x>13.019186980257118</x>
      <y>11.348330491260098</y>
      <orientation>-2.8579</orientation>
      <velocity>0.0</velocity>
      <steeringAngle>0.0</steeringAngle>
      <time>78</time>
    </ksState>
    <ksState>
      <x>13.019186980257118</x>
      <y>11.348330491260098</y>
      <orientation>-2.8579</orientation>
      <velocity>0.0</velocity>
      <steeringAngle>0.0</steeringAngle>
      <time>79</time>
    </ksState>
    <ksState>
      <x>13.019186980257118</x>
      <y>11.348330491260098</y>
      <orientation>-2.8579</orientation>
      <velocity>0.0</velocity>
      <steeringAngle>0.0</steeringAngle>
      <time>80</time>
    </ksState>
    <ksState>
      <x>13.019186980257118</x>
      <y>11.348330491260098</y>
      <orientation>-2.8579</orientation>
      <velocity>0.0</velocity>
      <steeringAngle>0.0</steeringAngle>
      <time>81</time>
    </ksState>
    <ksState>
      <x>13.019186980257118</x>
      <y>11.348330491260098</y>
      <orientation>-2.8579</orientation>
      <velocity>0.0</velocity>
      <steeringAngle>0.0</steeringAngle>
      <time>82</time>
    </ksState>
    <ksState>
      <x>13.019186980257118</x>
      <y>11.348330491260098</y>
      <orientation>-2.8579</orientation>
      <velocity>0.0</velocity>
      <steeringAngle>0.0</steeringAngle>
      <time>83</time>
    </ksState>
    <ksState>
      <x>13.019186980257118</x>
      <y>11.348330491260098</y>
      <orientation>-2.8579</orientation>
      <velocity>0.0</velocity>
      <steeringAngle>0.0</steeringAngle>
      <time>84</time>
    </ksState>
    <ksState>
      <x>13.019186980257118</x>
      <y>11.348330491260098</y>
      <orientation>-2.8579</orientation>
      <velocity>0.0</velocity>
      <steeringAngle>0.0</steeringAngle>
      <time>85</time>
    </ksState>
    <ksState>
      <x>13.019186980257118</x>
      <y>11.348330491260098</y>
      <orientation>-2.8579</orientation>
      <velocity>0.0</velocity>
      <steeringAngle>0.0</steeringAngle>
      <time>86</time>
    </ksState>
    <ksState>
      <x>13.019186980257118</x>
      <y>11.348330491260098</y>
      <orientation>-2.8579</orientation>
      <velocity>0.0</velocity>
      <steeringAngle>0.0</steeringAngle>
      <time>87</time>
    </ksState>
    <ksState>
      <x>13.019186980257118</x>
      <y>11.348330491260098</y>
      <orientation>-2.8579</orientation>
      <velocity>0.0</velocity>
      <steeringAngle>0.0</steeringAngle>
      <time>88</time>
    </ksState>
    <ksState>
      <x>13.019186980257118</x>
      <y>11.348330491260098</y>
      <orientation>-2.8579</orientation>
      <velocity>0.0</velocity>
      <steeringAngle>0.0</steeringAngle>
      <time>89</time>
    </ksState>
    <ksState>
      <x>13.019186980257118</x>
      <y>11.348330491260098</y>
      <orientation>-2.8579</orientation>
      <velocity>0.0</velocity>
      <steeringAngle>0.0</steeringAngle>
      <time>90</time>
    </ksState>
    <ksState>
      <x>13.019186980257118</x>
      <y>11.348330491260098</y>
      <orientation>-2.8579</orientation>
      <velocity>0.0</velocity>
      <steeringAngle>0.0</steeringAngle>
      <time>91</time>
    </ksState>
    <ksState>
      <x>13.019186980257118</x>
      <y>11.348330491260098</y>
      <orientation>-2.8579</orientation>
      <velocity>0.0</velocity>
      <steeringAngle>0.0</steeringAngle>
      <time>92</time>
    </ksState>
    <ksState>
      <x>13.019186980257118</x>
      <y>11.348330491260098</y>
      <orientation>-2.8579</orientation>
      <velocity>0.0</velocity>
      <steeringAngle>0.0</steeringAngle>
      <time>93</time>
    </ksState>
    <ksState>
      <x>13.019186980257118</x>
      <y>11.348330491260098</y>
      <orientation>-2.8579</orientation>
      <velocity>0.0</velocity>
      <steeringAngle>0.0</steeringAngle>
      <time>94</time>
    </ksState>
    <ksState>
      <x>13.019186980257118</x>
      <y>11.348330491260098</y>
      <orientation>-2.8579</orientation>
      <velocity>0.0</velocity>
      <steeringAngle>0.0</steeringAngle>
      <time>95</time>
    </ksState>
    <ksState>
      <x>13.019186980257118</x>
      <y>11.348330491260098</y>
      <orientation>-2.8579</orientation>
      <velocity>0.0</velocity>
      <steeringAngle>0.0</steeringAngle>
      <time>96</time>
    </ksState>
    <ksState>
      <x>13.019186980257118</x>
      <y>11.348330491260098</y>
      <orientation>-2.8579</orientation>
      <velocity>0.0</velocity>
      <steeringAngle>0.0</steeringAngle>
      <time>97</time>
    </ksState>
    <ksState>
      <x>13.019186980257118</x>
      <y>11.348330491260098</y>
      <orientation>-2.8579</orientation>
      <velocity>0.0</velocity>
      <steeringAngle>0.0</steeringAngle>
      <time>98</time>
    </ksState>
    <ksState>
      <x>13.019186980257118</x>
      <y>11.348330491260098</y>
      <orientation>-2.8579</orientation>
      <velocity>0.0</velocity>
      <steeringAngle>0.0</steeringAngle>
      <time>99</time>
    </ksState>
    <ksState>
      <x>13.019186980257118</x>
      <y>11.348330491260098</y>
      <orientation>-2.8579</orientation>
      <velocity>0.0</velocity>
      <steeringAngle>0.0</steeringAngle>
      <time>100</time>
    </ksState>
    <ksState>
      <x>13.019186980257118</x>
      <y>11.348330491260098</y>
      <orientation>-2.8579</orientation>
      <velocity>0.0</velocity>
      <steeringAngle>0.0</steeringAngle>
      <time>101</time>
    </ksState>
    <ksState>
      <x>13.019186980257118</x>
      <y>11.348330491260098</y>
      <orientation>-2.8579</orientation>
      <velocity>0.0</velocity>
      <steeringAngle>0.0</steeringAngle>
      <time>102</time>
    </ksState>
    <ksState>
      <x>13.019186980257118</x>
      <y>11.348330491260098</y>
      <orientation>-2.8579</orientation>
      <velocity>0.0</velocity>
      <steeringAngle>0.0</steeringAngle>
      <time>103</time>
    </ksState>
    <ksState>
      <x>13.019186980257118</x>
      <y>11.348330491260098</y>
      <orientation>-2.8579</orientation>
      <velocity>0.0</velocity>
      <steeringAngle>0.0</steeringAngle>
      <time>104</time>
    </ksState>
    <ksState>
      <x>13.019186980257118</x>
      <y>11.348330491260098</y>
      <orientation>-2.8579</orientation>
      <velocity>0.0</velocity>
      <steeringAngle>0.0</steeringAngle>
      <time>105</time>
    </ksState>
    <ksState>
      <x>13.019186980257118</x>
      <y>11.348330491260098</y>
      <orientation>-2.8579</orientation>
      <velocity>0.0</velocity>
      <steeringAngle>0.0</steeringAngle>
      <time>106</time>
    </ksState>
    <ksState>
      <x>13.019186980257118</x>
      <y>11.348330491260098</y>
      <orientation>-2.8579</orientation>
      <velocity>0.0</velocity>
      <steeringAngle>0.0</steeringAngle>
      <time>107</time>
    </ksState>
    <ksState>
      <x>13.019186980257118</x>
      <y>11.348330491260098</y>
      <orientation>-2.8579</orientation>
      <velocity>0.0</velocity>
      <steeringAngle>0.0</steeringAngle>
      <time>108</time>
    </ksState>
    <ksState>
      <x>13.019186980257118</x>
      <y>11.348330491260098</y>
      <orientation>-2.8579</orientation>
      <velocity>0.0</velocity>
      <steeringAngle>0.0</steeringAngle>
      <time>109</time>
    </ksState>
    <ksState>
      <x>13.019186980257118</x>
      <y>11.348330491260098</y>
      <orientation>-2.8579</orientation>
      <velocity>0.0</velocity>
      <steeringAngle>0.0</steeringAngle>
      <time>110</time>
    </ksState>
    <ksState>
      <x>13.019186980257118</x>
      <y>11.348330491260098</y>
      <orientation>-2.8579</orientation>
      <velocity>0.0</velocity>
      <steeringAngle>0.0</steeringAngle>
      <time>111</time>
    </ksState>
    <ksState>
      <x>13.019186980257118</x>
      <y>11.348330491260098</y>
      <orientation>-2.8579</orientation>
      <velocity>0.0</velocity>
      <steeringAngle>0.0</steeringAngle>
      <time>112</time>
    </ksState>
    <ksState>
      <x>13.019186980257118</x>
      <y>11.348330491260098</y>
      <orientation>-2.8579</orientation>
      <velocity>0.0</velocity>
      <steeringAngle>0.0</steeringAngle>
      <time>113</time>
    </ksState>
    <ksState>
      <x>13.019186980257118</x>
      <y>11.348330491260098</y>
      <orientation>-2.8579</orientation>
      <velocity>0.0</velocity>
      <steeringAngle>0.0</steeringAngle>
      <time>114</time>
    </ksState>
    <ksState>
      <x>13.019186980257118</x>
      <y>11.348330491260098</y>
      <orientation>-2.8579</orientation>
      <velocity>0.0</velocity>
      <steeringAngle>0.0</steeringAngle>
      <time>115</time>
    </ksState>
    <ksState>
      <x>13.019186980257118</x>
      <y>11.348330491260098</y>
      <orientation>-2.8579</orientation>
      <velocity>0.0</velocity>
      <steeringAngle>0.0</steeringAngle>
      <time>116</time>
    </ksState>
    <ksState>
      <x>13.019186980257118</x>
      <y>11.348330491260098</y>
      <orientation>-2.8579</orientation>
      <velocity>0.0</velocity>
      <steeringAngle>0.0</steeringAngle>
      <time>117</time>
    </ksState>
    <ksState>
      <x>13.019186980257118</x>
      <y>11.348330491260098</y>
      <orientation>-2.8579</orientation>
      <velocity>0.0</velocity>
      <steeringAngle>0.0</steeringAngle>
      <time>118</time>
    </ksState>
    <ksState>
      <x>13.019186980257118</x>
      <y>11.348330491260098</y>
      <orientation>-2.8579</orientation>
      <velocity>0.0</velocity>
      <steeringAngle>0.0</steeringAngle>
      <time>119</time>
    </ksState>
    <ksState>
      <x>13.019186980257118</x>
      <y>11.348330491260098</y>
      <orientation>-2.8579</orientation>
      <velocity>0.0</velocity>
      <steeringAngle>0.0</steeringAngle>
      <time>120</time>
    </ksState>
    <ksState>
      <x>13.019186980257118</x>
      <y>11.348330491260098</y>
      <orientation>-2.8579</orientation>
      <velocity>0.0</velocity>
      <steeringAngle>0.0</steeringAngle>
      <time>121</time>
    </ksState>
    <ksState>
      <x>13.019186980257118</x>
      <y>11.348330491260098</y>
      <orientation>-2.8579</orientation>
      <velocity>0.0</velocity>
      <steeringAngle>0.0</steeringAngle>
      <time>122</time>
    </ksState>
    <ksState>
      <x>13.019186980257118</x>
      <y>11.348330491260098</y>
      <orientation>-2.8579</orientation>
      <velocity>0.0</velocity>
      <steeringAngle>0.0</steeringAngle>
      <time>123</time>
    </ksState>
    <ksState>
      <x>13.019186980257118</x>
      <y>11.348330491260098</y>
      <orientation>-2.8579</orientation>
      <velocity>0.0</velocity>
      <steeringAngle>0.0</steeringAngle>
      <time>124</time>
    </ksState>
    <ksState>
      <x>13.019186980257118</x>
      <y>11.348330491260098</y>
      <orientation>-2.8579</orientation>
      <velocity>0.0</velocity>
      <steeringAngle>0.0</steeringAngle>
      <time>125</time>
    </ksState>
    <ksState>
      <x>13.019186980257118</x>
      <y>11.348330491260098</y>
      <orientation>-2.8579</orientation>
      <velocity>0.0</velocity>
      <steeringAngle>0.0</steeringAngle>
      <time>126</time>
    </ksState>
    <ksState>
      <x>13.019186980257118</x>
      <y>11.348330491260098</y>
      <orientation>-2.8579</orientation>
      <velocity>0.0</velocity>
      <steeringAngle>0.0</steeringAngle>
      <time>127</time>
    </ksState>
    <ksState>
      <x>13.019186980257118</x>
      <y>11.348330491260098</y>
      <orientation>-2.8579</orientation>
      <velocity>0.0</velocity>
      <steeringAngle>0.0</steeringAngle>
      <time>128</time>
    </ksState>
    <ksState>
      <x>13.019186980257118</x>
      <y>11.348330491260098</y>
      <orientation>-2.8579</orientation>
      <velocity>0.0</velocity>
      <steeringAngle>0.0</steeringAngle>
      <time>129</time>
    </ksState>
    <ksState>
      <x>13.019186980257118</x>
      <y>11.348330491260098</y>
      <orientation>-2.8579</orientation>
      <velocity>0.0</velocity>
      <steeringAngle>0.0</steeringAngle>
      <time>130</time>
    </ksState>
    <ksState>
      <x>13.019186980257118</x>
      <y>11.348330491260098</y>
      <orientation>-2.8579</orientation>
      <velocity>0.0</velocity>
      <steeringAngle>0.0</steeringAngle>
      <time>131</time>
    </ksState>
    <ksState>
      <x>13.019186980257118</x>
      <y>11.348330491260098</y>
      <orientation>-2.8579</orientation>
      <velocity>0.0</velocity>
      <steeringAngle>0.0</steeringAngle>
      <time>132</time>
    </ksState>
    <ksState>
      <x>13.019186980257118</x>
      <y>11.348330491260098</y>
      <orientation>-2.8579</orientation>
      <velocity>0.0</velocity>
      <steeringAngle>0.0</steeringAngle>
      <time>133</time>
    </ksState>
    <ksState>
      <x>13.019186980257118</x>
      <y>11.348330491260098</y>
      <orientation>-2.8579</orientation>
      <velocity>0.0</velocity>
      <steeringAngle>0.0</steeringAngle>
      <time>134</time>
    </ksState>
    <ksState>
      <x>13.019186980257118</x>
      <y>11.348330491260098</y>
      <orientation>-2.8579</orientation>
      <velocity>0.0</velocity>
      <steeringAngle>0.0</steeringAngle>
      <time>135</time>
    </ksState>
    <ksState>
      <x>13.019186980257118</x>
      <y>11.348330491260098</y>
      <orientation>-2.8579</orientation>
      <velocity>0.0</velocity>
      <steeringAngle>0.0</steeringAngle>
      <time>136</time>
    </ksState>
    <ksState>
      <x>13.019186980257118</x>
      <y>11.348330491260098</y>
      <orientation>-2.8579</orientation>
      <velocity>0.0</velocity>
      <steeringAngle>0.0</steeringAngle>
      <time>137</time>
    </ksState>
    <ksState>
      <x>13.019186980257118</x>
      <y>11.348330491260098</y>
      <orientation>-2.8579</orientation>
      <velocity>0.0</velocity>
      <steeringAngle>0.0</steeringAngle>
      <time>138</time>
    </ksState>
    <ksState>
      <x>13.019186980257118</x>
      <y>11.348330491260098</y>
      <orientation>-2.8579</orientation>
      <velocity>0.0</velocity>
      <steeringAngle>0.0</steeringAngle>
      <time>139</time>
    </ksState>
    <ksState>
      <x>13.019186980257118</x>
      <y>11.348330491260098</y>
      <orientation>-2.8579</orientation>
      <velocity>0.0</velocity>
      <steeringAngle>0.0</steeringAngle>
      <time>140</time>
    </ksState>
    <ksState>
      <x>13.019186980257118</x>
      <y>11.348330491260098</y>
      <orientation>-2.8579</orientation>
      <velocity>0.0</velocity>
      <steeringAngle>0.0</steeringAngle>
      <time>141</time>
    </ksState>
    <ksState>
      <x>13.019186980257118</x>
      <y>11.348330491260098</y>
      <orientation>-2.8579</orientation>
      <velocity>0.0</velocity>
      <steeringAngle>0.0</steeringAngle>
      <time>142</time>
    </ksState>
    <ksState>
      <x>13.019186980257118</x>
      <y>11.348330491260098</y>
      <orientation>-2.8579</orientation>
      <velocity>0.0</velocity>
      <steeringAngle>0.0</steeringAngle>
      <time>143</time>
    </ksState>
    <ksState>
      <x>13.019186980257118</x>
      <y>11.348330491260098</y>
      <orientation>-2.8579</orientation>
      <velocity>0.0</velocity>
      <steeringAngle>0.0</steeringAngle>
      <time>144</time>
    </ksState>
    <ksState>
      <x>13.019186980257118</x>
      <y>11.348330491260098</y>
      <orientation>-2.8579</orientation>
      <velocity>0.0</velocity>
      <steeringAngle>0.0</steeringAngle>
      <time>145</time>
    </ksState>
    <ksState>
      <x>13.019186980257118</x>
      <y>11.348330491260098</y>
      <orientation>-2.8579</orientation>
      <velocity>0.0</velocity>
      <steeringAngle>0.0</steeringAngle>
      <time>146</time>
    </ksState>
    <ksState>
      <x>13.019186980257118</x>
      <y>11.348330491260098</y>
      <orientation>-2.8579</orientation>
      <velocity>0.0</velocity>
      <steeringAngle>0.0</steeringAngle>
      <time>147</time>
    </ksState>
    <ksState>
      <x>13.019186980257118</x>
      <y>11.348330491260098</y>
      <orientation>-2.8579</orientation>
      <velocity>0.0</velocity>
      <steeringAngle>0.0</steeringAngle>
      <time>148</time>
    </ksState>
    <ksState>
      <x>13.019186980257118</x>
      <y>11.348330491260098</y>
      <orientation>-2.8579</orientation>
      <velocity>0.0</velocity>
      <steeringAngle>0.0</steeringAngle>
      <time>149</time>
    </ksState>
    <ksState>
      <x>13.019186980257118</x>
      <y>11.348330491260098</y>
      <orientation>-2.8579</orientation>
      <velocity>0.0</velocity>
      <steeringAngle>0.0</steeringAngle>
      <time>150</time>
    </ksState>
    <ksState>
      <x>13.019186980257118</x>
      <y>11.348330491260098</y>
      <orientation>-2.8579</orientation>
      <velocity>0.0</velocity>
      <steeringAngle>0.0</steeringAngle>
      <time>151</time>
    </ksState>
    <ksState>
      <x>13.019186980257118</x>
      <y>11.348330491260098</y>
      <orientation>-2.8579</orientation>
      <velocity>0.0</velocity>
      <steeringAngle>0.0</steeringAngle>
      <time>152</time>
    </ksState>
    <ksState>
      <x>13.019186980257118</x>
      <y>11.348330491260098</y>
      <orientation>-2.8579</orientation>
      <velocity>0.0</velocity>
      <steeringAngle>0.0</steeringAngle>
      <time>153</time>
    </ksState>
    <ksState>
      <x>13.019186980257118</x>
      <y>11.348330491260098</y>
      <orientation>-2.8579</orientation>
      <velocity>0.0</velocity>
      <steeringAngle>0.0</steeringAngle>
      <time>154</time>
    </ksState>
    <ksState>
      <x>13.019186980257118</x>
      <y>11.348330491260098</y>
      <orientation>-2.8579</orientation>
      <velocity>0.0</velocity>
      <steeringAngle>0.0</steeringAngle>
      <time>155</time>
    </ksState>
    <ksState>
      <x>13.019186980257118</x>
      <y>11.348330491260098</y>
      <orientation>-2.8579</orientation>
      <velocity>0.0</velocity>
      <steeringAngle>0.0</steeringAngle>
      <time>156</time>
    </ksState>
    <ksState>
      <x>13.019186980257118</x>
      <y>11.348330491260098</y>
      <orientation>-2.8579</orientation>
      <velocity>0.0</velocity>
      <steeringAngle>0.0</steeringAngle>
      <time>157</time>
    </ksState>
    <ksState>
      <x>13.019186980257118</x>
      <y>11.348330491260098</y>
      <orientation>-2.8579</orientation>
      <velocity>0.0</velocity>
      <steeringAngle>0.0</steeringAngle>
      <time>158</time>
    </ksState>
    <ksState>
      <x>13.019186980257118</x>
      <y>11.348330491260098</y>
      <orientation>-2.8579</orientation>
      <velocity>0.0</velocity>
      <steeringAngle>0.0</steeringAngle>
      <time>159</time>
    </ksState>
    <ksState>
      <x>13.019186980257118</x>
      <y>11.348330491260098</y>
      <orientation>-2.8579</orientation>
      <velocity>0.0</velocity>
      <steeringAngle>0.0</steeringAngle>
      <time>160</time>
    </ksState>
    <ksState>
      <x>13.019186980257118</x>
      <y>11.348330491260098</y>
      <orientation>-2.8579</orientation>
      <velocity>0.0</velocity>
      <steeringAngle>0.0</steeringAngle>
      <time>161</time>
    </ksState>
    <ksState>
      <x>13.019186980257118</x>
      <y>11.348330491260098</y>
      <orientation>-2.8579</orientation>
      <velocity>0.0</velocity>
      <steeringAngle>0.0</steeringAngle>
      <time>162</time>
    </ksState>
    <ksState>
      <x>13.019186980257118</x>
      <y>11.348330491260098</y>
      <orientation>-2.8579</orientation>
      <velocity>0.0</velocity>
      <steeringAngle>0.0</steeringAngle>
      <time>163</time>
    </ksState>
    <ksState>
      <x>13.019186980257118</x>
      <y>11.348330491260098</y>
      <orientation>-2.8579</orientation>
      <velocity>0.0</velocity>
      <steeringAngle>0.0</steeringAngle>
      <time>164</time>
    </ksState>
    <ksState>
      <x>13.019186980257118</x>
      <y>11.348330491260098</y>
      <orientation>-2.8579</orientation>
      <velocity>0.0</velocity>
      <steeringAngle>0.0</steeringAngle>
      <time>165</time>
    </ksState>
    <ksState>
      <x>13.019186980257118</x>
      <y>11.348330491260098</y>
      <orientation>-2.8579</orientation>
      <velocity>0.0</velocity>
      <steeringAngle>0.0</steeringAngle>
      <time>166</time>
    </ksState>
    <ksState>
      <x>13.019186980257118</x>
      <y>11.348330491260098</y>
      <orientation>-2.8579</orientation>
      <velocity>0.0</velocity>
      <steeringAngle>0.0</steeringAngle>
      <time>167</time>
    </ksState>
    <ksState>
      <x>13.019186980257118</x>
      <y>11.348330491260098</y>
      <orientation>-2.8579</orientation>
      <velocity>0.0</velocity>
      <steeringAngle>0.0</steeringAngle>
      <time>168</time>
    </ksState>
    <ksState>
      <x>13.019186980257118</x>
      <y>11.348330491260098</y>
      <orientation>-2.8579</orientation>
      <velocity>0.0</velocity>
      <steeringAngle>0.0</steeringAngle>
      <time>169</time>
    </ksState>
    <ksState>
      <x>13.019186980257118</x>
      <y>11.348330491260098</y>
      <orientation>-2.8579</orientation>
      <velocity>0.0</velocity>
      <steeringAngle>0.0</steeringAngle>
      <time>170</time>
    </ksState>
    <ksState>
      <x>13.019186980257118</x>
      <y>11.348330491260098</y>
      <orientation>-2.8579</orientation>
      <velocity>0.0</velocity>
      <steeringAngle>0.0</steeringAngle>
      <time>171</time>
    </ksState>
    <ksState>
      <x>13.019186980257118</x>
      <y>11.348330491260098</y>
      <orientation>-2.8579</orientation>
      <velocity>0.0</velocity>
      <steeringAngle>0.0</steeringAngle>
      <time>172</time>
    </ksState>
    <ksState>
      <x>13.019186980257118</x>
      <y>11.348330491260098</y>
      <orientation>-2.8579</orientation>
      <velocity>0.0</velocity>
      <steeringAngle>0.0</steeringAngle>
      <time>173</time>
    </ksState>
    <ksState>
      <x>13.019186980257118</x>
      <y>11.348330491260098</y>
      <orientation>-2.8579</orientation>
      <velocity>0.0</velocity>
      <steeringAngle>0.0</steeringAngle>
      <time>174</time>
    </ksState>
    <ksState>
      <x>13.019186980257118</x>
      <y>11.348330491260098</y>
      <orientation>-2.8579</orientation>
      <velocity>0.0</velocity>
      <steeringAngle>0.0</steeringAngle>
      <time>175</time>
    </ksState>
    <ksState>
      <x>13.019186980257118</x>
      <y>11.348330491260098</y>
      <orientation>-2.8579</orientation>
      <velocity>0.0</velocity>
      <steeringAngle>0.0</steeringAngle>
      <time>176</time>
    </ksState>
    <ksState>
      <x>13.019186980257118</x>
      <y>11.348330491260098</y>
      <orientation>-2.8579</orientation>
      <velocity>0.0</velocity>
      <steeringAngle>0.0</steeringAngle>
      <time>177</time>
    </ksState>
    <ksState>
      <x>13.019186980257118</x>
      <y>11.348330491260098</y>
      <orientation>-2.8579</orientation>
      <velocity>0.0</velocity>
      <steeringAngle>0.0</steeringAngle>
      <time>178</time>
    </ksState>
    <ksState>
      <x>13.019186980257118</x>
      <y>11.348330491260098</y>
      <orientation>-2.8579</orientation>
      <velocity>0.0</velocity>
      <steeringAngle>0.0</steeringAngle>
      <time>179</time>
    </ksState>
    <ksState>
      <x>13.019186980257118</x>
      <y>11.348330491260098</y>
      <orientation>-2.8579</orientation>
      <velocity>0.0</velocity>
      <steeringAngle>0.0</steeringAngle>
      <time>180</time>
    </ksState>
    <ksState>
      <x>13.019186980257118</x>
      <y>11.348330491260098</y>
      <orientation>-2.8579</orientation>
      <velocity>0.0</velocity>
      <steeringAngle>0.0</steeringAngle>
      <time>181</time>
    </ksState>
    <ksState>
      <x>13.019186980257118</x>
      <y>11.348330491260098</y>
      <orientation>-2.8579</orientation>
      <velocity>0.0</velocity>
      <steeringAngle>0.0</steeringAngle>
      <time>182</time>
    </ksState>
    <ksState>
      <x>13.019186980257118</x>
      <y>11.348330491260098</y>
      <orientation>-2.8579</orientation>
      <velocity>0.0</velocity>
      <steeringAngle>0.0</steeringAngle>
      <time>183</time>
    </ksState>
    <ksState>
      <x>13.019186980257118</x>
      <y>11.348330491260098</y>
      <orientation>-2.8579</orientation>
      <velocity>0.0</velocity>
      <steeringAngle>0.0</steeringAngle>
      <time>184</time>
    </ksState>
    <ksState>
      <x>13.019186980257118</x>
      <y>11.348330491260098</y>
      <orientation>-2.8579</orientation>
      <velocity>0.0</velocity>
      <steeringAngle>0.0</steeringAngle>
      <time>185</time>
    </ksState>
    <ksState>
      <x>13.019186980257118</x>
      <y>11.348330491260098</y>
      <orientation>-2.8579</orientation>
      <velocity>0.0</velocity>
      <steeringAngle>0.0</steeringAngle>
      <time>186</time>
    </ksState>
    <ksState>
      <x>13.019186980257118</x>
      <y>11.348330491260098</y>
      <orientation>-2.8579</orientation>
      <velocity>0.0</velocity>
      <steeringAngle>0.0</steeringAngle>
      <time>187</time>
    </ksState>
    <ksState>
      <x>13.019186980257118</x>
      <y>11.348330491260098</y>
      <orientation>-2.8579</orientation>
      <velocity>0.0</velocity>
      <steeringAngle>0.0</steeringAngle>
      <time>188</time>
    </ksState>
    <ksState>
      <x>13.019186980257118</x>
      <y>11.348330491260098</y>
      <orientation>-2.8579</orientation>
      <velocity>0.0</velocity>
      <steeringAngle>0.0</steeringAngle>
      <time>189</time>
    </ksState>
    <ksState>
      <x>13.019186980257118</x>
      <y>11.348330491260098</y>
      <orientation>-2.8579</orientation>
      <velocity>0.0</velocity>
      <steeringAngle>0.0</steeringAngle>
      <time>190</time>
    </ksState>
    <ksState>
      <x>13.019186980257118</x>
      <y>11.348330491260098</y>
      <orientation>-2.8579</orientation>
      <velocity>0.0</velocity>
      <steeringAngle>0.0</steeringAngle>
      <time>191</time>
    </ksState>
    <ksState>
      <x>13.019186980257118</x>
      <y>11.348330491260098</y>
      <orientation>-2.8579</orientation>
      <velocity>0.0</velocity>
      <steeringAngle>0.0</steeringAngle>
      <time>192</time>
    </ksState>
    <ksState>
      <x>13.019186980257118</x>
      <y>11.348330491260098</y>
      <orientation>-2.8579</orientation>
      <velocity>0.0</velocity>
      <steeringAngle>0.0</steeringAngle>
      <time>193</time>
    </ksState>
    <ksState>
      <x>13.019186980257118</x>
      <y>11.348330491260098</y>
      <orientation>-2.8579</orientation>
      <velocity>0.0</velocity>
      <steeringAngle>0.0</steeringAngle>
      <time>194</time>
    </ksState>
  </ksTrajectory>
</CommonRoadSolution>
