<?xml version="1.0" ?>
<CommonRoadSolution benchmark_id="KS2:SM1:USA_Lanker-1_11_T-1:2018b" date="2019-11-18">
  <ksTrajectory planningProblem="1995">
    <ksState>
      <x>0.0</x>
      <y>0.0</y>
      <orientation>1.7327</orientation>
      <velocity>5.0</velocity>
      <steeringAngle>0.0</steeringAngle>
      <time>0</time>
    </ksState>
    <ksState>
      <x>-0.07979265108717468</x>
      <y>0.48852649143365845</y>
      <orientation>1.7314340331044793</orientation>
      <velocity>4.800000000000001</velocity>
      <steeringAngle>-0.026650000000000004</steeringAngle>
      <time>1</time>
    </ksState>
    <ksState>
      <x>-0.1551922506413264</x>
      <y>0.9575036265993625</y>
      <orientation>1.7253087206222364</orientation>
      <velocity>4.600000000000001</velocity>
      <steeringAngle>-0.05330000000000001</steeringAngle>
      <time>2</time>
    </ksState>
    <ksState>
      <x>-0.22415778890609986</x>
      <y>1.4072453113015804</y>
      <orientation>1.7147292752583625</orientation>
      <velocity>4.400000000000002</velocity>
      <steeringAngle>-0.07995000000000001</steeringAngle>
      <time>3</time>
    </ksState>
    <ksState>
      <x>-0.2850976497912177</x>
      <y>1.8379530123164662</y>
      <orientation>1.70009556644843</orientation>
      <velocity>4.200000000000003</velocity>
      <steeringAngle>-0.10660000000000001</steeringAngle>
      <time>4</time>
    </ksState>
    <ksState>
      <x>-0.3368351203144504</x>
      <y>2.2497113949154564</y>
      <orientation>1.6818032272034367</orientation>
      <velocity>4.0000000000000036</velocity>
      <steeringAngle>-0.13325</steeringAngle>
      <time>5</time>
    </ksState>
    <ksState>
      <x>-0.37958150805585367</x>
      <y>2.65244370765944</y>
      <orientation>1.659672280189956</orientation>
      <velocity>4.199999999999999</velocity>
      <steeringAngle>-0.15990000000000001</steeringAngle>
      <time>6</time>
    </ksState>
    <ksState>
      <x>-0.41449012560836795</x>
      <y>3.075998428547967</y>
      <orientation>1.631951854417618</orientation>
      <velocity>4.399999999999999</velocity>
      <steeringAngle>-0.18655000000000002</steeringAngle>
      <time>7</time>
    </ksState>
    <ksState>
      <x>-0.43806973217679923</x>
      <y>3.5203588334988343</y>
      <orientation>1.5981762696101087</orientation>
      <velocity>4.599999999999998</velocity>
      <steeringAngle>-0.21320000000000003</steeringAngle>
      <time>8</time>
    </ksState>
    <ksState>
      <x>-0.4462633022196249</x>
      <y>3.98526497134125</y>
      <orientation>1.557866369126871</orientation>
      <velocity>4.799999999999997</velocity>
      <steeringAngle>-0.23985000000000004</steeringAngle>
      <time>9</time>
    </ksState>
    <ksState>
      <x>-0.43441822440115396</x>
      <y>4.47008889638595</y>
      <orientation>1.5105278581132122</orientation>
      <velocity>4.9999999999999964</velocity>
      <steeringAngle>-0.2665</steeringAngle>
      <time>10</time>
    </ksState>
    <ksState>
      <x>-0.3985705157600273</x>
      <y>4.958732860382472</y>
      <orientation>1.4573209452440332</orientation>
      <velocity>4.6</velocity>
      <steeringAngle>-0.29315</steeringAngle>
      <time>11</time>
    </ksState>
    <ksState>
      <x>-0.3417415070325518</x>
      <y>5.40508899225322</y>
      <orientation>1.4034057291353574</orientation>
      <velocity>4.199999999999999</velocity>
      <steeringAngle>-0.3198000000000001</steeringAngle>
      <time>12</time>
    </ksState>
    <ksState>
      <x>-0.2681261844285141</x>
      <y>5.8083881904386825</y>
      <orientation>1.3496042912151696</orientation>
      <velocity>3.799999999999999</velocity>
      <steeringAngle>-0.34645000000000015</steeringAngle>
      <time>13</time>
    </ksState>
    <ksState>
      <x>-0.18229450898069677</x>
      <y>6.168261406086814</y>
      <orientation>1.296753219646733</orientation>
      <velocity>3.3999999999999986</velocity>
      <steeringAngle>-0.3731000000000002</steeringAngle>
      <time>14</time>
    </ksState>
    <ksState>
      <x>-0.08902839710368166</x>
      <y>6.484778899642828</y>
      <orientation>1.245706566916768</orientation>
      <velocity>2.9999999999999982</velocity>
      <steeringAngle>-0.39975000000000027</steeringAngle>
      <time>15</time>
    </ksState>
  </ksTrajectory>
</CommonRoadSolution>
