<?xml version="1.0" ?>
<CommonRoadSolution benchmark_id="KS2:SM1:USA_US101-12_3_T-1:2018b" date="2019-11-18">
  <ksTrajectory planningProblem="308">
    <ksState>
      <x>0.0</x>
      <y>0.0</y>
      <orientation>-0.76552</orientation>
      <velocity>11.0</velocity>
      <steeringAngle>0.0</steeringAngle>
      <time>0</time>
    </ksState>
    <ksState>
      <x>0.775098801233892</x>
      <y>-0.7448804255219652</y>
      <orientation>-0.7628072137953129</orientation>
      <velocity>10.0</velocity>
      <steeringAngle>0.026650000000000004</steeringAngle>
      <time>1</time>
    </ksState>
    <ksState>
      <x>1.481617130428385</x>
      <y>-1.4167810930354747</y>
      <orientation>-0.7502723187486392</orientation>
      <velocity>9.0</velocity>
      <steeringAngle>0.05330000000000001</steeringAngle>
      <time>2</time>
    </ksState>
    <ksState>
      <x>2.1243665813446424</x>
      <y>-2.0104826757690377</y>
      <orientation>-0.729967120785722</orientation>
      <velocity>8.0</velocity>
      <steeringAngle>0.07995000000000001</steeringAngle>
      <time>3</time>
    </ksState>
    <ksState>
      <x>2.7049796756032327</x>
      <y>-2.523795709197057</y>
      <orientation>-0.703937457481857</orientation>
      <velocity>7.0</velocity>
      <steeringAngle>0.10660000000000001</steeringAngle>
      <time>4</time>
    </ksState>
    <ksState>
      <x>3.2225604844968037</x>
      <y>-2.957052119239091</y>
      <orientation>-0.6742289983290987</orientation>
      <velocity>6.0</velocity>
      <steeringAngle>0.13325</steeringAngle>
      <time>5</time>
    </ksState>
    <ksState>
      <x>3.6783488399318056</x>
      <y>-3.315711499797286</y>
      <orientation>-0.6455524976522572</orientation>
      <velocity>5.199999999999999</velocity>
      <steeringAngle>0.1066</steeringAngle>
      <time>6</time>
    </ksState>
    <ksState>
      <x>4.079279122767022</x>
      <y>-3.6144549451240624</y>
      <orientation>-0.6260587748095342</orientation>
      <velocity>4.399999999999999</velocity>
      <steeringAngle>0.07995</steeringAngle>
      <time>7</time>
    </ksState>
    <ksState>
      <x>4.420420453867601</x>
      <y>-3.8594458362490274</y>
      <orientation>-0.6140493251215844</orientation>
      <velocity>3.5999999999999988</velocity>
      <steeringAngle>0.053299999999999986</steeringAngle>
      <time>8</time>
    </ksState>
    <ksState>
      <x>4.698652167276243</x>
      <y>-4.054860048411824</y>
      <orientation>-0.6078441891361623</orientation>
      <velocity>2.799999999999999</velocity>
      <steeringAngle>0.02664999999999998</steeringAngle>
      <time>9</time>
    </ksState>
    <ksState>
      <x>4.9121803225746685</x>
      <y>-4.203203203680806</y>
      <orientation>-0.6057770474418324</orientation>
      <velocity>1.9999999999999991</velocity>
      <steeringAngle>-2.42861286636753e-17</steeringAngle>
      <time>10</time>
    </ksState>
    <ksState>
      <x>5.093033499308787</x>
      <y>-4.328471429760596</y>
      <orientation>-0.6057770474418324</orientation>
      <velocity>2.8</velocity>
      <steeringAngle>0.0</steeringAngle>
      <time>11</time>
    </ksState>
    <ksState>
      <x>5.339651467582586</x>
      <y>-4.49929173805122</y>
      <orientation>-0.6057770474418324</orientation>
      <velocity>3.5999999999999996</velocity>
      <steeringAngle>0.0</steeringAngle>
      <time>12</time>
    </ksState>
    <ksState>
      <x>5.652034227396064</x>
      <y>-4.715664128552676</y>
      <orientation>-0.6057770474418324</orientation>
      <velocity>4.3999999999999995</velocity>
      <steeringAngle>0.0</steeringAngle>
      <time>13</time>
    </ksState>
    <ksState>
      <x>6.030181778749222</x>
      <y>-4.977588601264966</y>
      <orientation>-0.6057770474418324</orientation>
      <velocity>5.2</velocity>
      <steeringAngle>0.0</steeringAngle>
      <time>14</time>
    </ksState>
    <ksState>
      <x>6.474094121642059</x>
      <y>-5.285065156188089</y>
      <orientation>-0.6057770474418324</orientation>
      <velocity>6.000000000000001</velocity>
      <steeringAngle>0.0</steeringAngle>
      <time>15</time>
    </ksState>
    <ksState>
      <x>6.983771256074576</x>
      <y>-5.638093793322044</y>
      <orientation>-0.6057770474418324</orientation>
      <velocity>6.800000000000001</velocity>
      <steeringAngle>0.0</steeringAngle>
      <time>16</time>
    </ksState>
    <ksState>
      <x>7.559213182046773</x>
      <y>-6.036674512666833</y>
      <orientation>-0.6057770474418324</orientation>
      <velocity>7.600000000000001</velocity>
      <steeringAngle>0.0</steeringAngle>
      <time>17</time>
    </ksState>
    <ksState>
      <x>8.20041989955865</x>
      <y>-6.480807314222454</y>
      <orientation>-0.6057770474418324</orientation>
      <velocity>8.400000000000002</velocity>
      <steeringAngle>0.0</steeringAngle>
      <time>18</time>
    </ksState>
    <ksState>
      <x>8.907391408610206</x>
      <y>-6.970492197988909</y>
      <orientation>-0.6057770474418324</orientation>
      <velocity>9.200000000000003</velocity>
      <steeringAngle>0.0</steeringAngle>
      <time>19</time>
    </ksState>
    <ksState>
      <x>9.680127709201441</x>
      <y>-7.505729163966196</y>
      <orientation>-0.6057770474418324</orientation>
      <velocity>10.000000000000004</velocity>
      <steeringAngle>0.0</steeringAngle>
      <time>20</time>
    </ksState>
    <ksState>
      <x>10.514518501861126</x>
      <y>-8.083671207016138</y>
      <orientation>-0.6057770474418324</orientation>
      <velocity>10.600000000000001</velocity>
      <steeringAngle>0.0</steeringAngle>
      <time>21</time>
    </ksState>
    <ksState>
      <x>11.398232888175572</x>
      <y>-8.695777311724207</y>
      <orientation>-0.6057770474418324</orientation>
      <velocity>11.200000000000003</velocity>
      <steeringAngle>0.0</steeringAngle>
      <time>22</time>
    </ksState>
    <ksState>
      <x>12.331270868144777</x>
      <y>-9.3420474780904</y>
      <orientation>-0.6057770474418324</orientation>
      <velocity>11.800000000000004</velocity>
      <steeringAngle>0.0</steeringAngle>
      <time>23</time>
    </ksState>
    <ksState>
      <x>13.31363244176874</x>
      <y>-10.022481706114718</y>
      <orientation>-0.6057770474418324</orientation>
      <velocity>12.400000000000006</velocity>
      <steeringAngle>0.0</steeringAngle>
      <time>24</time>
    </ksState>
    <ksState>
      <x>14.345317609047466</x>
      <y>-10.73707999579716</y>
      <orientation>-0.6057770474418324</orientation>
      <velocity>13.000000000000007</velocity>
      <steeringAngle>0.0</steeringAngle>
      <time>25</time>
    </ksState>
    <ksState>
      <x>15.4057748726248</x>
      <y>-11.471607321446841</y>
      <orientation>-0.6057770474418324</orientation>
      <velocity>12.600000000000001</velocity>
      <steeringAngle>0.0</steeringAngle>
      <time>26</time>
    </ksState>
    <ksState>
      <x>16.433349740432295</x>
      <y>-12.183358605991106</y>
      <orientation>-0.6057770474418324</orientation>
      <velocity>12.200000000000003</velocity>
      <steeringAngle>0.0</steeringAngle>
      <time>27</time>
    </ksState>
    <ksState>
      <x>17.428042212469947</x>
      <y>-12.872333849429955</y>
      <orientation>-0.6057770474418324</orientation>
      <velocity>11.800000000000004</velocity>
      <steeringAngle>0.0</steeringAngle>
      <time>28</time>
    </ksState>
    <ksState>
      <x>18.389852288737764</x>
      <y>-13.538533051763388</y>
      <orientation>-0.6057770474418324</orientation>
      <velocity>11.400000000000006</velocity>
      <steeringAngle>0.0</steeringAngle>
      <time>29</time>
    </ksState>
    <ksState>
      <x>19.318779969235738</x>
      <y>-14.181956212991404</y>
      <orientation>-0.6057770474418324</orientation>
      <velocity>11.000000000000007</velocity>
      <steeringAngle>0.0</steeringAngle>
      <time>30</time>
    </ksState>
    <ksState>
      <x>20.202494355550183</x>
      <y>-14.794062317699472</y>
      <orientation>-0.6057770474418324</orientation>
      <velocity>10.0</velocity>
      <steeringAngle>0.0</steeringAngle>
      <time>31</time>
    </ksState>
    <ksState>
      <x>21.00400275244003</x>
      <y>-15.349228319643998</y>
      <orientation>-0.6057770474418324</orientation>
      <velocity>9.0</velocity>
      <steeringAngle>0.0</steeringAngle>
      <time>32</time>
    </ksState>
    <ksState>
      <x>21.723305159905273</x>
      <y>-15.847454218824984</y>
      <orientation>-0.6057770474418324</orientation>
      <velocity>8.0</velocity>
      <steeringAngle>0.0</steeringAngle>
      <time>33</time>
    </ksState>
    <ksState>
      <x>22.36040157794592</x>
      <y>-16.28874001524243</y>
      <orientation>-0.6057770474418324</orientation>
      <velocity>7.0</velocity>
      <steeringAngle>0.0</steeringAngle>
      <time>34</time>
    </ksState>
    <ksState>
      <x>22.915292006561966</x>
      <y>-16.67308570889633</y>
      <orientation>-0.6057770474418324</orientation>
      <velocity>6.0</velocity>
      <steeringAngle>0.0</steeringAngle>
      <time>35</time>
    </ksState>
    <ksState>
      <x>23.408527943109565</x>
      <y>-17.01472632547758</y>
      <orientation>-0.6057770474418324</orientation>
      <velocity>6.0</velocity>
      <steeringAngle>0.0</steeringAngle>
      <time>36</time>
    </ksState>
    <ksState>
      <x>23.90176387965716</x>
      <y>-17.356366942058823</y>
      <orientation>-0.6057770474418324</orientation>
      <velocity>6.0</velocity>
      <steeringAngle>0.0</steeringAngle>
      <time>37</time>
    </ksState>
    <ksState>
      <x>24.39499981620476</x>
      <y>-17.69800755864007</y>
      <orientation>-0.6057770474418324</orientation>
      <velocity>6.0</velocity>
      <steeringAngle>0.0</steeringAngle>
      <time>38</time>
    </ksState>
    <ksState>
      <x>24.888235752752355</x>
      <y>-18.03964817522132</y>
      <orientation>-0.6057770474418324</orientation>
      <velocity>6.0</velocity>
      <steeringAngle>0.0</steeringAngle>
      <time>39</time>
    </ksState>
    <ksState>
      <x>25.38147168929995</x>
      <y>-18.381288791802568</y>
      <orientation>-0.6057770474418324</orientation>
      <velocity>6.0</velocity>
      <steeringAngle>0.0</steeringAngle>
      <time>40</time>
    </ksState>
    <ksState>
      <x>25.89114882373247</x>
      <y>-18.734317428936524</y>
      <orientation>-0.6057770474418324</orientation>
      <velocity>6.800000000000001</velocity>
      <steeringAngle>0.0</steeringAngle>
      <time>41</time>
    </ksState>
    <ksState>
      <x>26.466590749704665</x>
      <y>-19.132898148281313</y>
      <orientation>-0.6057770474418324</orientation>
      <velocity>7.600000000000001</velocity>
      <steeringAngle>0.0</steeringAngle>
      <time>42</time>
    </ksState>
    <ksState>
      <x>27.10779746721654</x>
      <y>-19.577030949836935</y>
      <orientation>-0.6057770474418324</orientation>
      <velocity>8.400000000000002</velocity>
      <steeringAngle>0.0</steeringAngle>
      <time>43</time>
    </ksState>
    <ksState>
      <x>27.814768976268095</x>
      <y>-20.06671583360339</y>
      <orientation>-0.6057770474418324</orientation>
      <velocity>9.200000000000003</velocity>
      <steeringAngle>0.0</steeringAngle>
      <time>44</time>
    </ksState>
    <ksState>
      <x>28.587505276859332</x>
      <y>-20.601952799580676</y>
      <orientation>-0.6057770474418324</orientation>
      <velocity>10.000000000000004</velocity>
      <steeringAngle>0.0</steeringAngle>
      <time>45</time>
    </ksState>
    <ksState>
      <x>29.417785770047786</x>
      <y>-21.17704783749244</y>
      <orientation>-0.6057770474418324</orientation>
      <velocity>10.399999999999999</velocity>
      <steeringAngle>0.0</steeringAngle>
      <time>46</time>
    </ksState>
    <ksState>
      <x>30.280948659006082</x>
      <y>-21.774918916509623</y>
      <orientation>-0.6057770474418324</orientation>
      <velocity>10.799999999999997</velocity>
      <steeringAngle>0.0</steeringAngle>
      <time>47</time>
    </ksState>
    <ksState>
      <x>31.176993943734217</x>
      <y>-22.395566036632225</y>
      <orientation>-0.6057770474418324</orientation>
      <velocity>11.199999999999996</velocity>
      <steeringAngle>0.0</steeringAngle>
      <time>48</time>
    </ksState>
    <ksState>
      <x>32.10592162423219</x>
      <y>-23.03898919786024</y>
      <orientation>-0.6057770474418324</orientation>
      <velocity>11.599999999999994</velocity>
      <steeringAngle>0.0</steeringAngle>
      <time>49</time>
    </ksState>
    <ksState>
      <x>33.067731700500005</x>
      <y>-23.70518840019367</y>
      <orientation>-0.6057770474418324</orientation>
      <velocity>11.999999999999993</velocity>
      <steeringAngle>0.0</steeringAngle>
      <time>50</time>
    </ksState>
    <ksState>
      <x>34.0542035735952</x>
      <y>-24.388469633356163</y>
      <orientation>-0.6057770474418324</orientation>
      <velocity>12.0</velocity>
      <steeringAngle>0.0</steeringAngle>
      <time>51</time>
    </ksState>
    <ksState>
      <x>35.04067544669039</x>
      <y>-25.07175086651866</y>
      <orientation>-0.6057770474418324</orientation>
      <velocity>12.0</velocity>
      <steeringAngle>0.0</steeringAngle>
      <time>52</time>
    </ksState>
    <ksState>
      <x>36.027147319785584</x>
      <y>-25.755032099681152</y>
      <orientation>-0.6057770474418324</orientation>
      <velocity>12.0</velocity>
      <steeringAngle>0.0</steeringAngle>
      <time>53</time>
    </ksState>
    <ksState>
      <x>37.01361919288078</x>
      <y>-26.43831333284365</y>
      <orientation>-0.6057770474418324</orientation>
      <velocity>12.0</velocity>
      <steeringAngle>0.0</steeringAngle>
      <time>54</time>
    </ksState>
    <ksState>
      <x>38.00009106597598</x>
      <y>-27.12159456600614</y>
      <orientation>-0.6057770474418324</orientation>
      <velocity>12.0</velocity>
      <steeringAngle>0.0</steeringAngle>
      <time>55</time>
    </ksState>
    <ksState>
      <x>38.97423204065748</x>
      <y>-27.796334783754105</y>
      <orientation>-0.6057770474418324</orientation>
      <velocity>11.399999999999999</velocity>
      <steeringAngle>0.0</steeringAngle>
      <time>56</time>
    </ksState>
    <ksState>
      <x>39.899049421684225</x>
      <y>-28.436910939843944</y>
      <orientation>-0.6057770474418324</orientation>
      <velocity>10.799999999999997</velocity>
      <steeringAngle>0.0</steeringAngle>
      <time>57</time>
    </ksState>
    <ksState>
      <x>40.77454320905621</x>
      <y>-29.043323034275655</y>
      <orientation>-0.6057770474418324</orientation>
      <velocity>10.199999999999996</velocity>
      <steeringAngle>0.0</steeringAngle>
      <time>58</time>
    </ksState>
    <ksState>
      <x>41.60071340277344</x>
      <y>-29.615571067049245</y>
      <orientation>-0.6057770474418324</orientation>
      <velocity>9.599999999999994</velocity>
      <steeringAngle>0.0</steeringAngle>
      <time>59</time>
    </ksState>
    <ksState>
      <x>42.3775600028359</x>
      <y>-30.15365503816471</y>
      <orientation>-0.6057770474418324</orientation>
      <velocity>8.999999999999993</velocity>
      <steeringAngle>0.0</steeringAngle>
      <time>60</time>
    </ksState>
    <ksState>
      <x>43.12563450659975</x>
      <y>-30.671809973312936</y>
      <orientation>-0.6057770474418324</orientation>
      <velocity>9.399999999999999</velocity>
      <steeringAngle>0.0</steeringAngle>
      <time>61</time>
    </ksState>
    <ksState>
      <x>43.90659140613345</x>
      <y>-31.212740949566577</y>
      <orientation>-0.6057770474418324</orientation>
      <velocity>9.799999999999997</velocity>
      <steeringAngle>0.0</steeringAngle>
      <time>62</time>
    </ksState>
    <ksState>
      <x>44.72043070143698</x>
      <y>-31.776447966925634</y>
      <orientation>-0.6057770474418324</orientation>
      <velocity>10.199999999999996</velocity>
      <steeringAngle>0.0</steeringAngle>
      <time>63</time>
    </ksState>
    <ksState>
      <x>45.56715239251036</x>
      <y>-32.36293102539011</y>
      <orientation>-0.6057770474418324</orientation>
      <velocity>10.599999999999994</velocity>
      <steeringAngle>0.0</steeringAngle>
      <time>64</time>
    </ksState>
    <ksState>
      <x>46.446756479353574</x>
      <y>-32.97219012496</y>
      <orientation>-0.6057770474418324</orientation>
      <velocity>10.999999999999993</velocity>
      <steeringAngle>0.0</steeringAngle>
      <time>65</time>
    </ksState>
    <ksState>
      <x>47.35102236302417</x>
      <y>-33.59853125535896</y>
      <orientation>-0.6057770474418324</orientation>
      <velocity>11.0</velocity>
      <steeringAngle>0.0</steeringAngle>
      <time>66</time>
    </ksState>
    <ksState>
      <x>48.25528824669476</x>
      <y>-34.224872385757905</y>
      <orientation>-0.6057770474418324</orientation>
      <velocity>11.0</velocity>
      <steeringAngle>0.0</steeringAngle>
      <time>67</time>
    </ksState>
    <ksState>
      <x>49.15955413036536</x>
      <y>-34.85121351615686</y>
      <orientation>-0.6057770474418324</orientation>
      <velocity>11.0</velocity>
      <steeringAngle>0.0</steeringAngle>
      <time>68</time>
    </ksState>
    <ksState>
      <x>50.063820014035954</x>
      <y>-35.47755464655582</y>
      <orientation>-0.6057770474418324</orientation>
      <velocity>11.0</velocity>
      <steeringAngle>0.0</steeringAngle>
      <time>69</time>
    </ksState>
    <ksState>
      <x>50.968085897706544</x>
      <y>-36.103895776954765</y>
      <orientation>-0.6057770474418324</orientation>
      <velocity>11.0</velocity>
      <steeringAngle>0.0</steeringAngle>
      <time>70</time>
    </ksState>
    <ksState>
      <x>51.86824148190591</x>
      <y>-36.72738990221554</y>
      <orientation>-0.6085931778828885</orientation>
      <velocity>10.8</velocity>
      <steeringAngle>-0.026650000000000004</steeringAngle>
      <time>71</time>
    </ksState>
    <ksState>
      <x>52.74851454670949</x>
      <y>-37.344427446457495</y>
      <orientation>-0.6224720620927919</orientation>
      <velocity>10.600000000000001</velocity>
      <steeringAngle>-0.05330000000000001</steeringAngle>
      <time>72</time>
    </ksState>
    <ksState>
      <x>53.60225663557591</x>
      <y>-37.96419836899359</y>
      <orientation>-0.6470195198237163</orientation>
      <velocity>10.400000000000002</velocity>
      <steeringAngle>-0.07995000000000001</steeringAngle>
      <time>73</time>
    </ksState>
    <ksState>
      <x>54.42299784062341</x>
      <y>-38.59470529421693</y>
      <orientation>-0.6818556060961336</orientation>
      <velocity>10.200000000000003</velocity>
      <steeringAngle>-0.10660000000000001</steeringAngle>
      <time>74</time>
    </ksState>
    <ksState>
      <x>55.20422627427318</x>
      <y>-39.2426187212123</y>
      <orientation>-0.7266136183720734</orientation>
      <velocity>10.000000000000004</velocity>
      <steeringAngle>-0.13325</steeringAngle>
      <time>75</time>
    </ksState>
    <ksState>
      <x>55.95019593682684</x>
      <y>-39.923395516024684</y>
      <orientation>-0.7764325957646088</orientation>
      <velocity>10.399999999999999</velocity>
      <steeringAngle>-0.1066</steeringAngle>
      <time>76</time>
    </ksState>
    <ksState>
      <x>56.69118414797598</x>
      <y>-40.66724239284694</y>
      <orientation>-0.8172337214089506</orientation>
      <velocity>10.799999999999997</velocity>
      <steeringAngle>-0.07995</steeringAngle>
      <time>77</time>
    </ksState>
    <ksState>
      <x>57.430225443260525</x>
      <y>-41.46838805659004</y>
      <orientation>-0.8482403102138388</orientation>
      <velocity>11.199999999999996</velocity>
      <steeringAngle>-0.053299999999999986</steeringAngle>
      <time>78</time>
    </ksState>
    <ksState>
      <x>58.17252064405528</x>
      <y>-42.320359297878774</y>
      <orientation>-0.8686652707223859</orientation>
      <velocity>11.599999999999994</velocity>
      <steeringAngle>-0.02664999999999998</steeringAngle>
      <time>79</time>
    </ksState>
    <ksState>
      <x>58.92545336542742</x>
      <y>-43.21589266873838</y>
      <orientation>-0.8777089559820379</orientation>
      <velocity>11.999999999999993</velocity>
      <steeringAngle>2.42861286636753e-17</steeringAngle>
      <time>80</time>
    </ksState>
  </ksTrajectory>
</CommonRoadSolution>
